Entry	Gene Names	Gene Ontology IDs	Keywords
G3XD23	wbpB wlbA PA3158	GO:0000271; GO:0003954; GO:0004617; GO:0006065; GO:0009103; GO:0009243; GO:0016616; GO:0051262; GO:0070403; GO:0070404; GO:0071555	3D-structure;Cell wall biogenesis/degradation;Lipopolysaccharide biosynthesis;NAD;Nucleotide-binding;Oxidoreductase;Reference proteome
P00282	azu PA4922	GO:0005507; GO:0005886; GO:0008270; GO:0009055; GO:0042597; GO:0042802; GO:0046914	3D-structure;Copper;Direct protein sequencing;Disulfide bond;Electron transport;Metal-binding;Periplasm;Reference proteome;Signal;Transport
P14756	lasB PA3724	GO:0004175; GO:0004222; GO:0005576; GO:0006508; GO:0015628; GO:0043952; GO:0044010; GO:0046872; GO:0071978	3D-structure;Autocatalytic cleavage;Calcium;Direct protein sequencing;Disulfide bond;Hydrolase;Metal-binding;Metalloprotease;Protease;Reference proteome;Secreted;Signal;Virulence;Zinc;Zymogen
P20581	pqsE PA1000	GO:0008800; GO:0044550; GO:0046872	3D-structure;Hydrolase;Iron;Metal-binding;Reference proteome
P20586	pobA PA0247	GO:0016491; GO:0018659; GO:0043640; GO:0050660; GO:0071949; GO:0106356	3D-structure;Aromatic hydrocarbons catabolism;FAD;Flavoprotein;Monooxygenase;NADP;Oxidoreductase;Reference proteome
P25084	lasR PA1430	GO:0000976; GO:0001216; GO:0003700; GO:0006351; GO:0006355; GO:0009372; GO:0010468; GO:0032993; GO:0043565; GO:0045893; GO:0060310	3D-structure;Activator;DNA-binding;Quorum sensing;Reference proteome;Transcription;Transcription regulation
P26275	algR PA5261	GO:0000156; GO:0000976; GO:0001216; GO:0001217; GO:0005829; GO:0006351; GO:0006355; GO:0032993; GO:0042121; GO:0043107; GO:0043565; GO:0045892; GO:0045893; GO:0071978; GO:1900192; GO:1901031; GO:2000147	Activator;Alginate biosynthesis;DNA-binding;Phosphoprotein;Reference proteome;Transcription;Transcription regulation;Two-component regulatory system
P26876	lip lipA PA2862	GO:0004806; GO:0005576; GO:0015628; GO:0016042; GO:0016298; GO:0043952; GO:0046872	3D-structure;Calcium;Direct protein sequencing;Disulfide bond;Hydrolase;Lipid degradation;Lipid metabolism;Metal-binding;Reference proteome;Secreted;Signal
P28810	mmsA PA3570	GO:0004491; GO:0006210; GO:0006574	Direct protein sequencing;NAD;Oxidoreductase;Reference proteome
P35482	lapA phoA phoA2 pstS PA0688	GO:0004035; GO:0005576; GO:0006817; GO:0015628; GO:0042597; GO:0043952	Direct protein sequencing;Hydrolase;Periplasm;Reference proteome;Secreted;Signal
P51691	atsA PA0183	GO:0004065; GO:0005737; GO:0008081; GO:0046872	3D-structure;Calcium;Cytoplasm;Direct protein sequencing;Hydrolase;Metal-binding;Reference proteome
Q00515	xcpU pddB PA3100	GO:0005886; GO:0015627; GO:0015628; GO:0044010; GO:0071978	Cell inner membrane;Cell membrane;Membrane;Methylation;Protein transport;Reference proteome;Transmembrane;Transmembrane helix;Transport
Q51366	gmd gca PA5453	GO:0008446; GO:0009103; GO:0009243; GO:0019306; GO:0042351; GO:0070401	3D-structure;Lipopolysaccharide biosynthesis;Lyase;NADP;Reference proteome
Q51424	ruvC PA0965	GO:0000287; GO:0003677; GO:0005737; GO:0006281; GO:0006310; GO:0008821; GO:0048476	3D-structure;Cytoplasm;DNA damage;DNA recombination;DNA repair;DNA-binding;Endonuclease;Hydrolase;Magnesium;Metal-binding;Nuclease;Reference proteome
Q51507	pchB PA4230	GO:0004106; GO:0009697; GO:0016835; GO:0042864; GO:0043904; GO:0046417	3D-structure;Direct protein sequencing;Isomerase;Lyase;Reference proteome
Q9HTK9	alkT PA5349	GO:0005737; GO:0015044; GO:0015046; GO:0016491; GO:0043448; GO:0050660	3D-structure;Cytoplasm;FAD;Flavoprotein;NAD;Oxidoreductase;Reference proteome
Q9HTN2	argB PA5323	GO:0003991; GO:0005524; GO:0005737; GO:0006526; GO:0042450	3D-structure;Amino-acid biosynthesis;Arginine biosynthesis;ATP-binding;Cytoplasm;Direct protein sequencing;Kinase;Nucleotide-binding;Reference proteome;Transferase
Q9HU15	fabY PA5174	GO:0004315; GO:0005829; GO:0006633; GO:0009245; GO:0009372; GO:0016020; GO:0019290; GO:0033818	3D-structure;Acyltransferase;Fatty acid biosynthesis;Fatty acid metabolism;Lipid biosynthesis;Lipid metabolism;Reference proteome;Transferase
Q9HUF7	waaP rfaP PA5009	GO:0004715; GO:0005524; GO:0005737; GO:0009244; GO:0016301	3D-structure;ATP-binding;Cytoplasm;Direct protein sequencing;Kinase;Lipopolysaccharide biosynthesis;Magnesium;Nucleotide-binding;Phosphoprotein;Reference proteome;Transferase;Tyrosine-protein kinase
Q9HUK9	rhdA PA4956	GO:0004792; GO:0005737; GO:0009636; GO:0016783	Cytoplasm;Detoxification;Reference proteome;Repeat;Transferase
Q9HUU1	PA4872	GO:0000287; GO:0006107; GO:0008948; GO:0019629; GO:0042866; GO:0046421	3D-structure;Decarboxylase;Lyase;Magnesium;Metal-binding;Reference proteome
Q9HWF9	ftnA bfrA PA4235	GO:0004322; GO:0005506; GO:0005829; GO:0006826; GO:0006879; GO:0008199; GO:0140315	3D-structure;Cytoplasm;Direct protein sequencing;Ion transport;Iron;Iron storage;Iron transport;Metal-binding;Oxidoreductase;Reference proteome;Transport
Q9HWH2	phzM PA4209	GO:0008171; GO:0008757; GO:0032259; GO:0042802; GO:0042803; GO:0102168; GO:0106220; GO:1904047	3D-structure;Methyltransferase;Reference proteome;S-adenosyl-L-methionine;Transferase
Q9HYF1	PA3455	GO:0006797; GO:0016301; GO:0042802; GO:0043751	3D-structure;Kinase;Magnesium;Reference proteome;Repeat;Transferase
Q9HZQ8	lap PA2939	GO:0004177; GO:0005576; GO:0006508; GO:0008235; GO:0015628; GO:0043952; GO:0046872	3D-structure;Aminopeptidase;Direct protein sequencing;Disulfide bond;Hydrolase;Metal-binding;Protease;Reference proteome;Secreted;Signal;Zinc;Zymogen
Q9I060	mep72 PA2783	GO:0004175; GO:0005615; GO:0008237; GO:0009279; GO:0016798; GO:0019867; GO:0046872; GO:0097264	Autocatalytic cleavage;Hydrolase;Metal-binding;Metalloprotease;Protease;Reference proteome;Secreted;Signal;Zinc;Zymogen
Q9I0F2	pfeE PA2689	GO:0016788; GO:0042597; GO:0052689	3D-structure;Hydrolase;Periplasm;Reference proteome;Serine esterase;Signal
Q9I0U1	tamA PA2543	GO:0009279; GO:0009306; GO:0032977; GO:0043165; GO:0051205; GO:0089705; GO:0097347	3D-structure;Cell outer membrane;Membrane;Protein transport;Reference proteome;Signal;Translocation;Transmembrane;Transmembrane beta strand;Transport
Q9I0Z0	mexT nfxC PA2492	GO:0000976; GO:0001216; GO:0006351; GO:0006355; GO:0032993; GO:0045861; GO:0045893; GO:0050709; GO:1900377	3D-structure;Antibiotic resistance;DNA-binding;Reference proteome;Transcription;Transcription regulation
Q9I190	pvdT PA2390	GO:0002049; GO:0005524; GO:0005886; GO:0015562; GO:0016887; GO:0022857; GO:1990281	ATP-binding;Cell inner membrane;Cell membrane;Membrane;Nucleotide-binding;Reference proteome;Translocase;Transmembrane;Transmembrane helix;Transport
Q9I1K1	pbpC PA2272	GO:0000917; GO:0005886; GO:0006508; GO:0008360; GO:0008658; GO:0008955; GO:0009002; GO:0009252; GO:0043093; GO:0071555	Carboxypeptidase;Cell cycle;Cell division;Cell inner membrane;Cell membrane;Cell shape;Cell wall biogenesis/degradation;Direct protein sequencing;Hydrolase;Membrane;Peptidoglycan synthesis;Protease;Reference proteome;Septation;Transmembrane;Transmembrane helix
Q9I5W4	impA PA0572	GO:0005615; GO:0006508; GO:0008237; GO:0015628; GO:0030163; GO:0043952; GO:0046872; GO:1903237	3D-structure;Hydrolase;Metal-binding;Metalloprotease;Protease;Reference proteome;Secreted;Signal;Zinc
Q9I6M7	vgrG2b PA0262	GO:0005576; GO:0016787; GO:0033103; GO:0033104; GO:0046872	3D-structure;Hydrolase;Metal-binding;Reference proteome;Secreted;Zinc
Q9I6V6	mcpB aer-2 aer2 tlpG PA0176	GO:0004888; GO:0005737; GO:0005886; GO:0006935; GO:0007165; GO:0009454; GO:0042802; GO:0046872; GO:0052131	3D-structure;Cytoplasm;Heme;Iron;Metal-binding;Methylation;Reference proteome;Repeat;Transducer
Q9ZN70	ppx PA5241	GO:0004309; GO:0005886; GO:0006798; GO:0006995; GO:0008976; GO:0009247; GO:0009372; GO:0016036; GO:0044010; GO:0071977; GO:0071978	Cell membrane;Hydrolase;Magnesium;Membrane;Reference proteome;Transferase
G3XD94	wbpA PA3159	GO:0000271; GO:0003954; GO:0009243; GO:0016020; GO:0016491; GO:0016628; GO:0047004; GO:0051287; GO:0071555	Cell wall biogenesis/degradation;Lipopolysaccharide biosynthesis;Membrane;NAD;Oxidoreductase;Reference proteome;Transmembrane;Transmembrane helix
O33407	estA papA PA5112	GO:0008610; GO:0009247; GO:0009279; GO:0016298; GO:0044010; GO:0048870; GO:0052689; GO:0071973; GO:0071978; GO:0106435	3D-structure;Cell outer membrane;Hydrolase;Membrane;Reference proteome;Serine esterase;Signal;Transmembrane;Transmembrane beta strand
P0DPC1	phzD2 phzD PA1902	GO:0002047; GO:0005829; GO:0008908	3D-structure;Antibiotic biosynthesis;Hydrolase;Reference proteome;Virulence
P11439	eta PA1148	GO:0001907; GO:0016779; GO:0047286; GO:0090729; GO:0141155	3D-structure;Direct protein sequencing;Disulfide bond;Glycosyltransferase;NAD;Nucleotidyltransferase;Reference proteome;Signal;Toxin;Transferase;Virulence
P20582	pqsD PA0999	GO:0004315; GO:0005737; GO:0016746; GO:0030497; GO:0033818; GO:0044550	3D-structure;Acyltransferase;Cytoplasm;Reference proteome;Transferase
P24474	nirS PA0519	GO:0009055; GO:0020037; GO:0042597; GO:0046872; GO:0050418; GO:0050421	3D-structure;Direct protein sequencing;Electron transport;Heme;Iron;Metal-binding;Oxidoreductase;Periplasm;Reference proteome;Signal;Transport
P24559	pilT PA0395	GO:0005524; GO:0005829; GO:0016887; GO:0043107; GO:0043108; GO:0044096	3D-structure;ATP-binding;Cytoplasm;Fimbrium biogenesis;Nucleotide-binding;Reference proteome;Transport
P26993	exsA PA1713	GO:0000976; GO:0001216; GO:0003700; GO:0006351; GO:0006355; GO:0032993; GO:0043565; GO:0050709; GO:2000144	3D-structure;Activator;DNA-binding;Reference proteome;Transcription;Transcription regulation
P35818	xcpQ PA3105	GO:0009279; GO:0009306; GO:0015627; GO:0015628; GO:0042802	3D-structure;Cell outer membrane;Membrane;Protein transport;Reference proteome;Signal;Transmembrane;Transmembrane beta strand;Transport
P45684	rpoS PA3622	GO:0000976; GO:0003899; GO:0005737; GO:0006352; GO:0006355; GO:0016987; GO:0050921; GO:1900034; GO:1900233; GO:1900377; GO:1900407; GO:1901000; GO:1903865; GO:2000145	3D-structure;Cytoplasm;DNA-binding;Reference proteome;Sigma factor;Transcription;Transcription regulation
P54292	rhlR lasM vsmR PA3477	GO:0000976; GO:0001216; GO:0001217; GO:0003700; GO:0005737; GO:0006351; GO:0009372; GO:0010467; GO:0032993; GO:0038023; GO:0045862; GO:0045893; GO:0046889; GO:0062162; GO:1900378	3D-structure;Activator;Cytoplasm;DNA-binding;Quorum sensing;Reference proteome;Repressor;Transcription;Transcription regulation
P72131	ptxR PA2258	GO:0000976; GO:0001216; GO:0003950; GO:0006351; GO:0006355; GO:0032993; GO:0045862; GO:0045893; GO:1900377	Activator;DNA-binding;Reference proteome;Repressor;Transcription;Transcription regulation
Q03023	aprA PA1249	GO:0001869; GO:0004222; GO:0005509; GO:0005615; GO:0006508; GO:0008233; GO:0008270; GO:0010765; GO:0031012; GO:0045959; GO:0141141	3D-structure;Calcium;Hydrolase;Metal-binding;Metalloprotease;Protease;Reference proteome;Repeat;Secreted;Zinc;Zymogen
Q06749	algL PA3547	GO:0004794; GO:0042121; GO:0042122; GO:0042597; GO:0045135	3D-structure;Direct protein sequencing;Lyase;Periplasm;Reference proteome;Signal
Q59636	ndk PA3807	GO:0004550; GO:0005524; GO:0005737; GO:0006163; GO:0006183; GO:0006220; GO:0006228; GO:0006241; GO:0042121; GO:0046872	ATP-binding;Cytoplasm;Kinase;Magnesium;Metal-binding;Nucleotide metabolism;Nucleotide-binding;Phosphoprotein;Reference proteome;Transferase
Q59643	hemB PA5243	GO:0004655; GO:0005829; GO:0006779; GO:0006782; GO:0006783; GO:0008270	3D-structure;Heme biosynthesis;Lyase;Magnesium;Metal-binding;Porphyrin biosynthesis;Reference proteome
Q9HTC0	wbpZ PA5447	GO:0000030; GO:0005737; GO:0009103; GO:0009243; GO:0016757; GO:0016758; GO:0033296; GO:0071236	Antibiotic resistance;Cytoplasm;Glycosyltransferase;Lipopolysaccharide biosynthesis;Reference proteome;Transferase
Q9HUT5	brlR PA4878	GO:0000166; GO:0000976; GO:0001216; GO:0003700; GO:0006351; GO:0006355; GO:0032993; GO:0045892; GO:0045893	3D-structure;Activator;DNA-binding;Nucleotide-binding;Reference proteome;Repressor;Transcription;Transcription regulation
Q9HV30	cueR PA4778	GO:0003677; GO:0003700; GO:0005507; GO:0005737; GO:0006351; GO:0045893	Activator;Copper;Cytoplasm;DNA-binding;Metal-binding;Reference proteome;Repressor;Transcription;Transcription regulation
Q9HVI9	mexD PA4598	GO:0005886; GO:0009636; GO:0015562; GO:0042910	Antibiotic resistance;Cell inner membrane;Cell membrane;Membrane;Reference proteome;Transmembrane;Transmembrane helix;Transport
Q9HWJ2	PA4189	GO:0000166; GO:0004030	3D-structure;NAD;Nucleotide-binding;Oxidoreductase;Reference proteome
Q9HY80	bfd PA3530	GO:0046872; GO:0051537	2Fe-2S;3D-structure;Electron transport;Iron;Iron-sulfur;Metal-binding;Reference proteome;Transport
Q9HY91	flcD PA3518	GO:0004553; GO:0016491; GO:0042597; GO:0046872	3D-structure;Antibiotic biosynthesis;Dioxygenase;Iron;Metal-binding;Oxidoreductase;Reference proteome
Q9HYC5	tse3 PA3484	GO:0003796; GO:0005576; GO:0033644; GO:0046872	3D-structure;Calcium;Host membrane;Hydrolase;Membrane;Metal-binding;Reference proteome;Secreted
Q9HZJ2	fadB PA3014	GO:0004165; GO:0004300; GO:0006635; GO:0008692; GO:0016509; GO:0018812; GO:0036125; GO:0070403	Fatty acid metabolism;Isomerase;Lipid degradation;Lipid metabolism;Lyase;Multifunctional enzyme;NAD;Oxidoreductase;Reference proteome
Q9I234	kynB PA2081	GO:0004061; GO:0004328; GO:0008270; GO:0019441; GO:0043420	3D-structure;Hydrolase;Metal-binding;Reference proteome;Tryptophan catabolism;Zinc
Q9I2Y2	thrH PA1757	GO:0000287; GO:0005737; GO:0006564; GO:0009088; GO:0016311; GO:0036424; GO:0043899; GO:0046654; GO:0046820	3D-structure;Amino-acid biosynthesis;Hydrolase;Magnesium;Metal-binding;Reference proteome;Serine biosynthesis
Q9I4G8	loxA PA1169	GO:0005576; GO:0006631; GO:0016165; GO:0016702; GO:0034440; GO:0042597; GO:0046872; GO:0050473	3D-structure;Dioxygenase;Fatty acid metabolism;Iron;Lipid metabolism;Metal-binding;Oxidoreductase;Periplasm;Reference proteome;Secreted;Signal
Q9I596	PA0845	GO:0005576; GO:0016020; GO:0017040; GO:0042759; GO:0046512; GO:0046514; GO:0046872; GO:0051872	3D-structure;Direct protein sequencing;Disulfide bond;Hydrolase;Lipid metabolism;Magnesium;Metal-binding;Reference proteome;Secreted;Signal;Zinc
Q9I700	bauA PA0132	GO:0004015; GO:0009102; GO:0016223; GO:0019483; GO:0030170	3D-structure;Aminotransferase;Pyridoxal phosphate;Pyruvate;Reference proteome;Transferase
G3XCW3	wzy rfc PA3154	GO:0005886; GO:0008755; GO:0009103; GO:0009243; GO:0009276; GO:0016020; GO:0016757; GO:0043165; GO:0098567	Cell inner membrane;Cell membrane;Lipopolysaccharide biosynthesis;Membrane;Reference proteome;Transferase;Transmembrane;Transmembrane helix
G3XCY4	amrZ PA3385	GO:0000976; GO:0001217; GO:0003677; GO:0006351; GO:0032885; GO:0032993; GO:0043107; GO:0043565; GO:0044780; GO:0045892; GO:1900232; GO:1900233; GO:1902201; GO:2000147	3D-structure;Activator;DNA-binding;Reference proteome;Repressor;Transcription;Transcription regulation
G3XD24	pctA PA4309	GO:0004888; GO:0005886; GO:0006935; GO:0007165; GO:0016597; GO:0043200	3D-structure;Cell inner membrane;Cell membrane;Chemotaxis;Membrane;Methylation;Reference proteome;Transducer;Transmembrane;Transmembrane helix
G3XD97	ptxS PA2259	GO:0000976; GO:0001217; GO:0003700; GO:0006351; GO:0006355; GO:0032993; GO:0045892	DNA-binding;Reference proteome;Repressor;Transcription;Transcription regulation
O50274	cysNC cysN PA4442	GO:0000103; GO:0003924; GO:0004020; GO:0004781; GO:0005524; GO:0005525; GO:0006790; GO:0009970; GO:0070814	ATP-binding;GTP-binding;Kinase;Multifunctional enzyme;Nucleotide-binding;Nucleotidyltransferase;Reference proteome;Transferase
O69078	csrA rsmA PA0905	GO:0005829; GO:0006109; GO:0006402; GO:0009372; GO:0030254; GO:0033103; GO:0043455; GO:0045947; GO:0045948; GO:0048027; GO:1900190	3D-structure;Activator;Cytoplasm;Reference proteome;Repressor;RNA-binding;Translation regulation
P04739	pilA fimA PA4525	GO:0005829; GO:0005886; GO:0009289; GO:0009986; GO:0043107; GO:0043709; GO:0044011; GO:0044096; GO:0044167; GO:0050848	3D-structure;Cell inner membrane;Cell membrane;Disulfide bond;Fimbrium;Host endoplasmic reticulum;Host membrane;Membrane;Methylation;Reference proteome;Transmembrane;Transmembrane helix
P08308	arcB PA5172	GO:0004585; GO:0005737; GO:0016597; GO:0019240; GO:0019546; GO:0042450	3D-structure;Arginine metabolism;Cytoplasm;Direct protein sequencing;Reference proteome;Transferase
P09785	phnA trpE PA1001	GO:0000162; GO:0002047; GO:0004049; GO:0046872	Lyase;Magnesium;Metal-binding;Reference proteome;Virulence
P11759	algD PA3540	GO:0006970; GO:0036460; GO:0042121; GO:0044010; GO:0047919; GO:0051287	3D-structure;Alginate biosynthesis;Direct protein sequencing;NAD;Oxidoreductase;Reference proteome
P23747	algB PA5483	GO:0000160; GO:0000987; GO:0001216; GO:0005524; GO:0006351; GO:0032993; GO:0042121; GO:0045862; GO:0045893; GO:1900232; GO:1900378; GO:2000147	Activator;Alginate biosynthesis;ATP-binding;DNA-binding;Nucleotide-binding;Phosphoprotein;Reference proteome;Transcription;Transcription regulation;Two-component regulatory system
P24734	ampR PA4109	GO:0003700; GO:0005737; GO:0006351; GO:0006355; GO:0016020; GO:0043565; GO:0045862; GO:0050714; GO:1900232; GO:1900378	3D-structure;Activator;Cytoplasm;DNA-binding;Membrane;Reference proteome;Transcription;Transcription regulation
P33639	pilS PA4546	GO:0000155; GO:0005524; GO:0005886; GO:0007165; GO:0060491	ATP-binding;Cell inner membrane;Cell membrane;Kinase;Membrane;Nucleotide-binding;Phosphoprotein;Reference proteome;Transferase;Transmembrane;Transmembrane helix;Two-component regulatory system
P52002	mexB PA0426	GO:0005886; GO:0015562; GO:0042910; GO:0046677; GO:0055085; GO:0140330; GO:1990281	3D-structure;Antibiotic resistance;Cell inner membrane;Cell membrane;Direct protein sequencing;Membrane;Reference proteome;Transmembrane;Transmembrane helix;Transport
P53593	sucC PA1588	GO:0000287; GO:0004550; GO:0004775; GO:0004776; GO:0005524; GO:0005829; GO:0006099; GO:0006104; GO:0009142; GO:0042709; GO:0046777	ATP-binding;Ligase;Magnesium;Metal-binding;Nucleotide-binding;Reference proteome;Tricarboxylic acid cycle
Q51371	algG PA3545	GO:0016853; GO:0042121; GO:0042597	Alginate biosynthesis;Direct protein sequencing;Isomerase;Periplasm;Reference proteome;Repeat;Signal
Q51487	oprM oprK PA0427	GO:0009279; GO:0015562; GO:0016020; GO:0022857; GO:0046677; GO:0055085; GO:0140330; GO:1990281	3D-structure;Antibiotic resistance;Cell outer membrane;Direct protein sequencing;Lipoprotein;Membrane;Palmitate;Reference proteome;Signal;Transmembrane;Transmembrane beta strand;Transport
Q51548	pvdA pvd-1 PA2386	GO:0002049; GO:0005737; GO:0005886; GO:0006879; GO:0031172	3D-structure;Cell inner membrane;Cell membrane;FAD;Flavoprotein;Membrane;Monooxygenase;NADP;Oxidoreductase;Reference proteome
Q9HTI4	gbdR PA5380	GO:0000976; GO:0001216; GO:0006351; GO:0006355; GO:0009896; GO:0010518; GO:0010922; GO:0031457; GO:0032993; GO:0045764; GO:0045893	Activator;DNA-binding;Reference proteome;Transcription;Transcription regulation
Q9HTR2	pchP PA5292	GO:0016787; GO:0042597; GO:0046872	3D-structure;Disulfide bond;Hydrolase;Magnesium;Metal-binding;Periplasm;Reference proteome;Signal;Virulence
Q9HU21	rmlC PA5164	GO:0000271; GO:0005829; GO:0008830; GO:0009103; GO:0009244; GO:0019305	3D-structure;Carbohydrate metabolism;Isomerase;Lipopolysaccharide biosynthesis;Reference proteome
Q9HV27	PA4781	GO:0000160; GO:0004112; GO:0009214; GO:0046872; GO:0071111; GO:1900231; GO:2000147	3D-structure;c-di-GMP;Hydrolase;Metal-binding;Phosphoprotein;Reference proteome
Q9HVM5	lspA ls PA4559	GO:0004175; GO:0004190; GO:0005886; GO:0006465	3D-structure;Aspartyl protease;Cell inner membrane;Cell membrane;Hydrolase;Membrane;Protease;Reference proteome;Transmembrane;Transmembrane helix
Q9HWS0	PA4108	GO:0046872; GO:0071111; GO:1900231; GO:2000147	c-di-GMP;Hydrolase;Metal-binding;Reference proteome
Q9HWT6	hpaC PA4092	GO:0006208; GO:0010181; GO:0016651; GO:0036382; GO:0042537; GO:0042602; GO:0050660; GO:0051287	Aromatic hydrocarbons catabolism;FAD;Flavoprotein;NAD;Oxidoreductase;Reference proteome
Q9HX69	rocR sadR PA3947	GO:0000160; GO:0005886; GO:0045892; GO:0046872; GO:0071111	3D-structure;c-di-GMP;Hydrolase;Magnesium;Metal-binding;Phosphoprotein;Reference proteome;Sensory transduction
Q9HXE3	dauA PA3863	GO:0000166; GO:0005737; GO:0006525; GO:0006527; GO:0008718	3D-structure;FAD;Flavoprotein;Nucleotide-binding;Oxidoreductase;Reference proteome;Virulence
Q9HXI4	suhB PA3818	GO:0003723; GO:0005737; GO:0006020; GO:0006351; GO:0007165; GO:0008934; GO:0031564; GO:0042254; GO:0046854; GO:0046872	3D-structure;Chaperone;Cytoplasm;Hydrolase;Magnesium;Metal-binding;Reference proteome;Ribosome biogenesis;RNA-binding;Transcription;Transcription antitermination;Transcription regulation;Virulence
Q9HZ76	wbpE PA3155	GO:0000271; GO:0006065; GO:0008483; GO:0009103; GO:0009243; GO:0030170; GO:0071555	3D-structure;Aminotransferase;Cell wall biogenesis/degradation;Lipopolysaccharide biosynthesis;Pyridoxal phosphate;Reference proteome;Transferase
Q9HZE0	gdhB PA3068	GO:0004069; GO:0004352; GO:0006538	Direct protein sequencing;Disulfide bond;NAD;Oxidoreductase;Reference proteome
Q9HZP8	fabV PA2950	GO:0004318; GO:0006633; GO:0050343; GO:0051287	3D-structure;Fatty acid biosynthesis;Fatty acid metabolism;Lipid biosynthesis;Lipid metabolism;NAD;Oxidoreductase;Reference proteome
Q9I0Y8	mexF PA2494	GO:0005886; GO:0009636; GO:0015562; GO:0042910	Antibiotic resistance;Cell inner membrane;Cell membrane;Membrane;Quorum sensing;Reference proteome;Transmembrane;Transmembrane helix;Transport;Virulence
Q9I194	pvdQ qsc112 PA2385	GO:0002049; GO:0005737; GO:0009372; GO:0016811; GO:0017000; GO:0042597; GO:0042802; GO:0044010; GO:0046677; GO:0071978	3D-structure;Direct protein sequencing;Hydrolase;Periplasm;Quorum sensing;Reference proteome;Signal;Zymogen
Q9I1X7	ligD PA2138	GO:0003677; GO:0003887; GO:0003910; GO:0004532; GO:0005524; GO:0006269; GO:0006303; GO:0006310; GO:0016779; GO:0046872; GO:0071897	3D-structure;ATP-binding;DNA damage;DNA recombination;DNA repair;DNA-binding;DNA-directed DNA polymerase;Exonuclease;Hydrolase;Ligase;Manganese;Metal-binding;Multifunctional enzyme;Nuclease;Nucleotide-binding;Nucleotidyltransferase;Reference proteome;Transferase
Q9I2A0	liuE PA2011	GO:0004419; GO:0006552; GO:0008300; GO:0046247; GO:0046872; GO:0046951; GO:0047445	3D-structure;Lyase;Magnesium;Manganese;Metal-binding;Reference proteome
Q9I310	mucR PA1727	GO:0005886; GO:0046872; GO:0052621; GO:0071111; GO:0071732	3D-structure;c-di-GMP;Cell inner membrane;Cell membrane;Hydrolase;Magnesium;Membrane;Metal-binding;Reference proteome;Transferase;Transmembrane;Transmembrane helix
Q9I3T5	aphA PA1409	GO:0004407; GO:0006595; GO:0016787; GO:0040029; GO:0046872; GO:0047609	Hydrolase;Metal-binding;Reference proteome;Zinc
Q9I485	lhpI PA1259	GO:0016829; GO:0019470	Iron;Lyase;Reference proteome
Q9I4L4	yfiR PA1121	GO:0042597	3D-structure;Disulfide bond;Periplasm;Reference proteome
Q9I509	PA0949	GO:0003955; GO:0008753; GO:0009055; GO:0010181; GO:0016020; GO:0016655; GO:0034599; GO:0050136	3D-structure;Flavoprotein;FMN;NAD;NADP;Nucleotide-binding;Oxidoreductase;Reference proteome
Q9I527	pirA PA0931	GO:0006826; GO:0009279; GO:0015288; GO:0015344; GO:0015891; GO:0038023; GO:0042930; GO:0042931; GO:0044718; GO:0046930	3D-structure;Cell outer membrane;Disulfide bond;Ion transport;Iron;Iron transport;Membrane;Porin;Receptor;Reference proteome;Signal;TonB box;Transmembrane;Transmembrane beta strand;Transport
Q9I5I6	PA0743	GO:0006565; GO:0008442; GO:0009083; GO:0016616; GO:0050661; GO:0051287; GO:0051289	3D-structure;Branched-chain amino acid catabolism;NAD;Nucleotide-binding;Oxidoreductase;Reference proteome
G3XCV0	fleQ PA1097	GO:0000976; GO:0000987; GO:0001216; GO:0001217; GO:0005524; GO:0006351; GO:0006355; GO:0010811; GO:0032993; GO:0035438; GO:0045893; GO:1901202; GO:1902021; GO:2000155	3D-structure;ATP-binding;DNA-binding;Nucleotide-binding;Reference proteome;Transcription;Transcription regulation
G3XCX3	pilU PA0396	GO:0005524; GO:0005737; GO:0016887; GO:0016888; GO:0043107	ATP-binding;Cytoplasm;Nucleotide-binding;Reference proteome
G3XD01	wbpD PA3156	GO:0000271; GO:0006065; GO:0009243; GO:0016407; GO:0016746; GO:0070206; GO:0071555	Acyltransferase;Cell wall biogenesis/degradation;Lipopolysaccharide biosynthesis;Reference proteome;Repeat;Transferase
G3XDA8	pstS PA5369	GO:0005576; GO:0006817; GO:0007155; GO:0042301; GO:0042597; GO:0044010	3D-structure;Cell adhesion;Direct protein sequencing;Periplasm;Phosphate transport;Reference proteome;Secreted;Signal;Transport;Virulence
O30508	aruC argD astC PA0895	GO:0003992; GO:0005737; GO:0006526; GO:0006527; GO:0019545; GO:0030170; GO:0042802; GO:0043825	Amino-acid biosynthesis;Aminotransferase;Arginine biosynthesis;Arginine metabolism;Cytoplasm;Pyridoxal phosphate;Reference proteome;Transferase
O52762	katA PA4236	GO:0004096; GO:0005737; GO:0020037; GO:0042542; GO:0042744; GO:0046872	3D-structure;Direct protein sequencing;Heme;Hydrogen peroxide;Iron;Metal-binding;Oxidoreductase;Peroxidase;Reference proteome
P26276	algC PA5322	GO:0000287; GO:0004614; GO:0004615; GO:0009243; GO:0009244; GO:0009298; GO:0042121	3D-structure;Alginate biosynthesis;Direct protein sequencing;Isomerase;Lipopolysaccharide biosynthesis;Magnesium;Metal-binding;Multifunctional enzyme;Phosphoprotein;Reference proteome;Virulence
P32265	nfxB PA4600	GO:0000976; GO:0001217; GO:0003700; GO:0006351; GO:0006355; GO:0032410; GO:0032993; GO:0045892	Antibiotic resistance;DNA-binding;Reference proteome;Repressor;Transcription;Transcription regulation
P32722	oprD occD1 PA0958	GO:0006508; GO:0006811; GO:0008236; GO:0009279; GO:0015288; GO:0015802; GO:0019867; GO:0046930	3D-structure;Cell outer membrane;Direct protein sequencing;Hydrolase;Ion transport;Membrane;Porin;Protease;Reference proteome;Serine protease;Signal;Transmembrane;Transmembrane beta strand;Transport
P38100	carB PA4756	GO:0004087; GO:0004088; GO:0005524; GO:0005737; GO:0006526; GO:0006536; GO:0006541; GO:0044205; GO:0046872; GO:0071230	Amino-acid biosynthesis;Arginine biosynthesis;ATP-binding;Ligase;Magnesium;Manganese;Metal-binding;Nucleotide-binding;Pyrimidine biosynthesis;Reference proteome;Repeat
P48636	PA4923	GO:0005829; GO:0008714; GO:0009691; GO:0016799; GO:0102682	3D-structure;Cytokinin biosynthesis;Hydrolase;Reference proteome
P52477	mexA PA0425	GO:0005886; GO:0009636; GO:0015562; GO:0042802; GO:0042908; GO:0046677; GO:0051260	3D-structure;Antibiotic resistance;Cell inner membrane;Cell membrane;Coiled coil;Direct protein sequencing;Lipoprotein;Membrane;Palmitate;Reference proteome;Signal;Transport
P55222	vfr PA0652	GO:0000976; GO:0001216; GO:0001217; GO:0003700; GO:0005829; GO:0006351; GO:0030552; GO:0032993; GO:0043565; GO:0045893	3D-structure;cAMP;cAMP-binding;DNA-binding;Nucleotide-binding;Reference proteome;Transcription;Transcription regulation;Virulence
Q00516	xcpV pddC PA3099	GO:0005886; GO:0015627; GO:0015628	3D-structure;Cell inner membrane;Cell membrane;Membrane;Methylation;Protein transport;Reference proteome;Transmembrane;Transmembrane helix;Transport
Q00517	xcpW pddD PA3098	GO:0005886; GO:0015627; GO:0015628	3D-structure;Cell inner membrane;Cell membrane;Membrane;Methylation;Protein transport;Reference proteome;Transmembrane;Transmembrane helix;Transport
Q06198	algU algT PA0762	GO:0000345; GO:0000976; GO:0001216; GO:0006352; GO:0006355; GO:0016987; GO:0032885; GO:0032993; GO:0036460; GO:0042121; GO:0045893; GO:0071236; GO:1900036; GO:1900189; GO:1900233; GO:1902201; GO:1902884	3D-structure;Alginate biosynthesis;DNA-binding;Reference proteome;Sigma factor;Transcription;Transcription regulation
Q51397	oprJ oprK PA4597	GO:0009279; GO:0015562; GO:0016020; GO:0022857; GO:0046677; GO:0055085	3D-structure;Antibiotic resistance;Cell membrane;Cell outer membrane;Ion transport;Lipoprotein;Membrane;Palmitate;Periplasm;Porin;Reference proteome;Signal;Transmembrane;Transmembrane beta strand;Transport
Q9HT99	armZ PA5471	GO:0005525; GO:0006388; GO:0032411; GO:0042245; GO:0046677; GO:0046872; GO:0170057	GTP-binding;Ligase;Manganese;Metal-binding;Nucleotide-binding;Reference proteome;RNA repair
Q9HTH8	cdhA PA5386	GO:0005737; GO:0006631; GO:0016491; GO:0042413; GO:0047728; GO:0070403	Cytoplasm;NAD;Oxidoreductase;Reference proteome
Q9HTQ0	dadA1 dadA PA5304	GO:0005737; GO:0005886; GO:0008718; GO:0055130	FAD;Flavoprotein;Oxidoreductase;Reference proteome
Q9HU77	hutF PA5106	GO:0005829; GO:0006548; GO:0019239; GO:0019556; GO:0019557; GO:0046872; GO:0050416	3D-structure;Direct protein sequencing;Histidine metabolism;Hydrolase;Metal-binding;Reference proteome;Zinc
Q9HUG6	waaL PA4999	GO:0000271; GO:0005886; GO:0008754; GO:0009243; GO:0009244; GO:0009297; GO:0016757; GO:0016874; GO:0043107; GO:0044780; GO:0071977; GO:0098567	Cell inner membrane;Cell membrane;Glycosyltransferase;Lipopolysaccharide biosynthesis;Membrane;Reference proteome;Transferase;Transmembrane;Transmembrane helix
Q9HVD1	pagL PA4661	GO:0008653; GO:0009279; GO:0016020; GO:0042803; GO:0046493; GO:0050528	3D-structure;Cell outer membrane;Direct protein sequencing;Hydrolase;Membrane;Pharmaceutical;Reference proteome;Signal;Transmembrane;Transmembrane beta strand
Q9HXJ2	pilF PA3805	GO:0009279; GO:0009297; GO:0030911; GO:0043107; GO:0043683; GO:0046903	3D-structure;Cell outer membrane;Lipoprotein;Membrane;Palmitate;Reference proteome;Repeat;Signal;TPR repeat
Q9HY79	bfrB PA3531	GO:0004322; GO:0005506; GO:0005829; GO:0006826; GO:0006879; GO:0008199; GO:0020037; GO:0070288; GO:0140315	3D-structure;Cytoplasm;Direct protein sequencing;Heme;Ion transport;Iron;Iron storage;Iron transport;Metal-binding;Oxidoreductase;Potassium;Reference proteome;Transport
Q9HYT3	nbdA PA3311	GO:0005886; GO:0046872; GO:0071111; GO:0071732; GO:1900190	c-di-GMP;Cell inner membrane;Cell membrane;Hydrolase;Magnesium;Membrane;Metal-binding;Reference proteome;Transmembrane;Transmembrane helix
Q9I191	pvdR PA2389	GO:0002049; GO:0015562; GO:0019898; GO:0042597; GO:1990195; GO:1990281; GO:1990961	Coiled coil;Periplasm;Reference proteome;Signal;Transport
Q9I492	lhpD lhpH PA1252	GO:0006560; GO:0019470; GO:0042802; GO:0042803; GO:0047125; GO:0050241; GO:0070401	NADP;Oxidoreductase;Reference proteome
Q9I4L5	tpbB yfiN PA1120	GO:0005525; GO:0005886; GO:0007165; GO:0046872; GO:0052621; GO:0061939	3D-structure;Allosteric enzyme;Cell inner membrane;Cell membrane;GTP-binding;Magnesium;Membrane;Metal-binding;Nucleotide-binding;Phosphoprotein;Reference proteome;Transferase;Transmembrane;Transmembrane helix
Q9I609	nirN PA0509	GO:0006783; GO:0009055; GO:0016491; GO:0020037; GO:0042597; GO:0046872	3D-structure;Heme;Iron;Metal-binding;Oxidoreductase;Periplasm;Reference proteome;Signal
Q9I6H0	aphB PA0321	GO:0004407; GO:0006595; GO:0016787; GO:0040029; GO:0046872; GO:0047609	Hydrolase;Metal-binding;Reference proteome;Zinc
Q9I6N5	hudA PA0254	GO:0005737; GO:0005829; GO:0006744; GO:0008694; GO:0034941; GO:0046872	3D-structure;Aromatic hydrocarbons catabolism;Decarboxylase;Flavoprotein;FMN;Lyase;Manganese;Metal-binding;Potassium;Reference proteome
G3XCU9	mexZ PA2020	GO:0000976; GO:0001217; GO:0003700; GO:0006351; GO:0006355; GO:0032410; GO:0032993; GO:0034763; GO:0045892	3D-structure;DNA-binding;Reference proteome;Transcription;Transcription regulation
G3XCY6	gltR PA3192	GO:0000156; GO:0000976; GO:0005829; GO:0006351; GO:0006355; GO:0010828; GO:0032993	Cytoplasm;DNA-binding;Phosphoprotein;Reference proteome;Repressor;Transcription;Transcription regulation;Two-component regulatory system
O05927	cysH PA1756	GO:0000103; GO:0004604; GO:0005737; GO:0019344; GO:0019379; GO:0043866; GO:0046872; GO:0051539; GO:0070814	3D-structure;Cytoplasm;Disulfide bond;Iron;Iron-sulfur;Metal-binding;Oxidoreductase;Reference proteome
P07874	algA pmi PA3551	GO:0004475; GO:0004476; GO:0005525; GO:0009298; GO:0042121	Alginate biosynthesis;Cobalt;Direct protein sequencing;GTP-binding;Isomerase;Multifunctional enzyme;Nucleotide-binding;Nucleotidyltransferase;Reference proteome;Transferase
P11720	trpI PA0037	GO:0000162; GO:0003700; GO:0006351; GO:0006355; GO:0032993; GO:0043565; GO:2000284	Activator;Amino-acid biosynthesis;Aromatic amino acid biosynthesis;DNA-binding;Reference proteome;Repressor;Transcription;Transcription regulation;Tryptophan biosynthesis
P14532	ccpA PA4587	GO:0004130; GO:0009055; GO:0020037; GO:0042597; GO:0046872	3D-structure;Direct protein sequencing;Electron transport;Heme;Iron;Metal-binding;Oxidoreductase;Periplasm;Peroxidase;Reference proteome;Signal;Transport
P14789	lasA PA1871	GO:0004175; GO:0004222; GO:0005615; GO:0006508; GO:0009253; GO:0015628; GO:0043952; GO:0046872	3D-structure;Direct protein sequencing;Disulfide bond;Hydrolase;Metal-binding;Metalloprotease;Protease;Reference proteome;Secreted;Signal;Virulence;Zinc;Zymogen
P22608	pilB PA4526	GO:0005524; GO:0005737; GO:0005886; GO:0015031; GO:0016887; GO:0043107; GO:0043683; GO:0046872; GO:0048870	ATP-binding;Cytoplasm;Fimbrium biogenesis;Metal-binding;Nucleotide-binding;Protein transport;Reference proteome;Transport;Zinc
P22610	pilD xcpA PA4528	GO:0004190; GO:0005886; GO:0006465; GO:0006480; GO:0008170; GO:0009297; GO:0015627; GO:0043683; GO:0046872	Cell inner membrane;Cell membrane;Hydrolase;Membrane;Metal-binding;Methyltransferase;Multifunctional enzyme;Protease;Reference proteome;S-adenosyl-L-methionine;Transferase;Transmembrane;Transmembrane helix;Zinc
P52003	mexR PA0424	GO:0000976; GO:0001217; GO:0006351; GO:0032993; GO:0034763; GO:0042802; GO:0045892; GO:0050709	3D-structure;DNA-binding;Reference proteome;Repressor;Transcription;Transcription regulation
P77915	hemN PA1546	GO:0004109; GO:0005737; GO:0006779; GO:0006782; GO:0046872; GO:0051539; GO:0051989	4Fe-4S;Cytoplasm;Iron;Iron-sulfur;Metal-binding;Oxidoreductase;Porphyrin biosynthesis;Reference proteome;S-adenosyl-L-methionine
P95434	sctF pscF PA1719	GO:0005576; GO:0009986; GO:0030254; GO:0030257	3D-structure;Coiled coil;Protein transport;Reference proteome;Secreted;Transport;Virulence
Q00512	xcpR PA3103	GO:0005524; GO:0005886; GO:0008564; GO:0015627; GO:0015628; GO:0016887; GO:0046872	ATP-binding;Cell inner membrane;Cell membrane;Membrane;Metal-binding;Nucleotide-binding;Protein transport;Reference proteome;Translocase;Transport;Zinc
Q00514	xcpT pddA PA3101	GO:0005886; GO:0015627; GO:0015628	3D-structure;Cell inner membrane;Cell membrane;Membrane;Methylation;Protein transport;Reference proteome;Transmembrane;Transmembrane helix;Transport
Q03456	fur PA4764	GO:0000976; GO:0001217; GO:0003700; GO:0005829; GO:0006351; GO:0008198; GO:0008270; GO:0019290; GO:0032993; GO:0045892; GO:1900705; GO:1901668	3D-structure;Cytoplasm;DNA-binding;Iron;Metal-binding;Reference proteome;Repressor;Transcription;Transcription regulation;Zinc
Q05098	pfeA PA2688	GO:0009279; GO:0015344; GO:0015891; GO:0019867; GO:0038023; GO:0042912; GO:0042930; GO:0042931; GO:0044718; GO:1903981	3D-structure;Cell outer membrane;Ion transport;Iron;Iron transport;Membrane;Receptor;Reference proteome;Signal;TonB box;Transmembrane;Transmembrane beta strand;Transport
Q07806	mrcA ponA PA5045	GO:0005886; GO:0006508; GO:0008360; GO:0008658; GO:0008955; GO:0009002; GO:0009252; GO:0030288; GO:0046677; GO:0071555	3D-structure;Antibiotic resistance;Carboxypeptidase;Cell inner membrane;Cell membrane;Cell shape;Cell wall biogenesis/degradation;Glycosyltransferase;Hydrolase;Membrane;Multifunctional enzyme;Peptidoglycan synthesis;Protease;Reference proteome;Signal-anchor;Transferase;Transmembrane;Transmembrane helix
Q51372	algX PA3546	GO:0016746; GO:0042121; GO:0042597; GO:0044010	3D-structure;Acyltransferase;Alginate biosynthesis;Direct protein sequencing;Disulfide bond;Periplasm;Reference proteome;Signal;Transferase
Q9HTJ1	betB PA5373	GO:0008802; GO:0019285; GO:0046872	3D-structure;Metal-binding;NAD;Oxidation;Oxidoreductase;Potassium;Reference proteome
Q9HU05	aroQ PA5184	GO:0004106; GO:0009094; GO:0009697; GO:0042597; GO:0042803; GO:0046417	3D-structure;Amino-acid biosynthesis;Aromatic amino acid biosynthesis;Direct protein sequencing;Isomerase;Periplasm;Phenylalanine biosynthesis;Reference proteome;Signal
Q9HVW0	kdsD PA4457	GO:0009103; GO:0019146; GO:0046872; GO:0097367	Carbohydrate metabolism;CBS domain;Isomerase;Lipopolysaccharide biosynthesis;Metal-binding;Reference proteome;Repeat;Zinc
Q9HW91	pctB PA4310	GO:0005886; GO:0006935; GO:0007165; GO:0016597; GO:0043200	3D-structure;Cell inner membrane;Cell membrane;Chemotaxis;Membrane;Methylation;Reference proteome;Transducer;Transmembrane;Transmembrane helix
Q9HWC1	coaX coaA PA4279	GO:0004594; GO:0005524; GO:0005737; GO:0015937; GO:0046677; GO:0046872	3D-structure;Antibiotic resistance;ATP-binding;Coenzyme A biosynthesis;Cytoplasm;Kinase;Metal-binding;Nucleotide-binding;Potassium;Reference proteome;Transferase
Q9HWK6	prpL PA4175	GO:0005615; GO:0006508; GO:0006554; GO:0008236; GO:0015628; GO:0043952; GO:0141174	Autocatalytic cleavage;Direct protein sequencing;Disulfide bond;Hydrolase;Protease;Reference proteome;Secreted;Serine protease;Signal;Virulence;Zymogen
Q9HXM1	PA3774	GO:0004407; GO:0016787; GO:0040029; GO:0046872	3D-structure;Hydrolase;Metal-binding;Reference proteome;Zinc
Q9I1H3	ambE PA2302	GO:0006631; GO:0016405; GO:0031177; GO:0044550	3D-structure;Ligase;Phosphopantetheine;Phosphoprotein;Reference proteome;Repeat
Q9I2N0	fan1 PA1865	GO:0000287; GO:0004528; GO:0008409; GO:0017108; GO:0030145; GO:0036297; GO:0070336	3D-structure;DNA damage;DNA repair;Endonuclease;Exonuclease;Hydrolase;Magnesium;Manganese;Metal-binding;Nuclease;Reference proteome
Q9I4E3	PA1195	GO:0000052; GO:0006525; GO:0016403; GO:0016597; GO:0045429; GO:0046872	3D-structure;Hydrolase;Metal-binding;Reference proteome;Zinc
Q9I4K0	hchA PA1135	GO:0005737; GO:0006281; GO:0016790; GO:0019172; GO:0019243; GO:0030091; GO:0036524	Cytoplasm;DNA damage;DNA repair;Hydrolase;Reference proteome;Stress response
Q9I4L6	yfiB PA1119	GO:0009279; GO:0071973; GO:0120101	3D-structure;Cell outer membrane;Lipoprotein;Membrane;Palmitate;Reference proteome;Signal
Q9I4V0	PA1024	GO:0000166; GO:0016491; GO:0018580; GO:0050136	3D-structure;Flavoprotein;FMN;NAD;Nucleotide-binding;Oxidoreductase;Reference proteome
Q9I5F3	azoR1 PA0785	GO:0003960; GO:0006979; GO:0009055; GO:0010181; GO:0016652; GO:0016655	3D-structure;Flavoprotein;FMN;NAD;Oxidoreductase;Reference proteome
Q9I5I9	sdsA1 PA0740	GO:0018741; GO:0018909; GO:0030288; GO:0042802; GO:0046872; GO:0046983	3D-structure;Hydrolase;Metal-binding;Periplasm;Reference proteome;Signal;Virulence;Zinc
Q9I6V9	cheB2 PA0173	GO:0000156; GO:0005737; GO:0006935; GO:0007165; GO:0008984; GO:0050568	Chemotaxis;Cytoplasm;Hydrolase;Phosphoprotein;Reference proteome
Q9Z4J7	exaA PA1982	GO:0005509; GO:0006068; GO:0016020; GO:0020037; GO:0030288; GO:0052934; GO:0070968	3D-structure;Calcium;Direct protein sequencing;Disulfide bond;Metal-binding;Oxidoreductase;Periplasm;PQQ;Reference proteome;Signal
O86062	nudC PA1823	GO:0000210; GO:0000287; GO:0006742; GO:0008270; GO:0016787; GO:0019677; GO:0030145; GO:0035529; GO:0110153	Hydrolase;Magnesium;Manganese;Metal-binding;NAD;Reference proteome;Zinc
P00099	nirM PA0518	GO:0005506; GO:0009055; GO:0020037; GO:0042597	3D-structure;Direct protein sequencing;Electron transport;Heme;Iron;Metal-binding;Periplasm;Reference proteome;Signal;Transport
P0DPB9	phzD1 phzD PA4213	GO:0002047; GO:0005829; GO:0008908	Antibiotic biosynthesis;Hydrolase;Reference proteome
P13794	oprF PA1777	GO:0001851; GO:0005509; GO:0006811; GO:0008360; GO:0009279; GO:0015288; GO:0019867; GO:0044406; GO:0046930	3D-structure;Cell outer membrane;Cell shape;Direct protein sequencing;Disulfide bond;Ion transport;Membrane;Porin;Reference proteome;Repeat;Signal;Transmembrane;Transmembrane beta strand;Transport
P13981	arcA PA5171	GO:0005737; GO:0016990; GO:0019546	3D-structure;Arginine metabolism;Cytoplasm;Direct protein sequencing;Hydrolase;Reference proteome
P20576	trpG PA0649	GO:0000162; GO:0004049; GO:0046654; GO:0046820	Amino-acid biosynthesis;Aromatic amino acid biosynthesis;Glutamine amidotransferase;Lyase;Reference proteome;Tryptophan biosynthesis
P23620	phoB PA5360	GO:0000156; GO:0000976; GO:0005829; GO:0006351; GO:0006355; GO:0006817; GO:0032993; GO:0045893; GO:0071978; GO:0080040	Activator;Cytoplasm;DNA-binding;Phosphate transport;Phosphoprotein;Reference proteome;Transcription;Transcription regulation;Transport;Two-component regulatory system
P57112	sthA sth PA2991	GO:0003957; GO:0004148; GO:0005829; GO:0006103; GO:0006739; GO:0050660	Cytoplasm;FAD;Flavoprotein;NAD;NADP;Oxidoreductase;Reference proteome
P57714	metXS PA0390	GO:0004414; GO:0005737; GO:0008899; GO:0009086	Acyltransferase;Amino-acid biosynthesis;Cytoplasm;Methionine biosynthesis;Reference proteome;Transferase
P95435	pscG PA1720	GO:0005737; GO:0030254	3D-structure;Cytoplasm;Reference proteome;Virulence
Q01269	pheC PA3475	GO:0004664; GO:0009094; GO:0042597; GO:0047769	3D-structure;Amino-acid biosynthesis;Aromatic amino acid biosynthesis;Direct protein sequencing;Lyase;Multifunctional enzyme;Periplasm;Phenylalanine biosynthesis;Reference proteome;Signal
Q51566	xerC sss PA5280	GO:0003677; GO:0005737; GO:0006310; GO:0006313; GO:0007059; GO:0009037; GO:0048476; GO:0051301; GO:0071139; GO:0071294	Cell cycle;Cell division;Chromosome partition;Cytoplasm;DNA integration;DNA recombination;DNA-binding;Reference proteome
Q59638	aceF aceB PA5016	GO:0004742; GO:0006086; GO:0045254	Acyltransferase;Lipoyl;Reference proteome;Repeat;Transferase
Q59647	norB PA0524	GO:0004129; GO:0005886; GO:0009060; GO:0016966; GO:0019333; GO:0020037; GO:0022904; GO:0046872	3D-structure;Cell membrane;Electron transport;Heme;Iron;Membrane;Metal-binding;Oxidoreductase;Reference proteome;Respiratory chain;Transmembrane;Transmembrane helix;Transport
Q9HT22	glmU PA5552	GO:0000287; GO:0000902; GO:0003977; GO:0005829; GO:0006048; GO:0008360; GO:0009245; GO:0009252; GO:0016020; GO:0019134; GO:0071555	Acyltransferase;Cell shape;Cell wall biogenesis/degradation;Cytoplasm;Magnesium;Metal-binding;Multifunctional enzyme;Nucleotidyltransferase;Peptidoglycan synthesis;Reference proteome;Repeat;Transferase
Q9HUG8	msbA PA4997	GO:0005347; GO:0005524; GO:0005886; GO:0009245; GO:0015920; GO:0016887; GO:0034040; GO:0042626; GO:0055085; GO:0140359	3D-structure;ATP-binding;Cell inner membrane;Cell membrane;Lipid transport;Membrane;Nucleotide-binding;Reference proteome;Translocase;Transmembrane;Transmembrane helix;Transport
Q9HUK7	fimW PA4958	GO:0000166; GO:0005737	c-di-GMP;Cytoplasm;Nucleotide-binding;Reference proteome;Virulence
Q9HVC5	prs PA4670	GO:0000287; GO:0002189; GO:0004749; GO:0005524; GO:0005737; GO:0006015; GO:0006164; GO:0009156; GO:0016301	ATP-binding;Cytoplasm;Kinase;Magnesium;Metal-binding;Nucleotide biosynthesis;Nucleotide-binding;Reference proteome;Transferase
Q9HVM8	pilY1 PA4554	GO:0005509; GO:0005829; GO:0009289; GO:0016020; GO:0043107	Calcium;Cytoplasm;Fimbrium;Fimbrium biogenesis;Membrane;Metal-binding;Reference proteome;Signal
Q9HW93	pctC PA4307	GO:0005886; GO:0006935; GO:0007165; GO:0016597; GO:0043200	3D-structure;Cell inner membrane;Cell membrane;Chemotaxis;Membrane;Methylation;Reference proteome;Transducer;Transmembrane;Transmembrane helix
Q9HXZ4	pyrG PA3637	GO:0003883; GO:0004359; GO:0005524; GO:0005829; GO:0006241; GO:0019856; GO:0042802; GO:0044210; GO:0046872; GO:0097268	3D-structure;ATP-binding;Glutamine amidotransferase;Ligase;Magnesium;Metal-binding;Nucleotide-binding;Pyrimidine biosynthesis;Reference proteome
Q9HY82	rnt PA3528	GO:0000287; GO:0003676; GO:0005829; GO:0008033; GO:0008408; GO:0016896; GO:0045004	3D-structure;Exonuclease;Hydrolase;Magnesium;Metal-binding;Nuclease;Reference proteome;tRNA processing
Q9HY92	flcC PA3517	GO:0004018; GO:0005829; GO:0006189; GO:0044208; GO:0047472; GO:0070626	Antibiotic biosynthesis;Lyase;Reference proteome
Q9HZ62	mupP PA3172	GO:0005829; GO:0006281; GO:0008360; GO:0008967; GO:0009252; GO:0009254; GO:0046677; GO:0046872; GO:0071555	Antibiotic resistance;Carbohydrate metabolism;Cell shape;Cell wall biogenesis/degradation;Hydrolase;Magnesium;Metal-binding;Peptidoglycan synthesis;Reference proteome
Q9HZL1	nqrF PA2994	GO:0005886; GO:0006814; GO:0009055; GO:0016491; GO:0016655; GO:0046872; GO:0051537	2Fe-2S;Cell inner membrane;Cell membrane;FAD;Flavoprotein;Ion transport;Iron;Iron-sulfur;Membrane;Metal-binding;NAD;Reference proteome;Sodium;Sodium transport;Translocase;Transmembrane;Transmembrane helix;Transport;Ubiquinone
Q9I0I6	ctpM PA2652	GO:0004888; GO:0005886; GO:0006935; GO:0007165; GO:0050918	Cell inner membrane;Cell membrane;Chemotaxis;Membrane;Methylation;Reference proteome;Transducer;Transmembrane;Transmembrane helix
Q9I0U2	tamB PA2542	GO:0005886; GO:0009306; GO:0097347	Cell inner membrane;Cell membrane;Lipid transport;Membrane;Reference proteome;Signal-anchor;Transmembrane;Transmembrane helix;Transport
Q9I0Z1	mexS qrh PA2491	GO:0016491; GO:0034763; GO:0050709; GO:1900377	Oxidoreductase;Reference proteome;Virulence
Q9I189	opmQ PA2391	GO:0002049; GO:0009279; GO:0015562; GO:0016020; GO:0022857; GO:0055085; GO:1990281	Cell outer membrane;Lipoprotein;Membrane;Palmitate;Reference proteome;Signal;Transmembrane;Transmembrane beta strand
Q9I2N2	modA PA1863	GO:0015689; GO:0030973; GO:0042597; GO:0046872; GO:1901359	3D-structure;Metal-binding;Molybdenum;Periplasm;Reference proteome;Signal;Transport;Tungsten
Q9I2U6	folD PA1796	GO:0000105; GO:0004477; GO:0004488; GO:0005829; GO:0006164; GO:0009086; GO:0035999	3D-structure;Amino-acid biosynthesis;Histidine biosynthesis;Hydrolase;Methionine biosynthesis;Multifunctional enzyme;NADP;One-carbon metabolism;Oxidoreductase;Purine biosynthesis;Reference proteome
Q9I2V5	acnB PA1787	GO:0003729; GO:0003730; GO:0003994; GO:0005829; GO:0006099; GO:0019629; GO:0046872; GO:0047456; GO:0051539	4Fe-4S;Iron;Iron-sulfur;Lyase;Metal-binding;Reference proteome;RNA-binding;Tricarboxylic acid cycle
Q9I3A8	gpsA PA1614	GO:0005829; GO:0005975; GO:0006072; GO:0046167; GO:0046168; GO:0046474; GO:0047952; GO:0051287; GO:0141152; GO:0141153	Cytoplasm;Lipid biosynthesis;Lipid metabolism;NAD;NADP;Nucleotide-binding;Oxidoreductase;Phospholipid biosynthesis;Phospholipid metabolism;Reference proteome
Q9I3E3	ppnP PA1574	GO:0004731; GO:0004850; GO:0005829; GO:0009032; GO:0016154; GO:0047975	3D-structure;Glycosyltransferase;Reference proteome;Transferase
Q9I3F5	acnA PA1562	GO:0003729; GO:0003730; GO:0003994; GO:0005506; GO:0005737; GO:0005829; GO:0006099; GO:0006979; GO:0009061; GO:0019679; GO:0030350; GO:0047456; GO:0051539	4Fe-4S;Iron;Iron-sulfur;Lyase;Metal-binding;Reference proteome;RNA-binding;Tricarboxylic acid cycle
Q9I406	ggt PA1338	GO:0006508; GO:0006750; GO:0006751; GO:0034722; GO:0036374; GO:0042597; GO:0103068	Acyltransferase;Glutathione biosynthesis;Hydrolase;Periplasm;Protease;Reference proteome;Signal;Transferase;Zymogen
Q9I4D4	PA1204	GO:0003955; GO:0005829; GO:0010181; GO:0016655; GO:0042802; GO:0042803; GO:0052873	3D-structure;Flavoprotein;FMN;NAD;NADP;Nucleotide-binding;Oxidoreductase;Reference proteome
Q9I4G3	napA PA1174	GO:0005506; GO:0006777; GO:0008940; GO:0009055; GO:0009325; GO:0016020; GO:0030151; GO:0042128; GO:0042597; GO:0043546; GO:0045333; GO:0050140; GO:0051539	4Fe-4S;Electron transport;Iron;Iron-sulfur;Metal-binding;Molybdenum;Nitrate assimilation;Oxidoreductase;Periplasm;Reference proteome;Signal;Transport
Q9I4N3	fleR PA1099	GO:0000160; GO:0000987; GO:0001216; GO:0005524; GO:0006351; GO:0032993; GO:0045785; GO:0045893; GO:1900191; GO:2000155	3D-structure;ATP-binding;DNA-binding;Nucleotide-binding;Phosphoprotein;Reference proteome;Transcription;Transcription regulation;Two-component regulatory system
Q9I4X0	mvfR PA1003	GO:0003677; GO:0003700; GO:0005576; GO:0005886; GO:0006351; GO:0006355; GO:0034762; GO:0051349	3D-structure;Cell inner membrane;Cell membrane;DNA-binding;Membrane;Reference proteome;Secreted;Transcription;Transcription regulation;Virulence
Q9I4X3	pqsA PA0996	GO:0005524; GO:0016878; GO:0018860; GO:0044550	3D-structure;ATP-binding;Ligase;Nucleotide-binding;Reference proteome
Q9I5A5	pta PA0835	GO:0005737; GO:0006085; GO:0008959; GO:0016746	Acyltransferase;Cytoplasm;Reference proteome;Transferase
Q9I5V3	cca PA0584	GO:0000049; GO:0000287; GO:0001680; GO:0004112; GO:0004810; GO:0005524; GO:0016791; GO:0042245; GO:0106354; GO:0160016	ATP-binding;Hydrolase;Magnesium;Metal-binding;Multifunctional enzyme;Nickel;Nucleotide-binding;Nucleotidyltransferase;Reference proteome;RNA repair;RNA-binding;Transferase;tRNA processing
Q9I6G4	carP PA0327	GO:0005886; GO:0010040; GO:0048870; GO:0051592; GO:0055074; GO:0070301; GO:0106220	Cell inner membrane;Cell membrane;Membrane;Reference proteome;Signal
Q9I6J0	spuE PA0301	GO:0005615; GO:0015846; GO:0015847; GO:0019809; GO:0019810; GO:0030288	3D-structure;Periplasm;Reference proteome;Signal;Transport;Virulence
Q9I6Y4	PA0148	GO:0000034; GO:0006146; GO:0008270; GO:0009117; GO:0043103	3D-structure;Hydrolase;Metal-binding;Nucleotide metabolism;Reference proteome;Zinc
G3XCY8	piuA PA4514	GO:0006826; GO:0009279; GO:0015288; GO:0015344; GO:0015891; GO:0033214; GO:0038023; GO:0046930	3D-structure;Cell outer membrane;Disulfide bond;Ion transport;Iron;Iron transport;Membrane;Porin;Receptor;Reference proteome;Signal;TonB box;Transmembrane;Transmembrane beta strand;Transport
G3XD28	pilM PA5044	GO:0005524; GO:0005737; GO:0043107; GO:0043683; GO:0044096; GO:0046872; GO:0051301	3D-structure;ATP-binding;Cytoplasm;Magnesium;Metal-binding;Nucleotide-binding;Reference proteome
G3XD61	wbpI PA3148	GO:0000271; GO:0008761; GO:0009243; GO:0050378; GO:0071555	Cell wall biogenesis/degradation;Isomerase;Lipopolysaccharide biosynthesis;Reference proteome
G3XD67	hcnA PA2193	GO:0005886; GO:0046872; GO:0050622; GO:0051537	2Fe-2S;Cell membrane;Iron;Iron-sulfur;Membrane;Metal-binding;Oxidoreductase;Reference proteome
O33877	fabA PA1610	GO:0005829; GO:0006633; GO:0006636; GO:0019171; GO:0034017	3D-structure;Cytoplasm;Fatty acid biosynthesis;Fatty acid metabolism;Isomerase;Lipid biosynthesis;Lipid metabolism;Lyase;Reference proteome
P06200	plcH PA0844	GO:0005615; GO:0015628; GO:0016042; GO:0016298; GO:0033188; GO:0034480; GO:0044179; GO:0090729	3D-structure;Cytolysis;Hemolysis;Hydrolase;Reference proteome;Signal;Toxin;Virulence
P09786	phnB trpG PA1002	GO:0000162; GO:0002047; GO:0004048; GO:0004049	Glutamine amidotransferase;Lyase;Reference proteome;Virulence
P18275	arcD PA5170	GO:0005886; GO:0015293; GO:0019546; GO:0043858; GO:1903826	Amino-acid transport;Antiport;Cell inner membrane;Cell membrane;Membrane;Reference proteome;Symport;Transmembrane;Transmembrane helix;Transport
P21629	braF PA1071	GO:0005304; GO:0005524; GO:0005886; GO:0015188; GO:0015192; GO:0015808; GO:0016887; GO:0042941; GO:1903805; GO:1903806	Amino-acid transport;ATP-binding;Cell inner membrane;Cell membrane;Membrane;Nucleotide-binding;Reference proteome;Transport
P22609	pilC PA4527	GO:0005886; GO:0015628	Cell inner membrane;Cell membrane;Fimbrium biogenesis;Membrane;Protein transport;Reference proteome;Transmembrane;Transmembrane helix;Transport
P23926	anr PA1544	GO:0003677; GO:0003700; GO:0005829; GO:0006351; GO:0006355; GO:0036293; GO:0036294; GO:0046202; GO:0051353; GO:1900081	Activator;DNA-binding;Iron;Reference proteome;Transcription;Transcription regulation
P29365	hom PA3736	GO:0004412; GO:0009086; GO:0009088; GO:0046872; GO:0050661; GO:0070403	Amino-acid biosynthesis;Metal-binding;Methionine biosynthesis;NAD;NADP;Oxidoreductase;Reference proteome;Sodium;Threonine biosynthesis
P48632	fpvA PA2398	GO:0002049; GO:0009279; GO:0015344; GO:0015891; GO:0016020; GO:0033214; GO:0038023	3D-structure;Cell outer membrane;Direct protein sequencing;Ion transport;Iron;Iron transport;Membrane;Receptor;Reference proteome;Signal;TonB box;Transmembrane;Transmembrane beta strand;Transport
Q00518	xcpX PA3097	GO:0005886; GO:0015627; GO:0015628	3D-structure;Cell inner membrane;Cell membrane;Membrane;Protein transport;Reference proteome;Transmembrane;Transmembrane helix;Transport
Q51344	asd PA3117	GO:0004073; GO:0009088; GO:0009089; GO:0009097; GO:0019877; GO:0046983; GO:0050661; GO:0051287; GO:0071266	3D-structure;Amino-acid biosynthesis;Diaminopimelate biosynthesis;Lysine biosynthesis;Methionine biosynthesis;NADP;Oxidoreductase;Reference proteome;Threonine biosynthesis
Q51375	leuB PA3118	GO:0000287; GO:0003862; GO:0005829; GO:0009098; GO:0051287	Amino-acid biosynthesis;Branched-chain amino acid biosynthesis;Cytoplasm;Leucine biosynthesis;Magnesium;Manganese;Metal-binding;NAD;Oxidoreductase;Reference proteome
Q51404	fumC2 PA4470	GO:0004333; GO:0005737; GO:0006099; GO:0006106; GO:0010106	Cytoplasm;Lyase;Reference proteome;Tricarboxylic acid cycle
Q51422	aspS PA0963	GO:0003676; GO:0004815; GO:0005524; GO:0005737; GO:0006422; GO:0050560	3D-structure;Aminoacyl-tRNA synthetase;ATP-binding;Cytoplasm;Ligase;Nucleotide-binding;Protein biosynthesis;Reference proteome
Q59650	murE PA4417	GO:0000287; GO:0005524; GO:0005829; GO:0008360; GO:0008765; GO:0009252; GO:0051301; GO:0071555	ATP-binding;Cell cycle;Cell division;Cell shape;Cell wall biogenesis/degradation;Cytoplasm;Ligase;Magnesium;Nucleotide-binding;Peptidoglycan synthesis;Reference proteome
Q9HTD7	aspA PA5429	GO:0005829; GO:0006099; GO:0006531; GO:0008797; GO:0045548	Lyase;Reference proteome
Q9HTF4	gbcA PA5410	GO:0004497; GO:0005506; GO:0031457; GO:0051537	2Fe-2S;Iron;Iron-sulfur;Metal-binding;Monooxygenase;NAD;Oxidoreductase;Reference proteome
Q9HUJ8	parE PA4967	GO:0003677; GO:0003918; GO:0005524; GO:0005694; GO:0006265; GO:0007059; GO:0009340; GO:0046872	ATP-binding;DNA-binding;Isomerase;Magnesium;Metal-binding;Nucleotide-binding;Reference proteome;Topoisomerase
Q9HUN4	alr PA4930	GO:0005829; GO:0008360; GO:0008784; GO:0009252; GO:0030170; GO:0030632; GO:0071555	3D-structure;Cell shape;Cell wall biogenesis/degradation;Isomerase;Peptidoglycan synthesis;Pyridoxal phosphate;Reference proteome
Q9HVI1	PA4608	GO:0035438	3D-structure;c-di-GMP;Nucleotide-binding;Reference proteome
Q9HWA7	pprA PA4293	GO:0000155; GO:0005524; GO:0007165	ATP-binding;Kinase;Nucleotide-binding;Phosphoprotein;Reference proteome;Transferase;Two-component regulatory system
Q9HY63	arnA PA3554	GO:0009103; GO:0009245; GO:0016020; GO:0016831; GO:0046677; GO:0099618; GO:0099619	Antibiotic resistance;Lipid A biosynthesis;Lipid biosynthesis;Lipid metabolism;Lipopolysaccharide biosynthesis;Multifunctional enzyme;NAD;Oxidoreductase;Reference proteome;Transferase
Q9HZX3	tgpA PA2873	GO:0003810; GO:0005886	3D-structure;Acyltransferase;Cell inner membrane;Cell membrane;Membrane;Reference proteome;Transferase;Transmembrane;Transmembrane helix
Q9I055	mcpN PA2788	GO:0005886; GO:0006935; GO:0007165	3D-structure;Cell inner membrane;Cell membrane;Chemotaxis;Membrane;Methylation;Reference proteome;Transducer;Transmembrane;Transmembrane helix
Q9I0H4	hmp fhp PA2664	GO:0005344; GO:0005737; GO:0008941; GO:0009636; GO:0019825; GO:0020037; GO:0046210; GO:0046872; GO:0071500; GO:0071949	Detoxification;FAD;Flavoprotein;Heme;Iron;Metal-binding;NAD;NADP;Oxidoreductase;Oxygen transport;Reference proteome;Transport
Q9I0M7	cysG PA2611	GO:0004851; GO:0009236; GO:0019354; GO:0032259; GO:0043115; GO:0051266; GO:0051287	Cobalamin biosynthesis;Lyase;Methyltransferase;Multifunctional enzyme;NAD;Oxidoreductase;Phosphoprotein;Porphyrin biosynthesis;Reference proteome;S-adenosyl-L-methionine;Transferase
Q9I0Y7	oprN PA2495	GO:0009279; GO:0015562; GO:0016020; GO:0022857; GO:0055085	3D-structure;Antibiotic resistance;Cell outer membrane;Ion transport;Lipoprotein;Membrane;Palmitate;Periplasm;Porin;Quorum sensing;Reference proteome;Signal;Transmembrane;Transmembrane beta strand;Transport;Virulence
Q9I1L4	pvcB PA2255	GO:0016706; GO:0046872	3D-structure;Iron;Metal-binding;Oxidoreductase;Reference proteome
Q9I1M0	bkdB PA2249	GO:0043754	Acyltransferase;Direct protein sequencing;Lipoyl;Reference proteome;Transferase
Q9I2C5	exaB PA1983	GO:0009055; GO:0020037; GO:0042597; GO:0046872	Direct protein sequencing;Electron transport;Heme;Iron;Metal-binding;Periplasm;Reference proteome;Signal;Transport
Q9I2E2	azoR2 PA1962	GO:0009055; GO:0010181; GO:0016652; GO:0016655	Flavoprotein;FMN;NAD;Oxidoreductase;Reference proteome
Q9I2F2	fapE PA1952	GO:0005576; GO:0007155; GO:0009289; GO:1990000	Amyloid;Cell adhesion;Fimbrium;Reference proteome;Secreted;Signal
Q9I2Q1	tse1 PA1844	GO:0004040; GO:0005576; GO:0033644	3D-structure;Disulfide bond;Host membrane;Hydrolase;Membrane;Reference proteome;Secreted
Q9I2U1	clpP1 PA1801	GO:0004176; GO:0004252; GO:0005737; GO:0006515; GO:0009368; GO:0044010; GO:0044011; GO:0051117; GO:0071236; GO:0071978	3D-structure;Cytoplasm;Hydrolase;Protease;Reference proteome;Serine protease
Q9I322	exsE PA1711	GO:0005576; GO:0005737; GO:0030254; GO:0050709; GO:0051087; GO:0071277	3D-structure;Cytoplasm;Reference proteome;Secreted
Q9I3N5	ccmC PA1477	GO:0002049; GO:0004096; GO:0005886; GO:0009247; GO:0015232; GO:0017004; GO:0020037; GO:0043107; GO:0071977; GO:0071978	Cell inner membrane;Cell membrane;Cytochrome c-type biogenesis;Membrane;Reference proteome;Transmembrane;Transmembrane helix;Transport
Q9I4K6	fosA PA1129	GO:0004364; GO:0005737; GO:0046677; GO:0046872	3D-structure;Antibiotic resistance;Cytoplasm;Manganese;Metal-binding;Potassium;Reference proteome;Transferase;Zinc
Q9I4U2	quiP PA1032	GO:0009372; GO:0016811; GO:0017000; GO:0042597	Hydrolase;Periplasm;Quorum sensing;Reference proteome;Signal;Zymogen
Q9I6P6	quiC1 PA0242	GO:0019631; GO:0019633; GO:0046279; GO:0046565; GO:0046872	Cobalt;Lyase;Magnesium;Manganese;Metal-binding;Nickel;Reference proteome
Q9I739	tse6 PA0093	GO:0003953; GO:0016020; GO:0033103; GO:0050135; GO:0097351	3D-structure;Hydrolase;Membrane;Reference proteome;Transmembrane;Transmembrane helix;Virulence
Q9I7C0	gmhB PA0006	GO:0000287; GO:0005829; GO:0008270; GO:0009103; GO:0009244; GO:0034200; GO:0097171	Carbohydrate metabolism;Cytoplasm;Hydrolase;Lipopolysaccharide biosynthesis;Magnesium;Metal-binding;Reference proteome;Zinc
Q9I7C1	lptA PA0005	GO:0003841; GO:0005886; GO:0006654; GO:0008654; GO:0016024; GO:0042171	Acyltransferase;Cell inner membrane;Cell membrane;Lipid biosynthesis;Lipid metabolism;Membrane;Phospholipid biosynthesis;Phospholipid metabolism;Reference proteome;Transferase;Transmembrane;Transmembrane helix
Q9ZFK4	kdsA PA3636	GO:0005829; GO:0008676; GO:0009103; GO:0009276; GO:0015976; GO:0016020; GO:0019294; GO:0036104	3D-structure;Cytoplasm;Lipopolysaccharide biosynthesis;Reference proteome;Transferase
Q9ZIH2	cmaX zntB PA1773	GO:0005886; GO:0006824; GO:0006829; GO:0015675; GO:0046873	3D-structure;Cadmium;Cell inner membrane;Cell membrane;Cobalt;Cobalt transport;Ion transport;Membrane;Nickel;Nickel transport;Reference proteome;Transmembrane;Transmembrane helix;Transport;Zinc;Zinc transport
G3XCV2	pchE PA4226	GO:0016874; GO:0017000; GO:0031177; GO:0044550; GO:0072330	3D-structure;Antibiotic biosynthesis;Ligase;Phosphopantetheine;Phosphoprotein;Reference proteome;Repeat
G3XD12	hcnC PA2195	GO:0005737; GO:0005886; GO:0050622	Cell membrane;Flavoprotein;Lipoprotein;Membrane;Oxidoreductase;Palmitate;Reference proteome;Signal;Transmembrane;Transmembrane helix
G3XD25	mexC PA4599	GO:0005886; GO:0022857; GO:0046677	Antibiotic resistance;Cell membrane;Lipoprotein;Membrane;Palmitate;Reference proteome;Signal;Transport
G3XD64	fleN PA1454	GO:0005524; GO:0005829; GO:0009898; GO:0016887	3D-structure;ATP-binding;Nucleotide-binding;Reference proteome
P14165	gltA PA1580	GO:0005829; GO:0006099; GO:0036440	3D-structure;Allosteric enzyme;Direct protein sequencing;Reference proteome;Transferase;Tricarboxylic acid cycle
P25060	xcpY PA3096	GO:0005886; GO:0009276; GO:0015627; GO:0015628	3D-structure;Cell inner membrane;Cell membrane;Membrane;Protein transport;Reference proteome;Transmembrane;Transmembrane helix;Transport
P53652	sodA PA4468	GO:0004784; GO:0005737; GO:0019430; GO:0030145	Manganese;Metal-binding;Oxidoreductase;Reference proteome
Q51368	tonB PA5531	GO:0015031; GO:0015891; GO:0030288; GO:0031992; GO:0033212; GO:0043107; GO:0044010; GO:0055085; GO:0071236; GO:0071978; GO:0098797	3D-structure;Cell inner membrane;Cell membrane;Membrane;Protein transport;Reference proteome;Repeat;Transmembrane;Transmembrane helix;Transport
Q51426	ruvB PA0967	GO:0000400; GO:0000725; GO:0005524; GO:0005737; GO:0006281; GO:0009378; GO:0009379; GO:0009432; GO:0016887; GO:0048476; GO:0071247; GO:0072715	3D-structure;ATP-binding;Cytoplasm;DNA damage;DNA recombination;DNA repair;DNA-binding;Hydrolase;Nucleotide-binding;Reference proteome
Q51559	rhlA PA3479	GO:0009102; GO:0016020; GO:0016746; GO:0090499; GO:0106236	3D-structure;Acyltransferase;Lipid biosynthesis;Lipid metabolism;Reference proteome;Stress response;Transferase
Q51567	sucD PA1589	GO:0000166; GO:0004550; GO:0004775; GO:0004776; GO:0006099; GO:0009142; GO:0009361; GO:0042709	Ligase;Nucleotide-binding;Reference proteome;Tricarboxylic acid cycle
Q9HTF3	gbcB PA5411	GO:0004497; GO:0016491; GO:0031457; GO:0046872; GO:0051537	2Fe-2S;FAD;Flavoprotein;Iron;Iron-sulfur;Metal-binding;Monooxygenase;Oxidoreductase;Reference proteome
Q9HUH4	PA4991	GO:0005737; GO:0016491; GO:0071949	3D-structure;FAD;Flavoprotein;Oxidoreductase;Reference proteome
Q9HUI3	aruS PA4982	GO:0000155; GO:0005524; GO:0005886; GO:0006527	ATP-binding;Cell membrane;Kinase;Membrane;Nucleotide-binding;Phosphoprotein;Reference proteome;Transferase;Transmembrane;Transmembrane helix;Two-component regulatory system
Q9HWG4	pchF PA4225	GO:0005737; GO:0009403; GO:0016874; GO:0031177; GO:0043041; GO:0044550; GO:0072330	Ligase;Phosphopantetheine;Phosphoprotein;Reference proteome
Q9HWG9	phzS PA4217	GO:0004497; GO:0071949; GO:0102169	3D-structure;FAD;Flavoprotein;Monooxygenase;NAD;Oxidoreductase;Reference proteome
Q9HWH9	nmoA PA4202	GO:0000166; GO:0009636; GO:0018580	3D-structure;Detoxification;Flavoprotein;FMN;Monooxygenase;Nucleotide-binding;Oxidoreductase;Reference proteome
Q9HWT7	hpaB hpaA PA4091	GO:0010124; GO:0016627; GO:0042803; GO:0050660; GO:0052881	Aromatic hydrocarbons catabolism;FAD;Flavoprotein;Monooxygenase;Oxidoreductase;Reference proteome
Q9HYK7	fpr PA3397	GO:0000166; GO:0004324; GO:0042167	3D-structure;FAD;Flavoprotein;NADP;Nucleotide-binding;Oxidoreductase;Reference proteome
Q9HYL2	nosZ PA3392	GO:0004129; GO:0005507; GO:0005509; GO:0016020; GO:0019333; GO:0042597; GO:0050304	Calcium;Copper;Metal-binding;Oxidoreductase;Periplasm;Reference proteome;Signal
Q9HZA7	accD PA3112	GO:0003989; GO:0005524; GO:0006633; GO:0008270; GO:0009329; GO:0016743; GO:0017148; GO:2001295	ATP-binding;Cytoplasm;Fatty acid biosynthesis;Fatty acid metabolism;Lipid biosynthesis;Lipid metabolism;Metal-binding;Nucleotide-binding;Reference proteome;Transferase;Zinc;Zinc-finger
Q9HZK1	PA3004	GO:0005829; GO:0006166; GO:0017061; GO:0019509	3D-structure;Glycosyltransferase;Purine salvage;Reference proteome;Transferase
Q9HZZ1	earP PA2852	GO:0106361	3D-structure;Glycosyltransferase;Reference proteome;Transferase
Q9I0N5	PA2602	GO:0005506; GO:0008198; GO:0016702	3D-structure;Dioxygenase;Iron;Metal-binding;Oxidoreductase;Reference proteome
Q9I2E9	fapB PA1955	GO:0005576; GO:0007155; GO:0009289; GO:1990000	Amyloid;Cell adhesion;Fimbrium;Reference proteome;Repeat;Secreted;Signal
Q9I2F1	fapD PA1953	GO:0005524; GO:0006508; GO:0008234; GO:0016020; GO:0042597; GO:1990000	ATP-binding;Hydrolase;Nucleotide-binding;Periplasm;Protease;Reference proteome;Signal;Thiol protease
Q9I3S3	gbuA PA1421	GO:0006527; GO:0008783; GO:0033389; GO:0046872; GO:0047971	3D-structure;Direct protein sequencing;Hydrolase;Manganese;Metal-binding;Reference proteome
Q9I3W9	pdxB PA1375	GO:0005829; GO:0008615; GO:0033711; GO:0036001; GO:0046983; GO:0051287	3D-structure;Cytoplasm;Disulfide bond;NAD;Oxidoreductase;Pyridoxine biosynthesis;Reference proteome
Q9I466	cobP PA1278	GO:0005524; GO:0005525; GO:0008820; GO:0009236; GO:0043752	ATP-binding;Cobalamin biosynthesis;GTP-binding;Kinase;Nucleotide-binding;Reference proteome;Transferase
Q9I489	lhpL PA1255	GO:0047580; GO:0050346	Isomerase;Lyase;Reference proteome
Q9I4F5	dctA2 dctA PA1183	GO:0005886; GO:0006835; GO:0015138; GO:0015141; GO:0015366; GO:0015740; GO:0070778	Cell inner membrane;Cell membrane;Membrane;Reference proteome;Symport;Transmembrane;Transmembrane helix;Transport
Q9I6H1	carO PA0320	GO:0042597; GO:0046677; GO:0046686; GO:0046689; GO:0051592; GO:0055074; GO:0071585	Periplasm;Reference proteome;Signal
Q9I6J1	spuD PA0300	GO:0015846; GO:0015847; GO:0019809; GO:0019810; GO:0030288	3D-structure;Disulfide bond;Periplasm;Reference proteome;Signal;Transport
Q9I6J2	spuC PA0299	GO:0004015; GO:0008483; GO:0009102; GO:0009447; GO:0009448; GO:0030170	3D-structure;Aminotransferase;Pyridoxal phosphate;Reference proteome;Transferase
Q9I6Z1	ppk2 PA0141	GO:0006183; GO:0006754; GO:0008976	ATP synthesis;Direct protein sequencing;Kinase;Magnesium;Manganese;Reference proteome;Transferase
G3XCU2	argR PA0893	GO:0000976; GO:0001216; GO:0001217; GO:0006351; GO:0006355; GO:0032993; GO:0045893; GO:1900079; GO:1900081	Activator;DNA-binding;Reference proteome;Transcription;Transcription regulation
G3XCX7	pilP PA5041	GO:0005886; GO:0043107; GO:0043683; GO:0044096	3D-structure;Cell inner membrane;Cell membrane;Lipoprotein;Membrane;Palmitate;Reference proteome;Signal
G3XCZ8	pigA PA0672	GO:0004392; GO:0006788; GO:0046872; GO:0071281	3D-structure;Heme;Iron;Metal-binding;Oxidoreductase;Reference proteome
G3XD43	pilE PA4556	GO:0005886; GO:0009297; GO:0043107; GO:0043683	3D-structure;Cell inner membrane;Cell membrane;Disulfide bond;Membrane;Reference proteome;Transmembrane;Transmembrane helix
G3XD51	pilO PA5042	GO:0005886; GO:0043107; GO:0043683; GO:0044096	Cell inner membrane;Cell membrane;Membrane;Reference proteome;Transmembrane;Transmembrane helix
P11436	amiE PA3366	GO:0004040; GO:0015976; GO:0016811; GO:0043605	3D-structure;Direct protein sequencing;Hydrolase;Reference proteome
P11724	argF PA3537	GO:0004585; GO:0005737; GO:0016597; GO:0019240; GO:0042450	Amino-acid biosynthesis;Arginine biosynthesis;Cytoplasm;Direct protein sequencing;Reference proteome;Transferase
P20580	trpE PA0609	GO:0000162; GO:0004049; GO:0046872	Amino-acid biosynthesis;Aromatic amino acid biosynthesis;Lyase;Magnesium;Metal-binding;Reference proteome;Tryptophan biosynthesis
P21175	braC PA1074	GO:0015803; GO:0015808; GO:0015818; GO:0015820; GO:0015829; GO:0030288; GO:0042941; GO:1903805; GO:1903806	Amino-acid transport;Direct protein sequencing;Disulfide bond;Periplasm;Reference proteome;Signal;Transport
P25061	xcpZ PA3095	GO:0005886; GO:0015627; GO:0015628	Cell inner membrane;Cell membrane;Membrane;Protein transport;Reference proteome;Transmembrane;Transmembrane helix;Transport
P27017	amiC PA3364	GO:0006865; GO:0016301; GO:0033218; GO:0034251; GO:0051346	3D-structure;Direct protein sequencing;Kinase;Reference proteome;Repressor;Transferase
P30718	groEL groL mopA PA4385	GO:0005524; GO:0006457; GO:0009408; GO:0016853; GO:0042026; GO:0051082; GO:0140662; GO:1990220	ATP-binding;Chaperone;Cytoplasm;Direct protein sequencing;Isomerase;Nucleotide-binding;Reference proteome
P35483	phoA PA3296	GO:0004035; GO:0005576; GO:0015628; GO:0042597; GO:0043952; GO:0046872	Direct protein sequencing;Hydrolase;Magnesium;Metal-binding;Periplasm;Phosphoprotein;Reference proteome;Secreted;Signal;Zinc
P38098	carA PA4758	GO:0004088; GO:0004359; GO:0005524; GO:0005737; GO:0005951; GO:0006207; GO:0006526; GO:0006541; GO:0044205; GO:0071230	Amino-acid biosynthesis;Arginine biosynthesis;ATP-binding;Glutamine amidotransferase;Ligase;Nucleotide-binding;Pyrimidine biosynthesis;Reference proteome
P49988	rpoN PA4462	GO:0000428; GO:0000976; GO:0001216; GO:0006352; GO:0006355; GO:0016779; GO:0016987; GO:0032993; GO:1900191	DNA-binding;DNA-directed RNA polymerase;Nucleotidyltransferase;Reference proteome;Sigma factor;Transcription;Transcription regulation;Transferase
P50597	rph PA5334	GO:0000049; GO:0000175; GO:0003723; GO:0008033; GO:0009022; GO:0016075; GO:0031125	3D-structure;Nucleotidyltransferase;Reference proteome;RNA-binding;rRNA processing;Transferase;tRNA processing;tRNA-binding
P72138	hisH2 hisH PA3152	GO:0000105; GO:0000107; GO:0004359; GO:0009243; GO:0009382; GO:0016829	Amino-acid biosynthesis;Cytoplasm;Glutamine amidotransferase;Histidine biosynthesis;Hydrolase;Lyase;Reference proteome
P96956	algK PA3543	GO:0009279; GO:0042121	Alginate biosynthesis;Cell outer membrane;Lipoprotein;Membrane;Palmitate;Reference proteome;Signal
Q51472	ihfA himA PA2738	GO:0000976; GO:0001216; GO:0003677; GO:0005829; GO:0006310; GO:0006351; GO:0006417; GO:0030527; GO:0032993; GO:0045893	Direct protein sequencing;DNA recombination;DNA-binding;Reference proteome;Transcription;Transcription regulation;Translation regulation
Q59635	katB PA4613	GO:0004096; GO:0005737; GO:0020037; GO:0042542; GO:0042597; GO:0042744; GO:0046872	Heme;Hydrogen peroxide;Iron;Metal-binding;Oxidoreductase;Periplasm;Peroxidase;Reference proteome;Signal
Q9HTB6	rmd PA5454	GO:0009103; GO:0009243; GO:0016491; GO:0019306; GO:0033705; GO:0070402	3D-structure;NAD;NADP;Oxidoreductase;Reference proteome
Q9HTK8	rubA2 alkG2 PA5350	GO:0005506; GO:0005737; GO:0009055; GO:0043448	3D-structure;Cytoplasm;Electron transport;Iron;Metal-binding;Reference proteome;Transport
Q9HU72	gloA PA5111	GO:0004462; GO:0008270; GO:0019243	Lyase;Metal-binding;Nickel;Reference proteome;Zinc
Q9HUB1	mcpK PA5072	GO:0004888; GO:0005886; GO:0006935; GO:0007165	Cell inner membrane;Cell membrane;Chemotaxis;Membrane;Methylation;Reference proteome;Transducer;Transmembrane;Transmembrane helix
Q9HUE6	ydiU selO PA5023	GO:0000287; GO:0005524; GO:0030145; GO:0070733	ATP-binding;Magnesium;Manganese;Metal-binding;Nucleotide-binding;Nucleotidyltransferase;Reference proteome;Transferase
Q9HUG9	hldE rfaE PA4996	GO:0005524; GO:0005829; GO:0009244; GO:0016773; GO:0033785; GO:0033786; GO:0097171	ATP-binding;Carbohydrate metabolism;Kinase;Lipopolysaccharide biosynthesis;Multifunctional enzyme;Nucleotide-binding;Nucleotidyltransferase;Reference proteome;Transferase
Q9HUI9	aruH PA4976	GO:0006527; GO:0008483; GO:0019545; GO:0030170	Aminotransferase;Arginine metabolism;Pyridoxal phosphate;Pyruvate;Reference proteome;Transferase
Q9HUK1	parC PA4964	GO:0003677; GO:0003918; GO:0005524; GO:0005694; GO:0005737; GO:0006265; GO:0007059; GO:0009330; GO:0009340; GO:0019897	Cell membrane;DNA-binding;Isomerase;Membrane;Reference proteome;Topoisomerase
Q9HV50	glmM PA4749	GO:0000287; GO:0004614; GO:0004615; GO:0005829; GO:0005975; GO:0006048; GO:0008966; GO:0009252	Isomerase;Magnesium;Metal-binding;Phosphoprotein;Reference proteome
Q9HVA2	ilvC PA4694	GO:0000287; GO:0004455; GO:0005829; GO:0009097; GO:0009099; GO:0050661	3D-structure;Amino-acid biosynthesis;Branched-chain amino acid biosynthesis;Magnesium;Metal-binding;NADP;Oxidoreductase;Reference proteome
Q9HXC7	tpbA PA3885	GO:0004722; GO:0004725; GO:0016791; GO:0042597	3D-structure;Hydrolase;Periplasm;Protein phosphatase;Reference proteome;Signal
Q9HXE4	dauB PA3862	GO:0005737; GO:0006525; GO:0006527; GO:0016639	NAD;NADP;Oxidoreductase;Reference proteome
Q9HYG7	folX PA3439	GO:0004150; GO:0005737; GO:0005829; GO:0006729; GO:0006760; GO:0008719	3D-structure;Isomerase;Reference proteome
Q9HZ17	azoR3 PA3223	GO:0006979; GO:0009055; GO:0010181; GO:0016652; GO:0016655	Flavoprotein;FMN;NAD;Oxidoreductase;Reference proteome
Q9HZ47	gtrS PA3191	GO:0000155; GO:0005524; GO:0005886	ATP-binding;Cell inner membrane;Cell membrane;Kinase;Membrane;Nucleotide-binding;Phosphoprotein;Reference proteome;Transferase;Transmembrane;Transmembrane helix;Two-component regulatory system
Q9HZK0	nagZ PA3005	GO:0005829; GO:0005975; GO:0008360; GO:0009252; GO:0009254; GO:0016231; GO:0046677; GO:0051301; GO:0071555	3D-structure;Antibiotic resistance;Cell cycle;Cell division;Cell shape;Cell wall biogenesis/degradation;Cytoplasm;Glycosidase;Hydrolase;Peptidoglycan synthesis;Reference proteome
Q9I0F3	vgrG1c PA2685	GO:0005576; GO:0033103; GO:0033104	Reference proteome;Secreted
Q9I0Y9	mexE PA2493	GO:0005886; GO:0022857; GO:0046677	Antibiotic resistance;Cell inner membrane;Cell membrane;Coiled coil;Lipoprotein;Membrane;Palmitate;Quorum sensing;Reference proteome;Signal;Transport;Virulence
Q9I1H0	ambB PA2305	GO:0005737; GO:0005829; GO:0009239; GO:0009366; GO:0031177; GO:0043041; GO:0047527	3D-structure;Ligase;Phosphopantetheine;Phosphoprotein;Reference proteome
Q9I2V0	lpxH PA1792	GO:0005737; GO:0008758; GO:0009245; GO:0019897; GO:0030145; GO:0051861	3D-structure;Cell inner membrane;Cell membrane;Hydrolase;Lipid A biosynthesis;Lipid biosynthesis;Lipid metabolism;Manganese;Membrane;Metal-binding;Reference proteome
Q9I317	pscE PA1718	GO:0005737; GO:0030254	3D-structure;Coiled coil;Cytoplasm;Reference proteome;Virulence
Q9I3F6	aer tlpC PA1561	GO:0004888; GO:0005886; GO:0006935; GO:0007165; GO:0009454; GO:0052131	Cell inner membrane;Cell membrane;Chemotaxis;Membrane;Methylation;Receptor;Reference proteome;Transducer;Transmembrane;Transmembrane helix
Q9I433	phnX PA1311	GO:0000287; GO:0005829; GO:0006281; GO:0008967; GO:0019700; GO:0050194	Direct protein sequencing;Hydrolase;Magnesium;Metal-binding;Reference proteome;Schiff base
Q9I434	phnW PA1310	GO:0019700; GO:0047304	3D-structure;Aminotransferase;Pyridoxal phosphate;Pyruvate;Reference proteome;Transferase
Q9I4X1	pqsC PA0998	GO:0004315; GO:0005737; GO:0006633; GO:0044550	3D-structure;Acyltransferase;Cytoplasm;Reference proteome;Transferase
Q9I5U0	murU PA0597	GO:0008360; GO:0009252; GO:0009254; GO:0016779; GO:0046677; GO:0046872; GO:0071555	3D-structure;Antibiotic resistance;Carbohydrate metabolism;Cell shape;Cell wall biogenesis/degradation;Magnesium;Metal-binding;Nucleotidyltransferase;Peptidoglycan synthesis;Reference proteome;Transferase
Q9I6A8	PA0387	GO:0000166; GO:0005737; GO:0005829; GO:0009117; GO:0009143; GO:0009146; GO:0017111; GO:0035870; GO:0036220; GO:0036222; GO:0046872; GO:0047429	Hydrolase;Magnesium;Metal-binding;Nucleotide metabolism;Nucleotide-binding;Reference proteome
Q9I6J9	aguA PA0292	GO:0004668; GO:0033388; GO:0047632	Hydrolase;Polyamine biosynthesis;Reference proteome
Q9I6K2	gpuA PA0288	GO:0008783; GO:0033389; GO:0046872; GO:0047972	3D-structure;Hydrolase;Manganese;Metal-binding;Reference proteome
G3XCW2	mexY amrB mexH PA2018	GO:0005886; GO:0009636; GO:0015562; GO:0042910; GO:0046677	3D-structure;Cell inner membrane;Cell membrane;Membrane;Reference proteome;Transmembrane;Transmembrane helix;Transport
G3XD30	pilN PA5043	GO:0005886; GO:0043107; GO:0043683; GO:0044096	3D-structure;Cell inner membrane;Cell membrane;Membrane;Reference proteome;Transmembrane;Transmembrane helix
G3XD46	ftsI pbpB PA4418	GO:0000917; GO:0005886; GO:0006508; GO:0008360; GO:0008658; GO:0008955; GO:0009002; GO:0009252; GO:0043093; GO:0071555	3D-structure;Carboxypeptidase;Cell cycle;Cell division;Cell inner membrane;Cell membrane;Cell shape;Cell wall biogenesis/degradation;Direct protein sequencing;Hydrolase;Membrane;Peptidoglycan synthesis;Protease;Reference proteome;Septation;Transmembrane;Transmembrane helix
G3XD76	dapD PA3666	GO:0000287; GO:0005737; GO:0008666; GO:0009089; GO:0019877	3D-structure;Acyltransferase;Amino-acid biosynthesis;Cytoplasm;Diaminopimelate biosynthesis;Lysine biosynthesis;Magnesium;Metal-binding;Reference proteome;Transferase
O68282	zwf PA3183	GO:0004345; GO:0005829; GO:0006006; GO:0009051; GO:0050661	Carbohydrate metabolism;Glucose metabolism;NAD;NADP;Oxidoreductase;Reference proteome
O86428	ilvE PA5013	GO:0004084; GO:0005829; GO:0006532; GO:0009097; GO:0009098; GO:0009099; GO:0052654; GO:0052655; GO:0052656	3D-structure;Amino-acid biosynthesis;Aminotransferase;Branched-chain amino acid biosynthesis;Direct protein sequencing;Pyridoxal phosphate;Reference proteome;Transferase
O87125	cheB1 cheB PA1459	GO:0000156; GO:0005737; GO:0006935; GO:0007165; GO:0008984; GO:0050568	Chemotaxis;Cytoplasm;Hydrolase;Phosphoprotein;Reference proteome
P13982	arcC PA5173	GO:0005524; GO:0005829; GO:0008804; GO:0019546	3D-structure;Arginine metabolism;ATP-binding;Cytoplasm;Kinase;Nucleotide-binding;Reference proteome;Transferase
P24735	ampC PA4110	GO:0008800; GO:0017001; GO:0030288; GO:0033252; GO:0046677	3D-structure;Antibiotic resistance;Direct protein sequencing;Hydrolase;Periplasm;Reference proteome;Signal
P26995	exsC PA1710	GO:0005737; GO:0030254; GO:0045893	3D-structure;Cytoplasm;Reference proteome
P37452	lexA PA3007	GO:0001217; GO:0004252; GO:0006260; GO:0006281; GO:0006351; GO:0006355; GO:0006508; GO:0009432; GO:0032993; GO:0043565; GO:0045892	3D-structure;Autocatalytic cleavage;DNA damage;DNA repair;DNA replication;DNA-binding;Hydrolase;Reference proteome;Repressor;SOS response;Transcription;Transcription regulation
Q00934	pilR PA4547	GO:0000160; GO:0000987; GO:0001216; GO:0005524; GO:0005737; GO:0006351; GO:0032993; GO:0045893; GO:0060491	Activator;ATP-binding;Cytoplasm;DNA-binding;Nucleotide-binding;Phosphoprotein;Reference proteome;Transcription;Transcription regulation;Two-component regulatory system
Q06584	pys2 PA1150	GO:0004519; GO:0005102; GO:0016787; GO:0019835; GO:0031640; GO:0042742; GO:0046872	3D-structure;Antibiotic;Antimicrobial;Bacteriocin;Direct protein sequencing;Endonuclease;Hydrolase;Metal-binding;Nuclease;Reference proteome;Zinc
Q51385	rlmN PA3806	GO:0000049; GO:0002935; GO:0005737; GO:0019843; GO:0030488; GO:0046872; GO:0051539; GO:0070040; GO:0070475	4Fe-4S;Cytoplasm;Disulfide bond;Iron;Iron-sulfur;Metal-binding;Methyltransferase;Reference proteome;rRNA processing;S-adenosyl-L-methionine;Transferase;tRNA processing
Q51393	algJ PA3549	GO:0005886; GO:0016746; GO:0042121; GO:0042597; GO:0051979	Acyltransferase;Alginate biosynthesis;Cell inner membrane;Cell membrane;Membrane;Periplasm;Reference proteome;Signal;Transferase
Q9HT84	dgcP PA5487	GO:0005525; GO:0005886; GO:0043709; GO:0046872; GO:0052621; GO:1902201	Cell inner membrane;Cell membrane;GTP-binding;Magnesium;Membrane;Metal-binding;Nucleotide-binding;Reference proteome;Transferase
Q9HTQ2	dadX PA5302	GO:0005829; GO:0008784; GO:0030170; GO:0030632	3D-structure;Isomerase;Pyridoxal phosphate;Reference proteome
Q9HTZ1	PA5198	GO:0005829; GO:0006508; GO:0008236; GO:0008360; GO:0009252; GO:0009254; GO:0071555; GO:0106415	3D-structure;Carboxypeptidase;Cell shape;Cell wall biogenesis/degradation;Cytoplasm;Hydrolase;Peptidoglycan synthesis;Protease;Reference proteome;Serine protease
Q9HU66	thiI PA5118	GO:0000049; GO:0002937; GO:0004810; GO:0005524; GO:0009228; GO:0009229; GO:0016783; GO:0052837; GO:0140741; GO:1990228	ATP-binding;Cytoplasm;Disulfide bond;Nucleotide-binding;Redox-active center;Reference proteome;RNA-binding;Thiamine biosynthesis;Transferase;tRNA-binding
Q9HUX5	cntM zrmC PA4835	GO:0005886; GO:0016491	3D-structure;Cell membrane;Membrane;NAD;NADP;Oxidoreductase;Reference proteome;Transmembrane;Transmembrane helix
Q9HV43	dnaK PA4761	GO:0005524; GO:0005829; GO:0016887; GO:0030254; GO:0031072; GO:0042026; GO:0043107; GO:0044183; GO:0051082; GO:0051701; GO:0071977	ATP-binding;Chaperone;Nucleotide-binding;Phosphoprotein;Reference proteome;Stress response
Q9HVC3	pth PA4672	GO:0000049; GO:0004045; GO:0005737; GO:0006515; GO:0072344	3D-structure;Cytoplasm;Hydrolase;Reference proteome;RNA-binding;tRNA-binding
Q9HVV7	lptH lptA PA4460	GO:0001530; GO:0009279; GO:0015920; GO:0017089; GO:0030288; GO:0043165	3D-structure;Periplasm;Reference proteome;Signal;Transport
Q9HVZ0	gmhA PA4425	GO:0005737; GO:0008270; GO:0008968; GO:0009244; GO:0032298; GO:0097367; GO:1990102; GO:2001061	3D-structure;Carbohydrate metabolism;Cytoplasm;Isomerase;Lipopolysaccharide biosynthesis;Metal-binding;Reference proteome;Zinc
Q9HVZ9	murD PA4414	GO:0005524; GO:0005737; GO:0008360; GO:0008764; GO:0009252; GO:0051301; GO:0071555	3D-structure;ATP-binding;Cell cycle;Cell division;Cell shape;Cell wall biogenesis/degradation;Cytoplasm;Ligase;Nucleotide-binding;Peptidoglycan synthesis;Reference proteome
Q9HWA4	pprB PA4296	GO:0000156; GO:0000976; GO:0003700; GO:0006351; GO:0006355; GO:0045785; GO:1900233	DNA-binding;Phosphoprotein;Reference proteome;Transcription;Transcription regulation;Two-component regulatory system
Q9HWR3	bphP PA4117	GO:0000155; GO:0000156; GO:0005524; GO:0006355; GO:0007234; GO:0009584; GO:0009881; GO:0030295; GO:0042802	3D-structure;ATP-binding;Chromophore;Kinase;Nucleotide-binding;Phosphoprotein;Photoreceptor protein;Receptor;Reference proteome;Sensory transduction;Transferase
Q9HY69	alg44 PA3542	GO:0004467; GO:0005886; GO:0009276; GO:0015125; GO:0015721; GO:0035438; GO:0042121; GO:0042597; GO:0044010; GO:0047643; GO:1990961	3D-structure;Alginate biosynthesis;Glycosyltransferase;Periplasm;Reference proteome;Transferase
Q9HZ59	PA3175	GO:0006548; GO:0008783; GO:0019556; GO:0019557; GO:0030145; GO:0033389; GO:0050415	Direct protein sequencing;Histidine metabolism;Hydrolase;Manganese;Metal-binding;Reference proteome
Q9HZA6	fimV PA3115	GO:0005886; GO:0015627; GO:0042834; GO:0044096	3D-structure;Cell inner membrane;Cell membrane;Coiled coil;Membrane;Reference proteome;Signal;Transmembrane;Transmembrane helix
Q9HZJ5	topA PA3011	GO:0003677; GO:0003917; GO:0005694; GO:0006265; GO:0007059; GO:0008270	DNA-binding;Isomerase;Magnesium;Metal-binding;Reference proteome;Repeat;Topoisomerase;Zinc;Zinc-finger
Q9I0I4	tlpQ PA2654	GO:0005886; GO:0006935; GO:0007165	3D-structure;Cell membrane;Chemotaxis;Membrane;Methylation;Reference proteome;Transducer;Transmembrane;Transmembrane helix
Q9I0J6	nuoG PA2642	GO:0008137; GO:0016020; GO:0016651; GO:0022904; GO:0042773; GO:0046872; GO:0048038; GO:0051537; GO:0051539	2Fe-2S;4Fe-4S;Iron;Iron-sulfur;Metal-binding;NAD;Quinone;Reference proteome;Translocase;Ubiquinone
Q9I0M3	ftsK PA2615	GO:0003677; GO:0005524; GO:0005886; GO:0007059; GO:0015616; GO:0051301; GO:0071236	3D-structure;ATP-binding;Cell cycle;Cell division;Cell inner membrane;Cell membrane;Chromosome partition;DNA-binding;Membrane;Nucleotide-binding;Reference proteome;Transmembrane;Transmembrane helix
Q9I2F0	fapC PA1954	GO:0005576; GO:0007155; GO:0009289; GO:1990000	Amyloid;Cell adhesion;Fimbrium;Reference proteome;Repeat;Secreted;Signal
Q9I341	mtnD PA1684	GO:0005506; GO:0006555; GO:0010308; GO:0010309; GO:0016151; GO:0019284; GO:0019509	Amino-acid biosynthesis;Dioxygenase;Iron;Metal-binding;Methionine biosynthesis;Nickel;Oxidoreductase;Reference proteome
Q9I3D1	lpdG PA1587	GO:0004148; GO:0005737; GO:0006103; GO:0050660; GO:0141115; GO:0141117	3D-structure;Cytoplasm;Disulfide bond;FAD;Flavoprotein;NAD;Oxidoreductase;Redox-active center;Reference proteome
Q9I426	cyoB PA1318	GO:0004129; GO:0005886; GO:0009060; GO:0009486; GO:0015990; GO:0016682; GO:0020037; GO:0022904; GO:0046872	Cell inner membrane;Cell membrane;Copper;Electron transport;Heme;Hydrogen ion transport;Ion transport;Iron;Membrane;Metal-binding;Reference proteome;Respiratory chain;Translocase;Transmembrane;Transmembrane helix;Transport
Q9I476	PA1268	GO:0047580	3D-structure;Isomerase;Reference proteome
Q9I4W3	dapA PA1010	GO:0005829; GO:0008840; GO:0009089; GO:0019877	3D-structure;Amino-acid biosynthesis;Cytoplasm;Diaminopimelate biosynthesis;Lyase;Lysine biosynthesis;Reference proteome;Schiff base
Q9I589	cbpD lasD PA0852	GO:0005615; GO:0008061; GO:0015628; GO:0043952	3D-structure;Chitin-binding;Direct protein sequencing;Reference proteome;Secreted;Signal
Q9I5N9	hxcR PA0686	GO:0005524; GO:0005737; GO:0005886; GO:0008564; GO:0015627; GO:0015628; GO:0016887	ATP-binding;Cytoplasm;Nucleotide-binding;Protein transport;Reference proteome;Translocase;Transport
Q9I5Q5	anmK PA0666	GO:0005524; GO:0006040; GO:0009254; GO:0016301; GO:0016773; GO:0046677; GO:0097175	3D-structure;Antibiotic resistance;ATP-binding;Carbohydrate metabolism;Kinase;Nucleotide-binding;Reference proteome;Transferase
Q9I5U4	pdxA PA0593	GO:0000287; GO:0005737; GO:0008270; GO:0008615; GO:0042823; GO:0050570; GO:0050897; GO:0051287	3D-structure;Cobalt;Cytoplasm;Magnesium;Metal-binding;NAD;NADP;Oxidoreductase;Pyridoxine biosynthesis;Reference proteome;Zinc
Q9I788	exoT PA0044	GO:0005096; GO:0005576; GO:0016779; GO:0090729; GO:0106274; GO:0141029	3D-structure;Glycosyltransferase;GTPase activation;Nucleotidyltransferase;Reference proteome;Secreted;Toxin;Transferase;Virulence
Q9L7T2	mutM fpg PA0357	GO:0003684; GO:0003906; GO:0006281; GO:0006284; GO:0008270; GO:0016787; GO:0034039; GO:0140078	DNA damage;DNA repair;DNA-binding;Glycosidase;Hydrolase;Lyase;Metal-binding;Multifunctional enzyme;Reference proteome;Zinc;Zinc-finger
G3XDA1	exoS PA3841	GO:0005096; GO:0005576; GO:0016779; GO:0090729; GO:0106274	3D-structure;Glycosyltransferase;GTPase activation;Nucleotidyltransferase;Reference proteome;Secreted;Toxin;Transferase;Virulence
O50175	astB aruB PA0899	GO:0006527; GO:0009015; GO:0019544; GO:0019545	Arginine metabolism;Hydrolase;Reference proteome
O68822	pepA phpA PA3831	GO:0004177; GO:0005737; GO:0006508; GO:0016070; GO:0030145; GO:0070006	Aminopeptidase;Cytoplasm;Hydrolase;Manganese;Metal-binding;Protease;Reference proteome
P05695	oprP PA3279	GO:0006811; GO:0009279; GO:0015288; GO:0046930	3D-structure;Cell outer membrane;Chloride;Direct protein sequencing;Ion transport;Membrane;Porin;Reference proteome;Signal;Transmembrane;Transmembrane beta strand;Transport
P07344	trpA PA0035	GO:0000162; GO:0004834; GO:0005829	Amino-acid biosynthesis;Aromatic amino acid biosynthesis;Lyase;Reference proteome;Tryptophan biosynthesis
P0DP44	ppk PA5242	GO:0005524; GO:0006799; GO:0008976; GO:0009358; GO:0016020; GO:0046872	ATP-binding;Kinase;Magnesium;Metal-binding;Nucleotide-binding;Phosphoprotein;Reference proteome;Transferase
P15713	plcN PA3319	GO:0015628; GO:0016042; GO:0016298; GO:0034480	3D-structure;Hydrolase;Reference proteome;Signal
P21482	dsbB1 PA5256	GO:0005886; GO:0006457; GO:0009055; GO:0015035	Cell inner membrane;Cell membrane;Chaperone;Disulfide bond;Electron transport;Membrane;Oxidoreductase;Redox-active center;Reference proteome;Transmembrane;Transmembrane helix;Transport
P23189	gor PA2025	GO:0004362; GO:0004791; GO:0005737; GO:0045454; GO:0050660	Cytoplasm;Disulfide bond;FAD;Flavoprotein;NADP;Oxidoreductase;Redox-active center;Reference proteome
P25185	braZ PA1971	GO:0005304; GO:0005886; GO:0015188; GO:0015190; GO:0015803; GO:0015818; GO:0015820; GO:0015829	Amino-acid transport;Cell inner membrane;Cell membrane;Membrane;Reference proteome;Transmembrane;Transmembrane helix;Transport
P26994	exsB PA1712	GO:0009279	3D-structure;Cell outer membrane;Membrane;Reference proteome;Signal;Virulence
P34002	aroB PA5038	GO:0000166; GO:0003856; GO:0005737; GO:0008652; GO:0009073; GO:0009423; GO:0046872	Amino-acid biosynthesis;Aromatic amino acid biosynthesis;Cobalt;Cytoplasm;Lyase;Metal-binding;NAD;Nucleotide-binding;Reference proteome;Zinc
P40883	pchR PA4227	GO:0000976; GO:0001216; GO:0001217; GO:0006351; GO:0032993	Activator;DNA-binding;Reference proteome;Transcription;Transcription regulation
P40947	ssb PA4232	GO:0003697; GO:0006260; GO:0006281; GO:0006310; GO:0008047; GO:0009295	3D-structure;Direct protein sequencing;DNA damage;DNA recombination;DNA repair;DNA replication;DNA-binding;Reference proteome
P42512	fptA PA4221	GO:0009279; GO:0015344; GO:0015891; GO:0033214; GO:0038023; GO:1903981	3D-structure;Cell outer membrane;Direct protein sequencing;Ion transport;Iron;Iron transport;Membrane;Receptor;Reference proteome;Signal;TonB box;Transmembrane;Transmembrane beta strand;Transport
P42805	ispE PA4669	GO:0005524; GO:0016114; GO:0019288; GO:0050515	ATP-binding;Isoprene biosynthesis;Kinase;Nucleotide-binding;Reference proteome;Transferase
P48246	hemD PA5259	GO:0004852; GO:0006780; GO:0006782	3D-structure;Lyase;Porphyrin biosynthesis;Reference proteome
P72154	truB orp PA4742	GO:0003723; GO:0006400; GO:0009982; GO:0031119; GO:0160148; GO:1990481	Isomerase;Reference proteome;tRNA processing
P80357	astA aruF PA0896	GO:0006527; GO:0008791; GO:0009015; GO:0019545	3D-structure;Acyltransferase;Arginine metabolism;Direct protein sequencing;Reference proteome;Transferase
P95412	nirD PA0515	GO:0003700; GO:0006355; GO:0016829	Lyase;Reference proteome
P95454	rlmE ftsJ rrmJ PA4752	GO:0001510; GO:0005737; GO:0008650	Cytoplasm;Methyltransferase;Reference proteome;rRNA processing;S-adenosyl-L-methionine;Transferase
Q03027	aprF PA1248	GO:0009279; GO:0015288; GO:0015562; GO:0046903; GO:1990281	Cell outer membrane;Membrane;Reference proteome;Transmembrane;Transmembrane beta strand;Transport
Q51479	nirC PA0517	GO:0009055; GO:0020037; GO:0042597; GO:0046872	3D-structure;Electron transport;Heme;Iron;Metal-binding;Periplasm;Reference proteome;Signal;Transport
Q51508	pchA PA4231	GO:0008909; GO:0009697; GO:0042864	Isomerase;Reference proteome
Q59641	ppiA cypH PA3227	GO:0003755; GO:0006457; GO:0030288	Isomerase;Periplasm;Reference proteome;Rotamase;Signal
Q9HT25	glmS PA5549	GO:0004360; GO:0005829; GO:0005975; GO:0006002; GO:0006047; GO:0006487; GO:0046349; GO:0097367	Aminotransferase;Cytoplasm;Glutamine amidotransferase;Reference proteome;Repeat;Transferase
Q9HT80	polA PA5493	GO:0003677; GO:0003887; GO:0006261; GO:0006302; GO:0008408; GO:0008409	DNA damage;DNA repair;DNA replication;DNA-binding;DNA-directed DNA polymerase;Exonuclease;Hydrolase;Nuclease;Nucleotidyltransferase;Reference proteome;Transferase
Q9HTH0	clsA cls PA5394	GO:0005886; GO:0008808; GO:0016020; GO:0032049	Cell inner membrane;Cell membrane;Lipid biosynthesis;Lipid metabolism;Membrane;Phospholipid biosynthesis;Phospholipid metabolism;Reference proteome;Repeat;Transferase;Transmembrane;Transmembrane helix
Q9HTM1	rpoZ PA5337	GO:0000345; GO:0001000; GO:0003677; GO:0003899; GO:0006352	3D-structure;DNA-directed RNA polymerase;Nucleotidyltransferase;Reference proteome;Transcription;Transferase
Q9HTV3	ubiD PA5237	GO:0005737; GO:0005829; GO:0005886; GO:0006744; GO:0008694; GO:0046872	Cell membrane;Decarboxylase;Flavoprotein;FMN;Lyase;Manganese;Membrane;Metal-binding;Reference proteome;Ubiquinone biosynthesis
Q9HU42	hisH1 PA5142	GO:0000105; GO:0000107; GO:0004359; GO:0009382; GO:0016829	Amino-acid biosynthesis;Cytoplasm;Glutamine amidotransferase;Histidine biosynthesis;Hydrolase;Lyase;Reference proteome
Q9HU65	glnA PA5119	GO:0004356; GO:0005524; GO:0005737; GO:0006542; GO:0016020; GO:0019740; GO:0046872	3D-structure;ATP-binding;Cytoplasm;Direct protein sequencing;Ligase;Magnesium;Metal-binding;Nucleotide-binding;Phosphoprotein;Reference proteome
Q9HU73	fbp PA5110	GO:0000287; GO:0005737; GO:0005829; GO:0006094; GO:0042132	Carbohydrate metabolism;Cytoplasm;Hydrolase;Magnesium;Metal-binding;Reference proteome
Q9HUC6	hslV PA5053	GO:0004298; GO:0005737; GO:0005839; GO:0009376; GO:0046872; GO:0051603	Allosteric enzyme;Cytoplasm;Hydrolase;Metal-binding;Protease;Reference proteome;Sodium;Threonine protease
Q9HUL9	miaA PA4945	GO:0005524; GO:0006400; GO:0052381	3D-structure;ATP-binding;Magnesium;Nucleotide-binding;Reference proteome;Transferase;tRNA processing
Q9HUR2	mdlC PA4901	GO:0000287; GO:0003984; GO:0019596; GO:0030976; GO:0050660; GO:0050695	Aromatic hydrocarbons catabolism;Calcium;Decarboxylase;Lyase;Magnesium;Mandelate pathway;Metal-binding;Reference proteome;Thiamine pyrophosphate
Q9HUU7	pitA PA4866	GO:0016747	3D-structure;Acyltransferase;Reference proteome;Transferase
Q9HV55	infB PA4744	GO:0003743; GO:0003924; GO:0005525; GO:0005737; GO:0005829; GO:0006413	3D-structure;Cytoplasm;GTP-binding;Initiation factor;Nucleotide-binding;Protein biosynthesis;Reference proteome
Q9HV78	trmA PA4720	GO:0000049; GO:0005829; GO:0019843; GO:0030488; GO:0030697	Methyltransferase;Reference proteome;S-adenosyl-L-methionine;Transferase;tRNA processing
Q9HVD7	hemH PA4655	GO:0004325; GO:0005737; GO:0006783; GO:0046872	Cytoplasm;Heme biosynthesis;Iron;Lyase;Metal-binding;Porphyrin biosynthesis;Reference proteome
Q9HVG4	rsmC PA4627	GO:0003676; GO:0005737; GO:0008990; GO:0052914; GO:0070475	Cytoplasm;Methyltransferase;Reference proteome;rRNA processing;S-adenosyl-L-methionine;Transferase
Q9HVI7	glyA3 PA4602	GO:0004372; GO:0005829; GO:0019264; GO:0030170; GO:0035999; GO:0046653	Amino-acid biosynthesis;Cytoplasm;One-carbon metabolism;Pyridoxal phosphate;Reference proteome;Transferase
Q9HVL9	proB PA4565	GO:0003723; GO:0004349; GO:0005524; GO:0005829; GO:0055129	Amino-acid biosynthesis;ATP-binding;Cytoplasm;Kinase;Nucleotide-binding;Proline biosynthesis;Reference proteome;Transferase
Q9HVM1	rpsT PA4563	GO:0003735; GO:0005829; GO:0006412; GO:0015935; GO:0070181	3D-structure;Direct protein sequencing;Reference proteome;Ribonucleoprotein;Ribosomal protein;RNA-binding;rRNA-binding
Q9HVP8	coaE PA4529	GO:0004140; GO:0005524; GO:0005737; GO:0015937	ATP-binding;Coenzyme A biosynthesis;Cytoplasm;Kinase;Nucleotide-binding;Reference proteome;Transferase
Q9HVU5	yhdP PA4476	GO:0015914	Cell inner membrane;Cell membrane;Lipid transport;Membrane;Reference proteome;Signal-anchor;Transmembrane;Transmembrane helix;Transport
Q9HVW7	murA PA4450	GO:0005829; GO:0008360; GO:0008760; GO:0009252; GO:0019277; GO:0051301; GO:0071555	3D-structure;Cell cycle;Cell division;Cell shape;Cell wall biogenesis/degradation;Cytoplasm;Peptidoglycan synthesis;Pyruvate;Reference proteome;Transferase
Q9HW02	murC PA4411	GO:0005524; GO:0005737; GO:0008360; GO:0008763; GO:0009252; GO:0051301; GO:0071555	3D-structure;ATP-binding;Cell cycle;Cell division;Cell shape;Cell wall biogenesis/degradation;Cytoplasm;Ligase;Nucleotide-binding;Peptidoglycan synthesis;Reference proteome
Q9HW50	olsA PA4351	GO:0003841; GO:0006654; GO:0016020; GO:0016036; GO:0046467	Acyltransferase;Lipid biosynthesis;Lipid metabolism;Membrane;Reference proteome;Transferase;Transmembrane;Transmembrane helix
Q9HWC9	rpoC PA4269	GO:0000287; GO:0000428; GO:0003677; GO:0003899; GO:0005829; GO:0006351; GO:0008270	3D-structure;DNA-directed RNA polymerase;Magnesium;Metal-binding;Nucleotidyltransferase;Reference proteome;Transcription;Transferase;Zinc
Q9HWD6	rplD PA4262	GO:0003735; GO:0005840; GO:0006412; GO:0019843; GO:1990904	3D-structure;Reference proteome;Ribonucleoprotein;Ribosomal protein;RNA-binding;rRNA-binding
Q9HWD8	rplB PA4260	GO:0002181; GO:0003723; GO:0003735; GO:0016740; GO:0019843; GO:0022625	3D-structure;Reference proteome;Ribonucleoprotein;Ribosomal protein;RNA-binding;rRNA-binding
Q9HWG0	uvrA PA4234	GO:0003677; GO:0005524; GO:0005829; GO:0006289; GO:0006974; GO:0008270; GO:0009380; GO:0009381; GO:0009432; GO:0016887	ATP-binding;Cytoplasm;DNA damage;DNA excision;DNA repair;DNA-binding;Excision nuclease;Metal-binding;Nucleotide-binding;Reference proteome;Repeat;SOS response;Zinc;Zinc-finger
Q9HWI0	ddlA PA4201	GO:0005524; GO:0005829; GO:0008360; GO:0008716; GO:0009252; GO:0046872; GO:0071555	3D-structure;ATP-binding;Cell shape;Cell wall biogenesis/degradation;Cytoplasm;Ligase;Magnesium;Manganese;Metal-binding;Nucleotide-binding;Peptidoglycan synthesis;Reference proteome
Q9HWZ6	ppa PA4031	GO:0000287; GO:0004427; GO:0005615; GO:0005829; GO:0006796	3D-structure;Cytoplasm;Hydrolase;Magnesium;Metal-binding;Reference proteome
Q9HX08	ubiX PA4019	GO:0004659; GO:0016831; GO:0106141	3D-structure;Flavoprotein;FMN;Prenyltransferase;Reference proteome;Transferase
Q9HX21	nadD PA4006	GO:0000309; GO:0004515; GO:0005524; GO:0034355	3D-structure;ATP-binding;NAD;Nucleotide-binding;Nucleotidyltransferase;Pyridine nucleotide biosynthesis;Reference proteome;Transferase
Q9HX25	lipA PA3996	GO:0005737; GO:0009249; GO:0016992; GO:0046872; GO:0051539	4Fe-4S;Cytoplasm;Iron;Iron-sulfur;Metal-binding;Reference proteome;S-adenosyl-L-methionine;Transferase
Q9HX40	thiE PA3976	GO:0000287; GO:0004789; GO:0005737; GO:0009228; GO:0009229	Magnesium;Metal-binding;Reference proteome;Thiamine biosynthesis;Transferase
Q9HX97	moaE PA3916	GO:0005829; GO:0006777; GO:0030366	Molybdenum cofactor biosynthesis;Reference proteome;Transferase
Q9HXE5	rhlB rhl PA3861	GO:0003723; GO:0003724; GO:0005524; GO:0005829; GO:0006401; GO:0016887	ATP-binding;Cytoplasm;Helicase;Hydrolase;Nucleotide-binding;Reference proteome;RNA-binding
Q9HXI8	iscS PA3814	GO:0030170; GO:0031071; GO:0044571; GO:0046872; GO:0051537; GO:1990221	2Fe-2S;Cytoplasm;Iron;Iron-sulfur;Metal-binding;Pyridoxal phosphate;Reference proteome;Transferase
Q9HXP3	purT PA3751	GO:0000287; GO:0004644; GO:0005524; GO:0005829; GO:0006189; GO:0043815	ATP-binding;Ligase;Magnesium;Metal-binding;Nucleotide-binding;Purine biosynthesis;Reference proteome
Q9HXQ1	trmD PA3743	GO:0002939; GO:0005829; GO:0052906	3D-structure;Cytoplasm;Methyltransferase;Reference proteome;S-adenosyl-L-methionine;Transferase;tRNA processing
Q9HXY9	rnhB PA3642	GO:0003723; GO:0004523; GO:0005737; GO:0006298; GO:0030145; GO:0032299; GO:0043137	Cytoplasm;Endonuclease;Hydrolase;Manganese;Metal-binding;Nuclease;Reference proteome
Q9HXZ2	accA PA3639	GO:0003989; GO:0005524; GO:0006633; GO:0009317; GO:0016743; GO:2001295	ATP-binding;Cytoplasm;Fatty acid biosynthesis;Fatty acid metabolism;Lipid biosynthesis;Lipid metabolism;Nucleotide-binding;Reference proteome;Transferase
Q9HY23	dgkA PA3603	GO:0001727; GO:0004143; GO:0005524; GO:0005886; GO:0006654; GO:0046872	ATP-binding;Cell inner membrane;Cell membrane;Kinase;Lipid biosynthesis;Lipid metabolism;Magnesium;Membrane;Metal-binding;Nucleotide-binding;Phospholipid biosynthesis;Phospholipid metabolism;Reference proteome;Transferase;Transmembrane;Transmembrane helix
Q9HY59	arnF PA3558	GO:0005886; GO:0009103; GO:0009245; GO:0022857; GO:0055085; GO:1901505	Cell inner membrane;Cell membrane;Lipid A biosynthesis;Lipid biosynthesis;Lipid metabolism;Lipopolysaccharide biosynthesis;Membrane;Reference proteome;Transmembrane;Transmembrane helix;Transport
Q9HY64	arnC PA3553	GO:0005886; GO:0009103; GO:0009245; GO:0016780; GO:0036108; GO:0046677; GO:0099621	Antibiotic resistance;Cell inner membrane;Cell membrane;Glycosyltransferase;Lipid A biosynthesis;Lipid biosynthesis;Lipid metabolism;Lipopolysaccharide biosynthesis;Membrane;Reference proteome;Transferase;Transmembrane;Transmembrane helix
Q9HY90	flcE PA3519	GO:0004553; GO:0016491; GO:0042597	Antibiotic biosynthesis;Iron;Metal-binding;Oxidoreductase;Reference proteome
Q9HYB9	rnfB PA3490	GO:0005886; GO:0009055; GO:0022900; GO:0046872; GO:0051539	4Fe-4S;Cell inner membrane;Cell membrane;Electron transport;Iron;Iron-sulfur;Membrane;Metal-binding;Reference proteome;Repeat;Translocase;Transport
Q9HYC9	dcd PA3480	GO:0000166; GO:0006226; GO:0006229; GO:0006235; GO:0008829; GO:0015949	Hydrolase;Nucleotide metabolism;Nucleotide-binding;Reference proteome
Q9HYT0	phnC1 PA3314	GO:0005524; GO:0005886; GO:0015416; GO:0016887; GO:0042626	ATP-binding;Cell inner membrane;Cell membrane;Membrane;Nucleotide-binding;Phosphonate transport;Reference proteome;Translocase;Transport
Q9HYT6	rapA hepA PA3308	GO:0003677; GO:0003682; GO:0004386; GO:0005524; GO:0006351; GO:0016817; GO:0031507; GO:0045944; GO:0140750	Activator;ATP-binding;DNA-binding;Hydrolase;Nucleotide-binding;Reference proteome;Transcription;Transcription regulation
Q9HZ67	pheA PA3166	GO:0004106; GO:0004664; GO:0005737; GO:0009094; GO:0046417	Amino-acid biosynthesis;Aromatic amino acid biosynthesis;Cytoplasm;Isomerase;Lyase;Multifunctional enzyme;Phenylalanine biosynthesis;Reference proteome
Q9I099	thrS PA2744	GO:0000049; GO:0004829; GO:0005524; GO:0005829; GO:0006435; GO:0046872	Aminoacyl-tRNA synthetase;ATP-binding;Cytoplasm;Ligase;Metal-binding;Nucleotide-binding;Protein biosynthesis;Reference proteome;RNA-binding;tRNA-binding;Zinc
Q9I0A4	pheT PA2739	GO:0000049; GO:0000287; GO:0004826; GO:0005524; GO:0006432; GO:0009328	3D-structure;Aminoacyl-tRNA synthetase;ATP-binding;Cytoplasm;Ligase;Magnesium;Metal-binding;Nucleotide-binding;Protein biosynthesis;Reference proteome;RNA-binding;tRNA-binding
Q9I0D9	tsi2 PA2703		3D-structure;Disulfide bond;Reference proteome
Q9I0I1	carR PA2657	GO:0000156; GO:0000976; GO:0005829; GO:0006351; GO:0006355; GO:0032993; GO:0051592	3D-structure;DNA-binding;Phosphoprotein;Reference proteome;Transcription;Transcription regulation;Two-component regulatory system
Q9I0M1	aat PA2617	GO:0005737; GO:0008914; GO:0030163	Acyltransferase;Cytoplasm;Reference proteome;Transferase
Q9I0Q7	kynA PA2579	GO:0004833; GO:0019441; GO:0019442; GO:0020037; GO:0046872	Dioxygenase;Heme;Iron;Metal-binding;Oxidoreductase;Reference proteome;Tryptophan catabolism
Q9I0R8	PA2567	GO:0005886; GO:0071111; GO:1900190	3D-structure;c-di-GMP;Hydrolase;Reference proteome
Q9I104	dsbD2 PA2478	GO:0005886; GO:0009055; GO:0015035; GO:0017004; GO:0045454; GO:0047134	Cell inner membrane;Cell membrane;Cytochrome c-type biogenesis;Disulfide bond;Electron transport;Membrane;NAD;Oxidoreductase;Redox-active center;Reference proteome;Signal;Transmembrane;Transmembrane helix;Transport
Q9I1Q0	PA2217	GO:0047533	Carbohydrate metabolism;NAD;NADP;Oxidoreductase;Reference proteome
Q9I1Q5	PA2212	GO:0005737; GO:0008615; GO:0046872; GO:0050570; GO:0051287	Cobalt;Cytoplasm;Magnesium;Metal-binding;NAD;NADP;Oxidoreductase;Pyridoxine biosynthesis;Reference proteome;Zinc
Q9I1W4	glgE PA2151	GO:0004556; GO:0009313; GO:0016758; GO:0030979	Carbohydrate metabolism;Glycosyltransferase;Reference proteome;Transferase
Q9I2F3	fapF PA1951	GO:0005576; GO:0009279; GO:0009986; GO:0015031; GO:1990000	Cell outer membrane;Coiled coil;Membrane;Protein transport;Reference proteome;Secreted;Signal;Transport
Q9I2N4	modC PA1861	GO:0005524; GO:0005886; GO:0015412; GO:0016887	ATP-binding;Cell inner membrane;Cell membrane;Membrane;Molybdenum;Nucleotide-binding;Reference proteome;Translocase;Transport
Q9I2S7	ldcA PA1818	GO:0005737; GO:0006520; GO:0008923	3D-structure;Decarboxylase;Lyase;Pyridoxal phosphate;Reference proteome;Virulence
Q9I2S9	rnhA PA1815	GO:0000287; GO:0003676; GO:0004523; GO:0005737; GO:0043137	Cytoplasm;Endonuclease;Hydrolase;Magnesium;Metal-binding;Nuclease;Reference proteome
Q9I2U0	clpX PA1802	GO:0005524; GO:0008270; GO:0009376; GO:0016887; GO:0046983; GO:0051082; GO:0051301; GO:0051603; GO:0140662	3D-structure;ATP-binding;Chaperone;Metal-binding;Nucleotide-binding;Reference proteome;Zinc
Q9I340	mtnC PA1685	GO:0000287; GO:0019509; GO:0043715; GO:0043716; GO:0043874	Amino-acid biosynthesis;Hydrolase;Magnesium;Metal-binding;Methionine biosynthesis;Reference proteome
Q9I351	folE2 PA1674	GO:0003934; GO:0005525; GO:0005737; GO:0006729; GO:0006730; GO:0008270; GO:0046654	GTP-binding;Hydrolase;Nucleotide-binding;One-carbon metabolism;Reference proteome
Q9I3H5	PA1538	GO:0004497; GO:0004499; GO:0016709; GO:0050660; GO:0050661	FAD;Flavoprotein;Monooxygenase;NADP;Oxidoreductase;Reference proteome
Q9I3N1	dsbE ccmG PA1481	GO:0005886; GO:0015036; GO:0016491; GO:0017004; GO:0030288	3D-structure;Cell inner membrane;Cell membrane;Cytochrome c-type biogenesis;Disulfide bond;Membrane;Redox-active center;Reference proteome;Transmembrane;Transmembrane helix
Q9I3N2	ccmF PA1480	GO:0002049; GO:0004096; GO:0005886; GO:0015232; GO:0016491; GO:0017004; GO:0020037; GO:0043107; GO:0071977; GO:0071978	Cell inner membrane;Cell membrane;Cytochrome c-type biogenesis;Membrane;Reference proteome;Transmembrane;Transmembrane helix
Q9I526	cysM PA0932	GO:0004124; GO:0005737; GO:0006535; GO:0019344	Amino-acid biosynthesis;Cysteine biosynthesis;Pyridoxal phosphate;Reference proteome;Transferase
Q9I558	acsA1 PA0887	GO:0003987; GO:0005524; GO:0005829; GO:0006085; GO:0016208; GO:0019427; GO:0046872	Acetylation;ATP-binding;Ligase;Magnesium;Metal-binding;Nucleotide-binding;Reference proteome
Q9I5G8	lepA le PA0767	GO:0003746; GO:0003924; GO:0005525; GO:0005886; GO:0043022; GO:0045727; GO:0097216	Cell inner membrane;Cell membrane;GTP-binding;Hydrolase;Membrane;Nucleotide-binding;Protein biosynthesis;Reference proteome
Q9I5J6	rsuA PA0733	GO:0000455; GO:0003723; GO:0005829; GO:0009982; GO:0160136	Isomerase;Reference proteome;RNA-binding;rRNA processing
Q9I614	bioD PA0504	GO:0000287; GO:0004141; GO:0005524; GO:0005829; GO:0009102; GO:0042803	ATP-binding;Biotin biosynthesis;Cytoplasm;Ligase;Magnesium;Metal-binding;Nucleotide-binding;Reference proteome
Q9I685	ahcY sahH PA0432	GO:0004013; GO:0005829; GO:0006730; GO:0033353; GO:0071269	3D-structure;Cytoplasm;Hydrolase;NAD;One-carbon metabolism;Reference proteome
Q9I697	gshB PA0407	GO:0004363; GO:0005524; GO:0005737; GO:0046872	ATP-binding;Glutathione biosynthesis;Ligase;Magnesium;Manganese;Metal-binding;Nucleotide-binding;Reference proteome
Q9I6F6	PA0335	GO:0000105; GO:0004401; GO:0046872	Amino-acid biosynthesis;Histidine biosynthesis;Hydrolase;Magnesium;Metal-binding;Reference proteome
Q9I6M9	tle3 PA0260	GO:0005576; GO:0044229	Host periplasm;Reference proteome;Secreted;Virulence
Q9I6V7	cheR2 PA0175	GO:0006935; GO:0008276; GO:0008983; GO:0032259; GO:0098561	Methyltransferase;Reference proteome;S-adenosyl-L-methionine;Transferase
Q9I702	bauC PA0130	GO:0004491; GO:0006210; GO:0006574; GO:0019483	NAD;Oxidoreductase;Reference proteome
Q9I733	tse7 PA0099	GO:0004530; GO:0033103	Hydrolase;Reference proteome;Virulence
Q9I737	vgrG1b PA0095	GO:0005576; GO:0033103; GO:0033104	Reference proteome;Secreted
Q9I742	clpV1 PA0090	GO:0005524; GO:0005737; GO:0016887; GO:0044183	3D-structure;ATP-binding;Chaperone;Coiled coil;Cytoplasm;Nucleotide-binding;Reference proteome;Repeat
Q9I749	tssB1 PA0083		3D-structure;Reference proteome
Q9I750	tssA1 PA0082	GO:0033104	Reference proteome
Q9I7C2	gyrB PA0004	GO:0003677; GO:0003918; GO:0005524; GO:0005694; GO:0005737; GO:0006261; GO:0006265; GO:0046872	3D-structure;ATP-binding;Cytoplasm;DNA-binding;Isomerase;Magnesium;Metal-binding;Nucleotide-binding;Reference proteome;Topoisomerase
Q9K3C5	fliD PA1094	GO:0005576; GO:0007155; GO:0009421; GO:0009424; GO:0071973	3D-structure;Bacterial flagellum;Coiled coil;Reference proteome;Secreted
Q9RMT3	tonB2 PA0197	GO:0015031; GO:0015891; GO:0030288; GO:0031992; GO:0055085; GO:0098797	Cell inner membrane;Cell membrane;Membrane;Protein transport;Reference proteome;Transmembrane;Transmembrane helix;Transport
Q9S586	gph1 PA0608	GO:0005829; GO:0005975; GO:0006281; GO:0008967; GO:0046295; GO:0046872	Carbohydrate metabolism;Hydrolase;Magnesium;Metal-binding;Reference proteome
Q9X2N2	pgl devB PA3182	GO:0005975; GO:0006098; GO:0017057	Hydrolase;Reference proteome
Q9X6R0	speE1 speE PA1687	GO:0004766; GO:0005829; GO:0008295	Cytoplasm;Polyamine biosynthesis;Reference proteome;Spermidine biosynthesis;Transferase
Q9ZI86	lnt cutE PA3984	GO:0005886; GO:0016410; GO:0042158	3D-structure;Acyltransferase;Cell inner membrane;Cell membrane;Membrane;Reference proteome;Transferase;Transmembrane;Transmembrane helix
G3XD21	mexX PA2019	GO:0005886; GO:0022857; GO:0046677	Cell inner membrane;Cell membrane;Coiled coil;Lipoprotein;Membrane;Palmitate;Periplasm;Reference proteome;Signal
G3XD47	aotJ PA0888	GO:0005615; GO:0006865; GO:0016597; GO:0030288	Amino-acid transport;Periplasm;Reference proteome;Signal;Transport
G3XDA7	ftsQ PA4409	GO:0000917; GO:0005886; GO:0032153; GO:0043093; GO:1990587	3D-structure;Cell cycle;Cell division;Cell inner membrane;Cell membrane;Membrane;Reference proteome;Transmembrane;Transmembrane helix
O30506	aotP PA0892	GO:0005524; GO:0005886; GO:0015424; GO:0016887; GO:0042626	Amino-acid transport;ATP-binding;Cell inner membrane;Cell membrane;Membrane;Nucleotide-binding;Reference proteome;Transport
O30557	aroQ1 aroQ PA4846	GO:0003855; GO:0008652; GO:0009073; GO:0009423; GO:0019631	3D-structure;Amino-acid biosynthesis;Aromatic amino acid biosynthesis;Lyase;Reference proteome
O54438	fabG PA2967	GO:0004316; GO:0016616; GO:0030497; GO:0050661; GO:0051287	3D-structure;Fatty acid biosynthesis;Fatty acid metabolism;Lipid biosynthesis;Lipid metabolism;NADP;Oxidoreductase;Reference proteome
O54439	acpP1 acpP PA2966	GO:0000035; GO:0000036; GO:0005829; GO:0009245; GO:0016020; GO:0031177	Cytoplasm;Fatty acid biosynthesis;Fatty acid metabolism;Lipid biosynthesis;Lipid metabolism;Phosphopantetheine;Phosphoprotein;Reference proteome
O68562	bamE omlA oprX PA4765	GO:0030674; GO:0043165; GO:0051205; GO:1990063	3D-structure;Cell outer membrane;Lipoprotein;Membrane;Palmitate;Reference proteome;Signal
P05384	hupB PA1804	GO:0003677; GO:0005829; GO:0006270; GO:0006351; GO:0030261; GO:0030527; GO:0042802; GO:1990103; GO:1990178	Direct protein sequencing;DNA condensation;DNA-binding;Reference proteome
P09591	tufA PA4265; tufB PA4277	GO:0000287; GO:0003746; GO:0003924; GO:0005525; GO:0005737; GO:0006414	3D-structure;Cytoplasm;Elongation factor;GTP-binding;Hydrolase;Magnesium;Metal-binding;Nucleotide-binding;Protein biosynthesis;Reference proteome
P10932	amiR PA3363	GO:0003723; GO:0006351; GO:0015976; GO:0031564; GO:0034251; GO:0051345	3D-structure;Reference proteome;Transcription;Transcription antitermination;Transcription regulation
P18895	algE alg76 PA3544	GO:0009279; GO:0042121	3D-structure;Alginate biosynthesis;Cell outer membrane;Direct protein sequencing;Membrane;Reference proteome;Signal
P20574	trpD PA0650	GO:0000162; GO:0000287; GO:0004048; GO:0005829	Amino-acid biosynthesis;Aromatic amino acid biosynthesis;Glycosyltransferase;Magnesium;Metal-binding;Reference proteome;Transferase;Tryptophan biosynthesis
P22567	argA PA5204	GO:0004042; GO:0004358; GO:0005737; GO:0006526; GO:0042802	Acyltransferase;Amino-acid biosynthesis;Arginine biosynthesis;Cytoplasm;Reference proteome;Transferase
P30819	nadC PA4524	GO:0004514; GO:0005737; GO:0009435; GO:0034213	Glycosyltransferase;Pyridine nucleotide biosynthesis;Reference proteome;Transferase
P32977	oprO PA3280	GO:0006811; GO:0009279; GO:0015288; GO:0046930	3D-structure;Cell outer membrane;Chloride;Ion transport;Membrane;Porin;Reference proteome;Signal;Stress response;Transmembrane;Transmembrane beta strand;Transport
P33883	lasI PA1432	GO:0007165; GO:0009372; GO:0061579	3D-structure;Autoinducer synthesis;Quorum sensing;Reference proteome;S-adenosyl-L-methionine;Transferase
P38103	dapB PA4759	GO:0005829; GO:0008839; GO:0009089; GO:0016726; GO:0019877; GO:0050661; GO:0051287	3D-structure;Amino-acid biosynthesis;Cytoplasm;Diaminopimelate biosynthesis;Lysine biosynthesis;NAD;NADP;Oxidoreductase;Reference proteome
P38108	mucB algN PA0764	GO:0030288; GO:0032885; GO:0042121; GO:0045152	3D-structure;Alginate biosynthesis;Periplasm;Reference proteome;Signal
P42812	lolB hemM PA4668	GO:0009279; GO:0015031; GO:0044874; GO:0089705	Cell outer membrane;Chaperone;Lipoprotein;Membrane;Palmitate;Protein transport;Reference proteome;Signal;Transport
P43336	phhC PA0870	GO:0004069; GO:0004838; GO:0005829; GO:0006572; GO:0030170; GO:0033585; GO:0042802	Amino-acid biosynthesis;Aminotransferase;Aromatic amino acid biosynthesis;Cytoplasm;Pyridoxal phosphate;Reference proteome;Transferase
P54291	rhlI vsmI PA3476	GO:0007165; GO:0061579; GO:0120218	Autoinducer synthesis;Quorum sensing;Reference proteome;S-adenosyl-L-methionine;Transferase
P57702	cysC PA1393	GO:0000103; GO:0004020; GO:0005524; GO:0070814	ATP-binding;Kinase;Nucleotide-binding;Phosphoprotein;Reference proteome;Transferase
P57708	ispF PA3627	GO:0008685; GO:0016114; GO:0019288; GO:0046872	3D-structure;Isoprene biosynthesis;Lyase;Metal-binding;Reference proteome
P72139	hisF2 PA3151	GO:0000105; GO:0000107; GO:0005737; GO:0009243; GO:0016833	Amino-acid biosynthesis;Cytoplasm;Histidine biosynthesis;Lyase;Reference proteome
P72170	pyrC PA3527	GO:0004151; GO:0005737; GO:0005829; GO:0006207; GO:0006221; GO:0008270; GO:0044205	Hydrolase;Metal-binding;Pyrimidine biosynthesis;Reference proteome;Zinc
P72173	aspC PA3139	GO:0004069; GO:0004838; GO:0005829; GO:0030170; GO:0033585; GO:0042802	Aminotransferase;Cytoplasm;Pyridoxal phosphate;Reference proteome;Transferase
Q00513	xcpS PA3102	GO:0005886; GO:0015627; GO:0015628; GO:0046872	Calcium;Cell inner membrane;Cell membrane;Membrane;Metal-binding;Protein transport;Reference proteome;Transmembrane;Transmembrane helix;Transport
Q04633	apt PA1543	GO:0003999; GO:0005829; GO:0006166; GO:0006168; GO:0044209	Cytoplasm;Glycosyltransferase;Purine salvage;Reference proteome;Transferase
Q05097	lecA pa1L PA2570	GO:0005737; GO:0007157; GO:0009986; GO:0030246; GO:0042597	3D-structure;Cytoplasm;Direct protein sequencing;Lectin;Periplasm;Reference proteome
Q51373	gacA PA2586	GO:0000160; GO:0000976; GO:0003700; GO:0006351; GO:0006355; GO:0035821; GO:1900233	Activator;Autoinducer synthesis;DNA-binding;Phosphoprotein;Reference proteome;Transcription;Transcription regulation;Two-component regulatory system;Virulence
Q51467	fliO PA1445	GO:0005886; GO:0006935; GO:0009425; GO:0044781; GO:0097588	Bacterial flagellum;Cell membrane;Chemotaxis;Flagellar rotation;Membrane;Reference proteome;Transmembrane;Transmembrane helix
Q51470	miaB PA3980	GO:0005829; GO:0035597; GO:0035600; GO:0046872; GO:0051539	4Fe-4S;Cytoplasm;Iron;Iron-sulfur;Metal-binding;Reference proteome;S-adenosyl-L-methionine;Transferase;tRNA processing
Q51481	nirQ PA0520	GO:0003677; GO:0005524; GO:0005737; GO:0006351; GO:0016887	Activator;ATP-binding;Cytoplasm;DNA-binding;Nucleotide-binding;Reference proteome;Transcription;Transcription regulation
Q51485	oprB PA3186	GO:0006811; GO:0008643; GO:0009279; GO:0015288; GO:0046930	Cell outer membrane;Direct protein sequencing;Ion transport;Membrane;Porin;Reference proteome;Signal;Sugar transport;Transmembrane;Transmembrane beta strand;Transport
Q51547	phoU PA5365	GO:0005737; GO:0006817; GO:0030643; GO:0042803; GO:0045936; GO:0050922; GO:0050928; GO:0060326; GO:2000186	3D-structure;Chemotaxis;Cytoplasm;Phosphate transport;Reference proteome;Transport
Q59640	cdsA cds PA3651	GO:0004605; GO:0005886; GO:0016024	Cell inner membrane;Cell membrane;Lipid biosynthesis;Lipid metabolism;Membrane;Nucleotidyltransferase;Phospholipid biosynthesis;Phospholipid metabolism;Reference proteome;Transferase;Transmembrane;Transmembrane helix
Q59646	norC PA0523	GO:0005886; GO:0009055; GO:0020037; GO:0022904; GO:0046872	3D-structure;Cell membrane;Electron transport;Heme;Iron;Membrane;Metal-binding;Reference proteome;Respiratory chain;Signal-anchor;Transmembrane;Transmembrane helix;Transport
Q59654	pyrF PA2876	GO:0004590; GO:0005829; GO:0006207; GO:0044205	Decarboxylase;Lyase;Pyrimidine biosynthesis;Reference proteome
Q6H941	alkB2 PA1525	GO:0005886; GO:0006629; GO:0018685; GO:0043448; GO:0046872	Cell inner membrane;Cell membrane;Iron;Membrane;Metal-binding;Monooxygenase;Oxidoreductase;Reference proteome;Transmembrane;Transmembrane helix
Q9HT73	znuC PA5500	GO:0005524; GO:0010043; GO:0015633; GO:0016887; GO:0042626; GO:0043190	ATP-binding;Cell inner membrane;Cell membrane;Ion transport;Membrane;Nucleotide-binding;Reference proteome;Translocase;Transport;Zinc;Zinc transport
Q9HTH5	cdhR PA5389	GO:0003700; GO:0006351; GO:0006355; GO:0009896; GO:0043565	Activator;DNA-binding;Reference proteome;Transcription;Transcription regulation
Q9HTJ2	betA PA5372	GO:0008802; GO:0008812; GO:0016020; GO:0019285; GO:0050660	FAD;Flavoprotein;NAD;Oxidoreductase;Reference proteome
Q9HTK7	rubA1 alkG1 PA5351	GO:0005506; GO:0005737; GO:0009055; GO:0043448	Cytoplasm;Electron transport;Iron;Metal-binding;Reference proteome;Transport
Q9HTV1	rho PA5239	GO:0003723; GO:0004386; GO:0005524; GO:0005829; GO:0006353; GO:0008186; GO:0016787	ATP-binding;Helicase;Hydrolase;Nucleotide-binding;Reference proteome;RNA-binding;Transcription;Transcription regulation;Transcription termination
Q9HTX7	gcvP2 PA5213	GO:0004375; GO:0005829; GO:0005960; GO:0016594; GO:0019464; GO:0030170	Oxidoreductase;Pyridoxal phosphate;Reference proteome
Q9HU17	dctQ PA5168	GO:0005886; GO:0015740; GO:0022857	Cell inner membrane;Cell membrane;Membrane;Reference proteome;Transmembrane;Transmembrane helix;Transport
Q9HU18	dctP PA5167	GO:0015740; GO:0030288; GO:0055085	3D-structure;Periplasm;Reference proteome;Signal;Transport
Q9HU19	dctD PA5166	GO:0000160; GO:0000987; GO:0001216; GO:0005524; GO:0006351; GO:0032892; GO:0032993; GO:0045893	Activator;ATP-binding;DNA-binding;Nucleotide-binding;Phosphoprotein;Reference proteome;Transcription;Transcription regulation;Two-component regulatory system
Q9HU44	hisF1 PA5140	GO:0000105; GO:0000107; GO:0005737; GO:0016829	Amino-acid biosynthesis;Cytoplasm;Histidine biosynthesis;Lyase;Reference proteome
Q9HUA4	dtd PA5079	GO:0000049; GO:0005737; GO:0006399; GO:0019478; GO:0043908; GO:0051500; GO:0106026	Cytoplasm;Hydrolase;Reference proteome;RNA-binding;tRNA-binding
Q9HUB7	hisI PA5066	GO:0000105; GO:0000287; GO:0004635; GO:0004636; GO:0005737; GO:0008270	Amino-acid biosynthesis;Cytoplasm;Histidine biosynthesis;Hydrolase;Magnesium;Metal-binding;Reference proteome;Zinc
Q9HUC0	ubiE PA5063	GO:0006744; GO:0008425; GO:0009060; GO:0009234; GO:0032259; GO:0043770	Menaquinone biosynthesis;Methyltransferase;Reference proteome;S-adenosyl-L-methionine;Transferase;Ubiquinone biosynthesis
Q9HUE8	nhaP2 cvrA PA5021	GO:0005886; GO:0006884; GO:0015386; GO:0030007; GO:0050660	Antiport;Cell inner membrane;Cell membrane;Ion transport;Membrane;Potassium;Potassium transport;Reference proteome;Transmembrane;Transmembrane helix;Transport
Q9HUF4	glnE PA5014	GO:0000287; GO:0005524; GO:0005829; GO:0008882; GO:0047388	ATP-binding;Magnesium;Multifunctional enzyme;Nucleotide-binding;Nucleotidyltransferase;Reference proteome;Transferase
Q9HUL4	queG PA4950	GO:0005737; GO:0008616; GO:0046872; GO:0051539; GO:0052693	4Fe-4S;Cytoplasm;Iron;Iron-sulfur;Metal-binding;Oxidoreductase;Queuosine biosynthesis;Reference proteome;tRNA processing
Q9HUM0	hfq PA4944	GO:0003723; GO:0005829; GO:0006355; GO:0006417; GO:0009372; GO:0043487; GO:0043609; GO:0045974	3D-structure;Reference proteome;RNA-binding;Stress response
Q9HUS0	ureG PA4893	GO:0003924; GO:0005525; GO:0005737; GO:0008270; GO:0016151; GO:0018237; GO:0019627; GO:0043419	Chaperone;Cytoplasm;GTP-binding;Nickel insertion;Nucleotide-binding;Reference proteome
Q9HUV8	purD PA4855	GO:0004637; GO:0005524; GO:0006189; GO:0009113; GO:0046872	ATP-binding;Ligase;Magnesium;Manganese;Metal-binding;Nucleotide-binding;Purine biosynthesis;Reference proteome
Q9HUV9	purH PA4854	GO:0003937; GO:0004643; GO:0005829; GO:0006189	Hydrolase;Multifunctional enzyme;Purine biosynthesis;Reference proteome;Transferase
Q9HUW1	dusB PA4852	GO:0000049; GO:0010181; GO:0017150; GO:0050660	Flavoprotein;FMN;NADP;Oxidoreductase;Reference proteome;RNA-binding;tRNA processing;tRNA-binding
Q9HUW5	dsbD1 dipZ PA4845	GO:0005886; GO:0009055; GO:0015035; GO:0017004; GO:0045454; GO:0047134	Cell inner membrane;Cell membrane;Cytochrome c-type biogenesis;Disulfide bond;Electron transport;Membrane;NAD;Oxidoreductase;Redox-active center;Reference proteome;Signal;Transmembrane;Transmembrane helix;Transport
Q9HUX3	cntO zrmA PA4837	GO:0006829; GO:0009279; GO:0015344; GO:0015675; GO:0015891; GO:0033214; GO:0038023	Cell outer membrane;Ion transport;Membrane;Nickel;Nickel transport;Receptor;Reference proteome;Signal;TonB box;Transmembrane;Transmembrane beta strand;Transport;Zinc;Zinc transport
Q9HV01	selA PA4808	GO:0001514; GO:0001717; GO:0004125; GO:0005737	Cytoplasm;Protein biosynthesis;Pyridoxal phosphate;Reference proteome;Selenium;Transferase
Q9HV35	speH PA4773	GO:0004014; GO:0005829; GO:0008295	Autocatalytic cleavage;Decarboxylase;Lyase;Polyamine biosynthesis;Pyruvate;Reference proteome;S-adenosyl-L-methionine;Schiff base;Spermidine biosynthesis;Zymogen
Q9HV69	panC PA4730	GO:0004592; GO:0005524; GO:0005829; GO:0015940	ATP-binding;Cytoplasm;Ligase;Nucleotide-binding;Pantothenate biosynthesis;Reference proteome
Q9HVC8	prmC hemK PA4664	GO:0003676; GO:0006415; GO:0032259; GO:0036009; GO:0102559	Methyltransferase;Reference proteome;S-adenosyl-L-methionine;Transferase
Q9HVL8	obg PA4566	GO:0000287; GO:0003924; GO:0005525; GO:0005737; GO:0019003; GO:0042254; GO:0043022	Cytoplasm;GTP-binding;Hydrolase;Magnesium;Metal-binding;Nucleotide-binding;Reference proteome
Q9HWD0	rpsL PA4268	GO:0000049; GO:0003735; GO:0005840; GO:0006412; GO:0015935; GO:0019843	3D-structure;Methylation;Reference proteome;Ribonucleoprotein;Ribosomal protein;RNA-binding;rRNA-binding;tRNA-binding
Q9HXJ8	der engA PA3799	GO:0005525; GO:0042254; GO:0043022	GTP-binding;Nucleotide-binding;Reference proteome;Repeat;Ribosome biogenesis
Q9HXN1	mltF PA3764	GO:0008933; GO:0009253; GO:0009279; GO:0016998; GO:0071555	3D-structure;Cell outer membrane;Cell wall biogenesis/degradation;Lyase;Membrane;Reference proteome;Signal
Q9HXN2	purL PA3763	GO:0004642; GO:0005524; GO:0005737; GO:0006164; GO:0006189; GO:0046872	ATP-binding;Cytoplasm;Glutamine amidotransferase;Ligase;Magnesium;Metal-binding;Nucleotide-binding;Purine biosynthesis;Reference proteome
Q9HXT5	wspC PA3706	GO:0006935; GO:0008276; GO:0008757; GO:0032259; GO:0098561	Methyltransferase;Reference proteome;S-adenosyl-L-methionine;TPR repeat;Transferase
Q9HXT8	cheB3 PA3703	GO:0000156; GO:0005737; GO:0006935; GO:0007165; GO:0008984; GO:0050568	Chemotaxis;Cytoplasm;Hydrolase;Phosphoprotein;Reference proteome
Q9HXY6	lpxD PA3646	GO:0005829; GO:0009245; GO:0016020; GO:0016410; GO:0103118	3D-structure;Acyltransferase;Lipid A biosynthesis;Lipid biosynthesis;Lipid metabolism;Reference proteome;Repeat;Transferase
Q9HY60	arnE PA3557	GO:0005886; GO:0009103; GO:0009245; GO:0022857; GO:0055085; GO:1901505	Cell inner membrane;Cell membrane;Lipid A biosynthesis;Lipid biosynthesis;Lipid metabolism;Lipopolysaccharide biosynthesis;Membrane;Reference proteome;Transmembrane;Transmembrane helix;Transport
Q9HY65	arnB PA3552	GO:0000271; GO:0008483; GO:0009103; GO:0009245; GO:0016020; GO:0030170; GO:0046677; GO:0099620	Aminotransferase;Antibiotic resistance;Lipid A biosynthesis;Lipid biosynthesis;Lipid metabolism;Lipopolysaccharide biosynthesis;Pyridoxal phosphate;Reference proteome;Transferase
Q9HY84	argG PA3525	GO:0000050; GO:0000053; GO:0004055; GO:0005524; GO:0005737; GO:0006526	Amino-acid biosynthesis;Arginine biosynthesis;ATP-binding;Cytoplasm;Ligase;Nucleotide-binding;Reference proteome
Q9HY93	flcB PA3516	GO:0004018; GO:0005829; GO:0044208; GO:0047472; GO:0070626	Antibiotic biosynthesis;Lyase;Reference proteome
Q9HYB6	rnfG PA3493	GO:0005886; GO:0009055; GO:0010181; GO:0022900; GO:1990204	Cell inner membrane;Cell membrane;Electron transport;Flavoprotein;FMN;Membrane;Phosphoprotein;Reference proteome;Translocase;Transmembrane;Transmembrane helix;Transport
Q9HYG2	ssuD PA3444	GO:0008726; GO:0046306	Direct protein sequencing;Flavoprotein;FMN;Monooxygenase;Oxidoreductase;Reference proteome
Q9HZ65	mtnA PA3169	GO:0019509; GO:0046523	Amino-acid biosynthesis;Isomerase;Methionine biosynthesis;Reference proteome
Q9HZF8	pyrD PA3050	GO:0004152; GO:0005737; GO:0005886; GO:0006207; GO:0009220; GO:0044205; GO:0106430	Cell membrane;Flavoprotein;FMN;Membrane;Oxidoreductase;Pyrimidine biosynthesis;Reference proteome
Q9HZM7	murB PA2977	GO:0005829; GO:0008360; GO:0008762; GO:0009252; GO:0050660; GO:0051301; GO:0071555; GO:0071949	3D-structure;Cell cycle;Cell division;Cell shape;Cell wall biogenesis/degradation;Cytoplasm;FAD;Flavoprotein;NADP;Oxidoreductase;Peptidoglycan synthesis;Reference proteome
Q9HZU2	cobH PA2905	GO:0009236; GO:0016993	Cobalamin biosynthesis;Isomerase;Reference proteome
Q9HZY8	tesA PA2856	GO:0004064; GO:0004622; GO:0005576; GO:0106435	3D-structure;Hydrolase;Reference proteome;Secreted;Serine esterase;Signal
Q9I037	queF PA2806	GO:0005829; GO:0008616; GO:0033739	Cytoplasm;NADP;Oxidoreductase;Queuosine biosynthesis;Reference proteome
Q9I0J1	nuoL PA2647	GO:0005886; GO:0008137; GO:0015990; GO:0042773; GO:0045271; GO:0048038	Cell inner membrane;Cell membrane;Membrane;NAD;Quinone;Reference proteome;Translocase;Transmembrane;Transmembrane helix;Ubiquinone
Q9I0J3	nuoJ PA2645	GO:0005886; GO:0008137; GO:0045271; GO:0048038	Cell inner membrane;Cell membrane;Membrane;NAD;Quinone;Reference proteome;Translocase;Transmembrane;Transmembrane helix;Ubiquinone
Q9I0J4	nuoI PA2644	GO:0005506; GO:0005886; GO:0009060; GO:0045271; GO:0048038; GO:0050136; GO:0051539	4Fe-4S;Cell inner membrane;Cell membrane;Iron;Iron-sulfur;Membrane;Metal-binding;NAD;Quinone;Reference proteome;Repeat;Translocase;Ubiquinone
Q9I0J5	nuoH PA2643	GO:0005886; GO:0009060; GO:0016655; GO:0045271; GO:0048038	Cell inner membrane;Cell membrane;Membrane;NAD;Quinone;Reference proteome;Translocase;Transmembrane;Transmembrane helix;Ubiquinone
Q9I0K9	purB PA2629	GO:0004018; GO:0005829; GO:0006163; GO:0006189; GO:0044208; GO:0070626	3D-structure;Lyase;Purine biosynthesis;Reference proteome
Q9I0M4	lolA PA2614	GO:0030288; GO:0042953; GO:0044874	3D-structure;Chaperone;Periplasm;Protein transport;Reference proteome;Signal;Transport
Q9I0R2	alkB1 PA2574	GO:0005886; GO:0006629; GO:0018685; GO:0043448; GO:0046872	Cell inner membrane;Cell membrane;Iron;Membrane;Metal-binding;Monooxygenase;Oxidoreductase;Reference proteome;Transmembrane;Transmembrane helix
Q9I137	gcvP1 PA2445	GO:0004375; GO:0005829; GO:0005960; GO:0016594; GO:0019464; GO:0030170	Oxidoreductase;Pyridoxal phosphate;Reference proteome
Q9I1Q2	lyxD PA2215	GO:0000287; GO:0016052; GO:0016836; GO:0050032	Carbohydrate metabolism;Lyase;Magnesium;Metal-binding;Reference proteome
Q9I1W2	glgB PA2153	GO:0003844; GO:0004553; GO:0005737; GO:0005829; GO:0005978; GO:0043169	Carbohydrate metabolism;Glycogen biosynthesis;Glycogen metabolism;Glycosyltransferase;Reference proteome;Transferase
Q9I244	fusB fusA2 PA2071	GO:0003746; GO:0003924; GO:0005525; GO:0005829; GO:0032790; GO:0097216	Cytoplasm;Elongation factor;GTP-binding;Nucleotide-binding;Protein biosynthesis;Reference proteome
Q9I2C0	pqqE PA1989	GO:0005506; GO:0009975; GO:0016491; GO:0018189; GO:0032324; GO:0051539; GO:1904047	4Fe-4S;Iron;Iron-sulfur;Metal-binding;Oxidoreductase;PQQ biosynthesis;Reference proteome;S-adenosyl-L-methionine
Q9I2D2	pqqF PA1973	GO:0004222; GO:0005737; GO:0006508; GO:0008237; GO:0008270; GO:0018189; GO:0042597	Hydrolase;Metal-binding;Metalloprotease;PQQ biosynthesis;Protease;Reference proteome;Zinc
Q9I2W4	cobA PA1778	GO:0004851; GO:0009236; GO:0019354; GO:0032259	Cobalamin biosynthesis;Methyltransferase;Porphyrin biosynthesis;Reference proteome;S-adenosyl-L-methionine;Transferase
Q9I2W7	PA1772	GO:0008428; GO:0008948; GO:0046872; GO:0047443; GO:0051252	3D-structure;Lyase;Metal-binding;Reference proteome
Q9I315	pscI PA1722	GO:0030254	Reference proteome
Q9I344	aroC PA1681	GO:0004107; GO:0005829; GO:0008652; GO:0009073; GO:0009423; GO:0010181	Amino-acid biosynthesis;Aromatic amino acid biosynthesis;FAD;Flavoprotein;FMN;Lyase;NADP;Reference proteome
Q9I3C5	htpG PA1596	GO:0005524; GO:0005829; GO:0006457; GO:0006974; GO:0009408; GO:0016887; GO:0051082; GO:0140662	ATP-binding;Chaperone;Cytoplasm;Nucleotide-binding;Reference proteome;Stress response
Q9I424	cyoD PA1320	GO:0005886; GO:0009319; GO:0009486; GO:0015078; GO:0015990; GO:0019646	Cell inner membrane;Cell membrane;Electron transport;Membrane;Oxidoreductase;Reference proteome;Transmembrane;Transmembrane helix;Transport
Q9I427	cyoA PA1317	GO:0004129; GO:0005507; GO:0005886; GO:0009486; GO:0016682; GO:0042773; GO:0098803	Cell inner membrane;Cell membrane;Electron transport;Lipoprotein;Membrane;Oxidoreductase;Palmitate;Reference proteome;Respiratory chain;Signal;Transmembrane;Transmembrane helix;Transport
Q9I4F8	phoQ PA1180	GO:0000155; GO:0000160; GO:0005524; GO:0005886	ATP-binding;Kinase;Membrane;Nucleotide-binding;Phosphoprotein;Reference proteome;Signal;Transferase;Transmembrane;Transmembrane helix;Two-component regulatory system
Q9I4N1	fliI PA1104	GO:0005524; GO:0005737; GO:0015986; GO:0016887; GO:0030254; GO:0030257; GO:0044780; GO:0045259; GO:0071973; GO:1902600	ATP synthesis;ATP-binding;Bacterial flagellum biogenesis;Bacterial flagellum protein export;Cytoplasm;Hydrogen ion transport;Ion transport;Nucleotide-binding;Protein transport;Reference proteome;Translocase;Transport
Q9I513	purM PA0945	GO:0004637; GO:0004641; GO:0005524; GO:0005829; GO:0006164; GO:0006189; GO:0046084	ATP-binding;Cytoplasm;Ligase;Nucleotide-binding;Purine biosynthesis;Reference proteome
Q9I553	alaS PA0903	GO:0000049; GO:0002161; GO:0004813; GO:0005524; GO:0005829; GO:0006419; GO:0008270	Aminoacyl-tRNA synthetase;ATP-binding;Cytoplasm;Ligase;Metal-binding;Nucleotide-binding;Protein biosynthesis;Reference proteome;RNA-binding;tRNA-binding;Zinc
Q9I576	hpd PA0865	GO:0003868; GO:0006559; GO:0006572; GO:0046872	Dioxygenase;Iron;Metal-binding;Oxidoreductase;Phenylalanine catabolism;Reference proteome;Repeat;Tyrosine catabolism
Q9I5A4	ackA PA0836	GO:0000287; GO:0005524; GO:0005829; GO:0006083; GO:0006085; GO:0008776	ATP-binding;Cytoplasm;Kinase;Magnesium;Metal-binding;Nucleotide-binding;Reference proteome;Transferase
Q9I5G5	pdxJ PA0773	GO:0005829; GO:0008615; GO:0033856	Cytoplasm;Pyridoxine biosynthesis;Reference proteome;Transferase
Q9I5G7	lepB PA0768	GO:0004252; GO:0005886; GO:0006465; GO:0008233; GO:0009003	Cell inner membrane;Cell membrane;Hydrolase;Membrane;Protease;Reference proteome;Transmembrane;Transmembrane helix
Q9I5U1	amgK PA0596	GO:0005524; GO:0008360; GO:0009252; GO:0009254; GO:0016301; GO:0046677; GO:0071555	Antibiotic resistance;ATP-binding;Carbohydrate metabolism;Cell shape;Cell wall biogenesis/degradation;Kinase;Nucleotide-binding;Peptidoglycan synthesis;Reference proteome;Transferase
Q9I5U3	surA PA0594	GO:0003755; GO:0006457; GO:0030288; GO:0042277; GO:0043165; GO:0050821; GO:0051082	Chaperone;Isomerase;Periplasm;Reference proteome;Repeat;Rotamase;Signal
Q9I5Y4	pgk PA0552	GO:0004618; GO:0005524; GO:0005829; GO:0006094; GO:0006096; GO:0043531	ATP-binding;Cytoplasm;Glycolysis;Kinase;Nucleotide-binding;Reference proteome;Transferase
Q9I676	dht PA0441	GO:0004157; GO:0005829; GO:0016812; GO:0046872; GO:0055086; GO:0072527	3D-structure;Hydrolase;Metal-binding;Reference proteome;Zinc
Q9I6B3	trmB PA0382	GO:0008176; GO:0030488; GO:0036265; GO:0043527	Methyltransferase;Reference proteome;S-adenosyl-L-methionine;Transferase;tRNA processing
Q9I6L0	cysA PA0280	GO:0005524; GO:0015419; GO:0016887; GO:0043190; GO:0102025; GO:1902358	ATP-binding;Cell inner membrane;Cell membrane;Membrane;Nucleotide-binding;Reference proteome;Sulfate transport;Translocase;Transport
Q9I6M5	davD PA0265	GO:0004777; GO:0005829; GO:0009450; GO:0019477; GO:0102810	NADP;Oxidoreductase;Reference proteome
Q9I719	cyoE1 PA0113	GO:0005886; GO:0006783; GO:0008495; GO:0048034	Cell inner membrane;Cell membrane;Heme biosynthesis;Membrane;Reference proteome;Transferase;Transmembrane;Transmembrane helix
Q9I7C5	dnaA PA0001	GO:0003688; GO:0005524; GO:0005737; GO:0005886; GO:0006260; GO:0006270; GO:0006275; GO:0008289	ATP-binding;Cytoplasm;DNA replication;DNA-binding;Lipid-binding;Nucleotide-binding;Reference proteome
O50174	astD aruD PA0898	GO:0006527; GO:0019544; GO:0019545; GO:0043824	3D-structure;Arginine metabolism;NAD;Oxidoreductase;Reference proteome
O50177	astE aruE PA0901	GO:0006527; GO:0008270; GO:0009017; GO:0016788; GO:0016811; GO:0019544; GO:0019545	Arginine metabolism;Hydrolase;Metal-binding;Reference proteome;Zinc
O50273	cysD PA4443	GO:0000103; GO:0004781; GO:0005524; GO:0009336; GO:0034599; GO:0070814	ATP-binding;Nucleotide-binding;Nucleotidyltransferase;Reference proteome;Transferase
O68283	eda PA3181	GO:0008675; GO:0009255; GO:0016832; GO:0106009	Carbohydrate metabolism;Lyase;Reference proteome;Schiff base
O87016	truA hisT PA3114	GO:0003723; GO:0009982; GO:0031119; GO:0160147	Isomerase;Reference proteome;tRNA processing
P19572	lysA PA5277	GO:0008836; GO:0009089; GO:0030170	Amino-acid biosynthesis;Decarboxylase;Lyase;Lysine biosynthesis;Pyridoxal phosphate;Reference proteome
P21627	braD PA1073	GO:0005304; GO:0005886; GO:0015188; GO:0015190; GO:0015192; GO:0015808; GO:0015823; GO:0042941; GO:1903785; GO:1903801; GO:1903806	Amino-acid transport;Cell inner membrane;Cell membrane;Membrane;Reference proteome;Transmembrane;Transmembrane helix;Transport
P27726	gap hexC PA3195	GO:0004365; GO:0005829; GO:0006006; GO:0006096; GO:0050661; GO:0051287	Cytoplasm;Glycolysis;NAD;Nucleotide-binding;Oxidoreductase;Reference proteome
P30417	fkl PA5254	GO:0003755; GO:0006457	Isomerase;Reference proteome;Rotamase
P38107	mucA PA0763	GO:0005886; GO:0016989; GO:0032885; GO:0042121	3D-structure;Alginate biosynthesis;Cell membrane;Membrane;Reference proteome;Transmembrane;Transmembrane helix
P45683	pcm PA3624	GO:0004719; GO:0005737; GO:0030091; GO:0032259	Cytoplasm;Methyltransferase;Reference proteome;S-adenosyl-L-methionine;Transferase
P53641	sodB PA4366	GO:0004784; GO:0005737; GO:0046914	Iron;Metal-binding;Oxidoreductase;Reference proteome
P55218	metZ PA3107	GO:0005737; GO:0009086; GO:0016765; GO:0016846; GO:0019346; GO:0030170; GO:0071266; GO:0071268	Amino-acid biosynthesis;Methionine biosynthesis;Pyridoxal phosphate;Reference proteome;Transferase
P57668	tpx PA2532	GO:0008379; GO:0034599; GO:0070301	Antioxidant;Disulfide bond;Oxidoreductase;Peroxidase;Redox-active center;Reference proteome
P57698	kdpB PA1634	GO:0000287; GO:0005524; GO:0005886; GO:0008556; GO:0016887; GO:0031004; GO:0071805; GO:1903103	ATP-binding;Cell inner membrane;Cell membrane;Ion transport;Magnesium;Membrane;Metal-binding;Nucleotide-binding;Phosphoprotein;Potassium;Potassium transport;Reference proteome;Translocase;Transmembrane;Transmembrane helix;Transport
P95413	nirL PA0514	GO:0003700; GO:0006355; GO:0006783; GO:0016829	Lyase;Reference proteome
P95415	nirH PA0512	GO:0006783; GO:0016829	Lyase;Reference proteome
Q01725	lifO lipB lipH PA2863	GO:0005886; GO:0006457; GO:0016042; GO:0051082	3D-structure;Cell inner membrane;Cell membrane;Chaperone;Lipid degradation;Lipid metabolism;Membrane;Reference proteome;Transmembrane;Transmembrane helix
Q06062	algF PA3550	GO:0042121; GO:0042597; GO:0051979	3D-structure;Alginate biosynthesis;Periplasm;Reference proteome;Signal
Q51342	purF PA3108	GO:0000287; GO:0004044; GO:0005737; GO:0006164; GO:0006189; GO:0009113	Glutamine amidotransferase;Glycosyltransferase;Magnesium;Metal-binding;Purine biosynthesis;Reference proteome;Transferase
Q51363	nadB PA0761	GO:0000166; GO:0005737; GO:0008734; GO:0034628	Cytoplasm;FAD;Flavoprotein;Nucleotide-binding;Oxidoreductase;Pyridine nucleotide biosynthesis;Reference proteome
Q51392	algI PA3548	GO:0005886; GO:0016746; GO:0042121; GO:0051979	Acyltransferase;Alginate biosynthesis;Cell inner membrane;Cell membrane;Membrane;Reference proteome;Transferase;Transmembrane;Transmembrane helix
Q51425	ruvA PA0966	GO:0000400; GO:0005524; GO:0005737; GO:0006281; GO:0006310; GO:0009378; GO:0009379; GO:0009432; GO:0048476	3D-structure;Cytoplasm;DNA damage;DNA recombination;DNA repair;DNA-binding;Reference proteome
Q51455	cheY PA1456	GO:0000160; GO:0005737; GO:0006935; GO:0046872; GO:0097588; GO:1900192	Chemotaxis;Cytoplasm;Flagellar rotation;Magnesium;Metal-binding;Phosphoprotein;Reference proteome;Two-component regulatory system
Q51546	pstB PA5366	GO:0005524; GO:0005886; GO:0015415; GO:0016887; GO:0022857; GO:0035435; GO:0055085	ATP-binding;Cell inner membrane;Cell membrane;Membrane;Nucleotide-binding;Phosphate transport;Reference proteome;Translocase;Transport
Q51575	xcpP PA3104	GO:0005886; GO:0015627; GO:0015628	Cell inner membrane;Cell membrane;Membrane;Protein transport;Reference proteome;Signal-anchor;Transmembrane;Transmembrane helix;Transport
Q60169	hemC PA5260	GO:0004418; GO:0005737; GO:0006782; GO:0006783	Porphyrin biosynthesis;Reference proteome;Transferase
Q9HT06	yidC PA5568	GO:0005886; GO:0015031; GO:0032977; GO:0051205	Cell inner membrane;Cell membrane;Chaperone;Membrane;Protein transport;Reference proteome;Transmembrane;Transmembrane helix;Transport
Q9HT15	atpE PA5559	GO:0005886; GO:0008289; GO:0015986; GO:0033177; GO:0045259; GO:0046933	ATP synthesis;Cell inner membrane;Cell membrane;CF(0);Hydrogen ion transport;Ion transport;Lipid-binding;Membrane;Reference proteome;Transmembrane;Transmembrane helix;Transport
Q9HT18	atpA PA5556	GO:0005524; GO:0005886; GO:0015986; GO:0043531; GO:0045259; GO:0046933	ATP synthesis;ATP-binding;Cell inner membrane;Cell membrane;CF(1);Hydrogen ion transport;Ion transport;Membrane;Nucleotide-binding;Reference proteome;Translocase;Transport
Q9HT21	atpC PA5553	GO:0005524; GO:0005886; GO:0015986; GO:0045259; GO:0046933	ATP synthesis;Cell inner membrane;Cell membrane;CF(1);Hydrogen ion transport;Ion transport;Membrane;Reference proteome;Transport
Q9HT57	pdxY PA5516	GO:0000287; GO:0005524; GO:0005829; GO:0008478; GO:0009443	3D-structure;ATP-binding;Kinase;Magnesium;Nucleotide-binding;Reference proteome;Transferase
Q9HT70	metN2 PA5503	GO:0005524; GO:0005886; GO:0015191; GO:0016887; GO:0033232; GO:0042626; GO:0048473	Amino-acid transport;ATP-binding;Cell inner membrane;Cell membrane;Membrane;Nucleotide-binding;Reference proteome;Translocase;Transport
Q9HTE3	fdhA PA5421	GO:0008270; GO:0018467; GO:0140087	Metal-binding;NAD;Oxidoreductase;Reference proteome;Zinc
Q9HTE9	glyA1 PA5415	GO:0004372; GO:0005829; GO:0019264; GO:0030170; GO:0035999; GO:0046653	Amino-acid biosynthesis;Cytoplasm;One-carbon metabolism;Pyridoxal phosphate;Reference proteome;Transferase
Q9HU16	dctM PA5169	GO:0005886; GO:0015740; GO:0022857	Cell inner membrane;Cell membrane;Membrane;Reference proteome;Transmembrane;Transmembrane helix;Transport
Q9HU20	dctB PA5165	GO:0000155; GO:0005524; GO:0005886; GO:0007165; GO:0032892	ATP-binding;Cell inner membrane;Cell membrane;Coiled coil;Kinase;Membrane;Nucleotide-binding;Phosphoprotein;Reference proteome;Transferase;Transmembrane;Transmembrane helix;Two-component regulatory system
Q9HU53	gpmI pgm PA5131	GO:0004619; GO:0005829; GO:0005975; GO:0006007; GO:0006096; GO:0030145	Glycolysis;Isomerase;Manganese;Metal-binding;Reference proteome
Q9HU91	hutI PA5092	GO:0005506; GO:0005737; GO:0006548; GO:0008270; GO:0019556; GO:0019557; GO:0050480	Cytoplasm;Histidine metabolism;Hydrolase;Iron;Metal-binding;Reference proteome;Zinc
Q9HU92	hutG PA5091	GO:0006548; GO:0019556; GO:0019557; GO:0050129	Direct protein sequencing;Histidine metabolism;Hydrolase;Reference proteome
Q9HU93	vgrG5 PA5090	GO:0005576; GO:0033103; GO:0033104	Reference proteome;Secreted
Q9HUF1	msrA PA5018	GO:0005737; GO:0008113; GO:0033744; GO:0034599; GO:1901530	Oxidoreductase;Reference proteome
Q9HUJ2	thiC PA4973	GO:0005829; GO:0008270; GO:0009228; GO:0009229; GO:0051539; GO:0070284	4Fe-4S;Iron;Iron-sulfur;Lyase;Metal-binding;Reference proteome;S-adenosyl-L-methionine;Thiamine biosynthesis;Zinc
Q9HUU5	ureC PA4868	GO:0005737; GO:0009039; GO:0016151; GO:0043419	Cytoplasm;Hydrolase;Metal-binding;Nickel;Reference proteome
Q9HV32	pmrA PA4776	GO:0000156; GO:0000160; GO:0000976; GO:0005829; GO:0006351; GO:0006355; GO:0032993	Cytoplasm;DNA-binding;Phosphoprotein;Reference proteome;Transcription;Transcription regulation;Two-component regulatory system
Q9HV44	dnaJ PA4760	GO:0005524; GO:0005737; GO:0006260; GO:0008270; GO:0009408; GO:0031072; GO:0042026; GO:0051082	Chaperone;Cytoplasm;DNA replication;Metal-binding;Reference proteome;Repeat;Stress response;Zinc;Zinc-finger
Q9HV64	epaF PA4735	GO:0005886; GO:0090313	Cell inner membrane;Cell membrane;Lipid transport;Membrane;Reference proteome;Signal-anchor;Transmembrane;Transmembrane helix;Transport
Q9HV67	pgi PA4732	GO:0004347; GO:0005829; GO:0006094; GO:0006096; GO:0048029; GO:0051156; GO:0097367	Cytoplasm;Gluconeogenesis;Glycolysis;Isomerase;Reference proteome
Q9HV68	panD PA4731	GO:0004068; GO:0005829; GO:0006523; GO:0015940	Autocatalytic cleavage;Cytoplasm;Decarboxylase;Lyase;Pantothenate biosynthesis;Pyruvate;Reference proteome;Schiff base;Zymogen
Q9HV70	panB2 PA4729	GO:0000287; GO:0003864; GO:0005737; GO:0015940	Cytoplasm;Magnesium;Metal-binding;Pantothenate biosynthesis;Reference proteome;Transferase
Q9HVA4	msrP PA4692	GO:0016491; GO:0016672; GO:0030091; GO:0042597; GO:0043546; GO:0046872	Metal-binding;Molybdenum;Oxidoreductase;Periplasm;Reference proteome;Signal
Q9HVD0	murI PA4662	GO:0008360; GO:0008881; GO:0009252; GO:0071555	Cell shape;Cell wall biogenesis/degradation;Isomerase;Peptidoglycan synthesis;Reference proteome
Q9HVE6	upp PA4646	GO:0000287; GO:0004845; GO:0005525; GO:0005737; GO:0005829; GO:0006223; GO:0044206	Allosteric enzyme;Glycosyltransferase;GTP-binding;Magnesium;Nucleotide-binding;Reference proteome;Transferase
Q9HVM4	ileS PA4560	GO:0000049; GO:0002161; GO:0004822; GO:0005524; GO:0005829; GO:0006428; GO:0008270	Aminoacyl-tRNA synthetase;ATP-binding;Cytoplasm;Ligase;Metal-binding;Nucleotide-binding;Protein biosynthesis;Reference proteome;Zinc
Q9HVN5	clpB PA4542	GO:0005524; GO:0005737; GO:0005829; GO:0016887; GO:0034605; GO:0042026; GO:0042802	ATP-binding;Chaperone;Coiled coil;Cytoplasm;Nucleotide-binding;Reference proteome;Repeat;Stress response
Q9HVT9	gatC PA4482	GO:0005524; GO:0006412; GO:0006450; GO:0050566; GO:0050567; GO:0070681	3D-structure;ATP-binding;Ligase;Nucleotide-binding;Protein biosynthesis;Reference proteome
Q9HW09	panE PA4397	GO:0005737; GO:0008677; GO:0015940; GO:0050661	3D-structure;Cytoplasm;NADP;Oxidoreductase;Pantothenate biosynthesis;Reference proteome
Q9HWH8	nmoR PA4203	GO:0000976; GO:0003700; GO:0006351; GO:0006355	DNA-binding;Reference proteome;Repressor;Transcription;Transcription regulation
Q9HX79	tauB PA3937	GO:0005524; GO:0005886; GO:0015411; GO:0016887	ATP-binding;Cell inner membrane;Cell membrane;Membrane;Nucleotide-binding;Reference proteome;Translocase;Transport
Q9HXD6	moaA1 moaA PA3870	GO:0005525; GO:0006777; GO:0046872; GO:0051539; GO:0061798; GO:0061799; GO:1904047	4Fe-4S;GTP-binding;Iron;Iron-sulfur;Lyase;Metal-binding;Molybdenum cofactor biosynthesis;Nucleotide-binding;Reference proteome;S-adenosyl-L-methionine
Q9HXH0	valS PA3834	GO:0002161; GO:0004832; GO:0005524; GO:0005829; GO:0006438	3D-structure;Aminoacyl-tRNA synthetase;ATP-binding;Coiled coil;Cytoplasm;Ligase;Nucleotide-binding;Protein biosynthesis;Reference proteome
Q9HXH9	tgt PA3823	GO:0002099; GO:0005737; GO:0005829; GO:0008479; GO:0008616; GO:0046872	Glycosyltransferase;Metal-binding;Queuosine biosynthesis;Reference proteome;Transferase;tRNA processing;Zinc
Q9HY19	potA2 PA3607	GO:0005524; GO:0005886; GO:0015417; GO:0015847; GO:0016887; GO:0043190	ATP-binding;Cell inner membrane;Cell membrane;Membrane;Nucleotide-binding;Reference proteome;Translocase;Transport
Q9HY62	arnD PA3555	GO:0009103; GO:0009245; GO:0016020; GO:0016811; GO:0036108; GO:0046677	Antibiotic resistance;Hydrolase;Lipid A biosynthesis;Lipid biosynthesis;Lipid metabolism;Lipopolysaccharide biosynthesis;Reference proteome
Q9HYD5	maeA PA3471	GO:0004470; GO:0004471; GO:0005829; GO:0006108; GO:0008948; GO:0046872; GO:0051287	Metal-binding;NAD;Oxidoreductase;Reference proteome
Q9HYF0	mnmC PA3456	GO:0002098; GO:0004808; GO:0005737; GO:0016645; GO:0032259; GO:0050660	Cytoplasm;FAD;Flavoprotein;Methyltransferase;Multifunctional enzyme;Oxidoreductase;Reference proteome;S-adenosyl-L-methionine;Transferase;tRNA processing
Q9HYG4	ssuB1 PA3442	GO:0005524; GO:0005886; GO:0016887; GO:0042918	ATP-binding;Cell inner membrane;Cell membrane;Membrane;Nucleotide-binding;Reference proteome;Translocase;Transport
Q9HYQ8	hldD rfaD PA3337	GO:0008712; GO:0009244; GO:0050661; GO:0097171	Carbohydrate metabolism;Isomerase;NADP;Reference proteome
Q9HYR2	fabH PA3333	GO:0004315; GO:0005737; GO:0006633; GO:0033818; GO:0044550	3D-structure;Acyltransferase;Cytoplasm;Fatty acid biosynthesis;Fatty acid metabolism;Lipid biosynthesis;Lipid metabolism;Multifunctional enzyme;Reference proteome;Transferase
Q9HYV7	PA3286	GO:0004315; GO:0006633; GO:0042758; GO:0044550; GO:0061990	Acyltransferase;Reference proteome;Transferase
Q9HYZ7	minC PA3243	GO:0000902; GO:0000918; GO:0004857; GO:0005829; GO:0007105; GO:0051302; GO:0060187; GO:1901891	3D-structure;Cell cycle;Cell division;Reference proteome;Septation
Q9HZ55	rluB PA3179	GO:0000455; GO:0003723; GO:0005829; GO:0160139	Isomerase;Reference proteome;RNA-binding;rRNA processing
Q9HZ66	serC PA3167	GO:0004648; GO:0005737; GO:0006564; GO:0008615; GO:0030170	3D-structure;Amino-acid biosynthesis;Aminotransferase;Cytoplasm;Pyridoxal phosphate;Pyridoxine biosynthesis;Reference proteome;Serine biosynthesis;Transferase
Q9HZI3	PA3023	GO:0000287; GO:0001727; GO:0005524; GO:0005737; GO:0006665; GO:0008654; GO:0016020	ATP-binding;Cytoplasm;Kinase;Lipid biosynthesis;Lipid metabolism;Magnesium;Metal-binding;Nucleotide-binding;Phospholipid biosynthesis;Phospholipid metabolism;Reference proteome;Transferase
Q9HZJ8	sulA PA3008	GO:0000917; GO:0006281; GO:0009432; GO:0051782	3D-structure;Cell cycle;Cell division;DNA damage;Reference proteome;Septation;SOS response
Q9HZM3	lpxK PA2981	GO:0005524; GO:0005886; GO:0009029; GO:0009244; GO:0009245	ATP-binding;Kinase;Lipid A biosynthesis;Lipid biosynthesis;Lipid metabolism;Nucleotide-binding;Reference proteome;Transferase
Q9HZM5	kdsB PA2979	GO:0005829; GO:0008690; GO:0019294; GO:0033468	3D-structure;Cytoplasm;Lipopolysaccharide biosynthesis;Nucleotidyltransferase;Reference proteome;Transferase
Q9HZN5	plsX PA2969	GO:0005737; GO:0006633; GO:0008654; GO:0043811	Cytoplasm;Lipid biosynthesis;Lipid metabolism;Phospholipid biosynthesis;Phospholipid metabolism;Reference proteome;Transferase
Q9HZN8	tmk PA2962	GO:0004798; GO:0005524; GO:0005737; GO:0005829; GO:0006227; GO:0006233; GO:0006235	3D-structure;ATP-binding;Kinase;Nucleotide biosynthesis;Nucleotide-binding;Reference proteome;Transferase
Q9HZQ3	cobN PA2944	GO:0005524; GO:0005737; GO:0006779; GO:0009236; GO:0051116	ATP-binding;Cobalamin biosynthesis;Cytoplasm;Ligase;Nucleotide-binding;Porphyrin biosynthesis;Reference proteome
Q9HZZ2	efp PA2851	GO:0003746; GO:0005737; GO:0005829; GO:0043043	3D-structure;Cytoplasm;Elongation factor;Glycoprotein;Protein biosynthesis;Reference proteome
Q9I0A3	pheS PA2740	GO:0000049; GO:0000287; GO:0004826; GO:0005524; GO:0005737; GO:0006432	3D-structure;Aminoacyl-tRNA synthetase;ATP-binding;Cytoplasm;Ligase;Magnesium;Metal-binding;Nucleotide-binding;Protein biosynthesis;Reference proteome
Q9I0F4	tse5 PA2684	GO:0033103; GO:0097351	3D-structure;Reference proteome;Virulence
Q9I0I2	carS PA2656	GO:0000155; GO:0000160; GO:0005524; GO:0005886	ATP-binding;Kinase;Membrane;Nucleotide-binding;Phosphoprotein;Reference proteome;Signal;Transferase;Transmembrane;Transmembrane helix;Two-component regulatory system
Q9I0I9	nuoN PA2649	GO:0005886; GO:0008137; GO:0022904; GO:0042773; GO:0045271; GO:0048038; GO:0050136; GO:0071236	Cell inner membrane;Cell membrane;Membrane;NAD;Quinone;Reference proteome;Translocase;Transmembrane;Transmembrane helix;Transport;Ubiquinone
Q9I0J2	nuoK PA2646	GO:0005886; GO:0030964; GO:0042773; GO:0048038; GO:0050136	Cell inner membrane;Cell membrane;Membrane;NAD;Quinone;Reference proteome;Translocase;Transmembrane;Transmembrane helix;Transport;Ubiquinone
Q9I0K0	nuoB PA2638	GO:0005506; GO:0005886; GO:0008137; GO:0009060; GO:0015990; GO:0045271; GO:0048038; GO:0050136; GO:0051539	4Fe-4S;Cell inner membrane;Cell membrane;Iron;Iron-sulfur;Membrane;Metal-binding;NAD;Quinone;Reference proteome;Translocase;Transport;Ubiquinone
Q9I0M6	serS PA2612	GO:0004828; GO:0005524; GO:0005829; GO:0006434; GO:0016260	3D-structure;Aminoacyl-tRNA synthetase;ATP-binding;Cytoplasm;Ligase;Nucleotide-binding;Protein biosynthesis;Reference proteome
Q9I1C2	msuD PA2356	GO:0008726; GO:0046306	Flavoprotein;FMN;Monooxygenase;Oxidoreductase;Reference proteome
Q9I1F6	gntR PA2320	GO:0000976; GO:0003700; GO:0006351; GO:0006355; GO:0010906	DNA-binding;Reference proteome;Repressor;Transcription;Transcription regulation
Q9I1M1	bkdA2 PA2248	GO:0003863; GO:0007584; GO:0009083	Oxidoreductase;Reference proteome;Thiamine pyrophosphate
Q9I1P2	vqsM PA2227	GO:0000976; GO:0001216; GO:0003700; GO:0006351; GO:0009372; GO:0032993; GO:0045893	Activator;DNA-binding;Quorum sensing;Reference proteome;Repressor;Transcription;Transcription regulation
Q9I1S2	hcnB PA2194	GO:0005886; GO:0016491; GO:0050622	Cell membrane;Membrane;Oxidoreductase;Reference proteome
Q9I1W8	katE PA2147	GO:0004096; GO:0005829; GO:0006979; GO:0020037; GO:0042744; GO:0046872	Cytoplasm;Heme;Hydrogen peroxide;Iron;Metal-binding;Oxidoreductase;Peroxidase;Reference proteome
Q9I2E8	fapA PA1956	GO:0042597; GO:1990000	Chaperone;Periplasm;Reference proteome;Signal
Q9I2Q2	metH PA1843	GO:0005829; GO:0008270; GO:0008705; GO:0009086; GO:0031419; GO:0032259; GO:0046653; GO:0050667	Amino-acid biosynthesis;Cobalamin;Cobalt;Metal-binding;Methionine biosynthesis;Methyltransferase;Reference proteome;Repeat;S-adenosyl-L-methionine;Transferase;Zinc
Q9I382	selU PA1643	GO:0002098; GO:0016765; GO:0043828	Reference proteome;Selenium;Transferase
Q9I398	PA1624	GO:0042597	3D-structure;Disulfide bond;Periplasm;Reference proteome;Signal
Q9I3D2	sucB PA1586	GO:0004149; GO:0005829; GO:0006099; GO:0033512; GO:0045252	Acyltransferase;Lipoyl;Reference proteome;Transferase;Tricarboxylic acid cycle
Q9I3F4	rlmM PA1563	GO:0005737; GO:0006364; GO:0070677	Cytoplasm;Methyltransferase;Reference proteome;rRNA processing;S-adenosyl-L-methionine;Transferase
Q9I3I4	ligA PA1529	GO:0003911; GO:0005829; GO:0006260; GO:0006281; GO:0046872	DNA damage;DNA repair;DNA replication;Ligase;Magnesium;Manganese;Metal-binding;NAD;Reference proteome;Zinc
Q9I3J9	allA PA1514	GO:0000256; GO:0004848; GO:0006145; GO:0050385	Lyase;Purine metabolism;Reference proteome
Q9I3N3	ccmE cycJ PA1479	GO:0005886; GO:0017003; GO:0017004; GO:0020037; GO:0046872; GO:1903607	Cell inner membrane;Cell membrane;Cytochrome c-type biogenesis;Heme;Iron;Membrane;Metal-binding;Reference proteome;Signal-anchor;Transmembrane;Transmembrane helix
Q9I3Y3	pmpM norM PA1361	GO:0005886; GO:0006811; GO:0015297; GO:0016020; GO:0042910; GO:0046677; GO:0098567	Antibiotic resistance;Antiport;Cell inner membrane;Cell membrane;Ion transport;Membrane;Reference proteome;Transmembrane;Transmembrane helix;Transport
Q9I402	PA1342	GO:0005576; GO:0005615; GO:0006865; GO:0030288; GO:0042940	Amino-acid transport;Periplasm;Reference proteome;Signal;Transport
Q9I423	cyoE2 PA1321	GO:0005886; GO:0008495; GO:0048034; GO:0071281	Cell inner membrane;Cell membrane;Heme biosynthesis;Membrane;Reference proteome;Transferase;Transmembrane;Transmembrane helix
Q9I452	sseA PA1292	GO:0005737; GO:0016783; GO:0016784	Cytoplasm;Reference proteome;Repeat;Transferase
Q9I4E1	cobB2 PA1197	GO:0003950; GO:0005737; GO:0034979; GO:0046872; GO:0070403	Cytoplasm;Metal-binding;NAD;Reference proteome;Transferase;Zinc
Q9I4L0	cobB1 PA1125	GO:0005737; GO:0008270; GO:0017136; GO:0036054; GO:0036055; GO:0070403	Cytoplasm;Metal-binding;NAD;Reference proteome;Transferase;Zinc
Q9I587	fumC1 PA0854	GO:0004333; GO:0005737; GO:0006099; GO:0006106; GO:0006108	Cytoplasm;Lyase;Reference proteome;Tricarboxylic acid cycle
Q9I5V6	plsY PA0581	GO:0005886; GO:0008654; GO:0043772	Cell inner membrane;Cell membrane;Lipid biosynthesis;Lipid metabolism;Membrane;Phospholipid biosynthesis;Phospholipid metabolism;Reference proteome;Transferase;Transmembrane;Transmembrane helix
Q9I618	bioB PA0500	GO:0004076; GO:0005506; GO:0009102; GO:0051537; GO:0051539	2Fe-2S;4Fe-4S;Biotin biosynthesis;Iron;Iron-sulfur;Metal-binding;Reference proteome;S-adenosyl-L-methionine;Transferase
Q9I636	glcB PA0482	GO:0000287; GO:0004474; GO:0005829; GO:0006097; GO:0006099; GO:0009436	3D-structure;Cytoplasm;Glyoxylate bypass;Magnesium;Metal-binding;Oxidation;Reference proteome;Transferase;Tricarboxylic acid cycle
Q9I6B4	thiG PA0381	GO:0005737; GO:0009228; GO:0009229; GO:1902508; GO:1990107	3D-structure;Cytoplasm;Reference proteome;Schiff base;Thiamine biosynthesis;Transferase
Q9I6F1	thyA PA0342	GO:0004799; GO:0005829; GO:0006231; GO:0006235; GO:0032259	Cytoplasm;Methyltransferase;Nucleotide biosynthesis;Reference proteome;Transferase
Q9I6N0	tla3 PA0259	GO:0005737; GO:0042802	3D-structure;Cytoplasm;Reference proteome
Q9I6P3	aroQ2 PA0245	GO:0003855; GO:0008652; GO:0009073; GO:0009423; GO:0019631	Amino-acid biosynthesis;Aromatic amino acid biosynthesis;Lyase;Reference proteome
Q9I6Z2	ahpF PA0140	GO:0000302; GO:0004791; GO:0005829; GO:0032991; GO:0045454; GO:0050660; GO:0051287; GO:0102039	Disulfide bond;FAD;Flavoprotein;NAD;NADP;Oxidoreductase;Redox-active center;Reference proteome
Q9I703	bauD gabP PA0129	GO:0005886; GO:0015185; GO:0015291; GO:0019483	Amino-acid transport;Membrane;Reference proteome;Transmembrane;Transmembrane helix;Transport
Q9I745	tssE1 PA0087	GO:0005737	Cytoplasm;Reference proteome
Q9KGU7	dxs PA4044	GO:0000287; GO:0005829; GO:0008661; GO:0009228; GO:0016114; GO:0019288; GO:0030976	Isoprene biosynthesis;Magnesium;Metal-binding;Reference proteome;Thiamine biosynthesis;Thiamine pyrophosphate;Transferase
Q9LCT3	secA PA4403	GO:0005524; GO:0005737; GO:0005886; GO:0006605; GO:0008564; GO:0017038; GO:0031522; GO:0043952; GO:0046872; GO:0065002	ATP-binding;Cell inner membrane;Cell membrane;Cytoplasm;Membrane;Metal-binding;Nucleotide-binding;Protein transport;Reference proteome;Translocase;Translocation;Transport;Zinc
Q9LCT6	ddlB PA4410	GO:0005524; GO:0005829; GO:0008360; GO:0008716; GO:0009252; GO:0046872; GO:0071555	3D-structure;ATP-binding;Cell shape;Cell wall biogenesis/degradation;Cytoplasm;Ligase;Magnesium;Manganese;Metal-binding;Nucleotide-binding;Peptidoglycan synthesis;Reference proteome
Q9X6P4	lpxA PA3644	GO:0005829; GO:0008780; GO:0009103; GO:0009245; GO:0016020	Acyltransferase;Cytoplasm;Lipid A biosynthesis;Lipid biosynthesis;Lipid metabolism;Reference proteome;Repeat;Transferase
G3XD29	nhaP PA3887	GO:0005886; GO:0015385; GO:0015386; GO:0051453; GO:0071805; GO:0098719	Antiport;Cell inner membrane;Cell membrane;Ion transport;Membrane;Reference proteome;Sodium;Sodium transport;Transmembrane;Transmembrane helix;Transport
O52760	rpoA PA4238	GO:0000428; GO:0003677; GO:0003899; GO:0005737; GO:0006351; GO:0046983	3D-structure;DNA-directed RNA polymerase;Nucleotidyltransferase;Reference proteome;Transcription;Transferase
O68799	mobA PA3030	GO:0005525; GO:0005737; GO:0016779; GO:0046872; GO:0061603; GO:1902758	Cytoplasm;GTP-binding;Magnesium;Metal-binding;Molybdenum cofactor biosynthesis;Nucleotide-binding;Reference proteome;Transferase
O69077	lysC PA0904	GO:0004072; GO:0005524; GO:0005829; GO:0009088; GO:0009089; GO:0009090; GO:0019877	3D-structure;Amino-acid biosynthesis;ATP-binding;Diaminopimelate biosynthesis;Kinase;Lysine biosynthesis;Nucleotide-binding;Reference proteome;Repeat;Transferase
O69754	phzF1 phzF PA1904; phzF2 PA4215	GO:0002047; GO:0102943	3D-structure;Antibiotic biosynthesis;Isomerase;Reference proteome
P00106	cc4 PA5490	GO:0004129; GO:0005506; GO:0020037; GO:0042597	3D-structure;Direct protein sequencing;Electron transport;Heme;Iron;Metal-binding;Periplasm;Reference proteome;Signal;Transport
P08280	recA PA3617	GO:0003684; GO:0003697; GO:0005524; GO:0005737; GO:0006281; GO:0006310; GO:0009432; GO:0140664	3D-structure;ATP-binding;Cytoplasm;DNA damage;DNA recombination;DNA repair;DNA-binding;Nucleotide-binding;Reference proteome;SOS response
P15275	algQ algR2 PA5255	GO:0006351; GO:0006355; GO:0042121; GO:0045861; GO:1900192; GO:1900378	Activator;Alginate biosynthesis;Reference proteome;Transcription;Transcription regulation
P15276	algP algR3 PA5253	GO:0003677; GO:0006351; GO:0006355; GO:0042121; GO:1900190	Activator;Alginate biosynthesis;DNA-binding;Reference proteome;Repeat;Transcription;Transcription regulation
P19072	braB PA1590	GO:0005304; GO:0005886; GO:0015188; GO:0015190; GO:0015803; GO:0015818; GO:0015820; GO:0015829	Amino-acid transport;Cell inner membrane;Cell membrane;Membrane;Reference proteome;Transmembrane;Transmembrane helix;Transport
P28811	mmsB PA3569	GO:0006574; GO:0008442; GO:0016616; GO:0050661; GO:0051287	Branched-chain amino acid catabolism;NAD;Oxidoreductase;Reference proteome
P29369	agmR glpR PA1978	GO:0000160; GO:0003677; GO:0006071; GO:0006351; GO:0006355	Activator;DNA-binding;Glycerol metabolism;Phosphoprotein;Reference proteome;Transcription;Transcription regulation;Two-component regulatory system
P31961	edd PA3194	GO:0004456; GO:0005829; GO:0009255; GO:0019521; GO:0046872; GO:0051539	4Fe-4S;Carbohydrate metabolism;Gluconate utilization;Iron;Iron-sulfur;Lyase;Metal-binding;Reference proteome
P42807	hemA PA4666	GO:0008883; GO:0019353; GO:0050661	NADP;Oxidoreductase;Porphyrin biosynthesis;Reference proteome
P43334	phhA PA0872	GO:0004497; GO:0004505; GO:0005506; GO:0006559	Iron;Metal-binding;Monooxygenase;Oxidoreductase;Phenylalanine catabolism;Reference proteome
P46384	pilG PA0408	GO:0000156; GO:0000160	Phosphoprotein;Reference proteome;Two-component regulatory system
P47204	ftsZ PA4407	GO:0000917; GO:0003924; GO:0005525; GO:0005737; GO:0032153; GO:0043093; GO:0051258; GO:0051301	3D-structure;Cell cycle;Cell division;Cytoplasm;GTP-binding;Nucleotide-binding;Reference proteome;Septation
P48247	hemL PA3977	GO:0005737; GO:0006782; GO:0030170; GO:0042286	3D-structure;Cytoplasm;Isomerase;Porphyrin biosynthesis;Pyridoxal phosphate;Reference proteome
P48372	gyrA PA3168	GO:0003677; GO:0005524; GO:0005694; GO:0005737; GO:0006261; GO:0006265; GO:0009330; GO:0034335	ATP-binding;Cytoplasm;DNA-binding;Isomerase;Nucleotide-binding;Reference proteome;Topoisomerase
P50587	pyrE PA5331	GO:0000287; GO:0004588; GO:0005737; GO:0006207; GO:0006221; GO:0044205; GO:0046132	Glycosyltransferase;Magnesium;Pyrimidine biosynthesis;Reference proteome;Transferase
P72151	fliC PA1092	GO:0005198; GO:0005576; GO:0009288; GO:0071973	3D-structure;Bacterial flagellum;Phosphoprotein;Reference proteome;Secreted
P95414	nirG PA0513	GO:0003700; GO:0006355; GO:0006783; GO:0016829	Lyase;Reference proteome
Q51434	cheZ PA1457	GO:0004721; GO:0005737; GO:0006935; GO:0009288; GO:0050920; GO:0071978	Chemotaxis;Cytoplasm;Flagellar rotation;Hydrolase;Protein phosphatase;Reference proteome
Q51473	ihfB himD PA3161	GO:0003677; GO:0005694; GO:0005829; GO:0006310; GO:0006351; GO:0006355; GO:0006417; GO:0030527	DNA recombination;DNA-binding;Reference proteome;Transcription;Transcription regulation;Translation regulation
Q51506	soxR PA2273	GO:0003677; GO:0003700; GO:0006351; GO:0006355; GO:0006979; GO:0046872; GO:0051537	2Fe-2S;Activator;DNA-binding;Iron;Iron-sulfur;Metal-binding;Reference proteome;Transcription;Transcription regulation
Q51553	phaG qin PA0730	GO:0009102; GO:0016740; GO:0090499	Reference proteome;Transferase
Q51561	rpoB PA4270	GO:0000345; GO:0003677; GO:0003899; GO:0006352; GO:0006354; GO:0032549	3D-structure;DNA-directed RNA polymerase;Nucleotidyltransferase;Reference proteome;Transcription;Transferase
Q51564	dapF PA5278	GO:0005829; GO:0008837; GO:0009089	3D-structure;Amino-acid biosynthesis;Cytoplasm;Isomerase;Lysine biosynthesis;Reference proteome
Q52463	alg8 PA3541	GO:0000271; GO:0005886; GO:0030213; GO:0042121; GO:0047643; GO:0050501; GO:0085029	Alginate biosynthesis;Cell membrane;Glycosyltransferase;Membrane;Reference proteome;Transferase;Transmembrane;Transmembrane helix
Q59653	pyrB PA0402	GO:0004070; GO:0006207; GO:0006520; GO:0016597; GO:0044205	Pyrimidine biosynthesis;Reference proteome;Transferase
Q9HT07	mnmE trmE PA5567	GO:0002098; GO:0003924; GO:0005525; GO:0005737; GO:0005829; GO:0030488; GO:0046872	Cytoplasm;GTP-binding;Hydrolase;Magnesium;Metal-binding;Nucleotide-binding;Potassium;Reference proteome;tRNA processing
Q9HT20	atpD PA5554	GO:0005524; GO:0005886; GO:0045259; GO:0046933	ATP synthesis;ATP-binding;Cell inner membrane;Cell membrane;CF(1);Hydrogen ion transport;Ion transport;Membrane;Nucleotide-binding;Reference proteome;Translocase;Transport
Q9HTH7	cdhC PA5387	GO:0042413; GO:0043720; GO:0046872	Metal-binding;Reference proteome;Transferase;Zinc
Q9HTH9	cdhB PA5385	GO:0042413; GO:0047617	Hydrolase;Reference proteome
Q9HTZ7	pckA PA5192	GO:0004612; GO:0005524; GO:0005829; GO:0006094; GO:0046872	ATP-binding;Cytoplasm;Decarboxylase;Gluconeogenesis;Lyase;Manganese;Metal-binding;Nucleotide-binding;Reference proteome
Q9HU83	hutU PA5100	GO:0005737; GO:0006548; GO:0016153; GO:0019556; GO:0019557	Cytoplasm;Direct protein sequencing;Histidine metabolism;Lyase;NAD;Reference proteome
Q9HUB8	ubiB PA5065	GO:0004672; GO:0005524; GO:0005886; GO:0006744; GO:0010795	ATP-binding;Cell inner membrane;Cell membrane;Kinase;Membrane;Nucleotide-binding;Reference proteome;Transferase;Transmembrane;Transmembrane helix;Ubiquinone biosynthesis
Q9HUF5	waaC rfaC PA5011	GO:0005829; GO:0005886; GO:0008713; GO:0009244; GO:0071968	Cell inner membrane;Cell membrane;Glycosyltransferase;Lipopolysaccharide biosynthesis;Membrane;Reference proteome;Transferase
Q9HUI2	aruR PA4983	GO:0000156; GO:0000976; GO:0005829; GO:0006351; GO:0006355; GO:0006527; GO:0032993	Cytoplasm;DNA-binding;Phosphoprotein;Reference proteome;Transcription;Transcription regulation;Two-component regulatory system
Q9HUK8	psd PA4957	GO:0004609; GO:0005886; GO:0006646	Cell membrane;Decarboxylase;Lipid biosynthesis;Lipid metabolism;Lyase;Membrane;Phospholipid biosynthesis;Phospholipid metabolism;Pyruvate;Reference proteome;Zymogen
Q9HUL3	rsgA PA4952	GO:0000028; GO:0003924; GO:0005525; GO:0005737; GO:0019843; GO:0046872	3D-structure;Cytoplasm;GTP-binding;Hydrolase;Metal-binding;Nucleotide-binding;Reference proteome;Ribosome biogenesis;RNA-binding;rRNA-binding;Zinc
Q9HUP3	nadE PA4920	GO:0003952; GO:0004359; GO:0005524; GO:0005737; GO:0008795; GO:0009435; GO:0046872	3D-structure;ATP-binding;Ligase;Magnesium;Metal-binding;NAD;Nucleotide-binding;Reference proteome
Q9HUW6	ctpL PA4844	GO:0004888; GO:0005886; GO:0006935; GO:0007165; GO:0010247; GO:0050918	Cell inner membrane;Cell membrane;Chemotaxis;Membrane;Methylation;Reference proteome;Transducer;Transmembrane;Transmembrane helix
Q9HV31	pmrB PA4777	GO:0000155; GO:0000160; GO:0005524; GO:0005886	ATP-binding;Kinase;Membrane;Nucleotide-binding;Phosphoprotein;Reference proteome;Transferase;Transmembrane;Transmembrane helix;Two-component regulatory system
Q9HV42	grpE PA4762	GO:0000774; GO:0005829; GO:0006457; GO:0042803; GO:0051082; GO:0051087	Chaperone;Cytoplasm;Reference proteome;Stress response
Q9HV59	pnp PA4740	GO:0000175; GO:0000287; GO:0003723; GO:0004654; GO:0005829; GO:0006396; GO:0006401; GO:0006402	3D-structure;Cytoplasm;Magnesium;Metal-binding;Nucleotidyltransferase;Reference proteome;RNA-binding;Transferase
Q9HV66	acsA2 acsB PA4733	GO:0003987; GO:0005524; GO:0005829; GO:0006085; GO:0016208; GO:0019427; GO:0046872	Acetylation;ATP-binding;Ligase;Magnesium;Metal-binding;Nucleotide-binding;Reference proteome
Q9HVM7	ispH lytB PA4557	GO:0005829; GO:0016114; GO:0019288; GO:0046872; GO:0050992; GO:0051539; GO:0051745	4Fe-4S;Iron;Iron-sulfur;Isoprene biosynthesis;Metal-binding;Oxidoreductase;Reference proteome
Q9HVU3	PA4478	GO:0005737; GO:0009117; GO:0036218; GO:0036221; GO:0047429	Cytoplasm;Hydrolase;Nucleotide metabolism;Reference proteome
Q9HVW9	hisD PA4448	GO:0000105; GO:0004399; GO:0005737; GO:0005829; GO:0008270; GO:0051287	3D-structure;Amino-acid biosynthesis;Histidine biosynthesis;Metal-binding;NAD;Oxidoreductase;Reference proteome;Zinc
Q9HVX6	trpS PA4439	GO:0004830; GO:0005524; GO:0005829; GO:0006436	Aminoacyl-tRNA synthetase;ATP-binding;Cytoplasm;Ligase;Nucleotide-binding;Protein biosynthesis;Reference proteome
Q9HVZ8	mraY PA4415	GO:0005886; GO:0008360; GO:0008963; GO:0009252; GO:0044038; GO:0046872; GO:0051301; GO:0051992; GO:0071555	Cell cycle;Cell division;Cell inner membrane;Cell membrane;Cell shape;Cell wall biogenesis/degradation;Magnesium;Membrane;Metal-binding;Peptidoglycan synthesis;Reference proteome;Transferase;Transmembrane;Transmembrane helix
Q9HW01	murG PA4412	GO:0005886; GO:0005975; GO:0008360; GO:0009252; GO:0050511; GO:0051301; GO:0051991; GO:0071555	3D-structure;Cell cycle;Cell division;Cell inner membrane;Cell membrane;Cell shape;Cell wall biogenesis/degradation;Glycosyltransferase;Membrane;Peptidoglycan synthesis;Reference proteome;Transferase
Q9HW19	fluC crcB PA4383	GO:0005886; GO:0046872; GO:0062054; GO:0140114; GO:1903424; GO:1903425	Cell inner membrane;Cell membrane;Ion channel;Ion transport;Membrane;Metal-binding;Reference proteome;Sodium;Transmembrane;Transmembrane helix;Transport
Q9HWB8	sbcC PA4282	GO:0004519; GO:0004529; GO:0005524; GO:0006260; GO:0006281; GO:0006302; GO:0006310; GO:0016887; GO:1990391	ATP-binding;Coiled coil;DNA recombination;DNA replication;Endonuclease;Exonuclease;Hydrolase;Nuclease;Nucleotide-binding;Reference proteome
Q9HWG3	pchD PA4228	GO:0016878; GO:0017000	3D-structure;Antibiotic biosynthesis;Ligase;Reference proteome
Q9HWP3	tyrS1 PA4138	GO:0003723; GO:0004831; GO:0005524; GO:0005829; GO:0006437; GO:0043039	Aminoacyl-tRNA synthetase;ATP-binding;Cytoplasm;Ligase;Nucleotide-binding;Protein biosynthesis;Reference proteome;RNA-binding
Q9HWX4	ribB PA4054	GO:0000287; GO:0003935; GO:0005829; GO:0008686; GO:0009231; GO:0030145	Lyase;Magnesium;Manganese;Metal-binding;Reference proteome;Riboflavin biosynthesis
Q9HX23	rlmH PA4004	GO:0005737; GO:0070038; GO:0070475	Cytoplasm;Methyltransferase;Reference proteome;rRNA processing;S-adenosyl-L-methionine;Transferase
Q9HX95	moaC PA3918	GO:0006777; GO:0061799	Lyase;Molybdenum cofactor biosynthesis;Reference proteome
Q9HXB1	ivy PA3902	GO:0042597	3D-structure;Disulfide bond;Periplasm;Reference proteome;Signal
Q9HXE9	pcs PA3857	GO:0005886; GO:0008654; GO:0050520	Cell inner membrane;Cell membrane;Lipid biosynthesis;Lipid metabolism;Manganese;Membrane;Phospholipid biosynthesis;Phospholipid metabolism;Reference proteome;Transferase;Transmembrane;Transmembrane helix
Q9HXJ4	ispG PA3803	GO:0005506; GO:0016114; GO:0019288; GO:0046429; GO:0051539; GO:0141197	4Fe-4S;Iron;Iron-sulfur;Isoprene biosynthesis;Metal-binding;Oxidoreductase;Reference proteome
Q9HXM6	guaA PA3769	GO:0003921; GO:0005524; GO:0005829; GO:0006177	ATP-binding;Glutamine amidotransferase;GMP biosynthesis;Ligase;Nucleotide-binding;Purine biosynthesis;Reference proteome
Q9HXU0	lysS PA3700	GO:0000049; GO:0000287; GO:0004824; GO:0005524; GO:0005737; GO:0005829; GO:0006430; GO:0042803	Aminoacyl-tRNA synthetase;ATP-binding;Cytoplasm;Ligase;Magnesium;Metal-binding;Nucleotide-binding;Protein biosynthesis;Reference proteome
Q9HXZ5	eno PA3635	GO:0000015; GO:0000287; GO:0004634; GO:0005576; GO:0006096; GO:0009986	Cytoplasm;Glycolysis;Lyase;Magnesium;Metal-binding;Reference proteome;Secreted
Q9HY04	truD PA3626	GO:0001522; GO:0003723; GO:0005829; GO:0009982; GO:0031119; GO:0160150	Isomerase;Reference proteome;tRNA processing
Q9HY05	surE PA3625	GO:0000166; GO:0004309; GO:0005737; GO:0008253; GO:0008254; GO:0046872	Cytoplasm;Hydrolase;Metal-binding;Nucleotide-binding;Reference proteome
Q9HY61	arnT PA3556	GO:0000030; GO:0005886; GO:0006493; GO:0009103; GO:0009245; GO:0010041; GO:0016763; GO:0103015	Cell inner membrane;Cell membrane;Glycosyltransferase;Lipid A biosynthesis;Lipid biosynthesis;Lipid metabolism;Lipopolysaccharide biosynthesis;Membrane;Reference proteome;Transferase;Transmembrane;Transmembrane helix
Q9HY94	flcA PA3515		Antibiotic biosynthesis;Methyltransferase;Reference proteome;S-adenosyl-L-methionine;Transferase
Q9HYA4	nadX PA3505	GO:0009435; GO:0016639; GO:0033735; GO:0050661; GO:0051287	NAD;NADP;Oxidoreductase;Pyridine nucleotide biosynthesis;Reference proteome
Q9HYB8	rnfC PA3491	GO:0005886; GO:0009055; GO:0022900; GO:0046872; GO:0051539	4Fe-4S;Cell inner membrane;Cell membrane;Electron transport;Iron;Iron-sulfur;Membrane;Metal-binding;Reference proteome;Repeat;Translocase;Transport
Q9HYC3	vgrG4b PA3486	GO:0005576; GO:0033103; GO:0033104	Reference proteome;Secreted
Q9HYC4	tsi3 PA3485	GO:0046872	3D-structure;Calcium;Lipoprotein;Metal-binding;Palmitate;Reference proteome;Signal
Q9HYL7	phnC2 PA3384	GO:0005524; GO:0005886; GO:0015416; GO:0016887; GO:0042626	ATP-binding;Cell inner membrane;Cell membrane;Membrane;Nucleotide-binding;Phosphonate transport;Reference proteome;Translocase;Transport
Q9HYR9	clpP2 PA3326	GO:0004176; GO:0004252; GO:0005737; GO:0006515; GO:0009368; GO:0051117	3D-structure;Cytoplasm;Hydrolase;Protease;Reference proteome;Serine protease
Q9HZ63	ubiG PA3171	GO:0008168; GO:0010420; GO:0032259; GO:0061542; GO:0102208	Methyltransferase;Reference proteome;S-adenosyl-L-methionine;Transferase;Ubiquinone biosynthesis
Q9HZA3	leuC PA3121	GO:0003861; GO:0009098; GO:0046872; GO:0051539	4Fe-4S;Amino-acid biosynthesis;Branched-chain amino acid biosynthesis;Iron;Iron-sulfur;Leucine biosynthesis;Lyase;Metal-binding;Reference proteome
Q9HZC0	nadK PA3088	GO:0003951; GO:0005524; GO:0005829; GO:0006741; GO:0019674; GO:0046872; GO:0051287	3D-structure;ATP-binding;Cytoplasm;Kinase;NAD;NADP;Nucleotide-binding;Reference proteome;Transferase
Q9HZK7	nqrB PA2998	GO:0005886; GO:0006814; GO:0010181; GO:0016655; GO:0022904; GO:0055085	Cell inner membrane;Cell membrane;Flavoprotein;FMN;Ion transport;Membrane;NAD;Phosphoprotein;Reference proteome;Sodium;Sodium transport;Translocase;Transmembrane;Transmembrane helix;Transport;Ubiquinone
Q9HZL0	nqrE PA2995	GO:0005886; GO:0006814; GO:0009276; GO:0016655; GO:0022904	Cell inner membrane;Cell membrane;Ion transport;Membrane;NAD;Reference proteome;Sodium;Sodium transport;Translocase;Transmembrane;Transmembrane helix;Transport;Ubiquinone
Q9HZL7	lolD PA2987	GO:0005524; GO:0005886; GO:0016887; GO:0022857; GO:0044874; GO:0055085; GO:0089705	ATP-binding;Cell inner membrane;Cell membrane;Membrane;Nucleotide-binding;Reference proteome;Translocase;Transport
Q9HZS1	hisP PA2926	GO:0005524; GO:0005886; GO:0015426; GO:0016887; GO:0042626	Amino-acid transport;ATP-binding;Cell inner membrane;Cell membrane;Membrane;Nucleotide-binding;Reference proteome;Translocase;Transport
Q9I047	tal PA2796	GO:0004801; GO:0005829; GO:0005975; GO:0009052	Cytoplasm;Pentose shunt;Reference proteome;Schiff base;Transferase
Q9I069	tse4 PA2774	GO:0005576; GO:0033644	Host membrane;Membrane;Reference proteome;Secreted;Transmembrane;Transmembrane helix;Virulence
Q9I0J0	nuoM PA2648	GO:0005886; GO:0008137; GO:0009060; GO:0015990; GO:0042773; GO:0045271; GO:0048039	Cell inner membrane;Cell membrane;Membrane;NAD;Quinone;Reference proteome;Translocase;Transmembrane;Transmembrane helix;Ubiquinone
Q9I0J7	nuoF PA2641	GO:0008137; GO:0010181; GO:0045271; GO:0045333; GO:0046872; GO:0048038; GO:0051287; GO:0051539	4Fe-4S;Flavoprotein;FMN;Iron;Iron-sulfur;Metal-binding;NAD;Quinone;Reference proteome;Translocase;Ubiquinone
Q9I0J9	nuoC nuoCD nuoD PA2639	GO:0005886; GO:0008137; GO:0022904; GO:0045271; GO:0048038; GO:0050136; GO:0051287	Cell inner membrane;Cell membrane;Membrane;Multifunctional enzyme;NAD;Quinone;Reference proteome;Translocase;Transport;Ubiquinone
Q9I0Q0	pqsH PA2587	GO:0004497; GO:0009372; GO:0044550; GO:0071949; GO:0102164	Monooxygenase;NAD;Oxidoreductase;Quorum sensing;Reference proteome
Q9I0Q8	PA2578	GO:0016747	3D-structure;Acyltransferase;Reference proteome;Transferase
Q9I138	glyA2 PA2444	GO:0004372; GO:0005829; GO:0019264; GO:0030170; GO:0035999; GO:0046653	Amino-acid biosynthesis;Cytoplasm;One-carbon metabolism;Pyridoxal phosphate;Reference proteome;Transferase
Q9I1M2	bkdA1 PA2247	GO:0003863; GO:0009083; GO:0046872	Magnesium;Metal-binding;Oxidoreductase;Reference proteome;Thiamine pyrophosphate
Q9I291	galU PA2023	GO:0003983; GO:0005829; GO:0006011; GO:0009244	3D-structure;Nucleotidyltransferase;Reference proteome;Transferase
Q9I2B8	ercA PA1991	GO:0004022; GO:0046872	NAD;Oxidoreductase;Reference proteome
Q9I2L4	nuoA1 PA1883	GO:0005886; GO:0008137; GO:0045271; GO:0048038; GO:0050136	Cell inner membrane;Cell membrane;Membrane;NAD;Quinone;Reference proteome;Translocase;Transmembrane;Transmembrane helix;Transport;Ubiquinone
Q9I2Q6	PA1839	GO:0005737; GO:0008173; GO:0030488; GO:0046872; GO:0051539; GO:0070475	4Fe-4S;Cytoplasm;Disulfide bond;Iron;Iron-sulfur;Metal-binding;Methyltransferase;Reference proteome;S-adenosyl-L-methionine;Transferase
Q9I2S5	nhaB PA1820	GO:0005886; GO:0015385	Antiport;Cell inner membrane;Cell membrane;Ion transport;Membrane;Reference proteome;Sodium;Sodium transport;Transmembrane;Transmembrane helix;Transport
Q9I2T1	gloB PA1813	GO:0004416; GO:0019243; GO:0046872	3D-structure;Hydrolase;Metal-binding;Reference proteome;Zinc
Q9I2U2	tig PA1800	GO:0003755; GO:0005737; GO:0015031; GO:0043022; GO:0043335; GO:0044183; GO:0051083; GO:0051301	Cell cycle;Cell division;Chaperone;Cytoplasm;Isomerase;Reference proteome;Rotamase
Q9I2X0	PA1769	GO:0004672; GO:0004674; GO:0004721; GO:0005524; GO:0016776; GO:0043531	Kinase;Nucleotide-binding;Reference proteome;Serine/threonine-protein kinase;Transferase
Q9I321	exsD PA1714	GO:0045892; GO:0050709; GO:0071277	Reference proteome
Q9I383	selD PA1642	GO:0000287; GO:0004756; GO:0005524; GO:0005737; GO:0016260; GO:0070329	ATP-binding;Kinase;Magnesium;Metal-binding;Nucleotide-binding;Reference proteome;Selenium;Transferase
Q9I3L9	cysP PA1493	GO:0005615; GO:0006790; GO:0030288; GO:0043199; GO:0140104; GO:1902358	Periplasm;Reference proteome;Signal;Transport
Q9I3S1	bdlA PA1423	GO:0004888; GO:0006935; GO:0007165; GO:0008276; GO:0016020	Reference proteome;Repeat;Transducer
Q9I425	cyoC PA1319	GO:0004129; GO:0005886; GO:0009319; GO:0009486; GO:0015990; GO:0019646	Cell inner membrane;Cell membrane;Electron transport;Membrane;Oxidoreductase;Reference proteome;Transmembrane;Transmembrane helix;Transport
Q9I463	cobS PA1281	GO:0005886; GO:0008818; GO:0009236; GO:0051073	Cell inner membrane;Cell membrane;Cobalamin biosynthesis;Magnesium;Membrane;Reference proteome;Transferase;Transmembrane;Transmembrane helix
Q9I472	cobO PA1272	GO:0005524; GO:0005737; GO:0006779; GO:0008817; GO:0009236	ATP-binding;Cobalamin biosynthesis;Cytoplasm;Manganese;Nucleotide-binding;Porphyrin biosynthesis;Reference proteome;Transferase
Q9I4E6	ttcA PA1192	GO:0000049; GO:0000287; GO:0005524; GO:0005829; GO:0016783; GO:0034227; GO:0051539	4Fe-4S;ATP-binding;Cytoplasm;Iron;Iron-sulfur;Magnesium;Metal-binding;Nucleotide-binding;Reference proteome;RNA-binding;Transferase;tRNA processing;tRNA-binding
Q9I4H5	dapE PA1162	GO:0005829; GO:0008270; GO:0009014; GO:0009089; GO:0019877; GO:0050897	Amino-acid biosynthesis;Cobalt;Diaminopimelate biosynthesis;Hydrolase;Lysine biosynthesis;Metal-binding;Reference proteome;Zinc
Q9I4N4	fleS PA1098	GO:0000155; GO:0000160; GO:0005524; GO:0007165	ATP-binding;Kinase;Nucleotide-binding;Phosphoprotein;Reference proteome;Transferase;Two-component regulatory system
Q9I4P4	flgJ PA1085	GO:0004040; GO:0016798; GO:0042597; GO:0044780; GO:0071555; GO:0071973	Bacterial flagellum biogenesis;Cell wall biogenesis/degradation;Glycosidase;Hydrolase;Periplasm;Reference proteome
Q9I4S5	pdxH PA1049	GO:0004733; GO:0008615; GO:0010181; GO:0042823	Flavoprotein;FMN;Oxidoreductase;Pyridoxine biosynthesis;Reference proteome
Q9I4W9	nadA PA1004	GO:0005829; GO:0008987; GO:0034628; GO:0046872; GO:0051539	4Fe-4S;Cytoplasm;Iron;Iron-sulfur;Metal-binding;Pyridine nucleotide biosynthesis;Reference proteome;Transferase
Q9I525	rlmD rumA PA0933	GO:0003723; GO:0005506; GO:0051539; GO:0070041; GO:0070475	4Fe-4S;Iron;Iron-sulfur;Metal-binding;Methyltransferase;Reference proteome;rRNA processing;S-adenosyl-L-methionine;Transferase
Q9I534	dinB PA0923	GO:0000287; GO:0003684; GO:0003887; GO:0005737; GO:0006261; GO:0006281; GO:0009432; GO:0042276	Cytoplasm;DNA damage;DNA repair;DNA replication;DNA-binding;DNA-directed DNA polymerase;Magnesium;Metal-binding;Mutator protein;Nucleotidyltransferase;Reference proteome;Transferase
Q9I541	rimO PA0916	GO:0005829; GO:0006400; GO:0035599; GO:0046872; GO:0051539; GO:0103039	4Fe-4S;Cytoplasm;Iron;Iron-sulfur;Metal-binding;Reference proteome;S-adenosyl-L-methionine;Transferase
Q9I574	mliC PA0867	GO:0009279	3D-structure;Cell outer membrane;Disulfide bond;Lipoprotein;Membrane;Palmitate;Reference proteome;Signal
Q9I5R7	speD PA0654	GO:0004014; GO:0005829; GO:0008295	Autocatalytic cleavage;Decarboxylase;Lyase;Polyamine biosynthesis;Pyruvate;Reference proteome;S-adenosyl-L-methionine;Schiff base;Spermidine biosynthesis;Zymogen
Q9I5U5	rsmA ksgA PA0592	GO:0000179; GO:0003723; GO:0005829; GO:0031167; GO:0052908	Cytoplasm;Methyltransferase;Reference proteome;RNA-binding;rRNA processing;S-adenosyl-L-methionine;Transferase
Q9I5U8	glpE PA0589	GO:0004792; GO:0005737; GO:0006791; GO:0103041	Cytoplasm;Reference proteome;Transferase
Q9I5V7	tsaD gcp PA0580	GO:0002949; GO:0005506; GO:0005737; GO:0061711	Acyltransferase;Cytoplasm;Iron;Metal-binding;Reference proteome;Transferase;tRNA processing
Q9I5Y1	fba fda PA0555	GO:0004332; GO:0006096; GO:0008270	Glycolysis;Lyase;Metal-binding;Reference proteome;Zinc
Q9I6D1	coaD PA0363	GO:0004595; GO:0005524; GO:0005737; GO:0008771; GO:0015937	3D-structure;ATP-binding;Coenzyme A biosynthesis;Cytoplasm;Magnesium;Nucleotide-binding;Nucleotidyltransferase;Reference proteome;Transferase
Q9I6E0	ilvD PA0353	GO:0000287; GO:0004160; GO:0005829; GO:0009097; GO:0009099; GO:0016836; GO:0051537	2Fe-2S;Amino-acid biosynthesis;Branched-chain amino acid biosynthesis;Iron;Iron-sulfur;Lyase;Magnesium;Metal-binding;Reference proteome
Q9I6G1	rpiA PA0330	GO:0004751; GO:0005829; GO:0006014; GO:0009052	3D-structure;Isomerase;Reference proteome
Q9I6M4	davT PA0266	GO:0005829; GO:0009450; GO:0019477; GO:0030170; GO:0034386; GO:0047589	Aminotransferase;Pyridoxal phosphate;Reference proteome;Transferase
Q9I6M8	tli3 PA0261	GO:0042597	Periplasm;Reference proteome;Signal
Q9I6Q8	pcaB PA0230	GO:0005737; GO:0016829; GO:0019619; GO:0042952; GO:0047472	Aromatic hydrocarbons catabolism;Cytoplasm;Isomerase;Reference proteome
Q9I6R0	pcaF PA0228	GO:0003988; GO:0006635; GO:0010124; GO:0019619; GO:0033812; GO:0042952	3D-structure;Acyltransferase;Aromatic hydrocarbons catabolism;Reference proteome;Transferase
Q9I6T2	potA1 PA0206	GO:0005524; GO:0005886; GO:0015417; GO:0015847; GO:0016887; GO:0043190; GO:0140359	ATP-binding;Cell inner membrane;Cell membrane;Membrane;Nucleotide-binding;Reference proteome;Translocase;Transport
Q9I6Z0	PA0142	GO:0005829; GO:0019239; GO:0046872; GO:0102127	Hydrolase;Metal-binding;Reference proteome;Zinc
Q9I747	hcp1 PA0085	GO:0005576; GO:0042802	3D-structure;Reference proteome;Secreted
Q9I767	PA0065	GO:0000166; GO:0004713; GO:0005829; GO:0008253; GO:0046872	Hydrolase;Magnesium;Manganese;Metal-binding;Nucleotide-binding;Reference proteome
Q9KGU6	dxr PA3650	GO:0030145; GO:0030604; GO:0051484; GO:0070402	Isoprene biosynthesis;Manganese;Metal-binding;NADP;Oxidoreductase;Reference proteome
Q9X4G0	hmgA PA2009	GO:0004411; GO:0005506; GO:0006559; GO:0006572	Dioxygenase;Iron;Metal-binding;Oxidoreductase;Phenylalanine catabolism;Reference proteome;Tyrosine catabolism
Q9X6V6	rlpA PA4000	GO:0000270; GO:0005886; GO:0008932; GO:0009279; GO:0042834; GO:0071555	3D-structure;Cell membrane;Cell wall biogenesis/degradation;Lipoprotein;Lyase;Membrane;Palmitate;Reference proteome;Signal
Q9X6V9	lipB PA3997	GO:0005737; GO:0009249; GO:0033819	Acyltransferase;Cytoplasm;Reference proteome;Transferase
Q9XCL6	gltX PA3134	GO:0000049; GO:0004818; GO:0005524; GO:0005829; GO:0006424; GO:0008270	3D-structure;Aminoacyl-tRNA synthetase;ATP-binding;Cytoplasm;Ligase;Metal-binding;Nucleotide-binding;Protein biosynthesis;Reference proteome;Zinc
G3XDA3	ctpH PA2561	GO:0004888; GO:0005886; GO:0006935; GO:0007165; GO:0010247	Cell inner membrane;Cell membrane;Chemotaxis;Membrane;Methylation;Reference proteome;Transducer;Transmembrane;Transmembrane helix
O52658	acpP2 PA1869	GO:0000035; GO:0000036; GO:0005829; GO:0009245; GO:0016020; GO:0031177	Cytoplasm;Fatty acid biosynthesis;Fatty acid metabolism;Lipid biosynthesis;Lipid metabolism;Phosphopantetheine;Phosphoprotein;Reference proteome
O82852	pyrH PA3654	GO:0005524; GO:0005829; GO:0006225; GO:0033862; GO:0044210	ATP-binding;Cytoplasm;Kinase;Nucleotide-binding;Pyrimidine biosynthesis;Reference proteome;Transferase
O86422	udg ugd PA2022	GO:0003979; GO:0006065; GO:0009103; GO:0051287	NAD;Oxidoreductase;Reference proteome
P21630	braG PA1070	GO:0005524; GO:0005886; GO:0015658; GO:0015807; GO:0015808; GO:0016887; GO:0042941	Amino-acid transport;ATP-binding;Cell inner membrane;Cell membrane;Membrane;Nucleotide-binding;Reference proteome;Transport
P22008	proC PA0393	GO:0004735; GO:0005737; GO:0055129	Amino-acid biosynthesis;Cytoplasm;Direct protein sequencing;NADP;Oxidoreductase;Proline biosynthesis;Reference proteome
P23621	phoR PA5361	GO:0000155; GO:0004721; GO:0005524; GO:0005886; GO:0006355; GO:0006817; GO:0016036	ATP-binding;Cell membrane;Kinase;Membrane;Nucleotide-binding;Phosphate transport;Phosphoprotein;Reference proteome;Transferase;Transmembrane;Transmembrane helix;Transport;Two-component regulatory system
P26480	rpoD rpoDA PA0576	GO:0000976; GO:0003899; GO:0005737; GO:0006352; GO:0006355; GO:0016987; GO:1903865	3D-structure;Cytoplasm;DNA-binding;Reference proteome;Sigma factor;Transcription;Transcription regulation
P26841	cat catB7 PA0706	GO:0008811; GO:0016407; GO:0046677	3D-structure;Acyltransferase;Antibiotic resistance;Reference proteome;Repeat;Transferase
P29248	fliA rpoF PA1455	GO:0003677; GO:0003899; GO:0005737; GO:0006352; GO:0006355; GO:0016987; GO:2000147	Cytoplasm;DNA-binding;Reference proteome;Sigma factor;Transcription;Transcription regulation
P29364	thrB PA5495	GO:0004413; GO:0005524; GO:0009088	Amino-acid biosynthesis;ATP-binding;Kinase;Nucleotide-binding;Reference proteome;Threonine biosynthesis;Transferase
P30720	groES groS mopB PA4386	GO:0005524; GO:0005737; GO:0006457; GO:0044183; GO:0046872; GO:0051082; GO:0051087	Chaperone;Cytoplasm;Reference proteome
P33640	rluD PA4544	GO:0000455; GO:0003723; GO:0005829; GO:0009982; GO:0160140	Cytoplasm;Isomerase;Reference proteome;RNA-binding;rRNA processing
P33642	thiO PA4548	GO:0005737; GO:0009228; GO:0009229; GO:0043799; GO:0050660	FAD;Flavoprotein;Oxidoreductase;Reference proteome;Thiamine biosynthesis
P34003	aroK PA5039	GO:0000287; GO:0004765; GO:0005524; GO:0005829; GO:0008652; GO:0009073; GO:0009423	Amino-acid biosynthesis;Aromatic amino acid biosynthesis;ATP-binding;Cytoplasm;Kinase;Magnesium;Metal-binding;Nucleotide-binding;Reference proteome;Transferase
P37798	accC fabG PA4848	GO:0003989; GO:0004075; GO:0005524; GO:0006633; GO:0046872; GO:2001295	3D-structure;ATP-binding;Biotin;Fatty acid biosynthesis;Fatty acid metabolism;Ligase;Lipid biosynthesis;Lipid metabolism;Magnesium;Manganese;Metal-binding;Nucleotide-binding;Reference proteome
P40695	plcR PA0843	GO:0005737; GO:0042597	Alternative initiation;Cytoplasm;Periplasm;Reference proteome;Signal
P42257	pilJ PA0411	GO:0004888; GO:0005886; GO:0006935; GO:0007165	3D-structure;Cell inner membrane;Cell membrane;Membrane;Methylation;Reference proteome;Transducer;Transmembrane;Transmembrane helix
P43898	hemF PA0024	GO:0004109; GO:0005737; GO:0006782; GO:0042803; GO:0046872	Cytoplasm;Heme biosynthesis;Metal-binding;Oxidoreductase;Porphyrin biosynthesis;Reference proteome
P43904	aroE PA0025	GO:0004764; GO:0005829; GO:0008652; GO:0009073; GO:0009423; GO:0019632; GO:0050661	Amino-acid biosynthesis;Aromatic amino acid biosynthesis;NADP;Oxidoreductase;Reference proteome
P47205	lpxC envA PA4406	GO:0005737; GO:0009245; GO:0016020; GO:0046872; GO:0103117	3D-structure;Hydrolase;Lipid A biosynthesis;Lipid biosynthesis;Lipid metabolism;Metal-binding;Reference proteome;Zinc
P50600	tolA PA0971	GO:0005886; GO:0019534; GO:0043213; GO:0051301	3D-structure;Cell cycle;Cell division;Cell inner membrane;Cell membrane;Membrane;Reference proteome;Repeat;Transmembrane;Transmembrane helix
P57703	metE PA1927	GO:0003871; GO:0008270; GO:0032259; GO:0071265	Amino-acid biosynthesis;Metal-binding;Methionine biosynthesis;Methyltransferase;Reference proteome;Repeat;Transferase;Zinc
P72158	purK PA5425	GO:0004638; GO:0005524; GO:0005829; GO:0006189; GO:0034028; GO:0046872	ATP-binding;Ligase;Nucleotide-binding;Purine biosynthesis;Reference proteome
P72161	pbpG PA0869	GO:0006508; GO:0008360; GO:0009002; GO:0009252; GO:0042597; GO:0071555	Cell shape;Cell wall biogenesis/degradation;Hydrolase;Peptidoglycan synthesis;Periplasm;Reference proteome;Signal
P72174	uvrB PA3138	GO:0000715; GO:0003677; GO:0005524; GO:0005737; GO:0009380; GO:0009381; GO:0009432; GO:0016887	ATP-binding;Cytoplasm;DNA damage;DNA excision;DNA repair;Excision nuclease;Nucleotide-binding;Reference proteome;SOS response
P80358	aruG PA0897	GO:0006527; GO:0008791; GO:0009015; GO:0019545	Acyltransferase;Arginine metabolism;Direct protein sequencing;Reference proteome;Transferase
P95458	hemE PA5034	GO:0004853; GO:0005829; GO:0006783; GO:0019353	3D-structure;Cytoplasm;Decarboxylase;Lyase;Porphyrin biosynthesis;Reference proteome
P96963	radA PA4609	GO:0000725; GO:0003684; GO:0005524; GO:0008270; GO:0016787; GO:0140664	ATP-binding;DNA damage;DNA repair;DNA-binding;Hydrolase;Metal-binding;Nucleotide-binding;Reference proteome;Stress response;Zinc;Zinc-finger
Q03024	aprD PA1246	GO:0005524; GO:0005886; GO:0016887; GO:0030253; GO:0030256; GO:0042626; GO:0046903; GO:0140359	ATP-binding;Cell membrane;Membrane;Nucleotide-binding;Reference proteome;Transmembrane;Transmembrane helix;Transport
Q04803	pfeR PA2686	GO:0000156; GO:0000160; GO:0000976; GO:0005829; GO:0006351; GO:0006355; GO:0032993	Cytoplasm;DNA-binding;Phosphoprotein;Reference proteome;Transcription;Transcription regulation;Two-component regulatory system
Q04804	pfeS PA2687	GO:0000155; GO:0000160; GO:0005524; GO:0005886	3D-structure;ATP-binding;Cell inner membrane;Cell membrane;Kinase;Membrane;Nucleotide-binding;Phosphoprotein;Reference proteome;Transferase;Transmembrane;Transmembrane helix;Two-component regulatory system
Q06553	prtR PA0611	GO:0003677; GO:0006351; GO:0006355; GO:0030152; GO:1900377	Antibiotic biosynthesis;Bacteriocin biosynthesis;DNA-binding;Reference proteome;Repressor;Transcription;Transcription regulation
Q51383	fdx PA3809	GO:0005829; GO:0009055; GO:0022900; GO:0046872; GO:0051537; GO:0140647	2Fe-2S;Electron transport;Iron;Iron-sulfur;Metal-binding;Reference proteome;Transport
Q51390	glpK2 glpK glpK1 PA3582	GO:0004370; GO:0005524; GO:0005829; GO:0006071; GO:0006072; GO:0019563	ATP-binding;Glycerol metabolism;Kinase;Nucleotide-binding;Reference proteome;Transferase
Q9HTN3	dut PA5321	GO:0000287; GO:0004170; GO:0005829; GO:0006226; GO:0046081	Hydrolase;Magnesium;Metal-binding;Nucleotide metabolism;Reference proteome
Q9HTP7	ydbH PA5307		Cell inner membrane;Cell membrane;Lipid transport;Membrane;Reference proteome;Signal-anchor;Transmembrane;Transmembrane helix;Transport
Q9HTQ6	xpt PA5298	GO:0000310; GO:0005737; GO:0006166; GO:0032265; GO:0046110	Cytoplasm;Glycosyltransferase;Purine salvage;Reference proteome;Transferase
Q9HU85	hutH PA5098	GO:0004397; GO:0005737; GO:0006548; GO:0019556; GO:0019557	Cytoplasm;Histidine metabolism;Lyase;Reference proteome
Q9HUB4	tatB PA5069	GO:0008320; GO:0009977; GO:0033281; GO:0043953; GO:0065002	Cell inner membrane;Cell membrane;Membrane;Protein transport;Reference proteome;Translocation;Transmembrane;Transmembrane helix;Transport
Q9HUH5	PA4990	GO:0005886; GO:0015199; GO:0015220; GO:0015297; GO:0015871; GO:0031460; GO:0055085; GO:1990961	Antiport;Cell membrane;Membrane;Reference proteome;Transmembrane;Transmembrane helix;Transport
Q9HUI8	aruI PA4977	GO:0000287; GO:0003984; GO:0005948; GO:0009097; GO:0009099; GO:0019545; GO:0030976; GO:0047435; GO:0050660	Arginine metabolism;Lyase;Reference proteome;Thiamine pyrophosphate
Q9HUM6	purA PA4938	GO:0000287; GO:0004019; GO:0005525; GO:0005737; GO:0044208; GO:0046040	Cytoplasm;GTP-binding;Ligase;Magnesium;Metal-binding;Nucleotide-binding;Purine biosynthesis;Reference proteome
Q9HUX1	speA PA4839	GO:0006527; GO:0008295; GO:0008792; GO:0033388; GO:0046872	Decarboxylase;Lyase;Magnesium;Metal-binding;Polyamine biosynthesis;Pyridoxal phosphate;Reference proteome;Spermidine biosynthesis
Q9HUX4	cntL zrmB PA4836	GO:0030410; GO:0030418	Reference proteome;S-adenosyl-L-methionine;Transferase
Q9HUX6	cntI zrmD PA4834	GO:0005886; GO:0016020	Cell inner membrane;Cell membrane;Membrane;Reference proteome;Repeat;Transmembrane;Transmembrane helix;Transport
Q9HUY1	lpd3 PA4829	GO:0004148; GO:0005737; GO:0006103; GO:0050660	Cytoplasm;Disulfide bond;FAD;Flavoprotein;NAD;Oxidoreductase;Redox-active center;Reference proteome
Q9HV34	speE2 PA4774	GO:0004766; GO:0005737; GO:0006596; GO:0008295; GO:0010487	Cytoplasm;Polyamine biosynthesis;Reference proteome;Spermidine biosynthesis;Transferase
Q9HV37	lldD PA4771	GO:0004459; GO:0005886; GO:0006089; GO:0009060; GO:0010181	Cell inner membrane;Cell membrane;Flavoprotein;FMN;Membrane;Oxidoreductase;Reference proteome
Q9HV51	tpiA PA4748	GO:0004807; GO:0005829; GO:0006094; GO:0006096; GO:0019563; GO:0046166	Cytoplasm;Gluconeogenesis;Glycolysis;Isomerase;Reference proteome
Q9HVA5	msrQ PA4691	GO:0005886; GO:0009055; GO:0010181; GO:0016679; GO:0020037; GO:0030091; GO:0046872	Cell inner membrane;Cell membrane;Electron transport;Flavoprotein;FMN;Heme;Iron;Membrane;Metal-binding;Reference proteome;Transmembrane;Transmembrane helix;Transport
Q9HW04	argJ PA4402	GO:0004042; GO:0004358; GO:0005737; GO:0006526; GO:0006592	Acyltransferase;Amino-acid biosynthesis;Arginine biosynthesis;Autocatalytic cleavage;Cytoplasm;Multifunctional enzyme;Reference proteome;Transferase
Q9HWF2	rpsE PA4246	GO:0003735; GO:0006412; GO:0019843; GO:0022627; GO:0042254	3D-structure;Acetylation;Reference proteome;Ribonucleoprotein;Ribosomal protein;RNA-binding;rRNA-binding
Q9HWX5	ribH ribE PA4053	GO:0000906; GO:0005737; GO:0005829; GO:0009231; GO:0009349	Reference proteome;Riboflavin biosynthesis;Transferase
Q9HWY1	ribA PA4047	GO:0003935; GO:0005525; GO:0005829; GO:0008270; GO:0009231	GTP-binding;Hydrolase;Metal-binding;Nucleotide-binding;Reference proteome;Riboflavin biosynthesis;Zinc
Q9HX02	eutC PA4025	GO:0006520; GO:0008851; GO:0009350; GO:0031419; GO:0031471; GO:0046336	Bacterial microcompartment;Cobalamin;Cobalt;Lyase;Reference proteome
Q9HXK5	leuA PA3792	GO:0000287; GO:0003852; GO:0003985; GO:0005737; GO:0009098	Amino-acid biosynthesis;Branched-chain amino acid biosynthesis;Cytoplasm;Leucine biosynthesis;Magnesium;Metal-binding;Reference proteome;Transferase
Q9HXQ6	xerD PA3738	GO:0003677; GO:0005737; GO:0006310; GO:0006313; GO:0007059; GO:0009037; GO:0048476; GO:0051301; GO:0071139	Cell cycle;Cell division;Chromosome partition;Cytoplasm;DNA integration;DNA recombination;DNA-binding;Reference proteome
Q9HXV4	adk PA3686	GO:0004017; GO:0004550; GO:0005524; GO:0005737; GO:0005829; GO:0009123; GO:0009132; GO:0044209	ATP-binding;Cytoplasm;Kinase;Nucleotide biosynthesis;Nucleotide-binding;Reference proteome;Transferase
Q9HXY2	uppS PA3652	GO:0000287; GO:0005829; GO:0008360; GO:0008834; GO:0009252; GO:0016094; GO:0071555	Cell shape;Cell wall biogenesis/degradation;Magnesium;Metal-binding;Peptidoglycan synthesis;Reference proteome;Transferase
Q9HXY7	fabZ PA3645	GO:0005737; GO:0006633; GO:0009245; GO:0016020; GO:0019171	3D-structure;Cytoplasm;Lipid A biosynthesis;Lipid biosynthesis;Lipid metabolism;Lyase;Reference proteome
Q9HY41	glpK1 glpK2 PA3579	GO:0004370; GO:0005524; GO:0005829; GO:0006071; GO:0006072; GO:0019563	ATP-binding;Glycerol metabolism;Kinase;Nucleotide-binding;Reference proteome;Transferase
Q9HYC7	metG PA3482	GO:0000049; GO:0004825; GO:0005524; GO:0005829; GO:0006431; GO:0046872	3D-structure;Aminoacyl-tRNA synthetase;ATP-binding;Cytoplasm;Ligase;Metal-binding;Nucleotide-binding;Protein biosynthesis;Reference proteome;RNA-binding;tRNA-binding;Zinc
Q9HYG8	folE1 PA3438	GO:0003934; GO:0005525; GO:0005737; GO:0006729; GO:0006730; GO:0008270; GO:0046654	GTP-binding;Hydrolase;Nucleotide-binding;One-carbon metabolism;Reference proteome
Q9HZ70	cmk PA3163	GO:0005524; GO:0005829; GO:0006220; GO:0015949; GO:0036430; GO:0036431	ATP-binding;Cytoplasm;Kinase;Nucleotide-binding;Reference proteome;Transferase
Q9HZ95	dusC PA3129	GO:0000049; GO:0010181; GO:0050660; GO:0102262	Flavoprotein;FMN;NADP;Oxidoreductase;Reference proteome;RNA-binding;tRNA processing;tRNA-binding
Q9HZG0	rlmL PA3048	GO:0003723; GO:0005737; GO:0008990; GO:0052915; GO:0070043	Cytoplasm;Methyltransferase;Reference proteome;RNA-binding;rRNA processing;S-adenosyl-L-methionine;Transferase
Q9HZJ3	fadA PA3013	GO:0003988; GO:0005737; GO:0006635; GO:0010124	Acyltransferase;Cytoplasm;Fatty acid metabolism;Lipid degradation;Lipid metabolism;Reference proteome;Transferase
Q9HZK8	nqrC PA2997	GO:0005886; GO:0006814; GO:0010181; GO:0016655	Cell inner membrane;Cell membrane;Flavoprotein;FMN;Ion transport;Membrane;NAD;Phosphoprotein;Reference proteome;Sodium;Sodium transport;Translocase;Transmembrane;Transmembrane helix;Transport;Ubiquinone
Q9HZM9	rluC PA2975	GO:0000455; GO:0003723; GO:0005829; GO:0009982; GO:0160141	Isomerase;Reference proteome;RNA-binding;rRNA processing
Q9HZQ2	cobW PA2945	GO:0005524; GO:0005737; GO:0006779; GO:0008270; GO:0009236; GO:0016787; GO:0051604; GO:0140827	ATP-binding;Chaperone;Cobalamin biosynthesis;Hydrolase;Nucleotide-binding;Porphyrin biosynthesis;Reference proteome
Q9I016	msrB PA2827	GO:0005737; GO:0008270; GO:0030091; GO:0033743; GO:0034599; GO:1901530	Metal-binding;Oxidoreductase;Reference proteome;Zinc
Q9I036	copI PA2807	GO:0005507; GO:0005886; GO:0009055; GO:0042597	Copper;Metal-binding;Periplasm;Reference proteome;Signal
Q9I048	dusA PA2795	GO:0000049; GO:0010181; GO:0050660; GO:0102264; GO:0102266	Flavoprotein;FMN;NADP;Oxidoreductase;Reference proteome;RNA-binding;tRNA processing;tRNA-binding
Q9I0E0	tse2 PA2702	GO:0005576	3D-structure;Reference proteome;Secreted
Q9I0J8	nuoE PA2640	GO:0016491; GO:0022904; GO:0046872; GO:0048038; GO:0051537	2Fe-2S;Iron;Iron-sulfur;Metal-binding;NAD;Quinone;Reference proteome;Translocase;Ubiquinone
Q9I0K1	nuoA2 PA2637	GO:0005886; GO:0008137; GO:0045271; GO:0048038; GO:0050136; GO:0071281	Cell inner membrane;Cell membrane;Membrane;NAD;Quinone;Reference proteome;Translocase;Transmembrane;Transmembrane helix;Transport;Ubiquinone
Q9I0K4	PA2634	GO:0004451; GO:0006097; GO:0006099; GO:0046872; GO:1900232	3D-structure;Direct protein sequencing;Glyoxylate bypass;Lyase;Magnesium;Metal-binding;Reference proteome;Tricarboxylic acid cycle
Q9I0L2	mnmA trmU PA2626	GO:0000049; GO:0002143; GO:0005524; GO:0005737; GO:0103016	ATP-binding;Cytoplasm;Disulfide bond;Nucleotide-binding;Reference proteome;RNA-binding;Transferase;tRNA processing;tRNA-binding
Q9I165	treA PA2416	GO:0004555; GO:0005993; GO:0015927; GO:0042597; GO:0071474	Glycosidase;Hydrolase;Periplasm;Reference proteome;Signal
Q9I1C8	metN1 PA2350	GO:0005524; GO:0005886; GO:0015191; GO:0016887; GO:0033232; GO:0042626; GO:0048473	Amino-acid transport;ATP-binding;Cell inner membrane;Cell membrane;Membrane;Nucleotide-binding;Reference proteome;Translocase;Transport
Q9I1L5	pvcA PA2254	GO:0016829	3D-structure;Lyase;Reference proteome
Q9I1L9	lpdV PA2250	GO:0004148; GO:0005737; GO:0006103; GO:0050660	Cytoplasm;Direct protein sequencing;Disulfide bond;FAD;Flavoprotein;NAD;Oxidoreductase;Redox-active center;Reference proteome
Q9I1Q1	kdaD PA2216	GO:0003824	Carbohydrate metabolism;Lyase;Magnesium;Metal-binding;Reference proteome
Q9I1W5	ku PA2150	GO:0003690; GO:0006303; GO:0006310; GO:0051351	DNA damage;DNA recombination;DNA repair;DNA-binding;Reference proteome
Q9I2B7	ercS PA1992	GO:0000155; GO:0000160; GO:0005886; GO:0009927	Coiled coil;Kinase;Phosphoprotein;Reference proteome;Transferase;Two-component regulatory system
Q9I2E5	uppP bacA upk PA1959	GO:0000270; GO:0005886; GO:0008360; GO:0009252; GO:0046677; GO:0050380; GO:0071555	Antibiotic resistance;Cell inner membrane;Cell membrane;Cell shape;Cell wall biogenesis/degradation;Hydrolase;Membrane;Peptidoglycan synthesis;Reference proteome;Transmembrane;Transmembrane helix
Q9I2S3	fimL PA1822	GO:0000155; GO:0000160; GO:0005737; GO:0050920	Cytoplasm;Reference proteome
Q9I2U7	cysS PA1795	GO:0004817; GO:0005524; GO:0005737; GO:0005829; GO:0006423; GO:0008270	Aminoacyl-tRNA synthetase;ATP-binding;Cytoplasm;Ligase;Metal-binding;Nucleotide-binding;Protein biosynthesis;Reference proteome;Zinc
Q9I2U8	glnS PA1794	GO:0004819; GO:0005524; GO:0005829; GO:0006424; GO:0006425	3D-structure;Aminoacyl-tRNA synthetase;ATP-binding;Cytoplasm;Ligase;Nucleotide-binding;Protein biosynthesis;Reference proteome
Q9I3C3	panB1 PA1598	GO:0000287; GO:0003864; GO:0005737; GO:0015940	Cytoplasm;Magnesium;Metal-binding;Pantothenate biosynthesis;Reference proteome;Transferase
Q9I3K7	moaA2 PA1505	GO:0005525; GO:0006777; GO:0046872; GO:0051539; GO:0061798; GO:0061799; GO:1904047	4Fe-4S;GTP-binding;Iron;Iron-sulfur;Lyase;Metal-binding;Molybdenum cofactor biosynthesis;Nucleotide-binding;Reference proteome;S-adenosyl-L-methionine
Q9I3N7	ccmA PA1475	GO:0005524; GO:0005886; GO:0015439; GO:0016887; GO:0017004; GO:1903607	ATP-binding;Cell inner membrane;Cell membrane;Cytochrome c-type biogenesis;Membrane;Nucleotide-binding;Reference proteome;Translocase;Transport
Q9I3W8	aceK PA1376	GO:0004674; GO:0004721; GO:0005524; GO:0005737; GO:0006006; GO:0006097; GO:0006099; GO:0008772; GO:0016208	ATP-binding;Cytoplasm;Glyoxylate bypass;Hydrolase;Kinase;Nucleotide-binding;Protein phosphatase;Reference proteome;Serine/threonine-protein kinase;Transferase;Tricarboxylic acid cycle
Q9I407	ansB PA1337	GO:0004067; GO:0004359; GO:0006530; GO:0042597; GO:0050417	Direct protein sequencing;Hydrolase;Periplasm;Reference proteome;Signal
Q9I468	cobC PA1276	GO:0005737; GO:0009236; GO:0030170; GO:0048472	Cobalamin biosynthesis;Cytoplasm;Lyase;Pyridoxal phosphate;Reference proteome
Q9I471	cobB PA1273	GO:0005524; GO:0009236; GO:0042242; GO:0043802	ATP-binding;Cobalamin biosynthesis;Glutamine amidotransferase;Ligase;Magnesium;Nucleotide-binding;Reference proteome
Q9I4F9	phoP PA1179	GO:0000156; GO:0000976; GO:0005829; GO:0006351; GO:0006355; GO:0032993; GO:0071073	DNA-binding;Phosphoprotein;Reference proteome;Transcription;Transcription regulation;Two-component regulatory system
Q9I4X2	pqsB PA0997	GO:0005737; GO:0016746; GO:0044550	3D-structure;Cytoplasm;Reference proteome
Q9I4Z2	queC PA0976	GO:0005524; GO:0008270; GO:0008616; GO:0016879	ATP-binding;Ligase;Metal-binding;Nucleotide-binding;Queuosine biosynthesis;Reference proteome;Zinc
Q9I502	proS PA0956	GO:0002161; GO:0004827; GO:0005524; GO:0005829; GO:0006433	3D-structure;Aminoacyl-tRNA synthetase;ATP-binding;Cytoplasm;Ligase;Nucleotide-binding;Protein biosynthesis;Reference proteome
Q9I5Q3	tyrS2 PA0668	GO:0003723; GO:0004831; GO:0005524; GO:0005829; GO:0006437; GO:0043039	Aminoacyl-tRNA synthetase;ATP-binding;Cytoplasm;Ligase;Nucleotide-binding;Protein biosynthesis;Reference proteome;RNA-binding
Q9I5Q9	argC PA0662	GO:0003942; GO:0005737; GO:0006526; GO:0051287; GO:0070401	Amino-acid biosynthesis;Arginine biosynthesis;Cytoplasm;NADP;Oxidoreductase;Reference proteome
Q9I5R6	coq7 PA0655	GO:0004497; GO:0005886; GO:0006744; GO:0008682; GO:0016020; GO:0046872; GO:0160224	Cell membrane;Iron;Membrane;Metal-binding;Monooxygenase;Oxidoreductase;Reference proteome;Ubiquinone biosynthesis
Q9I5U2	lptD imp ostA PA0595	GO:0009279; GO:0015920; GO:0032885; GO:0043165; GO:1990351	3D-structure;Cell outer membrane;Membrane;Reference proteome;Signal
Q9I5W0	dnaG PA0577	GO:0000428; GO:0003677; GO:0003899; GO:0005737; GO:0006269; GO:0008270; GO:1990077	3D-structure;DNA replication;DNA-binding;DNA-directed RNA polymerase;Magnesium;Metal-binding;Nucleotidyltransferase;Primosome;Reference proteome;Transcription;Transferase;Zinc;Zinc-finger
Q9I5Z0	metK PA0546	GO:0000287; GO:0004478; GO:0005524; GO:0005829; GO:0006556; GO:0006730	ATP-binding;Cytoplasm;Magnesium;Metal-binding;Nucleotide-binding;One-carbon metabolism;Potassium;Reference proteome;Transferase
Q9I617	bioF PA0501	GO:0008710; GO:0009102; GO:0030170	Biotin biosynthesis;Pyridoxal phosphate;Reference proteome;Transferase
Q9I6B7	mtgA PA0378	GO:0005886; GO:0008360; GO:0008955; GO:0009252; GO:0009274; GO:0016763; GO:0071555	Cell inner membrane;Cell membrane;Cell shape;Cell wall biogenesis/degradation;Glycosyltransferase;Membrane;Peptidoglycan synthesis;Reference proteome;Transferase;Transmembrane;Transmembrane helix
Q9I6V2	mcpA cttP PA0180	GO:0004888; GO:0005886; GO:0006935; GO:0007165	Cell inner membrane;Cell membrane;Chemotaxis;Membrane;Methylation;Reference proteome;Transducer;Transmembrane;Transmembrane helix
Q9I6Z9	bauR PA0133	GO:0000976; GO:0003700; GO:0006351; GO:0006355; GO:0009896	Activator;DNA-binding;Reference proteome;Transcription;Transcription regulation
Q9I741	vgrG1a PA0091	GO:0005576; GO:0033103; GO:0033104	3D-structure;Reference proteome;Secreted
Q9I748	tssC1 PA0084		3D-structure;Reference proteome
Q9I7A5	tsaC rimN PA0022	GO:0000049; GO:0002949; GO:0003725; GO:0005524; GO:0005737; GO:0006450; GO:0016779; GO:0061710	ATP-binding;Cytoplasm;Nucleotide-binding;Nucleotidyltransferase;Reference proteome;Transferase;tRNA processing
Q9I7A9	rsmB rrmB PA0017	GO:0003723; GO:0005829; GO:0006355; GO:0009383; GO:0070475	Cytoplasm;Methyltransferase;Reference proteome;Ribosome biogenesis;RNA-binding;rRNA processing;S-adenosyl-L-methionine;Transferase
Q9I7C4	dnaN PA0002	GO:0003677; GO:0003887; GO:0005737; GO:0006271; GO:0008408; GO:0009360; GO:0042802	3D-structure;Cytoplasm;DNA replication;DNA-binding;DNA-directed DNA polymerase;Nucleotidyltransferase;Reference proteome;Transferase
Q9RPF2	mntH2 PA0809	GO:0005384; GO:0005886; GO:0006828; GO:0006879; GO:0015293; GO:0030026; GO:0034755; GO:0046872	Cell inner membrane;Cell membrane;Ion transport;Membrane;Reference proteome;Symport;Transmembrane;Transmembrane helix;Transport
Q9RPT1	rhlG PA3387	GO:0004316; GO:0005829; GO:0008709	3D-structure;NADP;Oxidoreductase;Reference proteome
Q9XCX8	era PA0771	GO:0000028; GO:0003924; GO:0005525; GO:0005829; GO:0005886; GO:0019843; GO:0043024; GO:0070181	Cell inner membrane;Cell membrane;Cytoplasm;GTP-binding;Membrane;Nucleotide-binding;Reference proteome;Ribosome biogenesis;RNA-binding;rRNA-binding
Q9XCX9	rnc PA0770	GO:0003725; GO:0004525; GO:0005829; GO:0006364; GO:0006396; GO:0006397; GO:0008033; GO:0010468; GO:0019843; GO:0046872	Cytoplasm;Endonuclease;Hydrolase;Magnesium;Metal-binding;mRNA processing;Nuclease;Reference proteome;RNA-binding;rRNA processing;rRNA-binding;tRNA processing
Q9Z9H0	glnD PA3658	GO:0006808; GO:0008081; GO:0008773	Hydrolase;Magnesium;Multifunctional enzyme;Nucleotidyltransferase;Reference proteome;Repeat;Transferase
Q9ZFE4	fabI PA1806	GO:0004318; GO:0030497; GO:0042802	3D-structure;Fatty acid biosynthesis;Fatty acid metabolism;Lipid biosynthesis;Lipid metabolism;NAD;Oxidoreductase;Reference proteome
O68826	PA3474	GO:0005886; GO:0016020	Cell inner membrane;Cell membrane;Membrane;Reference proteome;Repeat;Transmembrane;Transmembrane helix;Transport
O82851	tsf PA3655	GO:0003746; GO:0005737; GO:0006414	Cytoplasm;Elongation factor;Protein biosynthesis;Reference proteome
P09852	toxR regA PA0707	GO:0005886; GO:0006351; GO:0045893	Activator;Cell inner membrane;Cell membrane;Membrane;Reference proteome;Transcription;Transcription regulation
P52112	glpM PA3585	GO:0005886; GO:0042121	Alginate biosynthesis;Cell inner membrane;Cell membrane;Membrane;Reference proteome;Transmembrane;Transmembrane helix
P57686	kdpC PA1635	GO:0005524; GO:0005886; GO:0008556; GO:0071805	ATP-binding;Cell inner membrane;Cell membrane;Ion transport;Membrane;Nucleotide-binding;Potassium;Potassium transport;Reference proteome;Transmembrane;Transmembrane helix;Transport
P95453	PA4753	GO:0000027; GO:0000028; GO:0000967; GO:0003723; GO:0005829; GO:1990275	Reference proteome;RNA-binding
Q51382	hscA PA3810	GO:0005524; GO:0005829; GO:0016226; GO:0016887; GO:0031072; GO:0042026; GO:0044183; GO:0051082	ATP-binding;Chaperone;Nucleotide-binding;Reference proteome
Q51391	glpR PA3583	GO:0000987; GO:0006071; GO:0006351; GO:0006355; GO:0009892; GO:0098531	DNA-binding;Glycerol metabolism;Reference proteome;Repressor;Transcription;Transcription regulation
Q51416	amiB PA3365	GO:0005524; GO:0005737; GO:0016887; GO:0034605	ATP-binding;Chaperone;Nucleotide-binding;Reference proteome
Q51462	fliE PA1100	GO:0003774; GO:0005198; GO:0009425; GO:0044780; GO:0071973	Bacterial flagellum;Reference proteome
Q51480	nirF PA0516	GO:0005737	3D-structure;Cytoplasm;Reference proteome
Q9HTN8	rpmB PA5316	GO:0003735; GO:0006412; GO:0022625	3D-structure;Reference proteome;Ribonucleoprotein;Ribosomal protein;RNA-binding;rRNA-binding
Q9HTR0	norM PA5294	GO:0005886; GO:0006811; GO:0015297; GO:0016020; GO:0022857; GO:0042910; GO:0098567	Antiport;Cell inner membrane;Cell membrane;Ion transport;Membrane;Reference proteome;Transmembrane;Transmembrane helix;Transport
Q9HU56	secB PA5128	GO:0005829; GO:0006457; GO:0036506; GO:0043952; GO:0051082; GO:0051262; GO:0070678	Chaperone;Cytoplasm;Protein transport;Reference proteome;Translocation;Transport
Q9HU99	dadA2 PA5084	GO:0005737; GO:0005886; GO:0008718; GO:0055130	FAD;Flavoprotein;Oxidoreductase;Reference proteome
Q9HUA6	opgH mdoH PA5077	GO:0005886; GO:0016758; GO:0030244; GO:1900727	Cell inner membrane;Cell membrane;Glycosyltransferase;Membrane;Reference proteome;Transferase;Transmembrane;Transmembrane helix
Q9HUB5	tatA PA5068	GO:0008320; GO:0033281; GO:0043953	Cell inner membrane;Cell membrane;Membrane;Protein transport;Reference proteome;Translocation;Transmembrane;Transmembrane helix;Transport
Q9HUM5	hisZ PA4939	GO:0000105; GO:0003723; GO:0004821; GO:0005737; GO:0006427	Amino-acid biosynthesis;Cytoplasm;Histidine biosynthesis;Reference proteome
Q9HUN2	rplI PA4932	GO:0003735; GO:0006412; GO:0019843; GO:0022625	3D-structure;Reference proteome;Ribonucleoprotein;Ribosomal protein;RNA-binding;rRNA-binding
Q9HUN6	PA4928	GO:0003824; GO:0005506; GO:0051539	4Fe-4S;Iron;Iron-sulfur;Metal-binding;Reference proteome;S-adenosyl-L-methionine
Q9HUS2	ureE PA4891	GO:0005737; GO:0006457; GO:0016151; GO:0019627; GO:0051082; GO:0065003	Chaperone;Cytoplasm;Nickel;Nickel insertion;Reference proteome
Q9HUU8	ureA PA4865	GO:0005737; GO:0009039; GO:0016151; GO:0043419	Cytoplasm;Hydrolase;Reference proteome
Q9HVF1	mqo2 mqoB PA4640	GO:0005737; GO:0006099; GO:0008924	FAD;Flavoprotein;Oxidoreductase;Reference proteome;Tricarboxylic acid cycle
Q9HVH4	rlmG PA4617	GO:0003676; GO:0005737; GO:0008990; GO:0052916; GO:0070475	Cytoplasm;Methyltransferase;Reference proteome;rRNA processing;S-adenosyl-L-methionine;Transferase
Q9HVT8	gatA PA4483	GO:0005524; GO:0006412; GO:0030956; GO:0050567	3D-structure;ATP-binding;Ligase;Nucleotide-binding;Protein biosynthesis;Reference proteome
Q9HVY2	rplM PA4433	GO:0003729; GO:0003735; GO:0005840; GO:0006412; GO:0017148; GO:0022625	3D-structure;Reference proteome;Ribonucleoprotein;Ribosomal protein
Q9HWC6	rplA PA4273	GO:0000049; GO:0003729; GO:0003735; GO:0006412; GO:0006417; GO:0019843; GO:0022625	Reference proteome;Repressor;Ribonucleoprotein;Ribosomal protein;RNA-binding;rRNA-binding;Translation regulation;tRNA-binding
Q9HWD2	fusA fusA1 PA4266	GO:0003746; GO:0003924; GO:0005525; GO:0005829; GO:0032790; GO:0097216	3D-structure;Cytoplasm;Elongation factor;GTP-binding;Nucleotide-binding;Protein biosynthesis;Reference proteome
Q9HWE2	rplP PA4256	GO:0000049; GO:0003735; GO:0006412; GO:0019843; GO:0022625	3D-structure;Reference proteome;Ribonucleoprotein;Ribosomal protein;RNA-binding;rRNA-binding;tRNA-binding
Q9HWE8	rpsN PA4250	GO:0003735; GO:0005737; GO:0006412; GO:0015935; GO:0019843	3D-structure;Reference proteome;Ribonucleoprotein;Ribosomal protein;RNA-binding;rRNA-binding
Q9HWF3	rpmD PA4245	GO:0003735; GO:0006412; GO:0022625	3D-structure;Direct protein sequencing;Reference proteome;Ribonucleoprotein;Ribosomal protein
Q9HWF4	rplO PA4244	GO:0003735; GO:0006412; GO:0019843; GO:0022625	3D-structure;Reference proteome;Ribonucleoprotein;Ribosomal protein;RNA-binding;rRNA-binding
Q9HWF8	rpsK PA4240	GO:0003735; GO:0006412; GO:0019843; GO:0022627	3D-structure;Reference proteome;Ribonucleoprotein;Ribosomal protein;RNA-binding;rRNA-binding
Q9HWR7	sotB PA4113	GO:0005886; GO:0015144; GO:0022857; GO:0055085	Cell inner membrane;Cell membrane;Membrane;Reference proteome;Sugar transport;Transmembrane;Transmembrane helix;Transport
Q9HWX1	nrdR PA4057	GO:0003690; GO:0005524; GO:0006351; GO:0008270; GO:0045892; GO:0051354	ATP-binding;DNA-binding;Metal-binding;Nucleotide-binding;Reference proteome;Repressor;Transcription;Transcription regulation;Zinc;Zinc-finger
Q9HWX6	nusB PA4052	GO:0003723; GO:0005829; GO:0006353; GO:0031564	Reference proteome;RNA-binding;Transcription;Transcription antitermination;Transcription regulation
Q9HX72	PA3944	GO:0016747	3D-structure;Acyltransferase;Reference proteome;Transferase
Q9HXC4	PA3889	GO:0015226; GO:0015838; GO:0031460; GO:0042597; GO:0043190; GO:0071475	Periplasm;Reference proteome;Signal;Transport
Q9HXD2	anvM PA3880		Reference proteome;Virulence
Q9HXG4	rlmF PA3840	GO:0005737; GO:0052907; GO:0070475	Cytoplasm;Methyltransferase;Reference proteome;rRNA processing;S-adenosyl-L-methionine;Transferase
Q9HXI2	secF PA3820	GO:0005886; GO:0006605; GO:0015031; GO:0015450; GO:0043952; GO:0065002	Cell inner membrane;Cell membrane;Membrane;Protein transport;Reference proteome;Translocation;Transmembrane;Transmembrane helix;Transport
Q9HXQ0	rimM PA3744	GO:0005829; GO:0005840; GO:0030490; GO:0043022	3D-structure;Chaperone;Cytoplasm;Reference proteome;Ribosome biogenesis;rRNA processing
Q9HXW0	rsmJ PA3680	GO:0005737; GO:0036308; GO:0070475	Cytoplasm;Methyltransferase;Reference proteome;rRNA processing;S-adenosyl-L-methionine;Transferase
Q9HXZ1	dnaE PA3640	GO:0003676; GO:0003887; GO:0005737; GO:0006260; GO:0008408	Cytoplasm;DNA replication;DNA-directed DNA polymerase;Nucleotidyltransferase;Reference proteome;Transferase
Q9HXZ6	ftsB PA3634	GO:0005886; GO:0030428; GO:0032153; GO:0043093	3D-structure;Cell cycle;Cell division;Cell inner membrane;Cell membrane;Coiled coil;Membrane;Reference proteome;Transmembrane;Transmembrane helix
Q9HYC0	rnfA PA3489	GO:0005886; GO:0022900	Cell inner membrane;Cell membrane;Electron transport;Membrane;Reference proteome;Translocase;Transmembrane;Transmembrane helix;Transport
Q9HYH5	PA3430	GO:0005856; GO:0005996; GO:0046872; GO:0051015	Metal-binding;Reference proteome;Zinc
Q9HYL3	nosR PA3391	GO:0003677; GO:0005886; GO:0006351; GO:0010181; GO:0045893	Activator;Cell membrane;DNA-binding;Membrane;Reference proteome;Transcription;Transcription regulation
Q9HZ68	hisC2 PA3165	GO:0000105; GO:0004400; GO:0030170	Amino-acid biosynthesis;Aminotransferase;Histidine biosynthesis;Pyridoxal phosphate;Reference proteome;Transferase
Q9HZ71	rpsA PA3162	GO:0003729; GO:0003735; GO:0006412; GO:0022627	Reference proteome;Repeat;Ribonucleoprotein;Ribosomal protein;RNA-binding
Q9HZP5	PA2953	GO:0004174; GO:0022900; GO:0046872; GO:0051539	4Fe-4S;Direct protein sequencing;Electron transport;FAD;Flavoprotein;Iron;Iron-sulfur;Lipid degradation;Lipid metabolism;Metal-binding;Oxidoreductase;Reference proteome;Transport;Ubiquinone
Q9I013	htpX PA2830	GO:0004222; GO:0005886; GO:0006508; GO:0008270	Cell inner membrane;Cell membrane;Hydrolase;Membrane;Metal-binding;Metalloprotease;Protease;Reference proteome;Transmembrane;Transmembrane helix;Zinc
Q9I0A0	infC PA2743	GO:0003743; GO:0005829; GO:0032790; GO:0043022	3D-structure;Cytoplasm;Initiation factor;Protein biosynthesis;Reference proteome
Q9I0A2	rplT PA2741	GO:0000027; GO:0003735; GO:0006412; GO:0019843; GO:0022625	3D-structure;Reference proteome;Ribonucleoprotein;Ribosomal protein;RNA-binding;rRNA-binding
Q9I0L1	hflD PA2627	GO:0005737; GO:0005886	Cell inner membrane;Cell membrane;Cytoplasm;Membrane;Reference proteome
Q9I0M0	bpt PA2618	GO:0004057; GO:0005737; GO:0008914; GO:0010498; GO:0071596	Acyltransferase;Cytoplasm;Reference proteome;Transferase
Q9I0X4	catC PA2508	GO:0016159; GO:0042952	Aromatic hydrocarbons catabolism;Isomerase;Reference proteome
Q9I163	PA2418	GO:0008127; GO:0046872	Dioxygenase;Metal-binding;Oxidoreductase;Reference proteome
Q9I1T4	PA2181	GO:0004357; GO:0005524; GO:0016879; GO:0042398	ATP-binding;Ligase;Nucleotide-binding;Reference proteome
Q9I270	PA2045	GO:0005886; GO:0032977; GO:0051205	Cell inner membrane;Cell membrane;Membrane;Reference proteome
Q9I2C3	pqqB PA1986	GO:0018189	PQQ biosynthesis;Reference proteome;Transport
Q9I2J9	phzA2 PA1899	GO:0002047	Antibiotic biosynthesis;Reference proteome;Virulence
Q9I347	prmB PA1678	GO:0003676; GO:0005829; GO:0032259; GO:0036009	Methyltransferase;Reference proteome;S-adenosyl-L-methionine;Transferase
Q9I3J5	PA1518	GO:0006144; GO:0033971	Hydrolase;Purine metabolism;Reference proteome
Q9I3N0	ccmH PA1482	GO:0005886; GO:0017004; GO:0046872	3D-structure;Cytochrome c-type biogenesis;Heme;Iron;Membrane;Metal-binding;Reference proteome;Signal;Transmembrane;Transmembrane helix
Q9I3P8	flhF PA1453	GO:0003924; GO:0005047; GO:0005525; GO:0005886; GO:0006605; GO:0006614; GO:0015031; GO:0044781	Bacterial flagellum biogenesis;Bacterial flagellum protein export;Cell membrane;GTP-binding;Membrane;Nucleotide-binding;Protein transport;Reference proteome;Transport
Q9I467	cobQ PA1277	GO:0003824; GO:0009236; GO:0015420	Cobalamin biosynthesis;Glutamine amidotransferase;Reference proteome
Q9I699	PA0404	GO:0000967; GO:0004518; GO:0005737; GO:0016788	Cytoplasm;Hydrolase;Nuclease;Reference proteome;Ribosome biogenesis
Q9I701	bauB PA0131	GO:0019483	Reference proteome
Q9X2T1	trxA trx PA5240	GO:0005737; GO:0005829; GO:0015035; GO:0045454	Disulfide bond;Electron transport;Redox-active center;Reference proteome;Transport
Q9ZAA0	pqqA PA1985	GO:0018189	PQQ biosynthesis;Reference proteome
O52759	rpsD PA4239	GO:0003735; GO:0006412; GO:0015935; GO:0019843; GO:0042274	3D-structure;Reference proteome;Ribonucleoprotein;Ribosomal protein;RNA-binding;rRNA-binding
O52761	rplQ PA4237	GO:0003735; GO:0006412; GO:0022625	3D-structure;Reference proteome;Ribonucleoprotein;Ribosomal protein
O68560	ratA PA4767	GO:0045333; GO:0048039	Reference proteome;Toxin-antitoxin system
O68877	hmuV phuV PA4706	GO:0005524; GO:0005886; GO:0016887	ATP-binding;Cell inner membrane;Cell membrane;Membrane;Nucleotide-binding;Reference proteome;Translocase;Transport
O69753	phzB1 PA4211	GO:0002047	Antibiotic biosynthesis;Reference proteome
O87014	usg PA3116	GO:0008652; GO:0016620; GO:0046983; GO:0051287	3D-structure;Reference proteome
P0C2B2	dsbA PA5489	GO:0003756; GO:0015035; GO:0030288; GO:0071236	3D-structure;Disulfide bond;Periplasm;Redox-active center;Reference proteome;Signal
P24562	PA0394	GO:0005737; GO:0030170	Pyridoxal phosphate;Reference proteome
P29363	thrC PA3735	GO:0004795; GO:0009088; GO:0030170	Amino-acid biosynthesis;Lyase;Pyridoxal phosphate;Reference proteome;Threonine biosynthesis
P29370	PA1977	GO:0005886; GO:0015562; GO:0033228	Cell membrane;Membrane;Reference proteome;Repeat;Transmembrane;Transmembrane helix
P37799	accB fabE PA4847	GO:0003989; GO:0006633; GO:0009317	Biotin;Fatty acid biosynthesis;Fatty acid metabolism;Lipid biosynthesis;Lipid metabolism;Reference proteome
P37860	recX PA3616	GO:0005737; GO:0006282; GO:0009432	Cytoplasm;Reference proteome
P42378	rpoH PA0376	GO:0003677; GO:0005737; GO:0006352; GO:0009408; GO:0016987	Cytoplasm;DNA-binding;Reference proteome;Sigma factor;Stress response;Transcription;Transcription regulation
P43501	pilH PA0409	GO:0000156; GO:0000160	Phosphoprotein;Reference proteome;Two-component regulatory system
P43903	qor PA0023	GO:0003960; GO:0005829; GO:0008270; GO:0035925	NADP;Oxidoreductase;Reference proteome
P50987	argH PA5263	GO:0004056; GO:0005829; GO:0042450	Amino-acid biosynthesis;Arginine biosynthesis;Cytoplasm;Lyase;Reference proteome
P57665	orn PA4951	GO:0000175; GO:0003676; GO:0005737; GO:0006259	3D-structure;Cytoplasm;Exonuclease;Hydrolase;Nuclease;Reference proteome
P57701	dsbB2 PA0538	GO:0005886; GO:0006457; GO:0009055; GO:0015035	Cell inner membrane;Cell membrane;Chaperone;Disulfide bond;Electron transport;Membrane;Oxidoreductase;Redox-active center;Reference proteome;Transmembrane;Transmembrane helix;Transport
P65116	infA PA2619	GO:0003743; GO:0005829; GO:0019843; GO:0043022	3D-structure;Cytoplasm;Initiation factor;Protein biosynthesis;Reference proteome;RNA-binding;rRNA-binding
P72171	oruR PA0831	GO:0000976; GO:0003700; GO:0006351; GO:0006593	Activator;DNA-binding;Reference proteome;Transcription;Transcription regulation
Q01602	opdE PA2219	GO:0005886; GO:0006351; GO:0022857; GO:0055085	Cell membrane;Membrane;Reference proteome;Transcription;Transcription regulation;Transmembrane;Transmembrane helix
Q51423	pmpR PA0964	GO:0003677; GO:0005829; GO:0006351; GO:0006355; GO:0071281	Cytoplasm;DNA-binding;Reference proteome;Transcription;Transcription regulation
Q51466	fliN PA1444	GO:0003774; GO:0004721; GO:0005886; GO:0006935; GO:0009425; GO:0071973; GO:1902021	Bacterial flagellum;Cell inner membrane;Cell membrane;Chemotaxis;Flagellar rotation;Membrane;Reference proteome
Q51551	pyrC' pyrX PA0401	GO:0004038; GO:0004151; GO:0005737; GO:0006145; GO:0006221; GO:0046872	Pyrimidine biosynthesis;Reference proteome
Q9HI37	PA0445; PA2319; PA2690; PA3434; PA3993; PA4797	GO:0003677; GO:0004803; GO:0006313	DNA recombination;DNA-binding;Reference proteome;Transposable element;Transposition
Q9HT17	atpH PA5557	GO:0005886; GO:0015986; GO:0045259; GO:0046933	ATP synthesis;Cell inner membrane;Cell membrane;CF(1);Hydrogen ion transport;Ion transport;Membrane;Reference proteome;Transport
Q9HTK0	ubiA PA5358	GO:0005886; GO:0006744; GO:0008412	Cell inner membrane;Cell membrane;Magnesium;Membrane;Reference proteome;Transferase;Transmembrane;Transmembrane helix;Ubiquinone biosynthesis
Q9HU78	hutC PA5105	GO:0003677; GO:0003700; GO:0006351; GO:0019556; GO:0019557; GO:0045892	DNA-binding;Histidine metabolism;Reference proteome;Repressor;Transcription;Transcription regulation
Q9HUA5	opgG PA5078	GO:0003824; GO:0030246; GO:0030288; GO:0051274	Periplasm;Reference proteome;Signal
Q9HUM8	rlmB PA4936	GO:0003723; GO:0005829; GO:0070039	Cytoplasm;Methyltransferase;Reference proteome;rRNA processing;S-adenosyl-L-methionine;Transferase
Q9HV46	greA PA4755	GO:0003677; GO:0006354; GO:0032784; GO:0070063	Coiled coil;DNA-binding;Reference proteome;Transcription;Transcription regulation
Q9HVL7	rpmA PA4567	GO:0003735; GO:0006412; GO:0022625; GO:0043022; GO:1902626	3D-structure;Direct protein sequencing;Reference proteome;Ribonucleoprotein;Ribosomal protein
Q9HVS4	PA4497	GO:0015031; GO:0030288; GO:0042938; GO:0043190; GO:1904680	Peptide transport;Periplasm;Protein transport;Reference proteome;Signal;Transport
Q9HVU8	darP PA4473	GO:0005829; GO:0019843; GO:0043022; GO:1902626	Cytoplasm;Reference proteome;Ribosome biogenesis;RNA-binding;rRNA-binding
Q9HVV2	ptsH PA4466	GO:0005737; GO:0009401	Cytoplasm;Phosphotransferase system;Reference proteome;Sugar transport;Transport
Q9HWC3	secE PA4276	GO:0005886; GO:0006605; GO:0008320; GO:0009306; GO:0043952; GO:0065002	Cell inner membrane;Cell membrane;Membrane;Protein transport;Reference proteome;Translocation;Transmembrane;Transmembrane helix;Transport
Q9HWC5	rplK PA4274	GO:0003735; GO:0006412; GO:0022625; GO:0070180	3D-structure;Methylation;Reference proteome;Ribonucleoprotein;Ribosomal protein;RNA-binding;rRNA-binding
Q9HWC7	rplJ PA4272	GO:0003735; GO:0006412; GO:0022625; GO:0070180	3D-structure;Reference proteome;Ribonucleoprotein;Ribosomal protein;RNA-binding;rRNA-binding
Q9HWC8	rplL PA4271	GO:0003729; GO:0003735; GO:0006412; GO:0022625	Reference proteome;Ribonucleoprotein;Ribosomal protein
Q9HWD1	rpsG PA4267	GO:0000049; GO:0003729; GO:0003735; GO:0005840; GO:0006412; GO:0019843; GO:0022627	3D-structure;Reference proteome;Ribonucleoprotein;Ribosomal protein;RNA-binding;rRNA-binding;tRNA-binding
Q9HWE1	rpsC PA4257	GO:0003729; GO:0003735; GO:0006412; GO:0019843; GO:0022627	3D-structure;Reference proteome;Ribonucleoprotein;Ribosomal protein;RNA-binding;rRNA-binding
Q9HWE4	rpsQ PA4254	GO:0003735; GO:0006412; GO:0019843; GO:0022627	3D-structure;Reference proteome;Ribonucleoprotein;Ribosomal protein;RNA-binding;rRNA-binding
Q9HWE9	rpsH PA4249	GO:0003735; GO:0006412; GO:0019843; GO:0022627	3D-structure;Reference proteome;Ribonucleoprotein;Ribosomal protein;RNA-binding;rRNA-binding
Q9HWF5	secY PA4243	GO:0005048; GO:0005886; GO:0006616; GO:0008320; GO:0031522; GO:0043952	Cell inner membrane;Cell membrane;Membrane;Protein transport;Reference proteome;Translocation;Transmembrane;Transmembrane helix;Transport
Q9HWF7	rpsM PA4241	GO:0000049; GO:0003735; GO:0005829; GO:0006412; GO:0015935; GO:0019843	3D-structure;Reference proteome;Ribonucleoprotein;Ribosomal protein;RNA-binding;rRNA-binding;tRNA-binding
Q9HWY5	xseB PA4042	GO:0005829; GO:0006308; GO:0008855; GO:0009318	Cytoplasm;Exonuclease;Hydrolase;Nuclease;Reference proteome
Q9HXF7	PA3849	GO:0003690; GO:0003727; GO:0005737; GO:0043590	Cytoplasm;Reference proteome
Q9HXI1	secD PA3821	GO:0005886; GO:0006605; GO:0015031; GO:0015450; GO:0043952; GO:0065002	Cell inner membrane;Cell membrane;Membrane;Protein transport;Reference proteome;Translocation;Transmembrane;Transmembrane helix;Transport
Q9HXJ1	hscB PA3811	GO:0001671; GO:0006457; GO:0044571; GO:0051087; GO:0051259; GO:1990230	Chaperone;Reference proteome
Q9HXP9	rpsP PA3745	GO:0003735; GO:0005737; GO:0006412; GO:0015935	3D-structure;Reference proteome;Ribonucleoprotein;Ribosomal protein
Q9HXW7	plsB PA3673	GO:0004366; GO:0005886; GO:0006631; GO:0008654; GO:0016024	Acyltransferase;Cell inner membrane;Cell membrane;Lipid biosynthesis;Lipid metabolism;Membrane;Phospholipid biosynthesis;Phospholipid metabolism;Reference proteome;Transferase
Q9HY16	potD PA3610	GO:0015847; GO:0019809; GO:0019810; GO:0030288	Periplasm;Reference proteome;Signal;Transport
Q9HY26	rpmJ2 PA3600	GO:0003735; GO:0005840; GO:0006412; GO:1990904	Reference proteome;Ribonucleoprotein;Ribosomal protein;RNA-binding;rRNA-binding
Q9HYX7	rdgC PA3263	GO:0000018; GO:0003690; GO:0005737; GO:0006310; GO:0043590	3D-structure;Cytoplasm;DNA recombination;Reference proteome
Q9HZT7	mntP PA2910	GO:0005384; GO:0005886; GO:0030026; GO:0140048	Cell inner membrane;Cell membrane;Ion transport;Manganese;Membrane;Reference proteome;Transmembrane;Transmembrane helix;Transport
Q9I088	eco PA2755	GO:0004867; GO:0030288	Disulfide bond;Periplasm;Protease inhibitor;Reference proteome;Serine protease inhibitor;Signal
Q9I0S1	tam PA2564	GO:0005829; GO:0030798; GO:0032259	Cytoplasm;Methyltransferase;Reference proteome;S-adenosyl-L-methionine;Transferase
Q9I203	pxpA2 PA2112	GO:0005524; GO:0005975; GO:0017168	ATP-binding;Hydrolase;Nucleotide-binding;Reference proteome
Q9I2P8	nfuA PA1847	GO:0005506; GO:0016226; GO:0051539; GO:0051604	4Fe-4S;Iron;Iron-sulfur;Metal-binding;Reference proteome
Q9I3I5	zipA PA1528	GO:0000917; GO:0005886; GO:0032153; GO:0043093	Cell cycle;Cell division;Cell inner membrane;Cell membrane;Membrane;Reference proteome;Transmembrane;Transmembrane helix
Q9I3K1	vgrG2a PA1511	GO:0033103; GO:0033104	Reference proteome
Q9I4D3	PA1205	GO:0008127; GO:0046872	Dioxygenase;Metal-binding;Oxidoreductase;Reference proteome
Q9I4W0	purC PA1013	GO:0004639; GO:0005524; GO:0005829; GO:0006189; GO:0009236	ATP-binding;Ligase;Nucleotide-binding;Purine biosynthesis;Reference proteome
Q9I504	acyP PA0954	GO:0003998	Hydrolase;Reference proteome
Q9I6R6	PA0222	GO:0015888; GO:0030288; GO:0030975; GO:0030976	Periplasm;Reference proteome;Signal;Transport
Q9I6S5	mdcG PA0213	GO:0016779	Nucleotidyltransferase;Reference proteome;Transferase
Q9I6S9	mdcB PA0209	GO:0005524; GO:0046917; GO:0051191	ATP-binding;Nucleotide-binding;Reference proteome;Transferase
Q9I740	tsi6 PA0092	GO:0033103; GO:0097351	3D-structure;Reference proteome
Q9I753	tssK1 PA0079		Reference proteome
O31038	msuE slfA PA2357	GO:0016655; GO:0052873	Flavoprotein;FMN;NADP;Oxidoreductase;Reference proteome
O68823	holC PA3832	GO:0003677; GO:0003887; GO:0006260; GO:0032298	DNA replication;DNA-directed DNA polymerase;Nucleotidyltransferase;Reference proteome;Transferase
O82853	frr PA3653	GO:0002184; GO:0005737; GO:0005829; GO:0006412; GO:0043023	Cytoplasm;Protein biosynthesis;Reference proteome
O87005	chpE PA0417	GO:0005886; GO:0006865; GO:0015171	Cell membrane;Membrane;Reference proteome;Transmembrane;Transmembrane helix
P0DTB6	tsi5 PA2683.1	GO:0016020	Membrane;Reference proteome;Transmembrane;Transmembrane helix
P17323	lppL PA5276	GO:0009279	Cell outer membrane;Lipoprotein;Membrane;Palmitate;Reference proteome;Signal
P24908	PA0034	GO:0000160; GO:0000976; GO:0003700; GO:0006351; GO:0006355	DNA-binding;Phosphoprotein;Reference proteome;Transcription;Transcription regulation;Two-component regulatory system
P28809	mmsR PA3571	GO:0000976; GO:0003700; GO:0006351; GO:0006355; GO:2000284	Activator;DNA-binding;Reference proteome;Transcription;Transcription regulation
P33663	pgeF PA4543	GO:0004000; GO:0005507; GO:0016491; GO:0017061	Cell wall biogenesis/degradation;Copper;Cytoplasm;Hydrolase;Metal-binding;Reference proteome;Zinc
P34750	pilQ PA5040	GO:0009279; GO:0009306; GO:0043683	3D-structure;Cell outer membrane;Fimbrium biogenesis;Membrane;Protein transport;Reference proteome;Signal;Transport
P50598	tolQ PA0969	GO:0005886; GO:0017038; GO:0043213; GO:0051301	Cell cycle;Cell division;Cell inner membrane;Cell membrane;Membrane;Reference proteome;Transmembrane;Transmembrane helix
P52024	holB PA2961	GO:0003677; GO:0003887; GO:0006261; GO:0008408; GO:0009360	DNA replication;DNA-directed DNA polymerase;Nucleotidyltransferase;Reference proteome;Transferase
Q06552	prtN PA0610	GO:0003677; GO:0006351; GO:0006355; GO:0030152; GO:1900378	Activator;Antibiotic biosynthesis;Bacteriocin biosynthesis;DNA-binding;Reference proteome;Transcription;Transcription regulation
Q51463	fliF PA1101	GO:0003774; GO:0005886; GO:0009431; GO:0071973	Bacterial flagellum;Cell inner membrane;Cell membrane;Membrane;Reference proteome;Transmembrane;Transmembrane helix
Q51484	PA0525	GO:0005737	Cytoplasm;Reference proteome
Q9HI36	hcpA PA0263; hcpB PA1512; hcpC PA5267	GO:0005576	3D-structure;Reference proteome;Secreted
Q9HT10	rsmG PA5564	GO:0005829; GO:0070043	Cytoplasm;Methyltransferase;Reference proteome;rRNA processing;S-adenosyl-L-methionine;Transferase
Q9HT35	folE2 PA5539	GO:0003933; GO:0003934; GO:0046654	Hydrolase;Reference proteome
Q9HT81	engB PA5492	GO:0000917; GO:0005525; GO:0005829; GO:0046872	Cell cycle;Cell division;GTP-binding;Magnesium;Metal-binding;Nucleotide-binding;Reference proteome;Septation
Q9HT95	PA5475	GO:0016747	Acyltransferase;Reference proteome;Transferase
Q9HTK1	ubiC PA5357	GO:0005829; GO:0006744; GO:0008813; GO:0042866	Cytoplasm;Lyase;Pyruvate;Reference proteome;Ubiquinone biosynthesis
Q9HTL0	hupA PA5348	GO:0003677; GO:0005829; GO:0030261; GO:0030527	DNA condensation;DNA-binding;Reference proteome
Q9HTY6	gshA PA5203	GO:0004357; GO:0005524; GO:0005829; GO:0006750; GO:0046872	ATP-binding;Glutathione biosynthesis;Ligase;Nucleotide-binding;Reference proteome
Q9HU36	PA5148	GO:0005506; GO:0005829; GO:0034599	3D-structure;Iron;Reference proteome
Q9HU41	hisB PA5143	GO:0000105; GO:0004424; GO:0005737	Amino-acid biosynthesis;Cytoplasm;Histidine biosynthesis;Lyase;Reference proteome
Q9HU43	hisA PA5141	GO:0000105; GO:0003949; GO:0005829	Amino-acid biosynthesis;Cytoplasm;Histidine biosynthesis;Isomerase;Reference proteome
Q9HUP4	pncB1 PA4919	GO:0004516; GO:0005829; GO:0034355	Ligase;Phosphoprotein;Pyridine nucleotide biosynthesis;Reference proteome
Q9HUQ0	PA4913	GO:0015818; GO:0015820; GO:0015829; GO:0030288	Amino-acid transport;Periplasm;Reference proteome;Signal;Transport
Q9HUS1	ureF PA4892	GO:0005737; GO:0016151; GO:0018237; GO:0019627	Chaperone;Cytoplasm;Nickel insertion;Reference proteome
Q9HUW0	PA4853	GO:0043565; GO:0045893	3D-structure;DNA-binding;Reference proteome;Transcription;Transcription regulation
Q9HV00	fdhE PA4809	GO:0005829; GO:0008199; GO:0051604	3D-structure;Cytoplasm;Reference proteome
Q9HV40	smpB PA4768	GO:0003723; GO:0005829; GO:0070929	Cytoplasm;Reference proteome;RNA-binding
Q9HV52	secG PA4747	GO:0005886; GO:0009306; GO:0015450; GO:0043952; GO:0065002	Cell inner membrane;Cell membrane;Membrane;Protein transport;Reference proteome;Translocation;Transmembrane;Transmembrane helix;Transport
Q9HV53	rimP PA4746	GO:0000028; GO:0005829; GO:0006412	Cytoplasm;Reference proteome;Ribosome biogenesis
Q9HV71	folK PA4728	GO:0003848; GO:0005524; GO:0016301; GO:0046654; GO:0046656	ATP-binding;Folate biosynthesis;Kinase;Nucleotide-binding;Reference proteome;Transferase
Q9HV75	gluQ PA4724	GO:0004818; GO:0005524; GO:0005829; GO:0006400; GO:0006424; GO:0008270	Aminoacyl-tRNA synthetase;ATP-binding;Ligase;Metal-binding;Nucleotide-binding;Reference proteome;Zinc
Q9HVL6	rplU PA4568	GO:0003735; GO:0005737; GO:0005840; GO:0006412; GO:0019843; GO:1990904	3D-structure;Reference proteome;Ribonucleoprotein;Ribosomal protein;RNA-binding;rRNA-binding
Q9HVR0	pxpA3 PA4511	GO:0005524; GO:0005975; GO:0017168	3D-structure;ATP-binding;Hydrolase;Nucleotide-binding;Reference proteome
Q9HVT7	gatB PA4484	GO:0005524; GO:0006412; GO:0050566; GO:0050567; GO:0070681	3D-structure;ATP-binding;Ligase;Nucleotide-binding;Protein biosynthesis;Reference proteome
Q9HVX2	PA4445	GO:0005737; GO:0046872	Metal-binding;Reference proteome
Q9HVY3	rpsI PA4432	GO:0003723; GO:0003735; GO:0006412; GO:0022627	3D-structure;Reference proteome;Ribonucleoprotein;Ribosomal protein
Q9HVZ6	ftsL PA4419	GO:0005886; GO:0032153; GO:0043093	3D-structure;Cell cycle;Cell division;Cell inner membrane;Cell membrane;Membrane;Reference proteome;Transmembrane;Transmembrane helix
Q9HW11	PA4395	GO:0000166; GO:0005829	Nucleotide-binding;Reference proteome;Virulence
Q9HWD4	rpsJ PA4264	GO:0000049; GO:0003735; GO:0006412; GO:0015935	3D-structure;Reference proteome;Ribonucleoprotein;Ribosomal protein
Q9HWD5	rplC PA4263	GO:0003735; GO:0006412; GO:0019843; GO:0022625	3D-structure;Methylation;Reference proteome;Ribonucleoprotein;Ribosomal protein;RNA-binding;rRNA-binding
Q9HWE3	rpmC PA4255	GO:0003735; GO:0006412; GO:0022625	3D-structure;Direct protein sequencing;Reference proteome;Ribonucleoprotein;Ribosomal protein
Q9HWE5	rplN PA4253	GO:0003735; GO:0006412; GO:0022625; GO:0070180	3D-structure;Reference proteome;Ribonucleoprotein;Ribosomal protein;RNA-binding;rRNA-binding
Q9HWE7	rplE PA4251	GO:0000049; GO:0003723; GO:0003735; GO:0006412; GO:0019843; GO:0022625	3D-structure;Reference proteome;Ribonucleoprotein;Ribosomal protein;RNA-binding;rRNA-binding;tRNA-binding
Q9HWF1	rplR PA4247	GO:0003735; GO:0006412; GO:0008097; GO:0022625	3D-structure;Reference proteome;Ribonucleoprotein;Ribosomal protein;RNA-binding;rRNA-binding
Q9HWH1	phzA1 PA4210	GO:0002047	Antibiotic biosynthesis;Reference proteome
Q9HX37	ybeY PA3982	GO:0004222; GO:0004521; GO:0005737; GO:0006364; GO:0008270	Cytoplasm;Endonuclease;Hydrolase;Metal-binding;Nuclease;Reference proteome;Ribosome biogenesis;rRNA processing;Zinc
Q9HXL8	xseA PA3777	GO:0003676; GO:0005737; GO:0006308; GO:0008855; GO:0009318	Cytoplasm;Exonuclease;Hydrolase;Nuclease;Reference proteome
Q9HXV3	ppc PA3687	GO:0000287; GO:0005829; GO:0006099; GO:0006107; GO:0008964; GO:0015977	Carbon dioxide fixation;Lyase;Magnesium;Reference proteome
Q9HXX3	csd PA3667	GO:0006534; GO:0030170; GO:0031071	Pyridoxal phosphate;Reference proteome;Transferase
Q9HXY5	PA3647	GO:0006457; GO:0050821; GO:0051082	Reference proteome;Signal
Q9HXY8	lpxB PA3643	GO:0005543; GO:0008915; GO:0009245; GO:0016020	Glycosyltransferase;Lipid A biosynthesis;Lipid biosynthesis;Lipid metabolism;Reference proteome;Transferase
Q9HYH1	PA3435	GO:0010181; GO:0016655	3D-structure;Electron transport;Flavoprotein;FMN;Reference proteome;Transport
Q9HYL1	nosD PA3393	GO:0042597	Periplasm;Reference proteome;Repeat;Signal
Q9HZ00	PA3240	GO:0008127; GO:0046872	Dioxygenase;Metal-binding;Oxidoreductase;Reference proteome
Q9HZ46	glk PA3193	GO:0004340; GO:0005524; GO:0005536; GO:0005829; GO:0006096	ATP-binding;Cytoplasm;Glycolysis;Kinase;Nucleotide-binding;Reference proteome;Transferase
Q9HZK9	nqrD PA2996	GO:0005886; GO:0006814; GO:0016655	Cell inner membrane;Cell membrane;Ion transport;Membrane;NAD;Reference proteome;Sodium;Sodium transport;Translocase;Transmembrane;Transmembrane helix;Transport;Ubiquinone
Q9I0A1	rpmI PA2742	GO:0003735; GO:0006412; GO:0022625	3D-structure;Reference proteome;Ribonucleoprotein;Ribosomal protein
Q9I0L7	clpS PA2621	GO:0006508; GO:0030163	Reference proteome
Q9I0N3	tusD PA2605	GO:0002143; GO:0005829; GO:0016783; GO:0097163; GO:1990228	Cytoplasm;Reference proteome;Transferase
Q9I0Q1	uvrC PA2585	GO:0003677; GO:0005737; GO:0006289; GO:0006974; GO:0009380; GO:0009381; GO:0009432	Cytoplasm;DNA damage;DNA excision;DNA repair;Excision nuclease;Reference proteome;SOS response
Q9I136	gcvH1 PA2446	GO:0005829; GO:0005960; GO:0019464	Lipoyl;Reference proteome
Q9I154	PA2428	GO:0006183; GO:0006754; GO:0008976	ATP synthesis;Kinase;Reference proteome;Transferase
Q9I262	cynT PA2053	GO:0004089; GO:0008270; GO:0009440; GO:0015976	Lyase;Metal-binding;Reference proteome;Zinc
Q9I263	cynS PA2052	GO:0003677; GO:0008824; GO:0009440	Lyase;Reference proteome
Q9I2A8	atoB PA2001	GO:0003985; GO:0005737; GO:0006631	3D-structure;Acyltransferase;Cytoplasm;Fatty acid metabolism;Lipid metabolism;Reference proteome;Transferase
Q9I2Q0	tsi1 PA1845		3D-structure;Disulfide bond;Reference proteome;Signal
Q9I3N4	ccmD PA1478	GO:0005886; GO:0015886; GO:0017004; GO:1903607	Cell inner membrane;Cell membrane;Cytochrome c-type biogenesis;Membrane;Reference proteome;Transmembrane;Transmembrane helix;Transport
Q9I465	cobT cobU PA1279	GO:0008939; GO:0009236	Cobalamin biosynthesis;Glycosyltransferase;Reference proteome;Transferase
Q9I4C8	PA1210	GO:0008127; GO:0046872; GO:0051213	Dioxygenase;Metal-binding;Oxidoreductase;Reference proteome
Q9I5H9	ung PA0750	GO:0004844; GO:0005737; GO:0097510	Cytoplasm;DNA damage;DNA repair;Hydrolase;Reference proteome
Q9I5Q2	dnaE2 PA0669	GO:0003676; GO:0003887; GO:0005737; GO:0006260; GO:0006281; GO:0008408; GO:0009432	Cytoplasm;DNA damage;DNA repair;DNA replication;DNA-directed DNA polymerase;Nucleotidyltransferase;Reference proteome;Transferase
Q9I5Q6	erpA PA0665	GO:0005506; GO:0005829; GO:0016226; GO:0051537; GO:0051539; GO:0051604	Iron;Iron-sulfur;Metal-binding;Reference proteome
Q9I633	PA0485	GO:0005886	Cell membrane;Membrane;Reference proteome;Transmembrane;Transmembrane helix;Transport
Q9I690	PA0423	GO:0005615; GO:0042597	3D-structure;Periplasm;Reference proteome;Signal
Q9I6F2	lgt PA0341	GO:0005886; GO:0008961; GO:0042158	Cell inner membrane;Cell membrane;Membrane;Reference proteome;Transferase;Transmembrane;Transmembrane helix
Q9I738	eagT6 PA0094		3D-structure;Reference proteome
Q9I744	tssF1 PA0088		Reference proteome
Q9I7B7	glyQ PA0009	GO:0004820; GO:0005524; GO:0005737; GO:0006426	Aminoacyl-tRNA synthetase;ATP-binding;Cytoplasm;Ligase;Nucleotide-binding;Protein biosynthesis;Reference proteome
Q9RPT0	rcsF PA3388	GO:0032259; GO:0089715	3D-structure;Methyltransferase;Reference proteome;S-adenosyl-L-methionine;Transferase
Q9XCX7	recO PA0772	GO:0006302; GO:0006310; GO:0043590	DNA damage;DNA recombination;DNA repair;Reference proteome
O82850	rpsB PA3656	GO:0003735; GO:0006412; GO:0022627	3D-structure;Reference proteome;Ribonucleoprotein;Ribosomal protein
O85732	fmt PA0018	GO:0004479; GO:0005829; GO:0022898; GO:0071951	3D-structure;Protein biosynthesis;Reference proteome;Transferase
P11221	oprI PA2853	GO:0009279; GO:0019867	Cell outer membrane;Lipoprotein;Membrane;Palmitate;Reference proteome;Signal
P21628	braE PA1072	GO:0005886; GO:0015658; GO:0015803; GO:0042941	Amino-acid transport;Cell inner membrane;Cell membrane;Membrane;Reference proteome;Transmembrane;Transmembrane helix;Transport
P29436	rpmH PA5570	GO:0003735; GO:0005840; GO:0006412; GO:1990904	3D-structure;Reference proteome;Ribonucleoprotein;Ribosomal protein
P38102	PA4757	GO:0005886; GO:0015190; GO:0015820	Cell membrane;Membrane;Reference proteome;Transmembrane;Transmembrane helix
P43335	phhB PA0871	GO:0006729; GO:0008124	Lyase;Reference proteome;Tetrahydrobiopterin biosynthesis
P43502	pilI PA0410	GO:0005829; GO:0006935; GO:0007165	Reference proteome;Sensory transduction
P45682	PA3623	GO:0004222; GO:0005886; GO:0009279; GO:0032153	Cell inner membrane;Cell membrane;Lipoprotein;Membrane;Palmitate;Reference proteome;Signal
P47203	ftsA PA4408	GO:0009898; GO:0032153; GO:0043093; GO:0051301	Cell cycle;Cell division;Cell inner membrane;Cell membrane;Membrane;Reference proteome
P50601	tolB PA0972	GO:0017038; GO:0042597; GO:0051301	3D-structure;Cell cycle;Cell division;Periplasm;Reference proteome;Signal
P52111	glpD PA3584	GO:0004368; GO:0005737; GO:0006071; GO:0046168	Cytoplasm;FAD;Flavoprotein;Glycerol metabolism;Oxidoreductase;Reference proteome
P57707	ispD PA3633	GO:0019288; GO:0050518	3D-structure;Isoprene biosynthesis;Nucleotidyltransferase;Reference proteome;Transferase
Q01610	PA2220	GO:0003700; GO:0006351; GO:0043565	DNA-binding;Reference proteome;Transcription;Transcription regulation
Q03026	inh aprI PA1250	GO:0008191; GO:0042597	3D-structure;Disulfide bond;Metalloenzyme inhibitor;Metalloprotease inhibitor;Periplasm;Protease inhibitor;Reference proteome;Signal
Q03268	PA2604	GO:0005262; GO:0005886; GO:0030162	Cell membrane;Membrane;Reference proteome;Transmembrane;Transmembrane helix
Q51389	glpF PA3581	GO:0005886; GO:0015254; GO:0015793	Cell inner membrane;Cell membrane;Membrane;Reference proteome;Repeat;Transmembrane;Transmembrane helix;Transport
Q51417	amiS PA3362	GO:0005886	Cell membrane;Membrane;Reference proteome;Transmembrane;Transmembrane helix;Transport
Q51465	fliM PA1443	GO:0003774; GO:0005886; GO:0009425; GO:0050918; GO:0071978	Bacterial flagellum;Cell inner membrane;Cell membrane;Chemotaxis;Flagellar rotation;Membrane;Reference proteome
Q59637	aceE aceA PA5015	GO:0004739	Oxidoreductase;Pyruvate;Reference proteome;Thiamine pyrophosphate
Q59649	trpF PA3113	GO:0000162; GO:0004640	Amino-acid biosynthesis;Aromatic amino acid biosynthesis;Isomerase;Reference proteome;Tryptophan biosynthesis
Q9HT05	rnpA PA5569	GO:0000049; GO:0001682; GO:0004526; GO:0030677; GO:0042780; GO:0042781	Endonuclease;Hydrolase;Nuclease;Reference proteome;RNA-binding;tRNA processing
Q9HT09	mnmG gidA PA5565	GO:0002098; GO:0005829; GO:0030488; GO:0050660	Cytoplasm;FAD;Flavoprotein;NAD;Reference proteome;tRNA processing
Q9HT13	atpI PA5561	GO:0005886; GO:0045259; GO:1902600	Cell inner membrane;Cell membrane;CF(0);Hydrogen ion transport;Ion transport;Membrane;Reference proteome;Transmembrane;Transmembrane helix;Transport
Q9HT16	atpF PA5558	GO:0005886; GO:0045259; GO:0046933	ATP synthesis;Cell inner membrane;Cell membrane;CF(0);Hydrogen ion transport;Ion transport;Membrane;Reference proteome;Transmembrane;Transmembrane helix;Transport
Q9HT19	atpG PA5555	GO:0005524; GO:0005886; GO:0015986; GO:0042777; GO:0045259; GO:0046933	ATP synthesis;Cell inner membrane;Cell membrane;CF(1);Hydrogen ion transport;Ion transport;Membrane;Reference proteome;Transport
Q9HTF1	ltaE PA5413	GO:0006567; GO:0008732	Lyase;Pyridoxal phosphate;Reference proteome
Q9HTX5	gcvT PA5215	GO:0004047; GO:0005829; GO:0005960; GO:0008483; GO:0019464	Aminotransferase;Reference proteome;Transferase
Q9HTX6	gcvH2 PA5214	GO:0005829; GO:0005960; GO:0019464	Lipoyl;Reference proteome
Q9HTZ6	hslO PA5193	GO:0005737; GO:0042026; GO:0044183; GO:0051082	Chaperone;Cytoplasm;Disulfide bond;Redox-active center;Reference proteome;Zinc
Q9HU55	grx PA5129	GO:0005737; GO:0015038; GO:0034599; GO:0045454	Cytoplasm;Disulfide bond;Electron transport;Redox-active center;Reference proteome;Transport
Q9HUB6	hisE PA5067	GO:0000105; GO:0004636; GO:0005524; GO:0005737	Amino-acid biosynthesis;ATP-binding;Cytoplasm;Histidine biosynthesis;Hydrolase;Nucleotide-binding;Reference proteome
Q9HUC5	hslU PA5054	GO:0005524; GO:0008233; GO:0009376; GO:0016887; GO:0036402; GO:0043335; GO:0051603	ATP-binding;Chaperone;Cytoplasm;Nucleotide-binding;Reference proteome
Q9HUL8	mutL PA4946	GO:0005524; GO:0006298; GO:0016887; GO:0030983; GO:0032300; GO:0140664	DNA damage;DNA repair;Reference proteome
Q9HUM9	rpsF PA4935	GO:0003735; GO:0006412; GO:0022627; GO:0070181	3D-structure;Reference proteome;Ribonucleoprotein;Ribosomal protein;RNA-binding;rRNA-binding
Q9HUU6	ureB PA4867	GO:0009039; GO:0035550; GO:0043419	Cytoplasm;Hydrolase;Reference proteome
Q9HUW9	PA4841	GO:0016817; GO:0046872	Hydrolase;Magnesium;Metal-binding;Reference proteome
Q9HV58	rpsO PA4741	GO:0003735; GO:0006412; GO:0019843; GO:0022627	3D-structure;Reference proteome;Ribonucleoprotein;Ribosomal protein;RNA-binding;rRNA-binding
Q9HVP7	yacG PA4530	GO:0006355; GO:0008270; GO:0008657	Metal-binding;Reference proteome;Zinc
Q9HVV3	PA4465	GO:0005524; GO:0005525; GO:0060090	ATP-binding;GTP-binding;Nucleotide-binding;Reference proteome
Q9HVW8	hisG PA4449	GO:0000105; GO:0003879; GO:0005524; GO:0005737	Amino-acid biosynthesis;ATP-binding;Cytoplasm;Glycosyltransferase;Histidine biosynthesis;Nucleotide-binding;Reference proteome;Transferase
Q9HVZ4	mraZ PA4421	GO:0000976; GO:0003700; GO:0005737; GO:0006351; GO:0009295; GO:2000143	Cytoplasm;DNA-binding;Reference proteome;Repeat;Transcription;Transcription regulation
Q9HVZ5	rsmH mraW PA4420	GO:0005737; GO:0070475; GO:0071424	Cytoplasm;Methyltransferase;Reference proteome;rRNA processing;S-adenosyl-L-methionine;Transferase
Q9HW38	argP iciA PA4363	GO:0003700; GO:0006351; GO:0006355; GO:0043565	DNA-binding;Reference proteome;Transcription;Transcription regulation
Q9HW51	olsB PA4350	GO:0006629; GO:0043810	Acyltransferase;Lipid biosynthesis;Lipid metabolism;Reference proteome;Transferase
Q9HWA1	PA4299	GO:0005886	3D-structure;Cell membrane;Lipoprotein;Membrane;Palmitate;Reference proteome;Repeat;Signal;TPR repeat
Q9HWC4	nusG PA4275	GO:0005829; GO:0006353; GO:0006354; GO:0031564; GO:0032784	Reference proteome;Transcription;Transcription antitermination;Transcription regulation;Transcription termination
Q9HWD7	rplW PA4261	GO:0003735; GO:0006412; GO:0019843; GO:0022625	3D-structure;Reference proteome;Ribonucleoprotein;Ribosomal protein;RNA-binding;rRNA-binding
Q9HWD9	rpsS PA4259	GO:0003735; GO:0006412; GO:0019843; GO:0022627	3D-structure;Reference proteome;Ribonucleoprotein;Ribosomal protein;RNA-binding;rRNA-binding
Q9HWE0	rplV PA4258	GO:0003735; GO:0006412; GO:0019843; GO:0022625	3D-structure;Reference proteome;Ribonucleoprotein;Ribosomal protein;RNA-binding;rRNA-binding
Q9HWE6	rplX PA4252	GO:0003735; GO:0006412; GO:0019843; GO:0022625	3D-structure;Reference proteome;Ribonucleoprotein;Ribosomal protein;RNA-binding;rRNA-binding
Q9HX17	PA4010	GO:0003677; GO:0003905; GO:0006284	DNA damage;DNA repair;Hydrolase;Reference proteome
Q9HX20	proA PA4007	GO:0004350; GO:0005737; GO:0050661; GO:0055129	Amino-acid biosynthesis;Cytoplasm;NADP;Oxidoreductase;Proline biosynthesis;Reference proteome
Q9HXB0	prfC PA3903	GO:0003924; GO:0005525; GO:0005829; GO:0006415; GO:0006449; GO:0016149; GO:0016150; GO:0097216	Cytoplasm;GTP-binding;Nucleotide-binding;Protein biosynthesis;Reference proteome
Q9HXE2	dauR PA3864	GO:0003677; GO:0005829; GO:0006351	DNA-binding;Reference proteome;Repressor;Transcription;Transcription regulation
Q9HXJ5	hisS PA3802	GO:0004821; GO:0005524; GO:0005829; GO:0006427	Aminoacyl-tRNA synthetase;ATP-binding;Cytoplasm;Ligase;Nucleotide-binding;Protein biosynthesis;Reference proteome
Q9HXQ2	rplS PA3742	GO:0003735; GO:0006412; GO:0022625	3D-structure;Reference proteome;Ribonucleoprotein;Ribosomal protein
Q9HY08	mutS PA3620	GO:0003684; GO:0005524; GO:0005829; GO:0006298; GO:0030983; GO:0140664	ATP-binding;DNA damage;DNA repair;DNA-binding;Nucleotide-binding;Reference proteome
Q9HYB7	rnfD PA3492	GO:0005886; GO:0022900; GO:0055085	Cell inner membrane;Cell membrane;Electron transport;Flavoprotein;FMN;Membrane;Phosphoprotein;Reference proteome;Translocase;Transmembrane;Transmembrane helix;Transport
Q9HYF4	mqo1 mqoA PA3452	GO:0005737; GO:0006099; GO:0008924	FAD;Flavoprotein;Oxidoreductase;Reference proteome;Tricarboxylic acid cycle
Q9HYF9	ssuB2 PA3447	GO:0005524; GO:0005886; GO:0016887	ATP-binding;Cell inner membrane;Cell membrane;Membrane;Nucleotide-binding;Reference proteome;Translocase;Transport
Q9HYK9	nosY PA3395	GO:0005886	Cell inner membrane;Cell membrane;Membrane;Reference proteome;Transmembrane;Transmembrane helix;Transport
Q9HYN9	dsdA PA3357	GO:0008721; GO:0016836; GO:0030170; GO:0036088	Lyase;Pyridoxal phosphate;Reference proteome
Q9HYZ3	apeB PA3247	GO:0004177; GO:0005737; GO:0006508; GO:0008237; GO:0008270	3D-structure;Aminopeptidase;Hydrolase;Metal-binding;Metalloprotease;Protease;Reference proteome;Zinc
Q9HZA4	leuD PA3120	GO:0003861; GO:0009098; GO:0009316	Amino-acid biosynthesis;Branched-chain amino acid biosynthesis;Leucine biosynthesis;Lyase;Reference proteome
Q9HZK6	nqrA PA2999	GO:0006814; GO:0016655	Ion transport;NAD;Reference proteome;Sodium;Sodium transport;Translocase;Transport;Ubiquinone
Q9HZN2	PA2972	GO:0005737; GO:0009117; GO:0047429	Cytoplasm;Hydrolase;Nucleotide metabolism;Reference proteome
Q9HZN4	rpmF PA2970	GO:0003735; GO:0006412; GO:0022625	3D-structure;Direct protein sequencing;Reference proteome;Ribonucleoprotein;Ribosomal protein
Q9HZP7	etfA PA2951	GO:0009055; GO:0033539; GO:0050660	Electron transport;FAD;Flavoprotein;Reference proteome;Transport
Q9HZP9	cobM PA2948	GO:0009236; GO:0032259; GO:0046026	Cobalamin biosynthesis;Methyltransferase;Reference proteome;S-adenosyl-L-methionine;Transferase
Q9HZU0	cobL PA2907	GO:0008276; GO:0009236; GO:0032259; GO:0046025	Cobalamin biosynthesis;Methyltransferase;Reference proteome;S-adenosyl-L-methionine;Transferase
Q9HZU3	cobI PA2904	GO:0009236; GO:0030788; GO:0032259	Cobalamin biosynthesis;Methyltransferase;Reference proteome;S-adenosyl-L-methionine;Transferase
Q9I061	bamI PA2782	GO:0005615; GO:0005886; GO:0030414	Cell membrane;Membrane;Metalloenzyme inhibitor;Metalloprotease inhibitor;Protease inhibitor;Reference proteome;Transmembrane;Transmembrane helix
Q9I068	tsi4 PA2775	GO:0016020	Membrane;Reference proteome;Transmembrane;Transmembrane helix
Q9I0N2	tusC PA2606	GO:0002143; GO:1990228	Cytoplasm;Reference proteome
Q9I106	dsbG PA2476	GO:0003756; GO:0006457; GO:0030288	Disulfide bond;Periplasm;Redox-active center;Reference proteome;Signal
Q9I1E0	PA2338	GO:0016020; GO:0022857; GO:0042597	Periplasm;Reference proteome;Signal;Transport
Q9I1W9	PA2146		Reference proteome
Q9I273	sstT PA2042	GO:0005295; GO:0005886; GO:0015826; GO:0032329	Amino-acid transport;Cell inner membrane;Cell membrane;Membrane;Reference proteome;Symport;Transmembrane;Transmembrane helix;Transport
Q9I2C2	pqqC PA1987	GO:0018189; GO:0033732	Oxidoreductase;PQQ biosynthesis;Reference proteome
Q9I2F8	rbsB PA1946	GO:0030288; GO:0048029; GO:0055085	Periplasm;Reference proteome;Signal;Sugar transport;Transport
Q9I387	glsA PA1638	GO:0004359; GO:0006537; GO:0006543	Hydrolase;Reference proteome
Q9I3F3	tusA PA1564	GO:0002143; GO:0005737; GO:0097163	Cytoplasm;Reference proteome
Q9I3H9	recR PA1534	GO:0000725; GO:0003677; GO:0006302; GO:0008270	3D-structure;DNA damage;DNA recombination;DNA repair;Metal-binding;Reference proteome;Zinc;Zinc-finger
Q9I3I0	PA1533	GO:0003677; GO:0005829; GO:0043590	Cytoplasm;DNA-binding;Reference proteome
Q9I469	cobD PA1275	GO:0005886; GO:0006779; GO:0009236; GO:0015420; GO:0048472	Cell membrane;Cobalamin biosynthesis;Membrane;Porphyrin biosynthesis;Reference proteome;Transmembrane;Transmembrane helix
Q9I4L1	dgt PA1124	GO:0000287; GO:0006203; GO:0008832	3D-structure;Hydrolase;Magnesium;Reference proteome
Q9I4P5	flgI PA1084	GO:0005198; GO:0009428; GO:0030288; GO:0071973	Bacterial flagellum;Periplasm;Reference proteome;Signal
Q9I4U3	rmuC PA1031	GO:0006310	Coiled coil;DNA recombination;Reference proteome
Q9I4Z4	pal oprL PA0973	GO:0009279; GO:0051301	Cell cycle;Cell division;Cell outer membrane;Lipoprotein;Membrane;Palmitate;Reference proteome;Signal
Q9I595	cysZ PA0846	GO:0000103; GO:0005886; GO:0009675; GO:0019344	Amino-acid biosynthesis;Cell inner membrane;Cell membrane;Cysteine biosynthesis;Membrane;Reference proteome;Sulfate transport;Transmembrane;Transmembrane helix;Transport
Q9I5G9	sdhE PA0760	GO:0005737; GO:0006105; GO:0034552	Chaperone;Cytoplasm;Reference proteome
Q9I6C8	calB PA0366	GO:0004029; GO:0005737; GO:0006081; GO:0016020; GO:0050269	NAD;Oxidoreductase;Reference proteome
Q9I6S8	mdcC PA0210	GO:0000036; GO:0005737	Cytoplasm;Phosphoprotein;Reference proteome
Q9I713	dctA1 PA0119	GO:0005886; GO:0015138; GO:0015141; GO:0015366; GO:0070778	Cell inner membrane;Cell membrane;Membrane;Reference proteome;Symport;Transmembrane;Transmembrane helix;Transport
Q9I732	tsi7 PA0100		Reference proteome
Q9I755	tssM1 PA0077	GO:0005886	Cell inner membrane;Cell membrane;Membrane;Reference proteome;Transmembrane;Transmembrane helix
Q9I778	kptA PA0054	GO:0000215; GO:0003950; GO:0006388; GO:0008033	NAD;Reference proteome;Transferase
Q9I7A8	def PA0019	GO:0006412; GO:0042586; GO:0046872	3D-structure;Hydrolase;Iron;Metal-binding;Protein biosynthesis;Reference proteome
Q9I7B8	glyS PA0008	GO:0004814; GO:0004820; GO:0005524; GO:0005829; GO:0006420; GO:0006426	Aminoacyl-tRNA synthetase;ATP-binding;Cytoplasm;Ligase;Nucleotide-binding;Protein biosynthesis;Reference proteome
Q9RMT1	exbD PA0199	GO:0005886; GO:0015031; GO:0022857	Cell inner membrane;Cell membrane;Membrane;Protein transport;Reference proteome;Transmembrane;Transmembrane helix;Transport
Q9S508	phzB2 PA1900	GO:0002047	3D-structure;Antibiotic biosynthesis;Reference proteome;Virulence
O68281	hexR PA3184	GO:0003677; GO:0003700; GO:0006351; GO:0006355; GO:0097367; GO:1901135	DNA-binding;Reference proteome;Repressor;Transcription;Transcription regulation
O87131	cheR1 PA3348	GO:0008276; GO:0008983; GO:0032259	3D-structure;Methyltransferase;Reference proteome;S-adenosyl-L-methionine;Transferase
P07345	trpB PA0036	GO:0000162; GO:0004834; GO:0005737	Amino-acid biosynthesis;Aromatic amino acid biosynthesis;Lyase;Pyridoxal phosphate;Reference proteome;Tryptophan biosynthesis
P20577	trpC PA0651	GO:0000162; GO:0004425	3D-structure;Amino-acid biosynthesis;Aromatic amino acid biosynthesis;Decarboxylase;Lyase;Reference proteome;Tryptophan biosynthesis
P33641	bamD PA4545	GO:0043165; GO:0051205; GO:1990063	Cell outer membrane;Lipoprotein;Membrane;Palmitate;Reference proteome;Signal
P42513	fptB PA4220	GO:0005886	Cell membrane;Membrane;Reference proteome;Signal;Transmembrane;Transmembrane helix
P42806	prfA prf1 PA4665	GO:0005829; GO:0016149	Cytoplasm;Methylation;Protein biosynthesis;Reference proteome
P50599	tolR PA0970	GO:0005886; GO:0015031; GO:0022857; GO:0051301	Cell cycle;Cell division;Cell inner membrane;Cell membrane;Membrane;Reference proteome;Transmembrane;Transmembrane helix
P57109	maiA PA2007	GO:0004364; GO:0005737; GO:0006559; GO:0006572; GO:0006749; GO:0016034	Isomerase;Phenylalanine catabolism;Reference proteome;Tyrosine catabolism
P57683	kdpA PA1633	GO:0005886; GO:0008556; GO:0030955; GO:0071805	Cell inner membrane;Cell membrane;Ion transport;Membrane;Potassium;Potassium transport;Reference proteome;Transmembrane;Transmembrane helix;Transport
P72157	purE PA5426	GO:0005829; GO:0006189; GO:0034023	Isomerase;Purine biosynthesis;Reference proteome
P95459	cspA PA3266	GO:0003676; GO:0003677; GO:0005829; GO:0006351; GO:0010468	Activator;Cytoplasm;DNA-binding;Reference proteome;Stress response;Transcription;Transcription regulation
Q03025	aprE PA1247	GO:0005886; GO:0009306; GO:0046903	Cell inner membrane;Cell membrane;Membrane;Reference proteome;Transmembrane;Transmembrane helix;Transport
Q06579	imm2 PA1151	GO:0015643; GO:0030153	3D-structure;Bacteriocin immunity;Direct protein sequencing;Reference proteome
Q51464	fliG PA1102	GO:0003774; GO:0005886; GO:0006935; GO:0009425; GO:0071973	Bacterial flagellum;Cell inner membrane;Cell membrane;Chemotaxis;Flagellar rotation;Membrane;Reference proteome
Q51468	fliP PA1446	GO:0005886; GO:0009306; GO:0009425; GO:0044780; GO:0071978	Bacterial flagellum;Bacterial flagellum biogenesis;Bacterial flagellum protein export;Cell membrane;Membrane;Protein transport;Reference proteome;Transmembrane;Transmembrane helix;Transport
Q51576	PA3106	GO:0016491	NADP;Oxidoreductase;Reference proteome
Q9HT14	atpB PA5560	GO:0005886; GO:0042777; GO:0045259; GO:0046933	ATP synthesis;Cell inner membrane;Cell membrane;CF(0);Hydrogen ion transport;Ion transport;Membrane;Reference proteome;Transmembrane;Transmembrane helix;Transport
Q9HT89	PA5481	GO:0042597	Disulfide bond;Periplasm;Reference proteome;Signal
Q9HTJ0	betI PA5374	GO:0000976; GO:0003700; GO:0006351; GO:0006355; GO:0019285; GO:0045892	DNA-binding;Reference proteome;Repressor;Transcription;Transcription regulation
Q9HTM2	gmk PA5336	GO:0004385; GO:0005524; GO:0005829	3D-structure;ATP-binding;Cytoplasm;Kinase;Nucleotide-binding;Reference proteome;Transferase
Q9HTN5	PA5319	GO:0006508; GO:0008237; GO:0046872	Hydrolase;Metal-binding;Metalloprotease;Protease;Reference proteome;Zinc
Q9HTN9	rpmG PA5315	GO:0000049; GO:0003735; GO:0006412; GO:0022625	3D-structure;Direct protein sequencing;Reference proteome;Ribonucleoprotein;Ribosomal protein;RNA-binding;rRNA-binding
Q9HTS5	cyaY PA5275	GO:0005829; GO:0008198; GO:0008199; GO:0016226	Iron;Metal-binding;Reference proteome
Q9HTW3	zapA PA5227	GO:0000917; GO:0000921; GO:0005829; GO:0030428; GO:0032153; GO:0043093	3D-structure;Cell cycle;Cell division;Coiled coil;Cytoplasm;Reference proteome;Septation
Q9HTZ2	rimK PA5197	GO:0005524; GO:0005737; GO:0006412; GO:0009432; GO:0018169; GO:0046872	3D-structure;ATP-binding;Ligase;Magnesium;Manganese;Metal-binding;Nucleotide-binding;Protein biosynthesis;Reference proteome
Q9HUC8	argS PA5051	GO:0004814; GO:0005524; GO:0005737; GO:0006420	Aminoacyl-tRNA synthetase;ATP-binding;Cytoplasm;Ligase;Nucleotide-binding;Protein biosynthesis;Reference proteome
Q9HUD0	rpmE PA5049	GO:0003735; GO:0005840; GO:0006412; GO:0019843; GO:0046872; GO:1990904	3D-structure;Direct protein sequencing;Metal-binding;Reference proteome;Ribonucleoprotein;Ribosomal protein;RNA-binding;rRNA-binding;Zinc
Q9HUN0	rpsR PA4934	GO:0003735; GO:0006412; GO:0022627; GO:0070181	3D-structure;Reference proteome;Ribonucleoprotein;Ribosomal protein;RNA-binding;rRNA-binding
Q9HUU9	ureD PA4864	GO:0005737; GO:0016151; GO:0018237; GO:0019627	Chaperone;Cytoplasm;Nickel insertion;Reference proteome
Q9HUW3	prmA PA4850	GO:0005829; GO:0016279; GO:0032259	Cytoplasm;Methyltransferase;Reference proteome;S-adenosyl-L-methionine;Transferase
Q9HV56	rbfA PA4743	GO:0005829; GO:0030490; GO:0042254; GO:0043024	Cytoplasm;Reference proteome;Ribosome biogenesis
Q9HVC4	rplY ctc PA4671	GO:0003735; GO:0006412; GO:0008097; GO:0022625	3D-structure;Reference proteome;Ribonucleoprotein;Ribosomal protein;RNA-binding;rRNA-binding
Q9HVH7	mscL PA4614	GO:0005886; GO:0006811; GO:0008381; GO:0016020	Cell inner membrane;Cell membrane;Ion channel;Ion transport;Membrane;Reference proteome;Transmembrane;Transmembrane helix;Transport
Q9HVJ9	rtcA PA4585	GO:0003963; GO:0005524; GO:0005737; GO:0006396	ATP-binding;Cytoplasm;Ligase;Nucleotide-binding;Reference proteome
Q9HVQ7	piuC PA4515	GO:0005506; GO:0006879; GO:0006974; GO:0016706; GO:0031418; GO:0071281	3D-structure;Dioxygenase;Iron;Metal-binding;Oxidoreductase;Reference proteome;Vitamin C
Q9HVS1	PA4500	GO:0015031; GO:0030288; GO:0042938; GO:0043190; GO:1904680	Peptide transport;Periplasm;Protein transport;Reference proteome;Signal;Transport
Q9HVV4	ptsN PA4464	GO:0005737; GO:0008982; GO:0009401; GO:0016301; GO:0030295	Cytoplasm;Kinase;Reference proteome;Transferase
Q9HVX0	hisC1 PA4447	GO:0000105; GO:0004400; GO:0030170	Amino-acid biosynthesis;Aminotransferase;Histidine biosynthesis;Pyridoxal phosphate;Reference proteome;Transferase
Q9HVZ3	rsmI PA4422	GO:0005737; GO:0070677	Cytoplasm;Methyltransferase;Reference proteome;rRNA processing;S-adenosyl-L-methionine;Transferase
Q9HW26	pncB2 PA4376	GO:0004516; GO:0005829; GO:0034355	3D-structure;Ligase;Phosphoprotein;Pyridine nucleotide biosynthesis;Reference proteome
Q9HWF0	rplF PA4248	GO:0002181; GO:0003735; GO:0019843; GO:0022625	3D-structure;Reference proteome;Ribonucleoprotein;Ribosomal protein;RNA-binding;rRNA-binding
Q9HWF6	rpmJ1 PA4242	GO:0003735; GO:0005737; GO:0005840; GO:0006412; GO:1990904	3D-structure;Metal-binding;Reference proteome;Ribonucleoprotein;Ribosomal protein;RNA-binding;rRNA-binding;Zinc
Q9HWZ3	aqpZ PA4034	GO:0005886; GO:0006833; GO:0015250	Cell inner membrane;Cell membrane;Membrane;Reference proteome;Repeat;Transmembrane;Transmembrane helix;Transport
Q9HX33	leuS PA3987	GO:0002161; GO:0004823; GO:0005524; GO:0005829; GO:0006429	Aminoacyl-tRNA synthetase;ATP-binding;Cytoplasm;Ligase;Nucleotide-binding;Protein biosynthesis;Reference proteome
Q9HX48	rluE PA3968	GO:0000455; GO:0003723; GO:0009982; GO:0160137	Isomerase;Reference proteome;rRNA processing
Q9HXH8	queA PA3824	GO:0002099; GO:0005737; GO:0008616; GO:0051075	Cytoplasm;Queuosine biosynthesis;Reference proteome;S-adenosyl-L-methionine;Transferase
Q9HXJ7	bamB PA3800	GO:0009279; GO:0043165; GO:0051205	3D-structure;Cell outer membrane;Lipoprotein;Membrane;Palmitate;Reference proteome;Signal
Q9HXY3	PA3649	GO:0004175; GO:0004222; GO:0005886; GO:0006508; GO:0046872	3D-structure;Cell inner membrane;Cell membrane;Hydrolase;Membrane;Metal-binding;Metalloprotease;Protease;Reference proteome;Transmembrane;Transmembrane helix;Zinc
Q9HXZ3	tilS PA3638	GO:0005524; GO:0005737; GO:0006400; GO:0032267	ATP-binding;Cytoplasm;Ligase;Nucleotide-binding;Reference proteome;tRNA processing
Q9HY07	fdxA PA3621	GO:0009055; GO:0046872; GO:0051538; GO:0051539	3Fe-4S;4Fe-4S;Electron transport;Iron;Iron-sulfur;Metal-binding;Reference proteome;Repeat;Transport
Q9HY25	rpmE2 PA3601	GO:0003735; GO:0005840; GO:0006412; GO:1990904	Reference proteome;Ribonucleoprotein;Ribosomal protein
Q9HYB5	rnfE PA3494	GO:0005886; GO:0022900	Cell inner membrane;Cell membrane;Electron transport;Membrane;Reference proteome;Translocase;Transmembrane;Transmembrane helix;Transport
Q9HYZ5	minE PA3245	GO:0000918; GO:0005886; GO:0032955; GO:0042802	Cell cycle;Cell division;Reference proteome
Q9HZ39	yciB PA3201	GO:0005886	Cell inner membrane;Cell membrane;Membrane;Reference proteome;Transmembrane;Transmembrane helix
Q9HZG5	dgt2 PA3043	GO:0006203; GO:0008832	Hydrolase;Reference proteome
Q9HZP6	etfB PA2952	GO:0009055; GO:0046395	Electron transport;FAD;Flavoprotein;Reference proteome;Transport
Q9HZT9	cbiD PA2908	GO:0019251; GO:0032259; GO:0043780	Cobalamin biosynthesis;Methyltransferase;Reference proteome;S-adenosyl-L-methionine;Transferase
Q9HZY5	greB PA2859	GO:0003677; GO:0006354; GO:0032784; GO:0070063	Coiled coil;DNA-binding;Reference proteome;Transcription;Transcription regulation
Q9I011	tpm PA2832	GO:0005737; GO:0008119; GO:0010038; GO:0032259	Cytoplasm;Methyltransferase;Reference proteome;S-adenosyl-L-methionine;Transferase
Q9I0P5	PA2592	GO:0005615; GO:0015847; GO:0019809; GO:0019810; GO:0030288	Periplasm;Reference proteome;Signal;Transport
Q9I1K2	PA2271	GO:0016747	3D-structure;Acyltransferase;Reference proteome;Transferase
Q9I1M3	bkdR PA2246	GO:0005829; GO:0006351; GO:0006355; GO:0043200; GO:0043565	Activator;DNA-binding;Reference proteome;Transcription;Transcription regulation
Q9I1V0	glgA PA2165	GO:0004373; GO:0005978; GO:0009011	Glycogen biosynthesis;Glycosyltransferase;Reference proteome;Transferase
Q9I2C1	pqqD PA1988	GO:0018189; GO:0048038	PQQ biosynthesis;Reference proteome
Q9I2H6	rimJ PA1928	GO:0005737; GO:0008999	Acyltransferase;Cytoplasm;Reference proteome;Transferase
Q9I342	mtnB PA1683	GO:0005737; GO:0005996; GO:0008270; GO:0019509; GO:0046570	Amino-acid biosynthesis;Lyase;Metal-binding;Methionine biosynthesis;Reference proteome;Zinc
Q9I352	PA1673	GO:0005344; GO:0005506	Iron;Metal-binding;Oxygen transport;Reference proteome;Transport
Q9I3D8	PA1579	GO:0005737; GO:0008289	Reference proteome
Q9I3J8	alc PA1515	GO:0000256; GO:0004037; GO:0006144	Hydrolase;Purine metabolism;Reference proteome
Q9I3M9	cycH PA1483	GO:0005886; GO:0017004	Cell inner membrane;Cell membrane;Cytochrome c-type biogenesis;Membrane;Reference proteome;Repeat;TPR repeat;Transmembrane;Transmembrane helix
Q9I3N6	ccmB PA1476	GO:0005886; GO:0015232; GO:0017004; GO:1903607	Cell inner membrane;Cell membrane;Cytochrome c-type biogenesis;Membrane;Reference proteome;Transmembrane;Transmembrane helix;Transport
Q9I4E9	sprT PA1189	GO:0005737; GO:0006950; GO:0008270	Cytoplasm;Metal-binding;Reference proteome;Zinc
Q9I4N6	fliS PA1095	GO:0005829; GO:0044780; GO:0071973	Bacterial flagellum biogenesis;Chaperone;Cytoplasm;Reference proteome
Q9I4P6	flgH PA1083	GO:0003774; GO:0009279; GO:0009427; GO:0071973	Bacterial flagellum;Cell outer membrane;Lipoprotein;Membrane;Palmitate;Reference proteome;Signal
Q9I540	kup PA0917	GO:0005886; GO:0006813; GO:0015079; GO:0015293; GO:0016020	Cell inner membrane;Cell membrane;Ion transport;Membrane;Potassium;Potassium transport;Reference proteome;Symport;Transmembrane;Transmembrane helix;Transport
Q9I583	trhO PA0858	GO:0006400; GO:0016705	Oxidoreductase;Reference proteome;tRNA processing
Q9I5G3	cmoA PA0775	GO:0002098; GO:0005829; GO:0008168; GO:0016743; GO:1904047	Reference proteome;S-adenosyl-L-methionine;Transferase
Q9I5G4	cmoB PA0774	GO:0002098; GO:0008168; GO:0016765	Reference proteome;Transferase;tRNA processing
Q9I5U7	apaH PA0590	GO:0005737; GO:0008803; GO:0016791; GO:0110154	Hydrolase;Reference proteome
Q9I5V8	rpsU PA0579	GO:0003735; GO:0005840; GO:0006412; GO:1990904	3D-structure;Direct protein sequencing;Reference proteome;Ribonucleoprotein;Ribosomal protein
Q9I626	pxpA1 PA0492	GO:0005524; GO:0005975; GO:0017168	ATP-binding;Hydrolase;Nucleotide-binding;Reference proteome
Q9I6Q3	pcaK PA0235	GO:0005886; GO:0006935; GO:0022857	Cell inner membrane;Cell membrane;Chemotaxis;Membrane;Reference proteome;Transmembrane;Transmembrane helix;Transport
Q9I746	tagJ PA0086		3D-structure;Reference proteome
Q9I7C3	recF PA0003	GO:0000731; GO:0003697; GO:0005524; GO:0005737; GO:0006260; GO:0006302; GO:0009432	ATP-binding;Cytoplasm;DNA damage;DNA repair;DNA replication;DNA-binding;Nucleotide-binding;Reference proteome;SOS response
Q9RPF3	mntH1 PA4334	GO:0005886; GO:0015293; GO:0046872; GO:0046873	Cell inner membrane;Cell membrane;Ion transport;Membrane;Reference proteome;Symport;Transmembrane;Transmembrane helix;Transport
Q9X4P2	rppH nudH PA0336	GO:0005737; GO:0006402; GO:0034353	Hydrolase;Reference proteome
Q9X6W6	pyrR PA0403	GO:0004845; GO:0006351; GO:0006355	Glycosyltransferase;Reference proteome;Transcription;Transcription regulation;Transferase
Q9ZIJ1	gnuT PA2322	GO:0005886; GO:0015128; GO:0019521; GO:0035429	Cell inner membrane;Cell membrane;Gluconate utilization;Membrane;Reference proteome;Sugar transport;Transmembrane;Transmembrane helix;Transport
Q9HTI8	PA5376	GO:0005275; GO:0005524; GO:0006970; GO:0015226; GO:0015418; GO:0015419; GO:0015838; GO:0015871; GO:0016887; GO:0031457; GO:0031459; GO:0031460; GO:0033266; GO:0042426; GO:0043190; GO:0055052; GO:1901682; GO:1902603	ATP-binding;Nucleotide-binding;Reference proteome;Transport
Q9HU67	typA bipA PA5117	GO:0000027; GO:0000049; GO:0003924; GO:0005525; GO:0005829; GO:0009409; GO:0010467; GO:0019843; GO:0030254; GO:0043022; GO:0043709; GO:0050714; GO:0071236; GO:0071978; GO:0097216; GO:1990904	Cytoplasm;GTP-binding;Hydrolase;Nucleotide-binding;Reference proteome;Ribosome biogenesis;RNA-binding;rRNA-binding;tRNA-binding
Q9I2T9	lon PA1803	GO:0004176; GO:0004252; GO:0005524; GO:0005737; GO:0006515; GO:0016887; GO:0030254; GO:0034605; GO:0043107; GO:0043565; GO:0044010; GO:0071236; GO:0071977; GO:0071978	ATP-binding;Cytoplasm;Hydrolase;Nucleotide-binding;Protease;Reference proteome;Serine protease;Stress response
G3XD31	mrcB PA4700	GO:0005886; GO:0006508; GO:0008360; GO:0008658; GO:0008955; GO:0009002; GO:0009252; GO:0009274; GO:0030288; GO:0046677; GO:0071555	Antibiotic resistance;Carboxypeptidase;Cell inner membrane;Cell membrane;Cell shape;Cell wall biogenesis/degradation;Glycosyltransferase;Hydrolase;Membrane;Multifunctional enzyme;Peptidoglycan synthesis;Protease;Reference proteome;Transferase;Transmembrane;Transmembrane helix
Q9HTL3	recG PA5345	GO:0003677; GO:0003678; GO:0005524; GO:0006281; GO:0006310; GO:0009378; GO:0016887; GO:0034599; GO:0034644; GO:0043138; GO:0071247; GO:0072715	ATP-binding;DNA damage;DNA recombination;DNA repair;DNA-binding;Helicase;Hydrolase;Isomerase;Nucleotide-binding;Reference proteome
Q9HTN4	coaC coaBC PA5320	GO:0004632; GO:0004633; GO:0010181; GO:0015937; GO:0015941; GO:0046872; GO:0071513	Decarboxylase;Flavoprotein;FMN;Ligase;Lyase;Magnesium;Metal-binding;Multifunctional enzyme;Reference proteome
Q9HXC2	PA3891	GO:0000166; GO:0005524; GO:0005886; GO:0006865; GO:0015226; GO:0015418; GO:0015838; GO:0016887; GO:0031459; GO:0031460; GO:0033266; GO:0043190; GO:0071475	ATP-binding;CBS domain;Cell inner membrane;Cell membrane;Membrane;Nucleotide-binding;Reference proteome;Repeat;Transport
Q9HXM5	guaB PA3770	GO:0003938; GO:0005524; GO:0006177; GO:0006183; GO:0042802; GO:0046872	3D-structure;ATP-binding;CBS domain;GMP biosynthesis;Metal-binding;NAD;Nucleotide-binding;Oxidoreductase;Potassium;Purine biosynthesis;Reference proteome;Repeat
Q9HZA8	folC PA3111	GO:0004326; GO:0005524; GO:0005737; GO:0008841; GO:0009396; GO:0046654; GO:0046656; GO:0046872	ATP-binding;Folate biosynthesis;Ligase;Magnesium;Metal-binding;Nucleotide-binding;Reference proteome
Q9I5F6	putA PA0782	GO:0003677; GO:0003700; GO:0003842; GO:0004657; GO:0006351; GO:0009898; GO:0010133; GO:0055129	DNA-binding;FAD;Flavoprotein;Multifunctional enzyme;NAD;Oxidoreductase;Proline metabolism;Reference proteome;Repressor;Transcription;Transcription regulation
Q9HTI7	PA5377	GO:0005275; GO:0015226; GO:0015838; GO:0015871; GO:0031457; GO:0031460; GO:0042426; GO:0043190; GO:1901682; GO:1902495; GO:1902603	Cell membrane;Membrane;Reference proteome;Transmembrane;Transmembrane helix;Transport
Q9HV73	cbrB PA4726	GO:0000160; GO:0000976; GO:0000987; GO:0001216; GO:0005524; GO:0006351; GO:0032993; GO:0042121; GO:0045893; GO:0090368; GO:1900081; GO:2000147; GO:2001158	Alginate biosynthesis;ATP-binding;DNA-binding;Nucleotide-binding;Phosphoprotein;Reference proteome;Transcription;Transcription regulation;Two-component regulatory system
Q9HWB6	recB PA4284	GO:0000287; GO:0000724; GO:0000725; GO:0003677; GO:0005524; GO:0005829; GO:0008854; GO:0009338; GO:0016887; GO:0043138	ATP-binding;DNA damage;DNA repair;DNA-binding;Exonuclease;Helicase;Hydrolase;Isomerase;Magnesium;Metal-binding;Nuclease;Nucleotide-binding;Reference proteome
Q9I5F9	lon PA0779	GO:0004176; GO:0004252; GO:0005524; GO:0005737; GO:0006515; GO:0016887; GO:0034605; GO:0043565; GO:0071236; GO:0080164	ATP-binding;Cytoplasm;Hydrolase;Nucleotide-binding;Protease;Reference proteome;Serine protease;Stress response
G3XD14	dksA PA4723	GO:0005737; GO:0006355; GO:0008270; GO:0045861; GO:0045892; GO:0051055; GO:0070063; GO:1901857	Coiled coil;Cytoplasm;Metal-binding;Reference proteome;Zinc;Zinc-finger
Q9HTB7	wbpW PA5452	GO:0004475; GO:0004476; GO:0005525; GO:0009103; GO:0009243; GO:0009298; GO:0042121	Alginate biosynthesis;Cobalt;GTP-binding;Isomerase;Multifunctional enzyme;Nucleotide-binding;Nucleotidyltransferase;Reference proteome;Transferase
Q9HWB7	recD PA4283	GO:0000724; GO:0003677; GO:0005524; GO:0006261; GO:0006310; GO:0006974; GO:0008854; GO:0009338; GO:0016887; GO:0017116; GO:0043139; GO:1903775; GO:2000042	ATP-binding;DNA damage;DNA repair;DNA-binding;Exonuclease;Helicase;Hydrolase;Isomerase;Nuclease;Nucleotide-binding;Reference proteome
Q9HUL5	nnrD nnrE PA4949	GO:0005524; GO:0046496; GO:0046872; GO:0052855; GO:0052856; GO:0110051	ATP-binding;Isomerase;Lyase;Metal-binding;Multifunctional enzyme;NAD;NADP;Nucleotide-binding;Potassium;Reference proteome
Q9HV48	ftsH PA4751	GO:0004176; GO:0004222; GO:0005524; GO:0005886; GO:0006508; GO:0008270; GO:0016887; GO:0030163; GO:0051301; GO:0071236	ATP-binding;Cell cycle;Cell division;Cell inner membrane;Cell membrane;Hydrolase;Membrane;Metal-binding;Metalloprotease;Nucleotide-binding;Protease;Reference proteome;Transmembrane;Transmembrane helix;Zinc
Q9I235	kynU PA2080	GO:0005737; GO:0009435; GO:0019441; GO:0019805; GO:0030170; GO:0030429; GO:0043420; GO:0097053	Hydrolase;Pyridine nucleotide biosynthesis;Pyridoxal phosphate;Reference proteome
Q9I299	liuD PA2012	GO:0004075; GO:0004485; GO:0005524; GO:0006552; GO:0008300; GO:0046247; GO:0046872; GO:1905202	3D-structure;ATP-binding;Biotin;Ligase;Nucleotide-binding;Reference proteome;Transit peptide
Q9HZM8	rne PA2976	GO:0000049; GO:0000287; GO:0004540; GO:0005737; GO:0006364; GO:0006402; GO:0008033; GO:0008270; GO:0008995; GO:0009898; GO:0019843	3D-structure;Cell inner membrane;Cell membrane;Cytoplasm;Endonuclease;Hydrolase;Magnesium;Membrane;Metal-binding;Nuclease;Reference proteome;RNA-binding;rRNA processing;rRNA-binding;tRNA processing;tRNA-binding;Zinc
Q51384	PA3808	GO:0005829; GO:0008198; GO:0016226	Reference proteome
Q9HXF2	PA3854		Reference proteome
Q9HY42	PA3578	GO:0016853	Isomerase;Reference proteome
Q9HY72	PA3539	GO:0005829; GO:0033194	Reference proteome
Q9HYE3	PA3463		3D-structure;Reference proteome
Q9HYI6	PA3419		Reference proteome
Q9HYW6	PA3275	GO:0005886	Cell inner membrane;Cell membrane;Membrane;Reference proteome;Transmembrane;Transmembrane helix
Q9HZM4	PA2980	GO:0005829	Reference proteome
Q9I073	PA2770	GO:0016853	Isomerase;Reference proteome
Q9I3A4	PA1618	GO:0005829; GO:0061522	3D-structure;Hydrolase;Reference proteome
Q9I5L6	PA0712		Reference proteome
O68561	PA4766		Reference proteome
P23205	PA2024	GO:0046686	Reference proteome
Q9HT88	PA5482	GO:0005886	Cell membrane;Membrane;Reference proteome;Transmembrane;Transmembrane helix
Q9HTU7	PA5247		Reference proteome
Q9HVZ1	PA4424	GO:0003676	Reference proteome
Q9HYR3	PA3332		3D-structure;Reference proteome
Q9I445	PA1299		Reference proteome
Q9I449	PA1295		Reference proteome
Q9I4Z9	slyX PA0960		Reference proteome
Q9I6G2	PA0329	GO:0006302	Reference proteome;Repeat
Q9I783	PA0049		Direct protein sequencing;Reference proteome;Signal
Q9X6V8	PA3998	GO:0005829	Reference proteome
O30372	pvcC PA2256	GO:0002049; GO:0016627	FAD;Flavoprotein;Oxidoreductase;Reference proteome
P28812	PA3568	GO:0050218; GO:0070013	Reference proteome
Q04628	PA1545		Reference proteome
Q51483	PA0522	GO:0005886	Cell membrane;Membrane;Reference proteome;Transmembrane;Transmembrane helix
Q9HVL0	PA4574	GO:0005886	Cell membrane;Membrane;Reference proteome;Transmembrane;Transmembrane helix
Q9HWS2	PA4106		Iron;Metal-binding;Reference proteome
Q9HYV6	PA3287		ANK repeat;Reference proteome;Repeat
Q9HYW0	PA3283		Iron;Metal-binding;Reference proteome
Q9I2B6	PA1993	GO:0005886; GO:0022857	Cell inner membrane;Cell membrane;Membrane;Reference proteome;Transmembrane;Transmembrane helix;Transport
Q9I3H7	PA1536		Reference proteome
Q9I5V0	PA0587		Reference proteome
Q9I7B1	PA0015		Reference proteome;Repeat;TPR repeat
P42514	PA4219	GO:0005886	Cell membrane;Membrane;Reference proteome;Transmembrane;Transmembrane helix
P58040	PA1578.1		Reference proteome
Q01609	PA2218	GO:0016787	3D-structure;Reference proteome
Q9HTI1	PA5383	GO:0005886	Cell membrane;Membrane;Reference proteome;Transmembrane;Transmembrane helix
Q9HTX3	PA5217		Direct protein sequencing;Reference proteome;Signal
Q9HUB0	PA5073		Reference proteome
Q9HV11	PA4798		Reference proteome
Q9HV77	sfsA PA4721	GO:0003677	Reference proteome
Q9HXU7	PA3693	GO:0061463	Reference proteome
Q9I5W9	PA0567	GO:0005886	Cell membrane;Membrane;Reference proteome;Transmembrane;Transmembrane helix
O68827	rarD PA3473	GO:0005886	Cell membrane;Membrane;Reference proteome;Transmembrane;Transmembrane helix;Transport
P25254	PA0392	GO:0005886	Cell membrane;Membrane;Reference proteome;Transmembrane;Transmembrane helix
P39879	PA2026	GO:0005886	Reference proteome
P40882	PA3753	GO:0009437; GO:0016289	Reference proteome
P42810	PA4667		3D-structure;Reference proteome;Repeat;TPR repeat
Q03381	regB PA0706.1		Reference proteome
Q9HTW5	PA5225	GO:0005829	Reference proteome
Q9HV61	PA4738		3D-structure;Reference proteome
Q9HVT1	PA4490		3D-structure;Reference proteome;Signal
Q9HVT2	PA4489	GO:0004866	Reference proteome;Signal
Q9HX91	PA3922		Direct protein sequencing;Reference proteome;Signal
Q9HYF3	PA3453		Reference proteome
Q9I1Z9	PA2116	GO:0016829	Lyase;Reference proteome
Q9I4T5	PA1039		Reference proteome
Q9I507	PA0951	GO:0005886	Cell inner membrane;Cell membrane;Membrane;Reference proteome;Transmembrane;Transmembrane helix
Q9I5U6	apaG PA0591	GO:0070987	Reference proteome
Q9I644	PA0474	GO:0047617	Hydrolase;Reference proteome
Q9RQ16	algH PA0405	GO:0005829	3D-structure;Reference proteome
G3XD88	rodA mrdB PA4002	GO:0005886; GO:0008360; GO:0008955; GO:0009252; GO:0015648; GO:0032153; GO:0051301; GO:0071555	Cell inner membrane;Cell membrane;Cell shape;Cell wall biogenesis/degradation;Glycosyltransferase;Membrane;Peptidoglycan synthesis;Reference proteome;Transferase;Transmembrane;Transmembrane helix
G3XD98	gacS PA0928	GO:0000155; GO:0005524; GO:0005886; GO:0046872; GO:1900378; GO:2000147	3D-structure;ATP-binding;Cell inner membrane;Cell membrane;Coiled coil;Kinase;Membrane;Metal-binding;Nucleotide-binding;Phosphoprotein;Reference proteome;Transferase;Transmembrane;Transmembrane helix;Two-component regulatory system
Q9HT86	ampDh2 PA5485	GO:0008745; GO:0009253; GO:0009254; GO:0009276; GO:0019867; GO:0033252; GO:0046872; GO:0071555	3D-structure;Cell wall biogenesis/degradation;Hydrolase;Metal-binding;Reference proteome;Zinc
Q9HU57	trmL PA5127	GO:0002131; GO:0002132; GO:0003723; GO:0005737; GO:0042802; GO:0141098; GO:0141102	3D-structure;Cytoplasm;Methyltransferase;Reference proteome;S-adenosyl-L-methionine;Transferase;tRNA processing
Q9HUD5	gltB PA5036	GO:0004355; GO:0006537; GO:0015930; GO:0019676; GO:0046872; GO:0051538	3Fe-4S;Amino-acid biosynthesis;FAD;Flavoprotein;FMN;Glutamate biosynthesis;Glutamine amidotransferase;Iron;Iron-sulfur;Metal-binding;NADP;Oxidoreductase;Reference proteome
Q9HUM1	hflX PA4943	GO:0003924; GO:0005525; GO:0005737; GO:0043022; GO:0046872; GO:0097216	Coiled coil;Cytoplasm;GTP-binding;Magnesium;Metal-binding;Nucleotide-binding;Reference proteome
Q9HUW7	PA4843	GO:0000160; GO:0005886; GO:0043709; GO:0052621; GO:1900189; GO:1900233; GO:1902065; GO:1902201	Phosphoprotein;Reference proteome
Q9HUY5	mgtA PA4825	GO:0005524; GO:0005886; GO:0015444; GO:0016887; GO:0019829	ATP-binding;Cell inner membrane;Cell membrane;Magnesium;Membrane;Nucleotide-binding;Phosphoprotein;Reference proteome;Translocase;Transmembrane;Transmembrane helix
Q9HVA1	ilvH PA4695	GO:0003984; GO:0005829; GO:0009097; GO:0009099; GO:1990610	Amino-acid biosynthesis;Branched-chain amino acid biosynthesis;Reference proteome;Transferase
Q9HVQ3	speC PA4519	GO:0004586; GO:0005737; GO:0033387	Lyase;Pyridoxal phosphate;Reference proteome
Q9HW86	mvaT PA4315	GO:0000976; GO:0001216; GO:0032993; GO:0045893; GO:1900232; GO:1900377	3D-structure;Coiled coil;Reference proteome
Q9HWJ0	PA4191	GO:0009693; GO:0016706; GO:0046872; GO:0102276	3D-structure;Ethylene biosynthesis;Iron;Metal-binding;Oxidoreductase;Reference proteome
Q9HWX7	thiL PA4051	GO:0000287; GO:0005524; GO:0009030; GO:0009228; GO:0009229	3D-structure;ATP-binding;Calcium;Kinase;Magnesium;Metal-binding;Nucleotide-binding;Reference proteome;Thiamine biosynthesis;Transferase
Q9HXA0	ubiU PA3913	GO:0006508; GO:0006744; GO:0008233; GO:0046872; GO:0051539	4Fe-4S;Hydrolase;Iron;Iron-sulfur;Metal-binding;Protease;Reference proteome;Ubiquinone biosynthesis
Q9HXI5	trmJ PA3817	GO:0002128; GO:0003723; GO:0005829; GO:0106339; GO:0160206	Cytoplasm;Methyltransferase;Reference proteome;S-adenosyl-L-methionine;Transferase;tRNA processing
Q9HY01	adhC PA3629	GO:0004022; GO:0005829; GO:0008270; GO:0018467; GO:0046294; GO:0051903; GO:0080007; GO:0106321; GO:0106322	Metal-binding;NAD;Oxidoreductase;Reference proteome;Zinc
Q9I0L5	icd PA2623	GO:0000287; GO:0004450; GO:0006097; GO:0006099; GO:0051287	Glyoxylate bypass;Magnesium;Manganese;Metal-binding;NADP;Oxidoreductase;Phosphoprotein;Reference proteome;Tricarboxylic acid cycle
Q9I116	foxA PA2466	GO:0006829; GO:0007166; GO:0009279; GO:0015344; GO:0015675; GO:0015891; GO:0019867; GO:0033214; GO:0038023	3D-structure;Cell outer membrane;Ion transport;Iron;Iron transport;Membrane;Nickel;Nickel transport;Receptor;Reference proteome;Signal;TonB box;Transmembrane;Transmembrane beta strand;Transport;Zinc;Zinc transport
Q9I3G2	ccoP2 PA1555	GO:0004129; GO:0005886; GO:0006119; GO:0016491; GO:0020037; GO:0022904; GO:0046872	3D-structure;Cell inner membrane;Cell membrane;Electron transport;Heme;Hydrogen ion transport;Ion transport;Iron;Membrane;Metal-binding;Oxidoreductase;Reference proteome;Repeat;Respiratory chain;Transmembrane;Transmembrane helix;Transport
Q9I3G3	ccoN1 PA1554	GO:0004129; GO:0005886; GO:0006119; GO:0009060; GO:0020037; GO:0022904; GO:0046872	Cell membrane;Copper;Electron transport;Heme;Iron;Membrane;Metal-binding;Reference proteome;Respiratory chain;Translocase;Transmembrane;Transmembrane helix;Transport
Q9I3I6	smc PA1527	GO:0003677; GO:0005524; GO:0005694; GO:0005737; GO:0006260; GO:0007059; GO:0007062; GO:0016887; GO:0030261	ATP-binding;Coiled coil;Cytoplasm;DNA-binding;Nucleotide-binding;Reference proteome
Q9I3L4	pykF PA1498	GO:0000287; GO:0004743; GO:0005524; GO:0005737; GO:0005829; GO:0006096; GO:0016301; GO:0030955	3D-structure;ATP-binding;Glycolysis;Kinase;Magnesium;Metal-binding;Nucleotide-binding;Potassium;Pyruvate;Reference proteome;Transferase
Q9I441	PA1303	GO:0004252; GO:0005886; GO:0006465; GO:0008233; GO:0009003; GO:0045861; GO:0051055; GO:1900376; GO:2000145	Hydrolase;Protease;Reference proteome
Q9I4H2	pcpS PA1165	GO:0000287; GO:0008897; GO:0009237; GO:0009239; GO:0009366; GO:0016740	3D-structure;Enterobactin biosynthesis;Magnesium;Metal-binding;Reference proteome;Transferase
Q9I4S9	dinG PA1045	GO:0003677; GO:0003678; GO:0005524; GO:0006281; GO:0009432; GO:0016887; GO:0033677; GO:0043139; GO:0046872; GO:0051539	4Fe-4S;ATP-binding;DNA-binding;Helicase;Hydrolase;Iron;Iron-sulfur;Isomerase;Metal-binding;Nucleotide-binding;Reference proteome
Q9I4W8	PA1005	GO:0004222; GO:0008237; GO:0008270; GO:0016020; GO:0042597; GO:0051603	Hydrolase;Metal-binding;Metalloprotease;Periplasm;Protease;Reference proteome;Signal;Zinc
Q9I514	purN PA0944	GO:0004644; GO:0005737; GO:0005829; GO:0006189; GO:0044010; GO:0071978	Purine biosynthesis;Reference proteome;Transferase
Q9I5D1	ampDh3 PA0807	GO:0008745; GO:0009253; GO:0009254; GO:0009276; GO:0019867; GO:0033252; GO:0046872; GO:0071555	3D-structure;Cell wall biogenesis/degradation;Hydrolase;Metal-binding;Reference proteome;Zinc
Q9I5R0	PA0661	GO:0005886; GO:0006782; GO:0046872; GO:0070818	Cell membrane;Heme;Iron;Membrane;Metal-binding;Oxidoreductase;Reference proteome;Transmembrane;Transmembrane helix
Q9I5Y5	epd PA0551	GO:0004365; GO:0005829; GO:0006006; GO:0008615; GO:0042823; GO:0048001; GO:0051287	Cytoplasm;NAD;Nucleotide-binding;Oxidoreductase;Pyridoxine biosynthesis;Reference proteome
Q9I648	fiuA PA0470	GO:0006829; GO:0007166; GO:0009279; GO:0015344; GO:0015675; GO:0015891; GO:0019867; GO:0033214; GO:0038023; GO:0042928; GO:0042929	Cell outer membrane;Ion transport;Iron;Iron transport;Membrane;Nickel;Nickel transport;Receptor;Reference proteome;Signal;TonB box;Transmembrane;Transmembrane beta strand;Transport;Zinc;Zinc transport
Q9I693	bioA PA0420	GO:0004015; GO:0005737; GO:0009102; GO:0030170	Aminotransferase;Biotin biosynthesis;Cytoplasm;Pyridoxal phosphate;Reference proteome;S-adenosyl-L-methionine;Transferase
Q9I6D3	PA0361	GO:0006750; GO:0006751; GO:0034722; GO:0036374; GO:0103068	Acyltransferase;Glutathione biosynthesis;Hydrolase;Reference proteome;Signal;Transferase;Zymogen
Q9I6E3	folA PA0350	GO:0004146; GO:0005829; GO:0006730; GO:0046452; GO:0046654; GO:0046655; GO:0050661; GO:0070401	NADP;One-carbon metabolism;Oxidoreductase;Reference proteome
Q9I6P4	aroE PA0244	GO:0004764; GO:0005829; GO:0008652; GO:0009073; GO:0009423; GO:0019632; GO:0050661	Amino-acid biosynthesis;Aromatic amino acid biosynthesis;NADP;Oxidoreductase;Reference proteome
G3XCV1	pvdS PA2426	GO:0000976; GO:0001216; GO:0006352; GO:0006355; GO:0016987; GO:0032993; GO:0045893; GO:0071281; GO:1900378	Reference proteome;Sigma factor;Transcription;Transcription regulation
G3XCV7	pbpA mrdA PA4003	GO:0005886; GO:0006508; GO:0008360; GO:0008658; GO:0009002; GO:0009252; GO:0071555; GO:0071972	Carboxypeptidase;Cell inner membrane;Cell membrane;Cell shape;Cell wall biogenesis/degradation;Hydrolase;Membrane;Peptidoglycan synthesis;Protease;Reference proteome;Transmembrane;Transmembrane helix
G3XCZ0	fimU PA4550	GO:0005886; GO:0009297; GO:0015627; GO:0015628; GO:0043107; GO:0043683; GO:0044096	3D-structure;Cell inner membrane;Cell membrane;Membrane;Methylation;Reference proteome;Transmembrane;Transmembrane helix
G3XD16	PA2523	GO:0000156; GO:0000976; GO:0005829; GO:0006351; GO:0006355; GO:0032411; GO:0032993; GO:0045862; GO:1900233; GO:1900377	DNA-binding;Phosphoprotein;Reference proteome;Transcription;Transcription regulation;Two-component regulatory system
Q9HTL4	oxyR PA5344	GO:0003700; GO:0006351; GO:0006355; GO:0032993; GO:0043565; GO:0046889; GO:1900377; GO:1901031; GO:1901671; GO:2000147	3D-structure;Activator;DNA-binding;Reference proteome;Transcription;Transcription regulation
Q9HTY9	amgR PA5200	GO:0000156; GO:0000976; GO:0005829; GO:0006351; GO:0006355; GO:0032993; GO:0045862; GO:0045893; GO:0051050	Activator;Cytoplasm;DNA-binding;Phosphoprotein;Reference proteome;Repressor;Stress response;Transcription;Transcription regulation;Two-component regulatory system
Q9HU14	cysQ PA5175	GO:0000103; GO:0000287; GO:0005886; GO:0008441; GO:0050427	Cell inner membrane;Cell membrane;Hydrolase;Magnesium;Membrane;Metal-binding;Reference proteome
Q9HU50	PA5134	GO:0004175; GO:0004252; GO:0005886; GO:0006508; GO:0007165; GO:0030254; GO:0030288; GO:0030313; GO:0042546; GO:0042597; GO:0043163	3D-structure;Hydrolase;Protease;Reference proteome;Serine protease;Signal
Q9HUC9	priA PA5050	GO:0003677; GO:0005524; GO:0006269; GO:0006270; GO:0006302; GO:0006310; GO:0008270; GO:0016887; GO:0043138; GO:1990077	ATP-binding;DNA replication;DNA-binding;Helicase;Hydrolase;Isomerase;Metal-binding;Nucleotide-binding;Primosome;Reference proteome;Zinc
Q9HUJ4	aspP PA4971	GO:0005829; GO:0006753; GO:0019144; GO:0019693; GO:0046872; GO:0047631	Hydrolase;Magnesium;Metal-binding;Reference proteome
Q9HUV6	PA4857	GO:0005886; GO:0030254; GO:0050714; GO:0071978; GO:1900191; GO:1902021	Cell membrane;Membrane;Reference proteome;Transmembrane;Transmembrane helix
Q9HVC9	moeB PA4663	GO:0004792; GO:0005524; GO:0005737; GO:0005829; GO:0008146; GO:0008641; GO:0016779; GO:0061605	ATP-binding;Membrane;Nucleotide-binding;Reference proteome;Transferase;Transmembrane;Transmembrane helix
Q9HVD5	PA4657	GO:0050660; GO:0050661; GO:0050664; GO:0051287	FAD;Flavoprotein;NAD;NADP;Nucleotide-binding;Oxidoreductase;Reference proteome
Q9HVI8	morA PA4601	GO:0000166; GO:0005886; GO:0006355; GO:0042802; GO:0046872; GO:0052621; GO:0061939; GO:0071111; GO:0071732	3D-structure;c-di-GMP;Membrane;Metal-binding;Nucleotide-binding;Reference proteome;Transmembrane;Transmembrane helix
Q9HVK1	PA4583	GO:0005525; GO:0006281; GO:0006396; GO:0042245; GO:0046872; GO:0170057	GTP-binding;Ligase;Manganese;Metal-binding;Nucleotide-binding;Reference proteome;RNA repair
Q9HVZ7	murF PA4416	GO:0005524; GO:0005737; GO:0008360; GO:0008766; GO:0009252; GO:0046872; GO:0047480; GO:0051301; GO:0071555	3D-structure;ATP-binding;Cell cycle;Cell division;Cell shape;Cell wall biogenesis/degradation;Cytoplasm;Ligase;Metal-binding;Nucleotide-binding;Peptidoglycan synthesis;Reference proteome
Q9HW06	PA4400	GO:0006260; GO:0006281; GO:0008413; GO:0016787; GO:0035539; GO:0044715; GO:0044716; GO:0046872	DNA damage;DNA repair;DNA replication;Hydrolase;Magnesium;Metal-binding;Mutator protein;Reference proteome
Q9HWX2	ribD PA4056	GO:0008270; GO:0008703; GO:0008835; GO:0009231; GO:0050661	Hydrolase;Metal-binding;Multifunctional enzyme;NADP;Oxidoreductase;Reference proteome;Riboflavin biosynthesis;Zinc
Q9HXY1	map PA3657	GO:0004239; GO:0005829; GO:0006508; GO:0046872; GO:0070006	3D-structure;Aminopeptidase;Hydrolase;Metal-binding;Protease;Reference proteome
Q9HY46	nalD PA3574	GO:0000976; GO:0003677; GO:0003700; GO:0006351; GO:0006355; GO:0032410; GO:0034763; GO:0045892; GO:0051051	3D-structure;DNA-binding;Reference proteome;Repressor;Transcription;Transcription regulation
Q9HYU4	fadD1 PA3299	GO:0004467; GO:0005524; GO:0006631; GO:0016020; GO:0016405; GO:0042758	ATP-binding;Fatty acid metabolism;Ligase;Lipid metabolism;Magnesium;Membrane;Nucleotide-binding;Reference proteome
Q9HZK3	mfd PA3002	GO:0000716; GO:0003677; GO:0003684; GO:0004386; GO:0005524; GO:0005737; GO:0006355; GO:0015616; GO:0016787; GO:0043175	ATP-binding;Cytoplasm;DNA damage;DNA repair;DNA-binding;Helicase;Hydrolase;Nucleotide-binding;Reference proteome
Q9I063	PA2780	GO:0000976; GO:0001216; GO:0032993; GO:0043565; GO:0045893; GO:1900192; GO:2000146	3D-structure;Reference proteome
Q9I3B1	PA1611	GO:0000155; GO:0000160; GO:0005524; GO:0005886; GO:0009927; GO:0046872	3D-structure;ATP-binding;Calcium;Cell inner membrane;Cell membrane;Coiled coil;Kinase;Membrane;Metal-binding;Nucleotide-binding;Phosphoprotein;Reference proteome;Transferase;Transmembrane;Transmembrane helix;Two-component regulatory system
Q9I3D4	sdhB PA1584	GO:0006099; GO:0008177; GO:0009055; GO:0009060; GO:0022904; GO:0046872; GO:0051536; GO:0051537; GO:0051538; GO:0051539	2Fe-2S;3Fe-4S;4Fe-4S;Electron transport;Iron;Iron-sulfur;Metal-binding;Oxidoreductase;Reference proteome;Transport;Tricarboxylic acid cycle
Q9I404	PA1340	GO:0005886; GO:0006865; GO:0006868; GO:0022857; GO:0042940; GO:0043190; GO:0051938; GO:1903803	Amino-acid transport;Cell membrane;Membrane;Reference proteome;Transmembrane;Transmembrane helix;Transport
Q9I496	PA1242	GO:0004252; GO:0006508; GO:0008233; GO:0043107; GO:0071977; GO:0071978; GO:1900232; GO:1900377	Hydrolase;Protease;Reference proteome;Serine protease;Signal
Q9I4G4	napB PA1173	GO:0009061; GO:0042597; GO:0046872	Electron transport;Heme;Iron;Metal-binding;Periplasm;Reference proteome;Signal;Transport
Q9I4Z3	queE PA0975	GO:0000287; GO:0008616; GO:0016840; GO:0051539; GO:1904047	4Fe-4S;Iron;Iron-sulfur;Lyase;Magnesium;Metal-binding;Queuosine biosynthesis;Reference proteome;S-adenosyl-L-methionine
Q9I544	mgtE PA0913	GO:0000287; GO:0005886; GO:0015095; GO:0015693	CBS domain;Cell membrane;Magnesium;Membrane;Metal-binding;Reference proteome;Transmembrane;Transmembrane helix;Transport
Q9I5Y8	tktA PA0548	GO:0004802; GO:0005829; GO:0006098; GO:0009052; GO:0046872	3D-structure;Calcium;Magnesium;Metal-binding;Reference proteome;Thiamine pyrophosphate;Transferase
G3XD04	uvrD PA5443	GO:0000725; GO:0003677; GO:0005524; GO:0005829; GO:0006260; GO:0006298; GO:0016887; GO:0033202; GO:0042802; GO:0043138	ATP-binding;DNA damage;DNA repair;DNA replication;DNA-binding;Helicase;Hydrolase;Isomerase;Nucleotide-binding;Reference proteome
G3XD20	mucD PA0766	GO:0004252; GO:0006508; GO:0007165; GO:0042597	Hydrolase;Periplasm;Protease;Reference proteome;Repeat;Serine protease;Signal;Stress response
G3XD54	dnaQ PA1816	GO:0003677; GO:0003887; GO:0005829; GO:0008408; GO:0045004; GO:0046872	DNA replication;DNA-directed DNA polymerase;Exonuclease;Hydrolase;Magnesium;Manganese;Metal-binding;Nuclease;Nucleotidyltransferase;Reference proteome;Transferase
G3XD80	PA0510	GO:0004851; GO:0006783; GO:0008168; GO:0009061; GO:0009236; GO:0016491; GO:0016829; GO:0019354; GO:0032259	Cobalamin biosynthesis;Lyase;Methyltransferase;Multifunctional enzyme;Oxidoreductase;Porphyrin biosynthesis;Reference proteome;S-adenosyl-L-methionine;Transferase
G3XD87	narH PA3874	GO:0005886; GO:0008940; GO:0009325; GO:0016020; GO:0019645; GO:0042128; GO:0046872; GO:0051538; GO:0051539; GO:0160182	3Fe-4S;4Fe-4S;Cell membrane;Electron transport;Iron;Iron-sulfur;Membrane;Metal-binding;Nitrate assimilation;Oxidoreductase;Reference proteome;Repeat;Transport
G3XDA2	fabF1 PA2965	GO:0004315; GO:0005829; GO:0006633; GO:0046872	3D-structure;Acyltransferase;Fatty acid biosynthesis;Fatty acid metabolism;Lipid biosynthesis;Lipid metabolism;Metal-binding;Reference proteome;Transferase
G3XDB0	crc PA5332	GO:0003906; GO:0006284; GO:0008081; GO:0008311; GO:0009372; GO:0043609; GO:0046872; GO:1900190	3D-structure;Hydrolase;Magnesium;Manganese;Metal-binding;Reference proteome
Q9HTE8	soxB PA5416	GO:0000166; GO:0005737; GO:0008115; GO:0046653; GO:1901053	Cytoplasm;FAD;Flavoprotein;FMN;Nucleotide-binding;Oxidoreductase;Reference proteome
Q9HU37	mutY PA5147	GO:0000701; GO:0006281; GO:0006284; GO:0006298; GO:0016787; GO:0032357; GO:0034039; GO:0035485; GO:0046872; GO:0051539	4Fe-4S;DNA damage;DNA repair;Glycosidase;Hydrolase;Iron;Iron-sulfur;Metal-binding;Reference proteome
Q9HUF0	rlmJ PA5019	GO:0003723; GO:0005829; GO:0036307; GO:0070475	Methyltransferase;Reference proteome;RNA-binding;rRNA processing;S-adenosyl-L-methionine;Transferase
Q9HV88	phuR PA4710	GO:0009279; GO:0015232; GO:0015344; GO:0015886; GO:0019867; GO:0044718; GO:0046872; GO:0071281	3D-structure;Cell outer membrane;Heme;Iron;Membrane;Metal-binding;Receptor;Reference proteome;Signal;TonB box;Transmembrane;Transmembrane beta strand;Transport
Q9HW00	ftsW PA4413	GO:0005886; GO:0008360; GO:0008955; GO:0009252; GO:0015648; GO:0032153; GO:0043093; GO:0051301; GO:0071555	3D-structure;Cell cycle;Cell division;Cell inner membrane;Cell membrane;Cell shape;Cell wall biogenesis/degradation;Glycosyltransferase;Membrane;Peptidoglycan synthesis;Reference proteome;Transferase;Transmembrane;Transmembrane helix
Q9HWC0	birA PA4280	GO:0003677; GO:0004077; GO:0005524; GO:0005737; GO:0006351; GO:0006355	ATP-binding;Biotin;DNA-binding;Ligase;Nucleotide-binding;Reference proteome;Repressor;Transcription;Transcription regulation
Q9HWP8	PA4133	GO:0004129; GO:0005886; GO:0006119; GO:0009060; GO:0020037; GO:0022904; GO:0046872	3D-structure;Calcium;Cell membrane;Copper;Electron transport;Heme;Iron;Membrane;Metal-binding;Reference proteome;Respiratory chain;Translocase;Transmembrane;Transmembrane helix;Transport
Q9HWR5	PA4115	GO:0005829; GO:0008714; GO:0047405	Hydrolase;Reference proteome
Q9HXA1	ubiV PA3912	GO:0006744; GO:0046872; GO:0051539	4Fe-4S;Iron;Iron-sulfur;Metal-binding;Reference proteome;Ubiquinone biosynthesis
Q9HXT9	wspR PA3702	GO:0000160; GO:0000166; GO:0005886; GO:0042802; GO:0043709; GO:0046872; GO:0052621; GO:1902201	3D-structure;Metal-binding;Nucleotide-binding;Phosphoprotein;Reference proteome
Q9HY85	gloA1 PA3524	GO:0004462; GO:0005737; GO:0019243; GO:0046872	Lyase;Metal-binding;Nickel;Reference proteome;Zinc
Q9HZW0	atuB PA2887	GO:0006633; GO:0019166	3D-structure;Fatty acid biosynthesis;Fatty acid metabolism;Lipid biosynthesis;Lipid metabolism;NADP;Oxidoreductase;Peroxisome;Phosphoprotein;Reference proteome
Q9I095	map PA2748	GO:0004239; GO:0005829; GO:0006508; GO:0046872; GO:0070006	Aminopeptidase;Hydrolase;Metal-binding;Protease;Reference proteome
Q9I1D5	mtlY xylB PA2343	GO:0004856; GO:0005524; GO:0005998; GO:0016301; GO:0042732	ATP-binding;Carbohydrate metabolism;Kinase;Nucleotide-binding;Reference proteome;Transferase;Xylose metabolism
Q9I1N7	pslB PA2232	GO:0004475; GO:0004476; GO:0005525; GO:0009298; GO:0042121; GO:0044010; GO:0050089	Alginate biosynthesis;Cobalt;GTP-binding;Isomerase;Multifunctional enzyme;Nucleotide-binding;Nucleotidyltransferase;Reference proteome;Transferase
Q9I2F4	rbsK PA1950	GO:0004747; GO:0005524; GO:0005829; GO:0019303; GO:0046872	ATP-binding;Carbohydrate metabolism;Cytoplasm;Kinase;Magnesium;Metal-binding;Nucleotide-binding;Potassium;Reference proteome;Transferase
Q9I3D5	sdhA PA1583	GO:0000104; GO:0005886; GO:0006099; GO:0008177; GO:0009055; GO:0009061; GO:0022900; GO:0050660	Cell inner membrane;Cell membrane;Electron transport;FAD;Flavoprotein;Membrane;Oxidoreductase;Reference proteome;Transport;Tricarboxylic acid cycle
Q9I3G0	ccoN2 PA1557	GO:0004129; GO:0005886; GO:0006119; GO:0009060; GO:0020037; GO:0022904; GO:0046872	Cell membrane;Copper;Electron transport;Heme;Iron;Membrane;Metal-binding;Reference proteome;Respiratory chain;Translocase;Transmembrane;Transmembrane helix;Transport
Q9I4I2	nrdB PA1155	GO:0004748; GO:0005506; GO:0005971; GO:0009263	Deoxyribonucleotide synthesis;Iron;Membrane;Metal-binding;Oxidoreductase;Reference proteome;Transmembrane;Transmembrane helix
Q9I4R3	cds1 PA1061	GO:0004124; GO:0005737; GO:0016829; GO:0019344; GO:0019450; GO:0030170	Cytoplasm;Lyase;Pyridoxal phosphate;Reference proteome
Q9I5E2	prpB PA0796	GO:0000287; GO:0019629; GO:0046421	3D-structure;Lyase;Magnesium;Metal-binding;Reference proteome
Q9I689	rhlE PA0428	GO:0003676; GO:0003724; GO:0005524; GO:0005829; GO:0009266; GO:0016887; GO:0042255; GO:0044010; GO:0071978	ATP-binding;Cytoplasm;Helicase;Hydrolase;Nucleotide-binding;Reference proteome;Ribosome biogenesis
Q9I6H5	serA PA0316	GO:0004617; GO:0006564; GO:0051287; GO:0120568	Amino-acid biosynthesis;NAD;Oxidoreductase;Reference proteome;Serine biosynthesis
Q9I6Y5	PA0147	GO:0009693; GO:0016706; GO:0046872; GO:0102276	Ethylene biosynthesis;Iron;Metal-binding;Oxidoreductase;Reference proteome
Q9I6Z3	ahpC PA0139	GO:0005829; GO:0006979; GO:0008379; GO:0042744; GO:0045454; GO:0102039	Antioxidant;Cytoplasm;Disulfide bond;Oxidoreductase;Peroxidase;Redox-active center;Reference proteome
Q9I727	coxB PA0105	GO:0004129; GO:0005507; GO:0005886; GO:0016491; GO:0020037; GO:0042773; GO:0098803	Copper;Electron transport;Heme;Iron;Membrane;Metal-binding;Reference proteome;Respiratory chain;Signal;Translocase;Transmembrane;Transmembrane helix;Transport
G3XD18	narI PA3872	GO:0005886; GO:0008940; GO:0009055; GO:0009325; GO:0019645; GO:0020037; GO:0042128; GO:0046872; GO:0160182	Cell membrane;Electron transport;Heme;Iron;Membrane;Metal-binding;Nitrate assimilation;Oxidoreductase;Reference proteome;Transmembrane;Transmembrane helix;Transport
G3XD19	wzx PA3153	GO:0005886; GO:0009243; GO:0009276; GO:0015297; GO:0015774; GO:0016020; GO:0034203; GO:0043165; GO:0098567	Cell membrane;Membrane;Reference proteome;Transmembrane;Transmembrane helix
G3XD74	dacC PA3999	GO:0005886; GO:0006508; GO:0008360; GO:0008658; GO:0009002; GO:0009252; GO:0071555	Carboxypeptidase;Cell inner membrane;Cell membrane;Cell shape;Cell wall biogenesis/degradation;Hydrolase;Membrane;Peptidoglycan synthesis;Protease;Reference proteome;Signal
G3XD78	rsaL PA1431	GO:0000976; GO:0001217; GO:0003677; GO:0006355; GO:0009372; GO:0032993; GO:0045892; GO:0060311; GO:1900192; GO:1900377; GO:2000146	Reference proteome
Q9HTC7	zwf PA5439	GO:0004345; GO:0005829; GO:0006006; GO:0009051; GO:0050661	Carbohydrate metabolism;Glucose metabolism;NADP;Oxidoreductase;Reference proteome
Q9HUH7	waaA PA4988	GO:0005886; GO:0009244; GO:0009245; GO:0016740; GO:0043842	Cell membrane;Lipopolysaccharide biosynthesis;Membrane;Reference proteome;Signal-anchor;Transferase;Transmembrane
Q9HV49	folP PA4750	GO:0004156; GO:0005829; GO:0046654; GO:0046656; GO:0046872	Folate biosynthesis;Magnesium;Metal-binding;Reference proteome;Transferase
Q9HVD2	phr PA4660	GO:0000719; GO:0003677; GO:0003904; GO:0009416; GO:0009650; GO:0071949	Chromophore;FAD;Flavoprotein;Reference proteome
Q9HX03	eutB PA4024	GO:0005829; GO:0006520; GO:0008851; GO:0009350; GO:0031419; GO:0031471; GO:0046336	Bacterial microcompartment;Cobalamin;Cobalt;Lyase;Reference proteome
Q9HX93	PA3920	GO:0005507; GO:0005524; GO:0005886; GO:0012505; GO:0016020; GO:0016887; GO:0043682; GO:0055070	ATP-binding;Cell membrane;Copper;Copper transport;Ion transport;Magnesium;Membrane;Metal-binding;Nucleotide-binding;Reference proteome;Repeat;Translocase;Transmembrane;Transmembrane helix;Transport
Q9HXV0	PA3690	GO:0005524; GO:0005886; GO:0015086; GO:0016020; GO:0016463; GO:0016887; GO:0030001; GO:0046872; GO:0055085	ATP-binding;Cell membrane;Membrane;Metal-binding;Nucleotide-binding;Reference proteome;Translocase;Transmembrane;Transmembrane helix
Q9HYZ4	rluA PA3246	GO:0000455; GO:0003723; GO:0005829; GO:0008033; GO:0009982; GO:0160142; GO:0160151	Isomerase;Reference proteome;rRNA processing;tRNA processing
Q9HYZ8	lpxL PA3242	GO:0005886; GO:0008913; GO:0009103; GO:0009245; GO:0016020; GO:0016746; GO:0036104	Acyltransferase;Cell inner membrane;Cell membrane;Lipopolysaccharide biosynthesis;Membrane;Reference proteome;Transferase;Transmembrane;Transmembrane helix
Q9I003	deaD csdA PA2840	GO:0000027; GO:0003724; GO:0005524; GO:0005829; GO:0006401; GO:0009409; GO:0016887; GO:0033592; GO:0070417	ATP-binding;Cytoplasm;Helicase;Hydrolase;Nucleotide-binding;Reference proteome;RNA-binding;Stress response
Q9I3B2	fabB PA1609	GO:0004315; GO:0005829; GO:0006633; GO:0006636	Acyltransferase;Cytoplasm;Fatty acid biosynthesis;Fatty acid metabolism;Lipid biosynthesis;Lipid metabolism;Reference proteome;Transferase
Q9I4X4	ogt PA0995	GO:0003908; GO:0005737; GO:0006307; GO:0032259	Cytoplasm;DNA damage;DNA repair;Methyltransferase;Reference proteome;Transferase
Q9I520	PA0938	GO:0004713; GO:0005886; GO:0009243; GO:0009276; GO:0016020; GO:0043165; GO:0098567	Cell membrane;Coiled coil;Membrane;Reference proteome;Transmembrane;Transmembrane helix
Q9I537	PA0920	GO:0005886; GO:0006629; GO:0046677; GO:0047637; GO:0050071; GO:0055091	3D-structure;Antibiotic resistance;Cell membrane;Lipid metabolism;Membrane;Reference proteome;Transferase;Transmembrane;Transmembrane helix
Q9I5E3	prpC PA0795	GO:0005737; GO:0005975; GO:0006099; GO:0019679; GO:0036440; GO:0050440	3D-structure;Reference proteome;Transferase;Tricarboxylic acid cycle
Q9I5F5	putP PA0783	GO:0005298; GO:0005886; GO:0010133; GO:0015193; GO:0015824; GO:0031402; GO:0055085	Amino-acid transport;Cell inner membrane;Cell membrane;Ion transport;Membrane;Reference proteome;Sodium;Sodium transport;Symport;Transmembrane;Transmembrane helix;Transport
Q9I5T1	rpe PA0607	GO:0004750; GO:0005829; GO:0005975; GO:0009052; GO:0019323; GO:0046872	3D-structure;Carbohydrate metabolism;Cobalt;Isomerase;Manganese;Metal-binding;Reference proteome;Zinc
Q9I5T8	PA0600	GO:0000155; GO:0005737; GO:0005886; GO:0007165; GO:0046872; GO:0046983; GO:0051539	4Fe-4S;Coiled coil;Cytoplasm;Iron;Iron-sulfur;Kinase;Metal-binding;Reference proteome;Signal;Transferase;Two-component regulatory system
Q9I5W1	PA0575	GO:0005525; GO:0005886; GO:0046872; GO:0052621; GO:0061939; GO:0071111; GO:0071732	3D-structure;c-di-GMP;Calcium;Coiled coil;GTP-binding;Membrane;Metal-binding;Nucleotide-binding;Reference proteome;Signal;Transmembrane;Transmembrane helix
Q9I632	srkA PA0486	GO:0000287; GO:0004674; GO:0005524; GO:0005737; GO:0106310	ATP-binding;Cytoplasm;Kinase;Magnesium;Metal-binding;Nucleotide-binding;Phosphoprotein;Reference proteome;Serine/threonine-protein kinase;Stress response;Transferase
Q9I6C1	ftsY PA0373	GO:0003924; GO:0005047; GO:0005525; GO:0005737; GO:0005886; GO:0006605; GO:0006614	Cell inner membrane;Cell membrane;Cytoplasm;GTP-binding;Hydrolase;Membrane;Nucleotide-binding;Receptor;Reference proteome
Q9I6I9	spuF potA PA0302	GO:0005524; GO:0005886; GO:0015417; GO:0015847; GO:0015848; GO:0016887; GO:0043190; GO:0140359	ATP-binding;Cell inner membrane;Cell membrane;Membrane;Nucleotide-binding;Reference proteome;Translocase;Transport
Q9I726	coxA PA0106	GO:0004129; GO:0005886; GO:0006119; GO:0009060; GO:0015990; GO:0020037; GO:0022904; GO:0045277; GO:0046872	Cell membrane;Copper;Electron transport;Heme;Iron;Membrane;Metal-binding;Reference proteome;Respiratory chain;Translocase;Transmembrane;Transmembrane helix;Transport
G3XCW9	ampD PA4522	GO:0005737; GO:0008745; GO:0009253; GO:0009254; GO:0009276; GO:0033252; GO:0046872; GO:0071555	Cell wall biogenesis/degradation;Cytoplasm;Hydrolase;Metal-binding;Reference proteome;Zinc
Q9HT74	np20 PA5499	GO:0000976; GO:0003677; GO:0003700; GO:0005829; GO:0006351; GO:0006882; GO:0008270; GO:0045892; GO:0071294; GO:0071579; GO:1900376	DNA-binding;Metal-binding;Reference proteome;Repressor;Transcription;Transcription regulation;Zinc
Q9HTH6	PA5388	GO:0005275; GO:0015226; GO:0015418; GO:0015871; GO:0015879; GO:0033265; GO:0042413; GO:0042597; GO:0043190	Reference proteome;Signal
Q9HTI6	PA5378	GO:0005275; GO:0015838; GO:0015871; GO:0031457; GO:0031460; GO:0033265; GO:0042426; GO:0042597; GO:0043190; GO:1902603	Reference proteome;Signal
Q9HTQ8	rep PA5296	GO:0000725; GO:0003697; GO:0005524; GO:0005829; GO:0006260; GO:0016887; GO:0043138	ATP-binding;DNA replication;DNA-binding;Helicase;Hydrolase;Isomerase;Nucleotide-binding;Reference proteome
Q9HU22	rmlA PA5163	GO:0000166; GO:0000271; GO:0005829; GO:0008879; GO:0009244; GO:0019305; GO:0046872	3D-structure;Magnesium;Metal-binding;Nucleotide-binding;Nucleotidyltransferase;Reference proteome;Transferase
Q9HUN3	dnaB PA4931	GO:0003677; GO:0003678; GO:0005524; GO:0005829; GO:0006260; GO:0006269; GO:0016887; GO:0042802; GO:0043139; GO:1990077	ATP-binding;DNA replication;DNA-binding;Helicase;Hydrolase;Isomerase;Nucleotide-binding;Primosome;Reference proteome
Q9HV72	pcnB PA4727	GO:0003723; GO:0005524; GO:0005829; GO:0006351; GO:0006397; GO:0043633; GO:1990817	ATP-binding;mRNA processing;Nucleotide-binding;Reference proteome;RNA-binding;Transcription;Transferase
Q9HV74	cbrA PA4725	GO:0000155; GO:0000160; GO:0005524; GO:0005886; GO:0006355; GO:0007165; GO:0022857; GO:1900232; GO:2000147	ATP-binding;Kinase;Membrane;Nucleotide-binding;Phosphoprotein;Reference proteome;Transferase;Transmembrane;Transmembrane helix;Two-component regulatory system
Q9HVA0	ilvI PA4696	GO:0000287; GO:0003984; GO:0005948; GO:0009097; GO:0009099; GO:0030976; GO:0050660	Amino-acid biosynthesis;Branched-chain amino acid biosynthesis;FAD;Flavoprotein;Magnesium;Metal-binding;Reference proteome;Thiamine pyrophosphate;Transferase
Q9HVJ1	ettA PA4595	GO:0000049; GO:0005524; GO:0005737; GO:0006412; GO:0016887; GO:0019843; GO:0043022; GO:0045900	ATP-binding;Cytoplasm;Hydrolase;Nucleotide-binding;Protein biosynthesis;Reference proteome;Repeat;RNA-binding;rRNA-binding;Translation regulation;tRNA-binding
Q9HVM3	ribF PA4561	GO:0003919; GO:0005524; GO:0006747; GO:0006771; GO:0008531; GO:0009231; GO:0009398	ATP-binding;FAD;Flavoprotein;FMN;Kinase;Multifunctional enzyme;Nucleotide-binding;Nucleotidyltransferase;Reference proteome;Transferase
Q9HW69	PA4332	GO:0005886; GO:0043709; GO:0044010; GO:0046872; GO:0052621; GO:0071978; GO:1900192; GO:1902201	3D-structure;Membrane;Metal-binding;Reference proteome;Transmembrane;Transmembrane helix
Q9HX07	mpl PA4020	GO:0005524; GO:0005737; GO:0008360; GO:0009252; GO:0009254; GO:0051301; GO:0071236; GO:0071555; GO:0106418	ATP-binding;Cell cycle;Cell division;Cell shape;Cell wall biogenesis/degradation;Ligase;Magnesium;Nucleotide-binding;Peptidoglycan synthesis;Reference proteome
Q9HXP8	ffh PA3746	GO:0003924; GO:0005525; GO:0006614; GO:0008312; GO:0048500	Coiled coil;Cytoplasm;GTP-binding;Hydrolase;Nucleotide-binding;Reference proteome;Ribonucleoprotein;RNA-binding;Signal recognition particle
Q9HYB4	nth PA3495	GO:0003677; GO:0006285; GO:0019104; GO:0046872; GO:0051539; GO:0140078	4Fe-4S;DNA damage;DNA repair;DNA-binding;Endonuclease;Glycosidase;Hydrolase;Iron;Iron-sulfur;Lyase;Metal-binding;Nuclease;Reference proteome
Q9HYQ1	recQ PA3344	GO:0003677; GO:0005524; GO:0005694; GO:0005737; GO:0006260; GO:0006281; GO:0006310; GO:0009378; GO:0009432; GO:0016787; GO:0030894; GO:0043138; GO:0043590; GO:0046872	ATP-binding;DNA damage;DNA recombination;DNA repair;DNA-binding;Helicase;Hydrolase;Isomerase;Metal-binding;Nucleotide-binding;Reference proteome;Zinc
Q9HYX0	PA3271	GO:0000155; GO:0000160; GO:0005886; GO:0009927; GO:0022857; GO:1900376	Coiled coil;Kinase;Membrane;Phosphoprotein;Reference proteome;Transferase;Transmembrane;Transmembrane helix
Q9HZV6	atuF PA2891	GO:0004075; GO:0005524; GO:0046247; GO:0046872; GO:0047925	ATP-binding;Biotin;Ligase;Nucleotide-binding;Reference proteome;Transit peptide
Q9I028	PA2815	GO:0003995; GO:0004466; GO:0005737; GO:0033539; GO:0050660; GO:0070991	FAD;Fatty acid metabolism;Flavoprotein;Lipid metabolism;Membrane;Oxidoreductase;Reference proteome;Transmembrane;Transmembrane helix
Q9I133	PA2449	GO:0000987; GO:0001216; GO:0005524; GO:0005737; GO:0006351; GO:0006546; GO:0016791; GO:0032993; GO:0043565; GO:0045764; GO:0045893; GO:1900378	Aromatic hydrocarbons catabolism;ATP-binding;Cytoplasm;DNA-binding;Nucleotide-binding;Reference proteome;Repressor;Transcription;Transcription regulation
Q9I212	PA2103	GO:0004792; GO:0005524; GO:0005737; GO:0005829; GO:0008146; GO:0008641; GO:0016779; GO:0061605	ATP-binding;Nucleotide-binding;Reference proteome;Transferase
Q9I296	liuA PA2015	GO:0003995; GO:0006552; GO:0008300; GO:0008470; GO:0050660	FAD;Flavoprotein;Oxidoreductase;Reference proteome;Transit peptide
Q9I2N9	PA1856	GO:0004129; GO:0005886; GO:0006119; GO:0009060; GO:0020037; GO:0022904; GO:0046872	Cell membrane;Copper;Electron transport;Heme;Iron;Membrane;Metal-binding;Reference proteome;Respiratory chain;Translocase;Transmembrane;Transmembrane helix;Transport
Q9I3G5	ccoP1 PA1552	GO:0004129; GO:0005506; GO:0005886; GO:0006119; GO:0016491; GO:0020037; GO:0022904	3D-structure;Cell inner membrane;Cell membrane;Electron transport;Heme;Hydrogen ion transport;Ion transport;Iron;Membrane;Metal-binding;Oxidoreductase;Reference proteome;Repeat;Respiratory chain;Transmembrane;Transmembrane helix;Transport
Q9I3I1	dnaX PA1532	GO:0003677; GO:0003887; GO:0005524; GO:0006260; GO:0006261; GO:0043846; GO:0046872	ATP-binding;DNA replication;DNA-directed DNA polymerase;Metal-binding;Nucleotide-binding;Nucleotidyltransferase;Reference proteome;Transferase;Zinc
Q9I6T9	pntB PA0196	GO:0005886; GO:0006740; GO:0008750; GO:0050661; GO:0120029	Cell inner membrane;Cell membrane;Membrane;NAD;NADP;Reference proteome;Translocase;Transmembrane;Transmembrane helix
G3XCT4	PA3580	GO:0002161; GO:0006412; GO:0016829; GO:0106074	Lyase;Protein biosynthesis;Reference proteome
G3XCT5	pilK PA0412	GO:0006935; GO:0008276; GO:0008983; GO:0032259; GO:0098561	Methyltransferase;Reference proteome;S-adenosyl-L-methionine;Transferase
G3XCU1	chpD PA0416	GO:0000987; GO:0003700; GO:0005737; GO:0006351; GO:0006355; GO:0009893	Activator;DNA-binding;Reference proteome;Transcription;Transcription regulation
G3XD17	dsbC PA3737	GO:0003756; GO:0006457; GO:0015036; GO:0030288	Disulfide bond;Periplasm;Redox-active center;Reference proteome;Signal
G3XD50	wbpL PA3145	GO:0005886; GO:0009103; GO:0009243; GO:0016757; GO:0016780; GO:0044038; GO:0046872; GO:0071555	Cell membrane;Magnesium;Membrane;Metal-binding;Reference proteome;Transferase;Transmembrane;Transmembrane helix
G3XDA5	oprE PA0291	GO:0015288; GO:0019867	3D-structure;Reference proteome;Signal;Transport
Q14T72	fdnG PA4812	GO:0008863; GO:0009055; GO:0009061; GO:0009326; GO:0015944; GO:0036397; GO:0042597; GO:0043546; GO:0046872; GO:0047111; GO:0051539	4Fe-4S;Iron;Iron-sulfur;Metal-binding;Molybdenum;NAD;Oxidoreductase;Periplasm;Reference proteome;Selenium;Selenocysteine;Signal
Q14T74	pntAA PA0195	GO:0005886; GO:0006740; GO:0008750; GO:0050661	NAD;NADP;Nucleotide-binding;Reference proteome;Translocase
Q9HT24	glmR PA5550	GO:0000987; GO:0006351; GO:0006355; GO:0032885; GO:0045724; GO:0045892; GO:0098531; GO:2000147	DNA-binding;Reference proteome;Transcription;Transcription regulation
Q9HT32	PA5542	GO:0008800; GO:0016787; GO:0046677; GO:0046872; GO:1901768	3D-structure;Metal-binding;Reference proteome;Signal;Zinc
Q9HT62	mifR PA5511	GO:0000160; GO:0000987; GO:0001216; GO:0005524; GO:0006351; GO:0032993; GO:0045893; GO:1900233	ATP-binding;DNA-binding;Nucleotide-binding;Phosphoprotein;Reference proteome;Transcription;Transcription regulation;Two-component regulatory system
Q9HT72	znuB PA5501	GO:0005886; GO:0006829; GO:0010043; GO:0043190; GO:0055085	Cell inner membrane;Cell membrane;Ion transport;Membrane;Reference proteome;Transmembrane;Transmembrane helix;Transport;Zinc;Zinc transport
Q9HT85	PA5486	GO:0005886	Cell membrane;Membrane;Reference proteome;Transmembrane;Transmembrane helix
Q9HTC2	PA5445	GO:0003986; GO:0006083; GO:0006084; GO:0008775	3D-structure;Reference proteome;Transferase
Q9HTD0	PA5436	GO:0003989; GO:0004075; GO:0005524; GO:0006633; GO:0046872; GO:2001295	ATP-binding;Biotin;Ligase;Magnesium;Nucleotide-binding;Reference proteome
Q9HTE6	soxA PA5418	GO:0005886; GO:0008115; GO:0044281; GO:0046653; GO:0047545; GO:1901053	FAD;Flavoprotein;Oxidoreductase;Reference proteome
Q9HTG8	PA5396	GO:0006508; GO:0016805; GO:0031457; GO:0042426; GO:0070573	3D-structure;Reference proteome
Q9HTI5	sdaB PA5379	GO:0003941; GO:0006094; GO:0009063; GO:0031459; GO:0046872; GO:0051539	4Fe-4S;Gluconeogenesis;Iron;Iron-sulfur;Lyase;Metal-binding;Reference proteome
Q9HTU9	PA5245	GO:0016829	Lyase;Reference proteome
Q9HTV5	glpT PA5235	GO:0005886; GO:0015169; GO:0015760; GO:0035435; GO:0061513	Cell membrane;Membrane;Reference proteome;Transmembrane;Transmembrane helix
Q9HTY3	PA5207	GO:0005315; GO:0016020; GO:0035435	Membrane;Phosphate transport;Reference proteome;Transmembrane;Transmembrane helix;Transport
Q9HTZ4	PA5195	GO:0003677; GO:0003727; GO:0034605; GO:0043023	DNA-binding;Reference proteome;RNA-binding;Stress response
Q9HU24	rmlB PA5161	GO:0008460; GO:0009244; GO:0019305	Lyase;NAD;Reference proteome
Q9HU63	PA5121	GO:0005886; GO:0008381	Cell membrane;Membrane;Reference proteome;Signal;Transmembrane;Transmembrane helix
Q9HUE7	PA5022	GO:0005886; GO:0008381; GO:0009992	Cell membrane;Coiled coil;Membrane;Reference proteome;Signal;Transmembrane;Transmembrane helix
Q9HUF2	PA5017	GO:0043200; GO:0071111	c-di-GMP;Reference proteome
Q9HUR6	PA4897	GO:0009279; GO:0019867; GO:0033214	Cell outer membrane;Ion transport;Iron;Iron transport;Membrane;Reference proteome;Signal;TonB box;Transmembrane;Transmembrane beta strand;Transport
Q9HUT3	PA4880	GO:0004322; GO:0005506; GO:0005829; GO:0006826; GO:0006879; GO:0008199; GO:0020037	3D-structure;Iron;Iron storage;Metal-binding;Reference proteome
Q9HUX7	PA4833	GO:0005886; GO:0046872; GO:0140911	Cell membrane;Membrane;Metal-binding;Reference proteome;Transmembrane;Transmembrane helix;Zinc
Q9HV18	cmoM PA4790	GO:0006400; GO:0008168; GO:0032259; GO:0097697	Methyltransferase;Reference proteome;S-adenosyl-L-methionine;Transferase;tRNA processing
Q9HV38	lldP PA4770	GO:0005886; GO:0015129; GO:0015295	Cell inner membrane;Cell membrane;Membrane;Reference proteome;Transmembrane;Transmembrane helix;Transport
Q9HVB8	PA4677	GO:0006508; GO:0016805; GO:0070004	Dipeptidase;Hydrolase;Protease;Reference proteome
Q9HVG2	PA4629	GO:0016020; GO:0046873	Membrane;Reference proteome;Transmembrane;Transmembrane helix
Q9HVS7	roxS PA4494	GO:0000155; GO:0000160; GO:0005886	Coiled coil;Kinase;Membrane;Phosphoprotein;Reference proteome;Transferase;Transmembrane;Transmembrane helix
Q9HVT6	rlpA PA4485	GO:0000270; GO:0008932; GO:0071555	3D-structure;Cell wall biogenesis/degradation;Lyase;Reference proteome;Signal
Q9HVV5	PA4463	GO:0022627; GO:0043024; GO:0045900	Reference proteome;Translation regulation
Q9HVV8	lptC PA4459	GO:0001530; GO:0005886; GO:0015221; GO:0015920; GO:0017089; GO:0030288; GO:0042626; GO:0043165	Cell inner membrane;Cell membrane;Membrane;Reference proteome;Transmembrane;Transmembrane helix
Q9HVX7	zapE PA4438	GO:0005524; GO:0005737; GO:0016887; GO:0032153; GO:0051301	ATP-binding;Cell cycle;Cell division;Cytoplasm;Hydrolase;Nucleotide-binding;Reference proteome
Q9HW08	PA4398	GO:0000155; GO:0005524; GO:0006355; GO:0007165; GO:0016020	ATP-binding;Coiled coil;Kinase;Membrane;Nucleotide-binding;Phosphoprotein;Reference proteome;Transferase;Transmembrane;Transmembrane helix;Two-component regulatory system
Q9HW43	PA4358	GO:0003924; GO:0005525; GO:0005886; GO:0015093; GO:0046872; GO:0098711	Cell inner membrane;Cell membrane;GTP-binding;Ion transport;Iron;Iron transport;Magnesium;Membrane;Metal-binding;Nucleotide-binding;Reference proteome;Transmembrane;Transmembrane helix;Transport
Q9HW47	PA4354	GO:0003677; GO:0003700; GO:0006351; GO:0006355; GO:0045892; GO:1900231	DNA-binding;Reference proteome;Transcription;Transcription regulation
Q9HWB5	recC PA4285	GO:0000724; GO:0003677; GO:0003678; GO:0005524; GO:0006310; GO:0008854; GO:0009338	ATP-binding;DNA damage;DNA repair;DNA-binding;Exonuclease;Helicase;Hydrolase;Nuclease;Nucleotide-binding;Reference proteome
Q9HWB9	sbcD PA4281	GO:0003677; GO:0004519; GO:0004529; GO:0006260; GO:0006281; GO:0006310; GO:0008408	DNA recombination;DNA replication;Endonuclease;Exonuclease;Hydrolase;Nuclease;Reference proteome
Q9HWI4	bfiS PA4197	GO:0000155; GO:0007165; GO:1900233	Phosphoprotein;Reference proteome
Q9HWL3	fpvB PA4168	GO:0009279; GO:0015344; GO:0015891; GO:0033214; GO:0038023	Cell outer membrane;Ion transport;Iron;Iron transport;Membrane;Receptor;Reference proteome;Signal;TonB box;Transmembrane;Transmembrane beta strand;Transport
Q9HWM3	fepC PA4158	GO:0005524; GO:0005886; GO:0015620; GO:0015685; GO:0016887; GO:0071281	ATP-binding;Cell membrane;Ion transport;Iron;Iron transport;Membrane;Nucleotide-binding;Reference proteome;Transport
Q9HWS1	PA4107	GO:0005509; GO:0006874; GO:0071277	Reference proteome
Q9HWS6	bfmS PA4102	GO:0000155; GO:0005524; GO:0005886	ATP-binding;Cell inner membrane;Cell membrane;Kinase;Membrane;Nucleotide-binding;Phosphoprotein;Reference proteome;Transferase;Transmembrane;Transmembrane helix;Two-component regulatory system
Q9HX42	ladS PA3974	GO:0000155	Coiled coil;Membrane;Phosphoprotein;Reference proteome;Signal;Transmembrane;Transmembrane helix;Two-component regulatory system
Q9HX74	tesB PA3942	GO:0005829; GO:0006637; GO:0009062; GO:0047617	Hydrolase;Lipid metabolism;Reference proteome
Q9HX83	PA3933	GO:0005275; GO:0005886; GO:0022857; GO:0033265; GO:0042426; GO:0071475	Cell membrane;Membrane;Reference proteome;Transmembrane;Transmembrane helix;Transport
Q9HX98	moaB1 PA3915	GO:0005525; GO:0005829; GO:0006777	GTP-binding;Molybdenum cofactor biosynthesis;Nucleotide-binding;Reference proteome
Q9HX99	moeA1 PA3914	GO:0005737; GO:0005829; GO:0006777; GO:0046872; GO:0061599	Magnesium;Metal-binding;Molybdenum;Molybdenum cofactor biosynthesis;Reference proteome;Transferase
Q9HXC3	PA3890	GO:0015226; GO:0015838; GO:0031460; GO:0043190; GO:0071475; GO:1902495	Membrane;Reference proteome;Transmembrane;Transmembrane helix;Transport
Q9HXD4	narK2 PA3876	GO:0005886; GO:0015112; GO:0015113; GO:0015291; GO:0015706; GO:0042128	Cell inner membrane;Cell membrane;Membrane;Nitrate assimilation;Reference proteome;Transmembrane;Transmembrane helix;Transport
Q9HXF3	PA3853	GO:0008811; GO:0009245; GO:0016020; GO:0016407; GO:0046677	Acyltransferase;Antibiotic resistance;Lipid A biosynthesis;Lipid biosynthesis;Lipid metabolism;Reference proteome;Repeat;Transferase
Q9HXH4	PA3828	GO:0015920; GO:0042626; GO:0043190	3D-structure;Cell inner membrane;Cell membrane;Membrane;Reference proteome;Transmembrane;Transmembrane helix;Transport
Q9HXH7	PA3825	GO:0000166; GO:0005886; GO:0046872; GO:0071111; GO:1900190	3D-structure;c-di-GMP;Calcium;Cell membrane;Hydrolase;Membrane;Metal-binding;Nucleotide-binding;Reference proteome;Transmembrane;Transmembrane helix
Q9HXL4	PA3781	GO:0005886; GO:0022857	Cell inner membrane;Cell membrane;Membrane;Reference proteome;Transmembrane;Transmembrane helix;Transport
Q9HXR5	PA3727	GO:0004630; GO:0016042; GO:0016891	Hydrolase;Lipid degradation;Lipid metabolism;Reference proteome
Q9HXS0	nalC PA3721	GO:0000976; GO:0003700; GO:0006355; GO:0032410; GO:0034763; GO:0045892	3D-structure;DNA-binding;Reference proteome
Q9HXT7	wspE PA3704	GO:0000155; GO:0000160; GO:0006935; GO:0050920	Kinase;Phosphoprotein;Reference proteome;Transferase;Two-component regulatory system
Q9HY37	PA3589	GO:0003988; GO:0005737; GO:0006635; GO:0010124; GO:0033812	3D-structure;Acyltransferase;Reference proteome;Transferase
Q9HY39	metR PA3587	GO:0000976; GO:0003700; GO:0005737; GO:0006351; GO:0006355; GO:0009086	Activator;Amino-acid biosynthesis;Cytoplasm;DNA-binding;Methionine biosynthesis;Reference proteome;Repressor;Transcription;Transcription regulation
Q9HY56	fruK PA3561	GO:0005524; GO:0005829; GO:0008443; GO:0008662; GO:0016052; GO:0044281	ATP-binding;Kinase;Nucleotide-binding;Reference proteome;Transferase
Q9HY77	PA3533	GO:0005737; GO:0015036; GO:0046872; GO:0051537; GO:0071236	2Fe-2S;Cytoplasm;Iron;Iron-sulfur;Metal-binding;Redox-active center;Reference proteome
Q9HYF7	PA3449	GO:0016020; GO:0042597; GO:0042626	Reference proteome;Signal;Transport
Q9HYQ0	PA3345	GO:0000160; GO:0005737; GO:0009927; GO:0043424; GO:0050921; GO:1900191; GO:2000145	3D-structure;Phosphoprotein;Reference proteome;Two-component regulatory system
Q9HYR6	PA3329	GO:0016746	3D-structure;Acyltransferase;Reference proteome;Transferase
Q9HYT4	PA3310	GO:0005886; GO:0009244; GO:0016776	Cell inner membrane;Cell membrane;Membrane;Reference proteome;Transferase;Transmembrane;Transmembrane helix
Q9HYU6	PA3297	GO:0003723; GO:0003724; GO:0004386; GO:0005524; GO:0006364; GO:0016787; GO:0046677	ATP-binding;Helicase;Hydrolase;Nucleotide-binding;Reference proteome
Q9HYX8	PA3262	GO:0003755; GO:0006457	3D-structure;Isomerase;Reference proteome;Rotamase
Q9HYZ6	minD PA3244	GO:0000917; GO:0005524; GO:0005829; GO:0009898; GO:0016887; GO:0046872	3D-structure;ATP-binding;Cell cycle;Cell division;Metal-binding;Nucleotide-binding;Reference proteome;Septation
Q9HZ06	PA3234	GO:0005886; GO:0006814; GO:0006847; GO:0015123; GO:0015293	Cell inner membrane;Cell membrane;Ion transport;Membrane;Reference proteome;Signal;Sodium;Sodium transport;Symport;Transmembrane;Transmembrane helix;Transport
Q9HZ23	cyaB PA3217	GO:0004016; GO:0006171; GO:0035556	3D-structure;Membrane;Reference proteome;Transmembrane;Transmembrane helix
Q9HZ30	trkH PA3210	GO:0005886; GO:0015079; GO:0015379; GO:0046872; GO:0071805	Cell inner membrane;Cell membrane;Ion transport;Membrane;Metal-binding;Potassium;Potassium transport;Reference proteome;Transmembrane;Transmembrane helix;Transport
Q9HZ34	PA3206	GO:0000155; GO:0016020; GO:0046677	Kinase;Membrane;Phosphoprotein;Reference proteome;Transferase;Transmembrane;Transmembrane helix;Two-component regulatory system
Q9HZ48	PA3190	GO:0016020; GO:0022857; GO:0042597	Reference proteome;Signal;Sugar transport;Transport
Q9HZ52	PA3185	GO:0005975; GO:0030246; GO:0047938	Isomerase;Reference proteome
Q9HZ58	gltS PA3176	GO:0005886; GO:0015501; GO:0015813	Amino-acid transport;Cell inner membrane;Cell membrane;Ion transport;Membrane;Reference proteome;Sodium;Sodium transport;Symport;Transmembrane;Transmembrane helix;Transport
Q9HZC5	pepN PA3083	GO:0006508; GO:0008237; GO:0008270; GO:0016285	Aminopeptidase;Hydrolase;Metal-binding;Metalloprotease;Protease;Reference proteome;Zinc
Q9HZI0	PA3026	GO:0008609; GO:0008610; GO:0071949	FAD;Flavoprotein;Reference proteome
Q9HZJ9	psrA PA3006	GO:0000976; GO:0003700; GO:0006355; GO:0045892; GO:0045893; GO:0050714	3D-structure;DNA-binding;Reference proteome
Q9HZK4	PA3001	GO:0006006; GO:0016620; GO:0050661; GO:0051287	Oxidoreductase;Reference proteome
Q9HZM6	ptpA PA2978	GO:0004725	Hydrolase;Protein phosphatase;Reference proteome
Q9HZN6	pabC PA2964	GO:0005829; GO:0008153; GO:0008696; GO:0030170; GO:0046656	3D-structure;Folate biosynthesis;Lyase;Pyridoxal phosphate;Reference proteome
Q9HZQ4	PA2943	GO:0003849; GO:0005737; GO:0008652; GO:0009073; GO:0009423; GO:0042802	Amino-acid biosynthesis;Aromatic amino acid biosynthesis;Cytoplasm;Reference proteome;Transferase
Q9HZR3	cif PA2934	GO:0004301; GO:0016787; GO:2001226	Reference proteome;Signal
Q9HZV4	atuH PA2893	GO:0001676; GO:0004467; GO:0005324; GO:0005524; GO:0005886; GO:0044539	ATP-binding;Cell membrane;Ligase;Lipid transport;Membrane;Nucleotide-binding;Peroxisome;Reference proteome;Transmembrane;Transmembrane helix;Transport
Q9I002	PA2841	GO:0006635; GO:0008203; GO:0016829	Cholesterol metabolism;Lipid metabolism;Lyase;Reference proteome;Steroid metabolism;Sterol metabolism
Q9I019	PA2824	GO:0000155; GO:0005524; GO:0016020	ATP-binding;Coiled coil;Kinase;Membrane;Nucleotide-binding;Phosphoprotein;Reference proteome;Transferase;Transmembrane;Transmembrane helix;Two-component regulatory system
Q9I033	copS PA2810	GO:0000155; GO:0000160; GO:0005524; GO:0005886	ATP-binding;Cell inner membrane;Cell membrane;Kinase;Membrane;Nucleotide-binding;Phosphoprotein;Reference proteome;Transferase;Transmembrane;Transmembrane helix;Two-component regulatory system
Q9I066	PA2777	GO:0005886; GO:0015499; GO:0015724	Membrane;Reference proteome;Transmembrane;Transmembrane helix
Q9I0A7	PA2735	GO:0003677; GO:0008170; GO:0009007; GO:0009307; GO:0032259	Methyltransferase;Reference proteome;Restriction system;S-adenosyl-L-methionine;Transferase
Q9I0L3	nudJ PA2625	GO:0004787; GO:0016462; GO:0017110; GO:0017111	Hydrolase;Magnesium;Reference proteome
Q9I0N8	PA2599	GO:0016020; GO:0042597; GO:0042626	Reference proteome;Signal;Transport
Q9I0S6	PA2558	GO:0005886	Cell inner membrane;Cell membrane;Membrane;Reference proteome;Transmembrane;Transmembrane helix
Q9I0T5	PA2549	GO:0005886; GO:0071467	Membrane;Reference proteome;Transmembrane;Transmembrane helix
Q9I0V9	PA2524	GO:0000155; GO:0005524; GO:0005886; GO:0046872	3D-structure;ATP-binding;Cell inner membrane;Cell membrane;Kinase;Membrane;Metal-binding;Nucleotide-binding;Phosphoprotein;Reference proteome;Transferase;Transmembrane;Transmembrane helix;Two-component regulatory system;Zinc
Q9I102	PA2480	GO:0000155; GO:0000160; GO:0005524; GO:0005886	ATP-binding;Kinase;Membrane;Nucleotide-binding;Phosphoprotein;Reference proteome;Transferase;Transmembrane;Transmembrane helix;Two-component regulatory system
Q9I181	pvdJ PA2400	GO:0002049; GO:0003824; GO:0005737; GO:0005829; GO:0009239; GO:0009366; GO:0031177; GO:0043041; GO:0047527	Phosphopantetheine;Phosphoprotein;Reference proteome
Q9I184	pvdF PA2396	GO:0002049; GO:0004644; GO:0005737; GO:0005829; GO:0006189; GO:0033608	3D-structure;Purine biosynthesis;Reference proteome;Transferase
Q9I1F3	PA2325	GO:0003995; GO:0005737; GO:0016712; GO:0033539; GO:0050660	Oxidoreductase;Reference proteome
Q9I1H5	chiC PA2300	GO:0005576; GO:0005975; GO:0008843; GO:0030246	Glycosidase;Hydrolase;Reference proteome
Q9I1M5	pslN PA2244	GO:0003677; GO:0003917; GO:0006265	DNA-binding;Isomerase;Reference proteome;Topoisomerase
Q9I1N8	pslA PA2231	GO:0016020; GO:0016780; GO:0044010	Membrane;Reference proteome;Transferase;Transmembrane;Transmembrane helix
Q9I1W3	PA2152	GO:0005975; GO:0046872; GO:0047471	Calcium;Isomerase;Metal-binding;Reference proteome
Q9I237	PA2078	GO:0004130; GO:0009055; GO:0020037; GO:0031408; GO:0046872	Heme;Iron;Metal-binding;Reference proteome;Signal
Q9I282	PA2033	GO:0010106; GO:0015891; GO:0033212; GO:0052851; GO:0071949	Reference proteome
Q9I2A2	fahA PA2008	GO:0004334; GO:0006559; GO:0006572; GO:0046872; GO:1902000	Calcium;Hydrolase;Magnesium;Metal-binding;Phenylalanine catabolism;Reference proteome;Tyrosine catabolism
Q9I2A9	dhcB PA2000	GO:0042413; GO:0042952; GO:0047569	Reference proteome;Transferase
Q9I2C7	eraR PA1980	GO:0000160; GO:0000976; GO:0003700; GO:0006355; GO:0045893	DNA-binding;Phosphoprotein;Reference proteome
Q9I2C9	ercS' PA1976	GO:0000155; GO:0000160; GO:0005886; GO:0009927; GO:1900065	Coiled coil;Kinase;Phosphoprotein;Reference proteome;Transferase
Q9I2D3	PA1972	GO:0005886; GO:0009244; GO:0016776	Cell inner membrane;Cell membrane;Membrane;Reference proteome;Transferase;Transmembrane;Transmembrane helix
Q9I2E4	PA1960	GO:0003730; GO:0005737; GO:0043488	Membrane;Reference proteome;Transmembrane;Transmembrane helix
Q9I2J2	femI PA1912	GO:0003677; GO:0006352; GO:0006355; GO:0015344; GO:0015891; GO:0016987	Reference proteome;Sigma factor;Transcription;Transcription regulation
Q9I2L5	PA1882	GO:0005886; GO:0022857; GO:0055085; GO:1990961	Cell membrane;Membrane;Reference proteome;Transmembrane;Transmembrane helix;Transport
Q9I2T4	PA1810	GO:0006857; GO:0015031; GO:0015833; GO:0030288; GO:0042884; GO:0043190; GO:1904680	Peptide transport;Periplasm;Protein transport;Reference proteome;Signal;Transport
Q9I2U4	parS PA1798	GO:0000155; GO:0005524; GO:0005886	3D-structure;ATP-binding;Cell membrane;Kinase;Membrane;Nucleotide-binding;Phosphoprotein;Reference proteome;Transferase;Transmembrane;Transmembrane helix
Q9I2V9	nasA PA1783	GO:0005886; GO:0015112; GO:0015113; GO:0015706; GO:0042128	Cell membrane;Membrane;Nitrate assimilation;Reference proteome;Transmembrane;Transmembrane helix;Transport
Q9I2W2	nirD PA1780	GO:0006783; GO:0008942; GO:0042128; GO:0046872; GO:0051537	2Fe-2S;Aromatic hydrocarbons catabolism;Electron transport;Iron;Iron-sulfur;Metal-binding;Nitrate assimilation;Oxidoreductase;Reference proteome;Transport
Q9I324	popB PA1708	GO:0033644; GO:0051087	Coiled coil;Host membrane;Membrane;Reference proteome;Transmembrane;Transmembrane helix;Virulence
Q9I327	pcrD PA1703	GO:0005886; GO:0009306; GO:0050709	Cell inner membrane;Cell membrane;Membrane;Reference proteome;Transmembrane;Transmembrane helix;Transport
Q9I338	PA1689	GO:0005886; GO:0016020; GO:0016740; GO:0046872	Cell membrane;Manganese;Membrane;Metal-binding;Reference proteome;Transmembrane;Transmembrane helix
Q9I339	alkA PA1686	GO:0005737; GO:0006285; GO:0006307; GO:0008725; GO:0032131; GO:0043916	DNA damage;DNA repair;Glycosidase;Hydrolase;Reference proteome
Q9I362	PA1663	GO:0000160; GO:0000987; GO:0001216; GO:0005524; GO:0005737; GO:0006351; GO:0032993; GO:0033103; GO:0045893	Activator;ATP-binding;Cytoplasm;DNA-binding;Nucleotide-binding;Phosphoprotein;Reference proteome;Repressor;Transcription;Transcription regulation;Two-component regulatory system
Q9I363	PA1662	GO:0005524; GO:0005737; GO:0006508; GO:0008233; GO:0016887; GO:0033103; GO:0034605	ATP-binding;Chaperone;Hydrolase;Nucleotide-binding;Protease;Reference proteome;Repeat
Q9I3A9	PA1613	GO:0009279; GO:0015344; GO:0044718	Cell outer membrane;Membrane;Reference proteome;Signal;TonB box;Transmembrane;Transmembrane beta strand;Transport
Q9I3C1	PA1600	GO:0005506; GO:0005886; GO:0009055; GO:0016614; GO:0020037	Cell membrane;Heme;Iron;Membrane;Metal-binding;Reference proteome;Repeat;Signal
Q9I3D3	sucA PA1585	GO:0004591; GO:0005829; GO:0006096; GO:0006099; GO:0030976; GO:0045252	Glycolysis;Oxidoreductase;Reference proteome;Thiamine pyrophosphate
Q9I3J2	PA1521	GO:0005829; GO:0006147; GO:0008270; GO:0008892; GO:0046098	Hydrolase;Metal-binding;Reference proteome;Zinc
Q9I3K2	PA1510	GO:0006914; GO:0030968; GO:0044167; GO:0046872	3D-structure;Calcium;Metal-binding;Reference proteome
Q9I3L0	gcl PA1502	GO:0000287; GO:0005948; GO:0009028; GO:0009097; GO:0009099; GO:0009436; GO:0030976; GO:0050660	Reference proteome;Thiamine pyrophosphate
Q9I3P3	PA1469	GO:0005507; GO:0017061	Metal-binding;Reference proteome;Transferase;Zinc
Q9I3Q3	fliR PA1448	GO:0005886; GO:0006605; GO:0009425; GO:0044780	Bacterial flagellum;Cell membrane;Cell projection;Cilium;Flagellum;Membrane;Reference proteome;Transmembrane;Transmembrane helix
Q9I3S2	gbuR PA1422	GO:0000976; GO:0003700; GO:0006351; GO:0006355; GO:0051345; GO:1900081	DNA-binding;Reference proteome;Transcription;Transcription regulation
Q9I3W0	galE PA1384	GO:0003978; GO:0005829; GO:0005996; GO:0006012	Carbohydrate metabolism;Isomerase;NAD;Reference proteome
Q9I417	PA1327	GO:0003676; GO:0004519; GO:0006508; GO:0008236; GO:0046872	Hydrolase;Metal-binding;Protease;Reference proteome;Serine protease;Signal
Q9I418	ilvA2 ilvA PA1326	GO:0004794; GO:0009097; GO:0030170	Amino-acid biosynthesis;Branched-chain amino acid biosynthesis;Isoleucine biosynthesis;Lyase;Pyridoxal phosphate;Reference proteome;Repeat
Q9I444	PA1300	GO:0003677; GO:0005829; GO:0006352; GO:0006355; GO:0016987; GO:0034756	Reference proteome;Sigma factor;Transcription;Transcription regulation
Q9I477	PA1267	GO:0005737; GO:0016491; GO:0019470	Oxidoreductase;Reference proteome
Q9I486	PA1258	GO:0005886; GO:0015184; GO:0015811; GO:0034589; GO:0043190	Amino-acid transport;Cell membrane;Membrane;Reference proteome;Transmembrane;Transmembrane helix;Transport
Q9I487	PA1257	GO:0005886; GO:0015184; GO:0015811; GO:0034589; GO:0043190	Amino-acid transport;Cell membrane;Membrane;Reference proteome;Transmembrane;Transmembrane helix;Transport
Q9I4C1	PA1217	GO:0003852; GO:0005829; GO:0009098	Amino-acid biosynthesis;Branched-chain amino acid biosynthesis;Manganese;Reference proteome;Transferase
Q9I4D1	kefB PA1207	GO:0005886; GO:0006813; GO:0008324; GO:0015297; GO:1902600	Antiport;Cell inner membrane;Cell membrane;Ion transport;Membrane;Potassium;Potassium transport;Reference proteome;Transmembrane;Transmembrane helix;Transport
Q9I4J2	PA1143	GO:0004401; GO:0046872	Hydrolase;Magnesium;Metal-binding;Reference proteome
Q9I4M5	PA1110	GO:0001522; GO:0003723; GO:0006396; GO:0160138	Reference proteome;RNA-binding
Q9I4N2	PA1103	GO:0005829; GO:0015031; GO:0044781	Bacterial flagellum biogenesis;Bacterial flagellum protein export;Cell projection;Cilium;Flagellum;Protein transport;Reference proteome;Transport
Q9I4P7	flgG PA1082	GO:0009288; GO:0009426; GO:0071978	Bacterial flagellum;Cell projection;Cilium;Flagellum;Reference proteome
Q9I4Q0	flgD PA1079	GO:0044781	3D-structure;Bacterial flagellum biogenesis;Cell projection;Cilium;Flagellum;Reference proteome
Q9I4U7	PA1027	GO:0004029	NAD;Oxidoreductase;Reference proteome
Q9I524	relA PA0934	GO:0008728; GO:0008893; GO:0015949; GO:0015968; GO:0015969; GO:0042594	Reference proteome
Q9I580	PA0861	GO:0005525; GO:0005886; GO:0006355; GO:0046872; GO:0071111; GO:1900190	3D-structure;GTP-binding;Membrane;Metal-binding;Nucleotide-binding;Reference proteome;Transmembrane;Transmembrane helix
Q9I593	PA0848	GO:0005829; GO:0006979; GO:0008379; GO:0042744; GO:0045454	Disulfide bond;Oxidoreductase;Peroxidase;Redox-active center;Reference proteome
Q9I5L3	PA0715	GO:0003723; GO:0003964; GO:0046872; GO:0051607	Antiviral defense;Magnesium;Metal-binding;Nucleotidyltransferase;Reference proteome;RNA-directed DNA polymerase;Transferase
Q9I5M1	migA PA0705	GO:0009244; GO:0015920; GO:0016757; GO:0044010	Reference proteome
Q9I5N2	exbD2 PA0694	GO:0005886; GO:0015031; GO:0022857	Cell inner membrane;Cell membrane;Membrane;Protein transport;Reference proteome;Transmembrane;Transmembrane helix;Transport
Q9I5N4	PA0692	GO:0008320; GO:0046819; GO:0098046	Cell outer membrane;Membrane;Reference proteome;Signal;Transmembrane;Transmembrane beta strand
Q9I5P4	PA0681	GO:0005886; GO:0015627; GO:0015628	Cell inner membrane;Cell membrane;Membrane;Methylation;Protein transport;Reference proteome;Transmembrane;Transmembrane helix;Transport
Q9I5P5	PA0680	GO:0005886; GO:0015627; GO:0015628	Cell inner membrane;Cell membrane;Membrane;Methylation;Reference proteome;Transmembrane;Transmembrane helix
Q9I611	PA0507	GO:0016627; GO:0050660	FAD;Flavoprotein;Oxidoreductase;Reference proteome
Q9I612	PA0506	GO:0016627; GO:0050660	3D-structure;FAD;Flavoprotein;Nucleotide-binding;Oxidoreductase;Reference proteome
Q9I631	PA0487	GO:0000987; GO:0003700; GO:0006355; GO:0015689; GO:0030151	Coiled coil;Molybdenum;Reference proteome;Repeat;Transport
Q9I659	PA0459	GO:0005524; GO:0005737; GO:0006508; GO:0008233; GO:0016887; GO:0034605	ATP-binding;Chaperone;Coiled coil;Hydrolase;Nucleotide-binding;Protease;Reference proteome;Repeat
Q9I671	gcdH PA0447	GO:0000062; GO:0004361; GO:0033539; GO:0046949; GO:0050660	FAD;Flavoprotein;Oxidoreductase;Reference proteome;Transit peptide
Q9I678	PA0439	GO:0004159; GO:0005737; GO:0046872; GO:0051536	Iron;Iron-sulfur;Metal-binding;Oxidoreductase;Reference proteome
Q9I679	codB PA0438	GO:0005886; GO:0015209; GO:0019858	Cell inner membrane;Cell membrane;Cytosine metabolism;Membrane;Reference proteome;Transmembrane;Transmembrane helix;Transport
Q9I694	PA0419	GO:0005737; GO:0070042; GO:0070475	Cytoplasm;Methyltransferase;Reference proteome;rRNA processing;S-adenosyl-L-methionine;Transferase
Q9I6B9	ftsX PA0375	GO:0005886; GO:0016020; GO:0032153; GO:0051301	3D-structure;Cell cycle;Cell division;Cell inner membrane;Cell membrane;Membrane;Reference proteome;Transmembrane;Transmembrane helix
Q9I6C0	ftsE PA0374	GO:0005524; GO:0005886; GO:0016887; GO:0022857; GO:0046872; GO:0051301; GO:0055085	3D-structure;ATP-binding;Cell cycle;Cell division;Cell membrane;Membrane;Metal-binding;Nucleotide-binding;Reference proteome
Q9I6G5	potA PA0326	GO:0005524; GO:0005886; GO:0015594; GO:0016887; GO:0043190; GO:0140359	ATP-binding;Cell membrane;Membrane;Nucleotide-binding;Reference proteome;Translocase;Transport
Q9I6J3	spuB PA0298	GO:0004356; GO:0005524; GO:0006542; GO:0006598; GO:0046203	ATP-binding;Ligase;Magnesium;Nucleotide-binding;Reference proteome
Q9I6L3	PA0277	GO:0004222; GO:0016020; GO:0046872; GO:0051603	Hydrolase;Metal-binding;Metalloprotease;Protease;Reference proteome;Signal;Zinc
Q9I6U4	PA0190	GO:0003993; GO:0030288	Hydrolase;Reference proteome;Signal
Q9I714	PA0118	GO:0004364; GO:0004602; GO:0006749; GO:0018845; GO:1901170	Isomerase;Reference proteome
Q9I720	PA0112	GO:0006784; GO:0016020; GO:0016491; GO:0046872	Cell membrane;Disulfide bond;Heme biosynthesis;Iron;Membrane;Metal-binding;Oxidoreductase;Reference proteome;Transmembrane;Transmembrane helix
Q9I724	coIII PA0108	GO:0004129; GO:0005886; GO:0009060; GO:0019646; GO:0045277	Cell membrane;Membrane;Reference proteome;Translocase;Transmembrane;Transmembrane helix
Q9I758	ppkA PA0074	GO:0004674; GO:0005524; GO:0050714	ATP-binding;Kinase;Nucleotide-binding;Reference proteome;Serine/threonine-protein kinase;Transferase
Q9I765	prlC PA0067	GO:0004222; GO:0005829; GO:0006465; GO:0046872	Hydrolase;Metal-binding;Metalloprotease;Protease;Reference proteome;Zinc
Q9I781	phzH PA0051	GO:0004066; GO:0005524; GO:0070981	Amino-acid biosynthesis;Asparagine biosynthesis;ATP-binding;Glutamine amidotransferase;Nucleotide-binding;Reference proteome
G3XCV4	phzG1 PA4216	GO:0002047; GO:0004733; GO:0008615; GO:0010181; GO:0042823	Flavoprotein;FMN;Oxidoreductase;Reference proteome
G3XCW6	dnr PA0527	GO:0000976; GO:0001216; GO:0003700; GO:0005829; GO:0006351; GO:0032993; GO:0045893; GO:0051353; GO:0071731	DNA-binding;Reference proteome;Transcription;Transcription regulation
G3XD05	cioB PA3929	GO:0005886; GO:0009055; GO:0016682; GO:0019646; GO:0070069	Cell membrane;Membrane;Reference proteome;Transmembrane;Transmembrane helix
G3XD35	waaF PA5012	GO:0005829; GO:0008713; GO:0009244; GO:0071968	Glycosyltransferase;Reference proteome;Transferase
G3XD63	chpB PA0414	GO:0000156; GO:0005737; GO:0006935; GO:0007165; GO:0008984; GO:0050568	Chemotaxis;Hydrolase;Reference proteome
G3XD66	narX PA3878	GO:0000155; GO:0005524; GO:0005886; GO:0007165; GO:0046983	ATP-binding;Cell inner membrane;Cell membrane;Coiled coil;Kinase;Membrane;Nucleotide-binding;Phosphoprotein;Reference proteome;Transferase;Transmembrane;Transmembrane helix;Two-component regulatory system
G3XD73	motC PA1460	GO:0005886; GO:0006935; GO:0015031; GO:0071973; GO:0071978	Cell membrane;Flagellar rotation;Membrane;Protein transport;Reference proteome;Transmembrane;Transmembrane helix;Transport
Q14T73	pntAB PA0195.1	GO:0005886; GO:0008750	Cell inner membrane;Cell membrane;Membrane;NAD;NADP;Reference proteome;Translocase;Transmembrane;Transmembrane helix
Q820A5	phzG2 PA1905	GO:0002047; GO:0004733; GO:0008615; GO:0010181; GO:0042823	Flavoprotein;FMN;Oxidoreductase;Reference proteome
Q9HT33	pyrQ PA5541	GO:0004038; GO:0004151; GO:0005737; GO:0006145; GO:0006221; GO:0046872	Hydrolase;Metal-binding;Pyrimidine biosynthesis;Reference proteome
Q9HT36	amiA PA5538	GO:0008745; GO:0009253; GO:0030288; GO:0043093; GO:0071555	Cell wall biogenesis/degradation;Hydrolase;Periplasm;Reference proteome;Signal
Q9HT38	dksA PA5536	GO:0005737; GO:0006355; GO:0008270; GO:0070063	Cytoplasm;Metal-binding;Reference proteome;Zinc;Zinc-finger
Q9HT87	PA5484	GO:0000155; GO:0005524; GO:0005886; GO:0016791	3D-structure;ATP-binding;Cell membrane;Kinase;Membrane;Nucleotide-binding;Phosphoprotein;Reference proteome;Transferase;Transmembrane;Transmembrane helix
Q9HTE2	PA5422	GO:0005975; GO:0006798; GO:0008976; GO:0030246; GO:0047938	Isomerase;Reference proteome
Q9HTK5	glcF PA5353	GO:0005886; GO:0019154; GO:0046296; GO:0046872; GO:0051539	4Fe-4S;Electron transport;Iron;Iron-sulfur;Metal-binding;Reference proteome;Repeat;Transport
Q9HTP6	lrp PA5308	GO:0005829; GO:0006351; GO:0006355; GO:0006524; GO:0043201; GO:0043565	Activator;DNA-binding;Reference proteome;Transcription;Transcription regulation
Q9HU09	fdhD PA5180	GO:0005737; GO:0006777; GO:0016783; GO:0097163	Cytoplasm;Molybdenum cofactor biosynthesis;Reference proteome
Q9HU23	rmlD PA5162	GO:0000271; GO:0005829; GO:0008831; GO:0009243; GO:0009244; GO:0019305	NADP;Oxidoreductase;Reference proteome
Q9HUB9	ubiJ PA5064	GO:0005737; GO:0006744	Cytoplasm;Reference proteome;Ubiquinone biosynthesis
Q9HUD2	PA5047	GO:0004222; GO:0008237; GO:0016020; GO:0046872; GO:0051603	Hydrolase;Metal-binding;Metalloprotease;Protease;Reference proteome;Signal;Zinc
Q9HUN9	PA4925	GO:0005886; GO:0008381	Cell inner membrane;Cell membrane;Ion channel;Ion transport;Membrane;Reference proteome;Transmembrane;Transmembrane helix;Transport
Q9HUP6	PA4917	GO:0004515; GO:0005524; GO:0009435	ATP-binding;NAD;Nucleotide-binding;Nucleotidyltransferase;Pyridine nucleotide biosynthesis;Reference proteome;Transferase
Q9HUS3	desT PA4890	GO:0000976; GO:0001217; GO:0006351; GO:0032993; GO:0045892; GO:0045922	3D-structure;DNA-binding;Reference proteome;Transcription;Transcription regulation
Q9HUZ8	fdnH PA4811	GO:0005886; GO:0009061; GO:0009326; GO:0015944; GO:0036397; GO:0046872; GO:0051539	4Fe-4S;Cell membrane;Electron transport;Iron;Iron-sulfur;Membrane;Metal-binding;Reference proteome;Repeat;Transmembrane;Transport
Q9HVF7	PA4634	GO:0003697; GO:0005657; GO:0006508; GO:0008233; GO:0036297; GO:0071281; GO:0097681; GO:0106300; GO:0140431; GO:0160129	Covalent protein-DNA linkage;DNA damage;DNA-binding;Hydrolase;Lyase;Protease;Reference proteome
Q9HVN0	fimT PA4549	GO:0005886; GO:0015627; GO:0015628; GO:0016888; GO:0043683	Cell inner membrane;Cell membrane;Membrane;Methylation;Reference proteome;Transmembrane;Transmembrane helix
Q9HVU1	mreC PA4480	GO:0005886; GO:0008360; GO:0046872	3D-structure;Cell shape;Metal-binding;Reference proteome
Q9HVY6	PA4429	GO:0009055; GO:0016020; GO:0020037; GO:0046872	3D-structure;Heme;Iron;Membrane;Metal-binding;Reference proteome;Signal;Transmembrane;Transmembrane helix
Q9HW22	PA4380	GO:0000155; GO:0000160; GO:0005886	Kinase;Membrane;Phosphoprotein;Reference proteome;Transferase;Transmembrane;Transmembrane helix;Two-component regulatory system
Q9HW87	purU1 purU PA4314	GO:0006189; GO:0006730; GO:0008864	Hydrolase;One-carbon metabolism;Purine biosynthesis;Reference proteome
Q9HWH3	opmD PA4208	GO:0009279; GO:0015562; GO:0016020; GO:0022857; GO:0055085	Cell outer membrane;Lipoprotein;Membrane;Palmitate;Reference proteome;Signal;Transmembrane;Transmembrane beta strand
Q9HWI8	PA4193	GO:0005886; GO:0006865; GO:0022857; GO:0043190	Amino-acid transport;Cell membrane;Membrane;Reference proteome;Transmembrane;Transmembrane helix;Transport
Q9HWK3	PA4178	GO:0006744; GO:0008168; GO:0008425; GO:0017000; GO:0032259	Antibiotic biosynthesis;Methyltransferase;Reference proteome;S-adenosyl-L-methionine;Transferase
Q9HWK9	PA4172	GO:0003677; GO:0004519; GO:0005829; GO:0006281; GO:0006974; GO:0008311; GO:0046872	Hydrolase;Magnesium;Manganese;Metal-binding;Reference proteome
Q9HWM7	PA4154	GO:0016020	Coiled coil;Membrane;Reference proteome;Signal;Transmembrane;Transmembrane helix
Q9HWP5	PA4136	GO:0005886; GO:0015385; GO:0042910; GO:1990961	Cell inner membrane;Cell membrane;Membrane;Reference proteome;Transmembrane;Transmembrane helix;Transport
Q9HWU3	cupB2 PA4085	GO:0006457; GO:0030288; GO:0044183; GO:0071555	3D-structure;Chaperone;Fimbrium biogenesis;Immunoglobulin domain;Periplasm;Reference proteome;Signal
Q9HWW1	oprG PA4067	GO:0016020; GO:0019867; GO:0044384; GO:0055085	3D-structure;Reference proteome;Signal
Q9HWX8	pgpA PA4050	GO:0005886; GO:0006655; GO:0008962; GO:0009395; GO:0046872	Cell inner membrane;Cell membrane;Hydrolase;Lipid degradation;Lipid metabolism;Magnesium;Membrane;Metal-binding;Phospholipid degradation;Phospholipid metabolism;Reference proteome;Transmembrane;Transmembrane helix
Q9HWY6	PA4041	GO:0016836; GO:0034194; GO:0046872; GO:0047808	Magnesium;Metal-binding;Reference proteome
Q9HWZ8	PA4029	GO:0005886; GO:0022857; GO:0043093; GO:0055085	Cell membrane;Membrane;Reference proteome;Transmembrane;Transmembrane helix
Q9HX28	PA3992	GO:0008933; GO:0009253; GO:0009254; GO:0046872	3D-structure;Calcium;Metal-binding;Reference proteome;Signal
Q9HXH5	PA3827	GO:0015920; GO:0042626; GO:0043190	3D-structure;Cell membrane;Membrane;Reference proteome;Transmembrane;Transmembrane helix
Q9HXJ3	PA3804	GO:0003677; GO:0003700; GO:0005886; GO:0006352	Membrane;Reference proteome;Transmembrane;Transmembrane helix
Q9HXN4	PA3761	GO:0005886; GO:0008982; GO:0009401; GO:0015572; GO:0015764; GO:0016301; GO:0019866; GO:0090563	Cell membrane;Kinase;Membrane;Phosphotransferase system;Reference proteome;Sugar transport;Transferase;Transmembrane;Transmembrane helix;Transport
Q9HXN9	PA3756	GO:0004175; GO:0004180; GO:0008234; GO:0008360; GO:0009252; GO:0016740; GO:0071555; GO:0071972	Cell wall biogenesis/degradation;Reference proteome;Signal
Q9HXQ3	PA3741	GO:0005737; GO:0005829; GO:0006637; GO:0009062; GO:0052816	Hydrolase;Reference proteome
Q9HXW2	PA3678	GO:0000976; GO:0001217; GO:0003700; GO:0006351; GO:0006355; GO:0032993; GO:0043565; GO:0045892	3D-structure;DNA-binding;Reference proteome;Transcription;Transcription regulation
Q9HY02	PA3628	GO:0005829; GO:0018738; GO:0046294; GO:0052689	Hydrolase;Reference proteome;Serine esterase
Q9HY55	fruI PA3562	GO:0005737; GO:0008965; GO:0009401; GO:0015764; GO:0016301; GO:0046872	Cytoplasm;Kinase;Magnesium;Metal-binding;Phosphoprotein;Phosphotransferase system;Reference proteome;Sugar transport;Transferase;Transport
Q9HY81	PA3529	GO:0005829; GO:0006979; GO:0008379; GO:0008785; GO:0042744; GO:0042802; GO:0045454	Disulfide bond;Oxidoreductase;Peroxidase;Redox-active center;Reference proteome
Q9HY87	PA3522	GO:0005886; GO:0009636; GO:0015562; GO:0042910	Cell inner membrane;Cell membrane;Membrane;Reference proteome;Transmembrane;Transmembrane helix;Transport
Q9HY88	PA3521	GO:0009279; GO:0015562; GO:0016020; GO:0022857; GO:0055085	Cell outer membrane;Lipoprotein;Membrane;Palmitate;Reference proteome;Signal;Transmembrane;Transmembrane beta strand
Q9HYC8	PA3481	GO:0005524; GO:0005829; GO:0016226; GO:0016887; GO:0046872; GO:0051539; GO:0140663	ATP-binding;Hydrolase;Iron;Iron-sulfur;Metal-binding;Nucleotide-binding;Reference proteome
Q9HYE0	PA3466	GO:0003676; GO:0003724; GO:0005524; GO:0005829; GO:0016787	ATP-binding;Helicase;Hydrolase;Nucleotide-binding;Reference proteome
Q9HYI7	ldh PA3418	GO:0000166; GO:0006520; GO:0016639	3D-structure;NAD;Nucleotide-binding;Oxidoreductase;Reference proteome
Q9HYX3	PA3268	GO:0009279; GO:0015343; GO:0015891; GO:0033214; GO:0038023	Cell outer membrane;Ion transport;Iron;Iron transport;Membrane;Receptor;Reference proteome;Signal;TonB box;Transmembrane;Transmembrane beta strand;Transport
Q9HYX5	PA3265	GO:0005886; GO:0022857; GO:0055085; GO:1990961	Cell membrane;Membrane;Reference proteome;Transmembrane;Transmembrane helix;Transport
Q9HZ32	PA3208	GO:0005829; GO:0016491	Flavoprotein;FMN;NAD;NADP;Oxidoreductase;Reference proteome
Q9HZ57	PA3177	GO:0005886; GO:0043709; GO:0052621; GO:1902201	Reference proteome
Q9HZ64	PA3170	GO:0004000; GO:0019239; GO:0046872; GO:0090614	3D-structure;Hydrolase;Metal-binding;Reference proteome;Zinc
Q9HZA9	PA3110	GO:0030428; GO:0032153; GO:0032506; GO:0042834	Membrane;Reference proteome;Transmembrane;Transmembrane helix
Q9HZD1	PA3077	GO:0000156; GO:0000976; GO:0005829; GO:0006351; GO:0006355; GO:0032993; GO:0071073	DNA-binding;Phosphoprotein;Reference proteome;Transcription;Transcription regulation;Two-component regulatory system
Q9HZG3	PA3045	GO:0000160; GO:0000976; GO:0003700; GO:0006351; GO:0006355; GO:0051051	DNA-binding;Phosphoprotein;Reference proteome;Transcription;Transcription regulation
Q9HZG4	PA3044	GO:0000155; GO:0000160; GO:0005524; GO:0005886; GO:0009927	ATP-binding;Cell inner membrane;Cell membrane;Kinase;Membrane;Nucleotide-binding;Phosphoprotein;Reference proteome;Signal;Transferase;Transmembrane;Transmembrane helix;Two-component regulatory system
Q9HZH8	moeA2 PA3028	GO:0005737; GO:0005829; GO:0006777; GO:0046872; GO:0061599	Magnesium;Metal-binding;Molybdenum;Molybdenum cofactor biosynthesis;Reference proteome;Transferase
Q9HZQ7	PA2940	GO:0003988; GO:0005737; GO:0006635; GO:0010124; GO:0033812	3D-structure;Acyltransferase;Reference proteome;Transferase
Q9HZR6	cifR PA2931	GO:0000976; GO:0001217; GO:0006351; GO:0032993; GO:0045892	3D-structure;DNA-binding;Reference proteome;Transcription;Transcription regulation
Q9HZX6	PA2870	GO:0005886; GO:0043709; GO:0052621; GO:1902201	Membrane;Reference proteome;Transmembrane;Transmembrane helix
Q9HZZ4	ohrR PA2849	GO:0000976; GO:0001217; GO:0005737; GO:0006351; GO:0006355; GO:0006950; GO:0032993; GO:0045892; GO:1900407	Cytoplasm;DNA-binding;Reference proteome;Transcription;Transcription regulation
Q9I000	PA2843	GO:0002047; GO:0003849; GO:0009073	3D-structure;Cadmium;Cobalt;Manganese;Reference proteome;Transferase
Q9I045	PA2798	GO:0000156; GO:0000976; GO:0005829; GO:0006351; GO:0006355; GO:0032993; GO:0046872	3D-structure;Coiled coil;DNA-binding;Metal-binding;Phosphoprotein;Reference proteome;Transcription;Transcription regulation;Two-component regulatory system
Q9I0G0	PA2678	GO:0015774; GO:0015920; GO:0043190; GO:0140359	Capsule biogenesis/degradation;Cell membrane;Membrane;Polysaccharide transport;Reference proteome;Sugar transport;Transmembrane;Transmembrane helix;Transport
Q9I0M5	PA2613	GO:0000731; GO:0003677; GO:0005524; GO:0006261; GO:0008047; GO:0016887; GO:0017116	ATP-binding;DNA replication;Nucleotide-binding;Reference proteome
Q9I0P1	PA2596	GO:0016020; GO:0042597; GO:0042626	Reference proteome;Signal;Transport
Q9I0Q2	pgsA PA2584	GO:0005886; GO:0008444; GO:0046474	Cell membrane;Lipid biosynthesis;Lipid metabolism;Membrane;Phospholipid biosynthesis;Phospholipid metabolism;Reference proteome;Transferase;Transmembrane;Transmembrane helix
Q9I0R5	PA2571	GO:0000155; GO:0007165	Coiled coil;Phosphoprotein;Reference proteome
Q9I0W1	czcB PA2521	GO:0015679; GO:0016020; GO:0022857; GO:0030288; GO:0030313; GO:0046686; GO:0046914; GO:0060003	Cadmium resistance;Reference proteome;Transport;Zinc
Q9I0W3	xylS PA2519	GO:0000987; GO:0003700; GO:0005737; GO:0006351; GO:0006355; GO:0009893	Activator;DNA-binding;Reference proteome;Transcription;Transcription regulation
Q9I119	PA2463	GO:0008320; GO:0009279; GO:0046819; GO:0098046	Cell outer membrane;Membrane;Protein transport;Reference proteome;Signal;Transmembrane;Transmembrane beta strand;Transport
Q9I140	gcvT2 PA2442	GO:0004047; GO:0005960; GO:0006546; GO:0008483	Aminotransferase;Reference proteome;Transferase
Q9I147	PA2435	GO:0005524; GO:0005886; GO:0015086; GO:0016020; GO:0016463; GO:0016887; GO:0030001; GO:0046872; GO:0055085	ATP-binding;Cell membrane;Membrane;Metal-binding;Nucleotide-binding;Reference proteome;Transmembrane;Transmembrane helix
Q9I168	pvdH PA2413	GO:0002049; GO:0008483; GO:0030170	Aminotransferase;Pyridoxal phosphate;Reference proteome;Transferase
Q9I1R1	PA2206	GO:0000976; GO:0003700; GO:0006351; GO:0006355; GO:0045893; GO:1901031	DNA-binding;Reference proteome;Transcription;Transcription regulation
Q9I1X1	glgP PA2144	GO:0005737; GO:0005980; GO:0008184; GO:0030170	Allosteric enzyme;Carbohydrate metabolism;Cytoplasm;Glycosyltransferase;Pyridoxal phosphate;Reference proteome;Transferase
Q9I1Y3	cupA5 PA2132	GO:0006457; GO:0030288; GO:0044183; GO:0071453; GO:0071555	Chaperone;Periplasm;Reference proteome;Signal
Q9I1Y6	cupA2 PA2129	GO:0006457; GO:0007155; GO:0030288; GO:0044183; GO:0071453; GO:0071555; GO:0097311	Chaperone;Fimbrium biogenesis;Periplasm;Reference proteome;Signal
Q9I211	PA2104	GO:0004124; GO:0005737; GO:0006535; GO:0080146	Amino-acid biosynthesis;Cysteine biosynthesis;Pyridoxal phosphate;Reference proteome;Transferase
Q9I222	PA2093	GO:0003677; GO:0005829; GO:0006352; GO:0006355; GO:0016987; GO:0034756	DNA-binding;Reference proteome;Sigma factor;Transcription;Transcription regulation
Q9I226	PA2089	GO:0006826; GO:0009279; GO:0019867	Cell outer membrane;Ion transport;Iron;Iron transport;Membrane;Reference proteome;TonB box;Transmembrane;Transmembrane beta strand;Transport
Q9I253	PA2062	GO:0031071; GO:0046872; GO:0051537	2Fe-2S;Iron;Iron-sulfur;Metal-binding;Pyridoxal phosphate;Reference proteome;Transferase
Q9I297	liuB PA2014	GO:0004485; GO:0006552; GO:0008300; GO:1905202	3D-structure;Reference proteome
Q9I2B0	dhcA PA1999	GO:0042413; GO:0042952; GO:0047569	Reference proteome;Transferase
Q9I2E6	PA1958	GO:0005886; GO:0034257	Cell membrane;Membrane;Reference proteome;Transmembrane;Transmembrane helix;Transport
Q9I2J4	femA PA1910	GO:0005829; GO:0009279; GO:0015344; GO:0015891; GO:0016987; GO:0033214; GO:0034756; GO:0038023	3D-structure;Cell outer membrane;Ion transport;Iron;Iron transport;Membrane;Receptor;Reference proteome;Signal;TonB box;Transmembrane;Transmembrane beta strand;Transport
Q9I2Q7	cysI PA1838	GO:0000103; GO:0009337; GO:0009970; GO:0016491; GO:0020037; GO:0046872; GO:0051539	4Fe-4S;Iron;Iron-sulfur;Metal-binding;Oxidoreductase;Reference proteome
Q9I2T3	PA1811	GO:0006857; GO:0015031; GO:0015833; GO:0030288; GO:0042884; GO:0043190; GO:1904680	Peptide transport;Periplasm;Protein transport;Reference proteome;Signal;Transport
Q9I2T8	ppiD PA1805	GO:0003755; GO:0005886; GO:0006457	Cell inner membrane;Cell membrane;Chaperone;Isomerase;Membrane;Reference proteome;Rotamase;Transmembrane;Transmembrane helix
Q9I2U3	parR PA1799	GO:0000156; GO:0000976; GO:0005829; GO:0006351; GO:0006355; GO:0032993; GO:0071073	Cytoplasm;DNA-binding;Phosphoprotein;Reference proteome;Transcription;Transcription regulation;Two-component regulatory system
Q9I2W1	nirB PA1781	GO:0020037; GO:0042128; GO:0046872; GO:0050660; GO:0050661; GO:0051537; GO:0051539; GO:0098809	2Fe-2S;4Fe-4S;FAD;Flavoprotein;Heme;Iron;Iron-sulfur;Metal-binding;Nitrate assimilation;Oxidoreductase;Reference proteome
Q9I2W5	sigX PA1776	GO:0003677; GO:0006352; GO:0006355; GO:0016987; GO:0030307	DNA-binding;Reference proteome;Sigma factor;Transcription;Transcription regulation
Q9I2Y7	PA1750	GO:0003849; GO:0005737; GO:0008652; GO:0009073; GO:0009423; GO:0042802	Amino-acid biosynthesis;Aromatic amino acid biosynthesis;Cytoplasm;Reference proteome;Transferase
Q9I311	bglX PA1726	GO:0008422; GO:0009251; GO:0042597; GO:0046872	3D-structure;Glycosidase;Hydrolase;Metal-binding;Periplasm;Reference proteome;Signal
Q9I319	pscC sctC PA1716	GO:0009279; GO:0009306; GO:0015627; GO:0030254; GO:0030257	Cell outer membrane;Membrane;Protein transport;Reference proteome;Signal;Translocation;Transport;Virulence
Q9I388	kdpE PA1637	GO:0000156; GO:0000976; GO:0000987; GO:0005829; GO:0006351; GO:0006355; GO:0032993; GO:0042802; GO:0045893	Cytoplasm;DNA-binding;Phosphoprotein;Reference proteome;Transcription;Transcription regulation;Two-component regulatory system
Q9I3B3	PA1608	GO:0004888; GO:0005886; GO:0006935; GO:0007165	Cell membrane;Chemotaxis;Membrane;Methylation;Reference proteome;Transducer;Transmembrane;Transmembrane helix
Q9I3D6	sdhD PA1582	GO:0005886; GO:0006099; GO:0009055; GO:0009060; GO:0017004; GO:0020037; GO:0046872	Cell inner membrane;Cell membrane;Electron transport;Heme;Iron;Membrane;Metal-binding;Reference proteome;Transmembrane;Transmembrane helix;Transport;Tricarboxylic acid cycle
Q9I3F1	PA1566	GO:0004356; GO:0006542; GO:0006598	Ligase;Magnesium;Reference proteome
Q9I3H3	PA1540	GO:0005886; GO:0015199; GO:0015220; GO:0015297; GO:0015871; GO:0031460; GO:1903711; GO:1990961	Cell inner membrane;Cell membrane;Membrane;Reference proteome;Transmembrane;Transmembrane helix;Transport
Q9I3H8	PA1535	GO:0003995; GO:0005737; GO:0033539; GO:0034824; GO:0046247; GO:0050660	FAD;Flavoprotein;Oxidoreductase;Reference proteome
Q9I3J7	PA1516	GO:0000255; GO:0005777; GO:0006144; GO:0019628; GO:0051997	Decarboxylase;Lyase;Purine metabolism;Reference proteome
Q9I3Q9	PA1438	GO:0000155; GO:0000160; GO:0005524; GO:0005886	ATP-binding;Cell inner membrane;Cell membrane;Kinase;Membrane;Nucleotide-binding;Phosphoprotein;Reference proteome;Transferase;Transmembrane;Transmembrane helix;Two-component regulatory system
Q9I3U8	PA1396	GO:0000155; GO:0000156; GO:0005524; GO:0007234; GO:0030295	ATP-binding;Kinase;Membrane;Nucleotide-binding;Phosphoprotein;Reference proteome;Transferase;Transmembrane;Transmembrane helix;Two-component regulatory system
Q9I405	PA1339	GO:0005524; GO:0005886; GO:0015424; GO:0016887; GO:0042626; GO:0042940; GO:0051938	Amino-acid transport;ATP-binding;Cell inner membrane;Cell membrane;Membrane;Nucleotide-binding;Reference proteome;Transport
Q9I457	PA1287	GO:0004601; GO:0034599	Oxidoreductase;Peroxidase;Reference proteome;Signal
Q9I473	PA1271	GO:0006811; GO:0009279; GO:0015288; GO:0015420; GO:0015889; GO:0046930	Cell outer membrane;Ion transport;Membrane;Porin;Receptor;Reference proteome;Signal;TonB box;Transmembrane;Transmembrane beta strand;Transport
Q9I491	PA1253	GO:0019470; GO:0047533	Oxidoreductase;Reference proteome
Q9I498	PA1240	GO:0006635; GO:0008203; GO:0016829	3D-structure;Cholesterol metabolism;Lipid metabolism;Lyase;Reference proteome;Steroid metabolism;Sterol metabolism
Q9I4B6	PA1222	GO:0004553; GO:0008933; GO:0009253; GO:0009254; GO:0019867; GO:0071555	Cell wall biogenesis/degradation;Lyase;Reference proteome;Signal
Q9I4G1	napF PA1176	GO:0005737; GO:0046872; GO:0051539	4Fe-4S;Cytoplasm;Electron transport;Iron;Iron-sulfur;Metal-binding;Reference proteome;Repeat;Transport
Q9I4I1	nrdA PA1156	GO:0004748; GO:0005524; GO:0005971; GO:0009263	3D-structure;Allosteric enzyme;ATP-binding;Deoxyribonucleotide synthesis;Nucleotide-binding;Oxidoreductase;Reference proteome
Q9I4P8	flgF PA1081	GO:0009288; GO:0030694; GO:0071978	Bacterial flagellum;Cell projection;Cilium;Flagellum;Reference proteome
Q9I4P9	flgE PA1080	GO:0005829; GO:0009288; GO:0009424; GO:0009425; GO:0071978	3D-structure;Bacterial flagellum;Cell projection;Cilium;Flagellum;Reference proteome
Q9I4W7	PA1006	GO:0042128; GO:0044010	Reference proteome
Q9I529	PA0929	GO:0000156; GO:0000976; GO:0005829; GO:0006351; GO:0006355; GO:0032993; GO:0071281	Cytoplasm;DNA-binding;Phosphoprotein;Reference proteome;Transcription;Transcription regulation;Two-component regulatory system
Q9I594	PA0847	GO:0005886; GO:0006355; GO:0007165; GO:0052621; GO:0061939	Membrane;Reference proteome;Transmembrane;Transmembrane helix
Q9I5E4	PA0794	GO:0003994; GO:0005829; GO:0006099; GO:0019679; GO:0030350; GO:0046872; GO:0051539	Iron;Iron-sulfur;Metal-binding;Reference proteome
Q9I5E6	prpD PA0792	GO:0006099; GO:0019541; GO:0019679; GO:0047547; GO:0051537	3D-structure;Lyase;Reference proteome;Tricarboxylic acid cycle
Q9I5F0	PA0788	GO:0004180; GO:0006508; GO:0008955; GO:0009252; GO:0030288	Carboxypeptidase;Glycosyltransferase;Hydrolase;Membrane;Multifunctional enzyme;Protease;Reference proteome;Transferase;Transmembrane;Transmembrane helix
Q9I5N3	exbB2 PA0693	GO:0005886; GO:0017038	Cell membrane;Disulfide bond;Membrane;Protein transport;Reference proteome;Signal;Transmembrane;Transmembrane helix;Transport
Q9I5Q4	PA0667	GO:0004222; GO:0006508; GO:0030313; GO:0042834; GO:0046872	Hydrolase;Metal-binding;Metalloprotease;Protease;Reference proteome;Zinc
Q9I670	PA0448	GO:0000162; GO:0003700; GO:0006351; GO:0009891; GO:0043565	Activator;Amino-acid biosynthesis;Aromatic amino acid biosynthesis;DNA-binding;Reference proteome;Repressor;Transcription;Transcription regulation;Tryptophan biosynthesis
Q9I692	PA0421	GO:0009851; GO:0016491; GO:0050361	Auxin biosynthesis;Oxidoreductase;Reference proteome;Signal
Q9I6C2	PA0372	GO:0006508; GO:0008237; GO:0018189; GO:0019867; GO:0046872	3D-structure;Hydrolase;Metalloprotease;Protease;Reference proteome;Signal;Zinc
Q9I6G7	PA0324	GO:0005886; GO:0015417	Cell inner membrane;Cell membrane;Membrane;Reference proteome;Transmembrane;Transmembrane helix;Transport
Q9I6I6	PA0305	GO:0016811; GO:0017000; GO:0042597; GO:0046872	Calcium;Hydrolase;Metal-binding;Periplasm;Reference proteome;Signal;Zymogen
Q9I6K3	gpuP PA0287	GO:0005886; GO:0006814; GO:0015293; GO:0022857; GO:0046942; GO:0055085	Cell membrane;Ion transport;Membrane;Reference proteome;Sodium;Sodium transport;Symport;Transmembrane;Transmembrane helix;Transport
Q9I6K5	PA0285	GO:0005886; GO:0006355; GO:0052621; GO:0061939; GO:0071111; GO:0071732	c-di-GMP;Membrane;Reference proteome;Transmembrane;Transmembrane helix
Q9I6K7	sbp PA0283	GO:0005615; GO:0006790; GO:0030288; GO:0043199; GO:0140104; GO:1902358	Periplasm;Reference proteome;Signal;Transport
Q9I6K8	cysT PA0282	GO:0005886; GO:0015419	Membrane;Reference proteome;Sulfate transport;Transmembrane;Transmembrane helix;Transport
Q9I6M3	PA0267	GO:0000156; GO:0000976; GO:0005829; GO:0006355; GO:0032993	Reference proteome
Q9I6S4	PA0214	GO:0004314; GO:0005829; GO:0006633	Acyltransferase;Reference proteome;Transferase
Q9I6Y0	pcaQ PA0152	GO:0003677; GO:0003700; GO:0006351; GO:0006355; GO:0019619; GO:0032993; GO:0045893	DNA-binding;Reference proteome;Transcription;Transcription regulation
Q9I6Y1	PA0151	GO:0007166; GO:0009279; GO:0015344; GO:0015891; GO:0019867; GO:0033214; GO:0038023	Cell outer membrane;Ion transport;Iron;Iron transport;Membrane;Receptor;Reference proteome;Signal;TonB box;Transmembrane;Transmembrane beta strand;Transport
Q9I6Z8	PA0134	GO:0005829; GO:0006147; GO:0008270; GO:0008892; GO:0046098	Hydrolase;Metal-binding;Reference proteome;Zinc
Q9I792	PA0040	GO:0008320; GO:0009279; GO:0046819; GO:0098046	Cell outer membrane;Membrane;Protein transport;Reference proteome;Signal;Transmembrane;Transmembrane beta strand;Transport
Q9I7B5	PA0011	GO:0005886; GO:0009245; GO:0009247; GO:0016020; GO:0016746; GO:0016747; GO:0034605; GO:0071236; GO:0071470	Acyltransferase;Cell inner membrane;Cell membrane;Membrane;Reference proteome;Transferase
E1JGJ8	prfB PA3701	GO:0005737; GO:0016149	Cytoplasm;Methylation;Protein biosynthesis;Reference proteome
G3XCU6	cysB PA1754	GO:0000976; GO:0003700; GO:0006351; GO:0006355; GO:0019344; GO:0045893	DNA-binding;Reference proteome;Transcription;Transcription regulation
G3XCX1	narG PA3875	GO:0005886; GO:0009325; GO:0016020; GO:0019645; GO:0042128; GO:0043546; GO:0046872; GO:0051539; GO:0160182	4Fe-4S;Cell membrane;Electron transport;Iron;Iron-sulfur;Membrane;Metal-binding;Molybdenum;Nitrate assimilation;Oxidoreductase;Reference proteome;Transport
G3XCY2	wzz PA3160	GO:0004713; GO:0005886; GO:0009243; GO:0043165; GO:0098567	Cell membrane;Coiled coil;Membrane;Reference proteome;Transmembrane;Transmembrane helix
G3XCZ5	aotM PA0890	GO:0005886; GO:0006865; GO:0022857; GO:0043190	Amino-acid transport;Cell inner membrane;Cell membrane;Membrane;Reference proteome;Transmembrane;Transmembrane helix;Transport
G3XD53	PA2321	GO:0005524; GO:0019521; GO:0046316	ATP-binding;Gluconate utilization;Kinase;Nucleotide-binding;Reference proteome;Transferase
Q9HT12	spoOJ PA5562	GO:0003677; GO:0005694; GO:0007059; GO:0042802; GO:0045881	Chromosome partition;DNA-binding;Reference proteome
Q9HT43	PA5530	GO:0005886; GO:0006835; GO:0007231; GO:0015294; GO:1905647	Cell inner membrane;Cell membrane;Membrane;Reference proteome;Symport;Transmembrane;Transmembrane helix;Transport
Q9HT49	PA5524	GO:0016616; GO:0018511; GO:0030497	Oxidoreductase;Reference proteome
Q9HT75	PA5498	GO:0000006; GO:0006829; GO:0008270; GO:0010043; GO:0042597	Disulfide bond;Ion transport;Metal-binding;Periplasm;Reference proteome;Signal;Transport;Zinc;Zinc transport
Q9HT77	nrdJb PA5496	GO:0000166; GO:0004748; GO:0071897	DNA synthesis;Nucleotide-binding;Reference proteome
Q9HT94	citA PA5476	GO:0005886; GO:0006101; GO:0015293; GO:0022857	Cell inner membrane;Cell membrane;Citrate utilization;Membrane;Reference proteome;Symport;Transmembrane;Transmembrane helix;Transport
Q9HTB8	wzm PA5451	GO:0009243; GO:0015774; GO:0015920; GO:0043190; GO:0055085; GO:0070258; GO:0140359	Capsule biogenesis/degradation;Cell membrane;Membrane;Polysaccharide transport;Reference proteome;Sugar transport;Transmembrane;Transmembrane helix;Transport
Q9HTD2	mtr PA5434	GO:0003333; GO:0005886; GO:0015173; GO:0022857	Amino-acid transport;Cell inner membrane;Cell membrane;Membrane;Reference proteome;Transmembrane;Transmembrane helix;Transport
Q9HTG5	dgcB PA5399	GO:0016491; GO:0031457; GO:0042426; GO:0046872; GO:0047865; GO:0047866; GO:0051539	4Fe-4S;Iron;Iron-sulfur;Membrane;Metal-binding;Oxidoreductase;Reference proteome;Transmembrane;Transmembrane helix
Q9HTJ3	PA5371	GO:0005737; GO:0005829; GO:0006637; GO:0009062; GO:0052816	Hydrolase;Reference proteome
Q9HTJ5	pstA PA5367	GO:0005315; GO:0005886; GO:0035435	Cell membrane;Coiled coil;Membrane;Reference proteome;Transmembrane;Transmembrane helix;Transport
Q9HTR7	amtB PA5287	GO:0005886; GO:0008519; GO:0072488	Ammonia transport;Cell membrane;Membrane;Reference proteome;Signal;Transmembrane;Transmembrane helix;Transport
Q9HTT8	PA5257	GO:0005886; GO:0006779; GO:0042168	Cell inner membrane;Cell membrane;Membrane;Porphyrin biosynthesis;Reference proteome;Transmembrane;Transmembrane helix
Q9HTY8	PA5201	GO:0003729; GO:0003735; GO:0005829; GO:0006139; GO:0006412	3D-structure;Reference proteome
Q9HU51	PA5133	GO:0000920; GO:0004222	3D-structure;Coiled coil;Reference proteome;Signal
Q9HU60	ntrB PA5124	GO:0000155; GO:0005524; GO:0005737; GO:0006355; GO:0007165; GO:0016787	ATP-binding;Cytoplasm;Hydrolase;Kinase;Nitrogen fixation;Nucleotide-binding;Phosphoprotein;Reference proteome;Transferase;Two-component regulatory system
Q9HU89	PA5094	GO:0005275; GO:0005524; GO:0006865; GO:0006970; GO:0015418; GO:0016887; GO:0031460; GO:0043190	ATP-binding;Cell inner membrane;Cell membrane;Membrane;Nucleotide-binding;Reference proteome;Transport
Q9HU94	PA5089	GO:0004630; GO:0009395	Coiled coil;Hydrolase;Lipid metabolism;Reference proteome;Repeat
Q9HUA1	PA5082	GO:0005576; GO:0006865; GO:0030288; GO:0042940	Amino-acid transport;Periplasm;Reference proteome;Signal;Transport
Q9HUH0	PA4995	GO:0003995; GO:0005737; GO:0033539; GO:0050660	FAD;Flavoprotein;Oxidoreductase;Reference proteome
Q9HUK6	fimX PA4959	GO:0000160; GO:0000166; GO:0005886; GO:0006355; GO:0042802; GO:0046872; GO:0071111; GO:1900190	3D-structure;Metal-binding;Nucleotide-binding;Reference proteome
Q9HUL1	motA PA4954	GO:0005886; GO:0006935; GO:0071973; GO:0071978; GO:1902600	Cell inner membrane;Cell membrane;Chemotaxis;Flagellar rotation;Hydrogen ion transport;Ion transport;Membrane;Reference proteome;Transmembrane;Transmembrane helix;Transport
Q9HUL2	motB PA4953	GO:0071973; GO:0071978; GO:0120101	Cell membrane;Membrane;Reference proteome;Transmembrane;Transmembrane helix
Q9HUQ1	PA4912	GO:0005304; GO:0005886; GO:0015188; GO:0015190; GO:0015192; GO:0015808; GO:0015823; GO:0042941; GO:1903785; GO:1903801; GO:1903806	Amino-acid transport;Cell inner membrane;Cell membrane;Membrane;Reference proteome;Transmembrane;Transmembrane helix;Transport
Q9HUQ3	PA4910	GO:0005304; GO:0005524; GO:0005886; GO:0015188; GO:0015192; GO:0015808; GO:0016887; GO:0042941; GO:1903805; GO:1903806	Amino-acid transport;ATP-binding;Nucleotide-binding;Reference proteome;Transport
Q9HUS7	PA4886	GO:0000155; GO:0000160; GO:0005524; GO:0005886	ATP-binding;Cell inner membrane;Cell membrane;Kinase;Membrane;Nucleotide-binding;Phosphoprotein;Reference proteome;Transferase;Transmembrane;Transmembrane helix;Two-component regulatory system
Q9HUS8	irlR PA4885	GO:0000156; GO:0000976; GO:0005829; GO:0006351; GO:0006355; GO:0032993	DNA-binding;Phosphoprotein;Reference proteome;Transcription;Transcription regulation;Two-component regulatory system
Q9HUZ7	lipC PA4813	GO:0006629; GO:0015628; GO:0016298; GO:0043952	Reference proteome;Signal
Q9HUZ9	fdnI PA4810	GO:0005886; GO:0008863; GO:0009055; GO:0009061; GO:0009326; GO:0015944; GO:0022904; GO:0036397; GO:0046872	Cell membrane;Electron transport;Heme;Iron;Membrane;Metal-binding;Reference proteome;Transmembrane;Transmembrane helix;Transport
Q9HV39	PA4769	GO:0000987; GO:0003700; GO:0006351; GO:0006355; GO:0032993; GO:0043565	DNA-binding;Reference proteome;Repressor;Transcription;Transcription regulation
Q9HVA8	hitA PA4687	GO:0005615; GO:0046872	3D-structure;Iron;Metal-binding;Reference proteome;Signal
Q9HVB9	PA4676	GO:0004089; GO:0008270; GO:0015976	3D-structure;Lyase;Metal-binding;Reference proteome;Zinc
Q9HVE0	PA4652	GO:0009279; GO:0009297; GO:0015473	Cell outer membrane;Fimbrium biogenesis;Membrane;Reference proteome;Signal;Transmembrane;Transport
Q9HVF6	PA4635	GO:0005886	3D-structure;Cell inner membrane;Cell membrane;Membrane;Reference proteome;Transmembrane;Transmembrane helix
Q9HVF9	PA4632	GO:0004222; GO:0006515; GO:0008237; GO:0016020; GO:0046872	Hydrolase;Metal-binding;Metalloprotease;Protease;Reference proteome;Signal;Zinc
Q9HVH6	PA4615	GO:0000166; GO:0004324; GO:0042167	Nucleotide-binding;Reference proteome
Q9HVJ7	gdhA PA4588	GO:0000166; GO:0004354; GO:0005829; GO:0006537	NAD;Nucleotide-binding;Oxidoreductase;Reference proteome
Q9HVK8	PA4576	GO:0004176; GO:0004252; GO:0005524; GO:0006508; GO:0030163	Hydrolase;Protease;Reference proteome;Serine protease
Q9HVU4	cafA PA4477	GO:0000049; GO:0004519; GO:0004540; GO:0005737; GO:0006364; GO:0008033; GO:0016787; GO:0019843; GO:0046872	Cytoplasm;Endonuclease;Hydrolase;Magnesium;Metal-binding;Nuclease;Reference proteome;RNA-binding;rRNA processing;rRNA-binding;tRNA processing;tRNA-binding
Q9HVV9	PA4458	GO:0009103; GO:0019143; GO:0046872	Hydrolase;Lipopolysaccharide biosynthesis;Magnesium;Metal-binding;Reference proteome
Q9HVX1	algW PA4446	GO:0004252; GO:0006508; GO:0008233	3D-structure;Hydrolase;Protease;Reference proteome;Serine protease
Q9HVY5	PA4430	GO:0008121; GO:0016020; GO:0016491; GO:0022904; GO:0045275; GO:0046872	3D-structure;Electron transport;Heme;Iron;Membrane;Metal-binding;Reference proteome;Respiratory chain;Transmembrane;Transmembrane helix;Transport
Q9HW21	PA4381	GO:0000156; GO:0000976; GO:0005829; GO:0006351; GO:0006355; GO:0032993	DNA-binding;Phosphoprotein;Reference proteome;Transcription;Transcription regulation;Two-component regulatory system
Q9HW35	bifA PA4367	GO:0005886; GO:0044010; GO:0046872; GO:0071111; GO:1900190; GO:1900191	3D-structure;c-di-GMP;Membrane;Metal-binding;Reference proteome;Transmembrane;Transmembrane helix
Q9HW68	PA4333	GO:0004333; GO:0006091; GO:0046872; GO:0051539	4Fe-4S;Iron;Iron-sulfur;Lyase;Metal-binding;Reference proteome
Q9HW72	pykA PA4329	GO:0000287; GO:0004743; GO:0005524; GO:0005737; GO:0005829; GO:0006096; GO:0016301; GO:0030955	3D-structure;ATP-binding;Glycolysis;Kinase;Magnesium;Metal-binding;Nucleotide-binding;Pyruvate;Reference proteome;Transferase
Q9HWA8	PA4292	GO:0005315; GO:0005886; GO:0015293; GO:0035435	Cell membrane;Membrane;Phosphate transport;Reference proteome;Symport;Transmembrane;Transmembrane helix;Transport
Q9HWJ3	PA4188	GO:0005829; GO:0008840	Lyase;Reference proteome
Q9HWK5	ppiC2 PA4176	GO:0003755; GO:0005737	Cytoplasm;Isomerase;Reference proteome;Rotamase
Q9HWX3	ribC PA4055	GO:0004746; GO:0009231	Reference proteome;Repeat;Riboflavin biosynthesis;Transferase
Q9HWY4	ispA PA4043	GO:0004659; GO:0005737; GO:0008654; GO:0016114; GO:0046872	3D-structure;Isoprene biosynthesis;Magnesium;Metal-binding;Reference proteome;Transferase
Q9HWZ1	PA4036	GO:0000155; GO:0000160; GO:0005524; GO:0005886; GO:0009927	ATP-binding;Kinase;Membrane;Nucleotide-binding;Phosphoprotein;Reference proteome;Transferase;Transmembrane;Transmembrane helix;Two-component regulatory system
Q9HX66	PA3950	GO:0003676; GO:0003724; GO:0005524; GO:0005829; GO:0009266; GO:0016787; GO:0042255	ATP-binding;Cytoplasm;Helicase;Hydrolase;Nucleotide-binding;Reference proteome
Q9HX68	rocA1 PA3948	GO:0000160; GO:0000976; GO:0003700; GO:0006351; GO:0006355; GO:0045893	DNA-binding;Phosphoprotein;Reference proteome;Transcription;Transcription regulation
Q9HXB2	fecA PA3901	GO:0007166; GO:0009279; GO:0015343; GO:0015746; GO:0015891; GO:0033214; GO:0038023	Cell outer membrane;Ion transport;Iron;Iron transport;Membrane;Receptor;Reference proteome;Signal;TonB box;Transmembrane;Transmembrane beta strand;Transport
Q9HXB9	PA3894	GO:0009279; GO:0015562; GO:0016020; GO:0022857; GO:0055085	Cell outer membrane;Lipoprotein;Membrane;Palmitate;Reference proteome;Signal;Transmembrane;Transmembrane beta strand
Q9HXC5	PA3888	GO:0005886; GO:0015226; GO:0015838; GO:0031460; GO:0055052; GO:0071475; GO:1902495	Membrane;Reference proteome;Transmembrane;Transmembrane helix;Transport
Q9HXF5	PA3851	GO:0005381; GO:0005384; GO:0012505; GO:0016020; GO:0030026	Membrane;Reference proteome;Transmembrane;Transmembrane helix
Q9HXI6	cysE PA3816	GO:0005829; GO:0006535; GO:0009001	Acyltransferase;Amino-acid biosynthesis;Cytoplasm;Reference proteome;Repeat;Transferase
Q9HXJ0	iscA PA3812	GO:0005737; GO:0005829; GO:0016226; GO:0046872; GO:0051537; GO:0051604	Iron;Metal-binding;Reference proteome
Q9HXK0	PA3797	GO:0050152; GO:0106008	Hydrolase;Reference proteome
Q9HXN5	PA3760	GO:0005737; GO:0008965; GO:0009401; GO:0015764; GO:0016301; GO:0046872	Cytoplasm;Kinase;Magnesium;Metal-binding;Phosphotransferase system;Reference proteome;Sugar transport;Transferase;Transport
Q9HXW1	PA3679	GO:0004497; GO:0005506; GO:0016705; GO:0020037	Heme;Iron;Metal-binding;Monooxygenase;Oxidoreductase;Reference proteome
Q9HY47	PA3573	GO:0005886; GO:0015385; GO:0042910; GO:1990961	Cell inner membrane;Cell membrane;Membrane;Reference proteome;Transmembrane;Transmembrane helix;Transport
Q9HY50	PA3567	GO:0003723; GO:0005737; GO:0008270; GO:0016491	Cytoplasm;Metal-binding;NADP;Oxidoreductase;Reference proteome;RNA-binding;Zinc
Q9HY58	PA3559	GO:0000271; GO:0003979; GO:0006065; GO:0051287	NAD;Oxidoreductase;Reference proteome
Q9HY75	PA3535	GO:0004252; GO:0006508; GO:0019867	Hydrolase;Protease;Reference proteome;Serine protease;Signal
Q9HYE4	PA3462	GO:0000155	Membrane;Phosphoprotein;Reference proteome;Signal;Transmembrane;Transmembrane helix;Two-component regulatory system
Q9HYJ8	hasD PA3406	GO:0005524; GO:0005886; GO:0016887; GO:0030253; GO:0030256; GO:0042626; GO:0140359	ATP-binding;Cell membrane;Membrane;Nucleotide-binding;Reference proteome;Transmembrane;Transmembrane helix;Transport
Q9HYJ9	hasE PA3405	GO:0005886; GO:0008237; GO:0015031	Cell inner membrane;Cell membrane;Coiled coil;Hydrolase;Membrane;Metalloprotease;Protease;Reference proteome;Transmembrane;Transmembrane helix;Transport
Q9HYL8	PA3383	GO:0015716; GO:0030313; GO:0043190; GO:0055085	3D-structure;Coiled coil;Reference proteome;Signal;Transport
Q9HYM4	PA3377	GO:0019700; GO:0046872; GO:0051539; GO:0098848	4Fe-4S;Iron;Iron-sulfur;Lyase;Metal-binding;Reference proteome;S-adenosyl-L-methionine
Q9HYP4	PA3352	GO:0044780	3D-structure;Bacterial flagellum biogenesis;Reference proteome
Q9HYP5	flgM PA3351	GO:0006351; GO:0016989; GO:0044781	Bacterial flagellum biogenesis;Reference proteome;Repressor;Transcription;Transcription regulation
Q9HYP6	PA3350	GO:0042597; GO:0044780; GO:0071973	Bacterial flagellum biogenesis;Periplasm;Reference proteome;Signal
Q9HYT1	PA3313	GO:0009970; GO:0043190; GO:0055085	Reference proteome;Signal
Q9HZ35	PA3205	GO:0030288; GO:0051082	Periplasm;Reference proteome;Signal
Q9HZ42	scpA PA3198	GO:0005737; GO:0006260; GO:0007059; GO:0051301	Cell cycle;Cell division;Chromosome partition;Cytoplasm;Reference proteome
Q9HZ60	PA3174	GO:0003677; GO:0003700; GO:0006351; GO:0006548; GO:0045892	Coiled coil;DNA-binding;Reference proteome;Transcription;Transcription regulation
Q9HZH6	snr1 PA3032	GO:0004130; GO:0009055; GO:0020037; GO:0042128; GO:0046872	Heme;Iron;Metal-binding;Reference proteome;Signal
Q9HZN7	mltG PA2963	GO:0005886; GO:0008932; GO:0009252; GO:0071555	Cell inner membrane;Cell membrane;Cell wall biogenesis/degradation;Lyase;Membrane;Reference proteome;Transmembrane;Transmembrane helix
Q9HZS2	hisM PA2925	GO:0005886; GO:0006865; GO:0022857; GO:0043190	Amino-acid transport;Cell inner membrane;Cell membrane;Membrane;Reference proteome;Transmembrane;Transmembrane helix;Transport
Q9HZT6	PA2911	GO:0009279; GO:0015344; GO:0015891; GO:0033214; GO:0038023	Cell outer membrane;Ion transport;Iron;Iron transport;Membrane;Receptor;Reference proteome;Signal;TonB box;Transmembrane;Transmembrane beta strand;Transport
Q9I018	ospR PA2825	GO:0003677; GO:0003700; GO:0005737; GO:0006351; GO:0006355; GO:0006950; GO:1900378; GO:1900407	Cytoplasm;DNA-binding;Reference proteome;Transcription;Transcription regulation
Q9I040	PA2803	GO:0005829; GO:0006281; GO:0008967; GO:0046872	Carbohydrate metabolism;Metal-binding;Reference proteome
Q9I0H2	PA2666	GO:0008616; GO:0046872; GO:0070497	3D-structure;Lyase;Metal-binding;Queuosine biosynthesis;Reference proteome;Zinc
Q9I0P2	PA2595	GO:0016020; GO:0042626	Reference proteome;Signal;Transport
Q9I103	PA2479	GO:0000156; GO:0000976; GO:0005829; GO:0006351; GO:0006355; GO:0032993	Cytoplasm;DNA-binding;Phosphoprotein;Reference proteome;Transcription;Transcription regulation;Two-component regulatory system
Q9I139	sdaA PA2443	GO:0003941; GO:0006094; GO:0009063; GO:0046872; GO:0051539	4Fe-4S;Gluconeogenesis;Iron;Iron-sulfur;Lyase;Metal-binding;Reference proteome
Q9I174	PA2407	GO:0006829; GO:0007155; GO:0046872	3D-structure;Ion transport;Metal-binding;Reference proteome;Signal;Transport;Zinc;Zinc transport
Q9I183	pvdE PA2397	GO:0002049; GO:0005524; GO:0015833; GO:0016887; GO:0042626; GO:0043190; GO:0140359; GO:1904680	ATP-binding;Membrane;Nucleotide-binding;Reference proteome;Transmembrane;Transmembrane helix
Q9I188	pvdP PA2392	GO:0002049; GO:0004503; GO:0046872	3D-structure;Metal-binding;Reference proteome;Signal
Q9I1C9	PA2349	GO:0005886; GO:0048473; GO:1903692	Lipoprotein;Membrane;Palmitate;Reference proteome;Signal
Q9I1I6	PA2289	GO:0009279; GO:0015344; GO:0044718	Cell outer membrane;Membrane;Reference proteome;Signal;TonB box;Transmembrane;Transmembrane beta strand;Transport
Q9I1J5	PA2280	GO:0000166; GO:0016655; GO:0052873	Flavoprotein;FMN;NADP;Nucleotide-binding;Oxidoreductase;Reference proteome
Q9I1M8	pslK PA2241	GO:0005886; GO:0008360; GO:0009252; GO:0044010	Cell membrane;Cell shape;Membrane;Peptidoglycan synthesis;Reference proteome;Transmembrane;Transmembrane helix
Q9I1R7	PA2200	GO:0005886; GO:0071111; GO:1900190	c-di-GMP;Cell membrane;Hydrolase;Membrane;Reference proteome;Transmembrane;Transmembrane helix
Q9I1V2	PA2163	GO:0000025; GO:0000272; GO:0004134; GO:0005829	Carbohydrate metabolism;Glycosyltransferase;Reference proteome;Transferase
Q9I1W0	clsB PA2155	GO:0005886; GO:0008808; GO:0016020; GO:0032049	Cell membrane;Lipid biosynthesis;Lipid metabolism;Membrane;Phospholipid biosynthesis;Phospholipid metabolism;Reference proteome;Repeat;Transferase
Q9I1Y7	cupA1 PA2128	GO:0009289; GO:0043709; GO:0071453; GO:0072707; GO:0098743	Reference proteome;Signal
Q9I209	PA2106	GO:0002161; GO:0003676; GO:0004813; GO:0005524; GO:0005737; GO:0006419; GO:0046872	Metal-binding;Reference proteome;Zinc
Q9I238	PA2077	GO:0004130; GO:0009055; GO:0020037; GO:0031408; GO:0051213	Reference proteome;Signal
Q9I245	PA2070	GO:0009279; GO:0019867	Cell outer membrane;Membrane;Reference proteome;Signal;TonB box;Transmembrane;Transmembrane beta strand;Transport
Q9I254	PA2061	GO:0005524; GO:0005886; GO:0016887; GO:0022857; GO:0035672	ATP-binding;Nucleotide-binding;Reference proteome;Transport
Q9I256	PA2059	GO:0005886; GO:0022857; GO:0042884	Cell inner membrane;Cell membrane;Membrane;Peptide transport;Protein transport;Reference proteome;Transmembrane;Transmembrane helix;Transport
Q9I298	liuC PA2013	GO:0004490; GO:0006552; GO:0008300; GO:0046247	Reference proteome
Q9I2B3	ppiC1 PA1996	GO:0003755; GO:0005737	Cytoplasm;Isomerase;Reference proteome;Rotamase
Q9I2C8	eraS PA1979	GO:0000155; GO:0005524; GO:0016020; GO:0045893; GO:0046983	ATP-binding;Kinase;Nucleotide-binding;Phosphoprotein;Reference proteome;Transferase;Two-component regulatory system
Q9I2F6	rbsC PA1948	GO:0005886; GO:0015628; GO:0022857; GO:0043952	Cell membrane;Membrane;Reference proteome;Transmembrane;Transmembrane helix
Q9I2T7	PA1807	GO:0005524; GO:0005886; GO:0006857; GO:0016887; GO:0022857; GO:0035672	ATP-binding;Nucleotide-binding;Reference proteome;Transport
Q9I312	pscL PA1725	GO:0005829; GO:0030254	Coiled coil;Cytoplasm;Protein transport;Reference proteome;Transport
Q9I314	pscJ PA1723	GO:0009279; GO:0030254	Cell outer membrane;Lipoprotein;Membrane;Palmitate;Reference proteome;Signal;Transmembrane;Transmembrane helix
Q9I389	kdpD PA1636	GO:0000155; GO:0005524; GO:0005737; GO:0005886; GO:0042802	ATP-binding;Kinase;Membrane;Nucleotide-binding;Phosphoprotein;Reference proteome;Transferase;Transmembrane;Transmembrane helix;Two-component regulatory system
Q9I3B4	PA1607	GO:0003677; GO:0003700; GO:0006351; GO:0006355; GO:0032993	3D-structure;DNA-binding;Reference proteome;Transcription;Transcription regulation
Q9I3D7	sdhC PA1581	GO:0005886; GO:0006099; GO:0009055; GO:0046872	Cell inner membrane;Cell membrane;Electron transport;Heme;Iron;Membrane;Metal-binding;Reference proteome;Transmembrane;Transmembrane helix;Transport;Tricarboxylic acid cycle
Q9I3H2	PA1541	GO:0005886; GO:0015199; GO:0015220; GO:0015297; GO:0015871; GO:0031460; GO:1903711; GO:1990961	Cell inner membrane;Cell membrane;Membrane;Reference proteome;Transmembrane;Transmembrane helix;Transport
Q9I3P9	flhA PA1452	GO:0005886; GO:0009306; GO:0044780	Bacterial flagellum biogenesis;Bacterial flagellum protein export;Cell membrane;Cell projection;Cilium;Flagellum;Membrane;Protein transport;Reference proteome;Transmembrane;Transmembrane helix;Transport
Q9I3Q4	fliQ PA1447	GO:0005886; GO:0009306; GO:0009425; GO:0044780	Bacterial flagellum;Cell membrane;Cell projection;Cilium;Flagellum;Membrane;Reference proteome;Transmembrane;Transmembrane helix
Q9I3S7	PA1417	GO:0000287; GO:0003984; GO:0005948; GO:0009097; GO:0009099; GO:0030976; GO:0050660	Reference proteome;Thiamine pyrophosphate
Q9I3X8	PA1366	GO:0005524; GO:0051302; GO:0070733	ATP-binding;Nucleotide-binding;Nucleotidyltransferase;Reference proteome;Transferase
Q9I446	PA1298	GO:0000976; GO:0001217; GO:0032993; GO:0045892; GO:0046872	Reference proteome
Q9I460	PA1284	GO:0016627; GO:0050660	FAD;Flavoprotein;Oxidoreductase;Reference proteome
Q9I488	PA1256	GO:0005524; GO:0005886; GO:0015424; GO:0016887; GO:0034589; GO:0042626	Amino-acid transport;ATP-binding;Cell inner membrane;Cell membrane;Membrane;Nucleotide-binding;Reference proteome;Transport
Q9I495	PA1243	GO:0000155; GO:0007165	Coiled coil;Kinase;Phosphoprotein;Reference proteome;Transferase
Q9I4G5	napC PA1172	GO:0005886; GO:0009055; GO:0009061; GO:0019333; GO:0020037; GO:0046872	Cell membrane;Electron transport;Heme;Iron;Membrane;Metal-binding;Reference proteome;Transmembrane;Transmembrane helix;Transport
Q9I4H3	PA1164	GO:0005524; GO:0008641; GO:0016020; GO:0061503; GO:0061504	ATP-binding;Ligase;Membrane;Nucleotide-binding;Reference proteome;Transmembrane;Transmembrane helix
Q9I4H4	ndvB PA1163	GO:0004553; GO:0005886; GO:0006075; GO:0016758; GO:0030244	Glycosyltransferase;Hydrolase;Magnesium;Membrane;Reference proteome;Transferase;Transmembrane;Transmembrane helix
Q9I4H9	PA1158	GO:0000155; GO:0005524; GO:0005886	ATP-binding;Cell membrane;Kinase;Membrane;Nucleotide-binding;Phosphoprotein;Reference proteome;Transferase;Transmembrane;Transmembrane helix
Q9I4K5	rhlC PA1130	GO:0000271; GO:0009247; GO:0016020; GO:0016740; GO:0016758	Glycosyltransferase;Reference proteome;Transferase
Q9I4P0	PA1089	GO:0000287; GO:0005737; GO:0006564; GO:0036424	Amino-acid biosynthesis;Hydrolase;Magnesium;Metal-binding;Reference proteome;Serine biosynthesis
Q9I4Q1	flgC PA1078	GO:0009288; GO:0030694; GO:0071978	Bacterial flagellum;Cell projection;Cilium;Flagellum;Reference proteome
Q9I4R7	PA1057	GO:0005886; GO:0015385; GO:0035725	Cell membrane;Membrane;Reference proteome;Transmembrane;Transmembrane helix
Q9I523	PA0935	GO:0006203; GO:0006950; GO:0046047; GO:0046052; GO:0046061; GO:0046076; GO:0046081; GO:0047429; GO:0047693	Reference proteome
Q9I528	PA0930	GO:0000155; GO:0016020	Kinase;Membrane;Phosphoprotein;Reference proteome;Transferase;Transmembrane;Transmembrane helix;Two-component regulatory system
Q9I557	aotQ PA0889	GO:0005886; GO:0006865; GO:0022857; GO:0043190	Amino-acid transport;Cell inner membrane;Cell membrane;Membrane;Reference proteome;Transmembrane;Transmembrane helix;Transport
Q9I560	PA0885	GO:0005886; GO:0015740; GO:0022857	Cell inner membrane;Cell membrane;Membrane;Reference proteome;Transmembrane;Transmembrane helix;Transport
Q9I592	trxB2 PA0849	GO:0004791; GO:0005737; GO:0019430; GO:0045454	Disulfide bond;FAD;Flavoprotein;NADP;Oxidoreductase;Redox-active center;Reference proteome
Q9I5A3	slyD PA0837	GO:0003755; GO:0005829; GO:0042026	Chaperone;Cytoplasm;Isomerase;Reference proteome;Rotamase
Q9I5H3	PA0756	GO:0000156; GO:0000976; GO:0005829; GO:0006351; GO:0006355; GO:0032993	DNA-binding;Phosphoprotein;Reference proteome;Transcription;Transcription regulation;Two-component regulatory system
Q9I5M4	PA0702	GO:0005506; GO:0008610; GO:0016020; GO:0016491	Membrane;Reference proteome;Transmembrane;Transmembrane helix
Q9I5N6	PA0690	GO:0005576; GO:0046819; GO:0098046	Reference proteome;Secreted;Signal
Q9I5P0	PA0685	GO:0009279; GO:0009306; GO:0015627; GO:0015628	Cell outer membrane;Membrane;Protein transport;Reference proteome;Signal;Transmembrane;Transmembrane beta strand;Transport
Q9I5Z1	PA0545	GO:0016020; GO:0016491; GO:0046872; GO:0050660; GO:0051537	FAD;Flavoprotein;Membrane;Oxidoreductase;Reference proteome;Transmembrane;Transmembrane helix
Q9I624	PA0494	GO:0003989; GO:0004075; GO:0005524; GO:0006633; GO:0046872	ATP-binding;Biotin;Ligase;Nucleotide-binding;Reference proteome
Q9I668	PA0450	GO:0005315; GO:0005886; GO:0015293; GO:0035435	Cell membrane;Membrane;Phosphate transport;Reference proteome;Symport;Transmembrane;Transmembrane helix;Transport
Q9I669	PA0449	GO:0005737; GO:0005829; GO:0006637; GO:0009062; GO:0052816	Hydrolase;Reference proteome
Q9I687	metF PA0430	GO:0004489; GO:0005829; GO:0009086; GO:0035999; GO:0071949; GO:0106312	Amino-acid biosynthesis;FAD;Flavoprotein;Methionine biosynthesis;NAD;Oxidoreductase;Reference proteome
Q9I691	PA0422	GO:0005886; GO:0009055; GO:0020037; GO:0022904; GO:0046872	Cell membrane;Electron transport;Heme;Iron;Membrane;Metal-binding;Reference proteome;Transmembrane;Transmembrane helix;Transport
Q9I696	chpA PA0413	GO:0000155; GO:0000160; GO:0005737; GO:0006935; GO:0050920	Coiled coil;Kinase;Phosphoprotein;Reference proteome;Transferase;Two-component regulatory system
Q9I698	tonB3 PA0406	GO:0015031; GO:0031992; GO:0055085; GO:0098797	Cell inner membrane;Cell membrane;Membrane;Protein transport;Reference proteome;Transmembrane;Transmembrane helix;Transport
Q9I6A0	PA0400	GO:0003962; GO:0004123; GO:0005737; GO:0019343; GO:0019346; GO:0030170	Pyridoxal phosphate;Reference proteome
Q9I6A1	PA0399	GO:0004124; GO:0005737; GO:0006535; GO:0080146	CBS domain;Pyridoxal phosphate;Reference proteome
Q9I6G3	PA0328	GO:0004177; GO:0006508; GO:0008235; GO:0015474; GO:0019867; GO:0046872; GO:0048870	3D-structure;Aminopeptidase;Hydrolase;Metal-binding;Protease;Reference proteome;Signal;Zinc
Q9I6I7	spuH PA0304	GO:0005886; GO:0015417; GO:0015847; GO:0015848	Cell inner membrane;Cell membrane;Membrane;Reference proteome;Transmembrane;Transmembrane helix;Transport
Q9I6K9	cysW PA0281	GO:0005886; GO:0015419	Cell inner membrane;Cell membrane;Membrane;Reference proteome;Sulfate transport;Transmembrane;Transmembrane helix;Transport
Q9I704	PA0128	GO:0005829	3D-structure;Hydrolase;Reference proteome
Q9I7B6	tag PA0010	GO:0006284; GO:0006307; GO:0008725; GO:0046872	DNA damage;DNA repair;Glycosidase;Hydrolase;Metal-binding;Reference proteome;Zinc
G3XCT6	PA1458	GO:0000155; GO:0000160; GO:0005737; GO:0006935; GO:0050920	Kinase;Phosphoprotein;Reference proteome;Transferase;Two-component regulatory system
G3XCY5	pvdN PA2394	GO:0002049; GO:0006534; GO:0030288; GO:0031071	3D-structure;Pyridoxal phosphate;Reference proteome
G3XCY7	pvcD PA2257	GO:0004129; GO:0005506; GO:0020037; GO:0042597	Electron transport;Heme;Iron;Metal-binding;Periplasm;Reference proteome;Signal;Transport
G3XCZ2	algZ PA5262	GO:0000155; GO:0000160; GO:0005886; GO:0007165; GO:2000147	Membrane;Reference proteome;Transmembrane;Transmembrane helix
G3XD13	PA0902	GO:0005829; GO:0006545; GO:0006567; GO:0008732	Lyase;Pyridoxal phosphate;Reference proteome
G3XD15	pilW PA4552	GO:0009297; GO:0043107; GO:0043683; GO:0044096	Membrane;Reference proteome;Transmembrane;Transmembrane helix
G3XD36	ptsP PA0337	GO:0005737; GO:0008965; GO:0009401; GO:0015764; GO:0016301; GO:0046872	Cytoplasm;Kinase;Magnesium;Metal-binding;Phosphotransferase system;Reference proteome;Sugar transport;Transferase;Transport
G3XD58	wzt PA5450	GO:0005524; GO:0009243; GO:0015920; GO:0016887; GO:0035796; GO:0070258; GO:0140359	ATP-binding;Nucleotide-binding;Reference proteome;Transport
G3XD84	pilV PA4551	GO:0009297; GO:0016020; GO:0043107; GO:0043683; GO:0044096	Membrane;Reference proteome;Transmembrane;Transmembrane helix
G3XDB2	cpoB PA0974	GO:0030288; GO:0043093; GO:0070206	Cell cycle;Cell division;Coiled coil;Periplasm;Reference proteome;Signal
Q7DC81	phzE1 phzE2 PA1903 PA4214	GO:0000162; GO:0002047; GO:0004049	Glutamine amidotransferase;Lyase;Reference proteome
Q9HT39	PA5535	GO:0000166; GO:0016787	Chaperone;Hydrolase;Nucleotide-binding;Reference proteome
Q9HTB2	PA5458	GO:0009103; GO:0009243; GO:0016020; GO:0016747	Membrane;Reference proteome;Transmembrane;Transmembrane helix
Q9HTB4	PA5456	GO:0009103; GO:0009243; GO:0016757	Reference proteome
Q9HTB5	PA5455	GO:0009103; GO:0009243; GO:0016757	Reference proteome
Q9HTC4	PA5442	GO:0005886; GO:0071111; GO:1900190	c-di-GMP;Coiled coil;Membrane;Reference proteome;Transmembrane;Transmembrane helix
Q9HTG6	dgcA PA5398	GO:0010181; GO:0031457; GO:0042426; GO:0047865; GO:0047866	Flavoprotein;Oxidoreductase;Reference proteome
Q9HTI0	PA5384	GO:0034338; GO:0047619	Hydrolase;Reference proteome
Q9HTM0	spoT PA5338	GO:0008728; GO:0008893; GO:0015949; GO:0015969; GO:0015970; GO:0042594	Hydrolase;Reference proteome
Q9HTN0	PA5325	GO:0016020; GO:0051872; GO:0071396	Reference proteome;Signal
Q9HTN1	PA5324	GO:0000976; GO:0003700; GO:0006351; GO:0016020; GO:0045893; GO:0046625; GO:0051872	DNA-binding;Reference proteome;Transcription;Transcription regulation
Q9HTR3	PA5291	GO:0005275; GO:0005886; GO:0015653; GO:0022857; GO:0031460; GO:0071475	Cell membrane;Membrane;Reference proteome;Transmembrane;Transmembrane helix;Transport
Q9HTW6	pepP PA5224	GO:0004177; GO:0005829; GO:0006508; GO:0030145; GO:0070006	3D-structure;Aminopeptidase;Calcium;Hydrolase;Manganese;Metal-binding;Metalloprotease;Protease;Reference proteome
Q9HTW9	PA5221	GO:0006744; GO:0019168; GO:0071949; GO:0110142	FAD;Flavoprotein;Monooxygenase;Oxidoreductase;Reference proteome
Q9HTY2	PA5208	GO:0044010; GO:0071978	Reference proteome
Q9HU02	PA5187	GO:0016627; GO:0050660	FAD;Flavoprotein;Oxidoreductase;Reference proteome
Q9HU76	blc PA5107	GO:0006950; GO:0008289; GO:0009279	Cell outer membrane;Lipid-binding;Lipoprotein;Membrane;Palmitate;Reference proteome;Signal
Q9HU98	PA5085	GO:0003700; GO:0006351; GO:0009089; GO:0010628; GO:0043565	Coiled coil;DNA-binding;Reference proteome;Transcription;Transcription regulation
Q9HUA3	PA5080	GO:0004177; GO:0005737; GO:0006508	Aminopeptidase;Cytoplasm;Hydrolase;Protease;Reference proteome
Q9HUA8	PA5075	GO:0005886; GO:0006865; GO:0022857; GO:0043190	Amino-acid transport;Cell membrane;Membrane;Reference proteome;Transmembrane;Transmembrane helix;Transport
Q9HUB2	PA5071	GO:0005737; GO:0070042; GO:0070475	Cytoplasm;Methyltransferase;Reference proteome;rRNA processing;S-adenosyl-L-methionine;Transferase
Q9HUG5	wapR PA5000	GO:0009243; GO:0009244; GO:0015920; GO:0016740; GO:0016757; GO:0016758; GO:0044010	Reference proteome
Q9HUK4	PA4961	GO:0005886	Cell membrane;Membrane;Reference proteome;Transmembrane;Transmembrane helix
Q9HUK5	PA4960	GO:0000287; GO:0005737; GO:0006564; GO:0036424	Amino-acid biosynthesis;Hydrolase;Magnesium;Metal-binding;Reference proteome;Serine biosynthesis
Q9HUL7	amiB PA4947	GO:0008745; GO:0009253; GO:0030288; GO:0043093; GO:0071555	Cell wall biogenesis/degradation;Hydrolase;Periplasm;Reference proteome;Signal
Q9HUM3	hflC PA4941	GO:0006508; GO:0008233; GO:0098797	Hydrolase;Membrane;Protease;Reference proteome;Transmembrane;Transmembrane helix
Q9HUM7	rnr PA4937	GO:0003723; GO:0005829; GO:0006402; GO:0008859	Cytoplasm;Exonuclease;Hydrolase;Nuclease;Reference proteome;RNA-binding
Q9HUT0	PA4883	GO:0005506; GO:0005886; GO:0009055; GO:0020037; GO:0022904	Cell membrane;Electron transport;Heme;Iron;Membrane;Metal-binding;Reference proteome;Transmembrane;Transmembrane helix;Transport
Q9HV02	selB PA4807	GO:0001514; GO:0003746; GO:0003924; GO:0005525; GO:0005737; GO:0035368	Cytoplasm;Elongation factor;GTP-binding;Nucleotide-binding;Protein biosynthesis;Reference proteome
Q9HV28	PA4780	GO:0004674; GO:0005524; GO:0046872	ATP-binding;Kinase;Magnesium;Metal-binding;Nucleotide-binding;Reference proteome;Serine/threonine-protein kinase;Transferase
Q9HV41	recN PA4763	GO:0005524; GO:0006281; GO:0006310; GO:0009432; GO:0043590	ATP-binding;Coiled coil;DNA damage;DNA repair;Nucleotide-binding;Reference proteome
Q9HV54	nusA PA4745	GO:0000166; GO:0003700; GO:0003723; GO:0005829; GO:0006353; GO:0031564	Cytoplasm;Reference proteome;RNA-binding;Transcription;Transcription antitermination;Transcription regulation;Transcription termination
Q9HVB7	rimI PA4678	GO:0005737; GO:0008999	Acyltransferase;Cytoplasm;Reference proteome;Transferase
Q9HVC0	PA4675	GO:0009279; GO:0015344; GO:0015891; GO:0038023; GO:0044718	Cell outer membrane;Ion transport;Iron;Iron transport;Membrane;Receptor;Reference proteome;Signal;TonB box;Transmembrane;Transmembrane beta strand;Transport
Q9HVE7	PA4645	GO:0000287; GO:0004422; GO:0005829; GO:0006178; GO:0032263; GO:0032264; GO:0046100	Reference proteome;Transferase
Q9HVG6	PA4625	GO:0005576; GO:0044010; GO:0098046	Reference proteome;Secreted;Signal
Q9HVI5	PA4604	GO:0000166; GO:0005737; GO:0008270; GO:0016787; GO:0051604; GO:0140827	Chaperone;Hydrolase;Nucleotide-binding;Reference proteome
Q9HVL2	fklB PA4572	GO:0003755; GO:0006457	Isomerase;Reference proteome;Rotamase
Q9HVL5	ispB PA4569	GO:0004659; GO:0008299; GO:0046872; GO:0106350	Magnesium;Metal-binding;Reference proteome;Transferase
Q9HVM2	murJ PA4562	GO:0005886; GO:0008360; GO:0009252; GO:0015648; GO:0015836; GO:0034204; GO:0071555	Cell inner membrane;Cell membrane;Cell shape;Cell wall biogenesis/degradation;Membrane;Peptidoglycan synthesis;Reference proteome;Transmembrane;Transmembrane helix;Transport
Q9HVM6	PA4558	GO:0003755; GO:0005829; GO:0042026	Isomerase;Reference proteome;Rotamase
Q9HVM9	pilX PA4553	GO:0009297; GO:0043107; GO:0044096	Membrane;Reference proteome;Transmembrane;Transmembrane helix
Q9HVR6	PA4505	GO:0005524; GO:0005886; GO:0016887; GO:0071916	ATP-binding;Cell membrane;Membrane;Nucleotide-binding;Reference proteome;Transport
Q9HVS3	PA4498	GO:0006508; GO:0016805; GO:0042938; GO:0046872; GO:0070006	Hydrolase;Metal-binding;Metalloprotease;Protease;Reference proteome
Q9HVV1	PA4467	GO:0005385; GO:0005886; GO:0016020; GO:0071577	Cell membrane;Membrane;Reference proteome;Transmembrane;Transmembrane helix;Zinc
Q9HVV6	PA4461	GO:0005524; GO:0005737; GO:0005886; GO:0016887; GO:0042626; GO:0043190	3D-structure;ATP-binding;Cell inner membrane;Cell membrane;Cytoplasm;Membrane;Nucleotide-binding;Reference proteome;Translocase;Transport
Q9HW15	speA PA4389	GO:0016616; GO:0018511; GO:0030497	Oxidoreductase;Reference proteome
Q9HW34	PA4368	GO:0008270; GO:0016020; GO:0016567; GO:0061630	Membrane;Metal-binding;Reference proteome;Transferase;Transmembrane;Transmembrane helix;Ubl conjugation pathway;Zinc;Zinc-finger
Q9HW85	sbcB PA4316	GO:0000175; GO:0003677; GO:0006281; GO:0008310; GO:0046872	DNA damage;DNA repair;DNA-binding;Exonuclease;Hydrolase;Magnesium;Metal-binding;Nuclease;Reference proteome
Q9HWI2	PA4199	GO:0016627; GO:0050660	FAD;Flavoprotein;Oxidoreductase;Reference proteome
Q9HWM5	PA4156	GO:0009279; GO:0015344; GO:0015891; GO:0044718; GO:0071281	Cell outer membrane;Ion transport;Iron;Iron transport;Membrane;Receptor;Reference proteome;Signal;TonB box;Transmembrane;Transmembrane beta strand;Transport
Q9HWN1	PA4150	GO:0004739; GO:0006086; GO:0045254	Oxidoreductase;Reference proteome;Thiamine pyrophosphate
Q9HWR8	PA4112	GO:0000155; GO:0005524; GO:0005886; GO:0006355	ATP-binding;Cell inner membrane;Cell membrane;Kinase;Membrane;Nucleotide-binding;Phosphoprotein;Reference proteome;Repeat;Transferase;Transmembrane;Transmembrane helix;Two-component regulatory system
Q9HWS7	bfmR PA4101	GO:0000156; GO:0000976; GO:0005829; GO:0006351; GO:0006355; GO:0032993; GO:0043565; GO:1900233	Cytoplasm;DNA-binding;Phosphoprotein;Reference proteome;Transcription;Transcription regulation;Two-component regulatory system
Q9HWV9	PA4069	GO:0000271; GO:0005829; GO:0008831; GO:0009243; GO:0019305	NADP;Oxidoreductase;Reference proteome
Q9HX11	PA4016	GO:0006508; GO:0008233; GO:0042995	Cell projection;Reference proteome;Repeat;Signal
Q9HX16	PA4011	GO:0005886; GO:0022857; GO:0043093; GO:0055085	Cell membrane;Membrane;Reference proteome;Transmembrane;Transmembrane helix
Q9HX22	rsfS PA4005	GO:0005737; GO:0017148; GO:0042256; GO:0043023; GO:0090071	Cytoplasm;Reference proteome;Repressor;Translation regulation
Q9HX24	sltB1 PA4001	GO:0008933; GO:0009253; GO:0046872	3D-structure;Calcium;Metal-binding;Reference proteome
Q9HX31	holA PA3989	GO:0003677; GO:0003887; GO:0006261; GO:0009360	DNA replication;DNA-directed DNA polymerase;Nucleotidyltransferase;Reference proteome;Transferase
Q9HX41	thiD PA3975	GO:0005829; GO:0008902; GO:0008972; GO:0009228; GO:0009229	Kinase;Reference proteome;Transferase
Q9HX46	amn PA3970	GO:0005829; GO:0008714; GO:0009116; GO:0044209	Hydrolase;Reference proteome
Q9HX53	PA3963	GO:0005886; GO:0006882; GO:0015086; GO:0015093; GO:0015341	Cell membrane;Ion transport;Iron;Iron transport;Membrane;Reference proteome;Transmembrane;Transmembrane helix;Transport;Zinc;Zinc transport
Q9HX70	rocS1 PA3946	GO:0000155; GO:0005524; GO:0005886	ATP-binding;Cell inner membrane;Cell membrane;Kinase;Membrane;Nucleotide-binding;Phosphoprotein;Reference proteome;Signal;Transferase;Transmembrane;Transmembrane helix;Two-component regulatory system
Q9HXD3	narL PA3879	GO:0000160; GO:0000976; GO:0001217; GO:0003700; GO:0006355; GO:0032993; GO:0045892	DNA-binding;Phosphoprotein;Reference proteome
Q9HXR7	recJ PA3725	GO:0003676; GO:0006281; GO:0006310; GO:0045145	Exonuclease;Hydrolase;Nuclease;Reference proteome
Q9HXW3	PA3677	GO:0016020; GO:0022857; GO:0046677	Coiled coil;Reference proteome;Signal
Q9HXX9	PA3660	GO:0005886; GO:0015385; GO:0015386; GO:0051453; GO:0071805; GO:0098719	Antiport;Cell inner membrane;Cell membrane;Ion transport;Membrane;Reference proteome;Sodium;Sodium transport;Transmembrane;Transmembrane helix;Transport
Q9HY30	PA3596	GO:0003700; GO:0003908; GO:0006281; GO:0008270; GO:0032259; GO:0043565	Activator;DNA damage;DNA repair;Metal-binding;Methyltransferase;Reference proteome;Transferase;Zinc
Q9HY45	PA3575	GO:0005886; GO:0009055; GO:0020037; GO:0022904; GO:0046872	Cell membrane;Electron transport;Heme;Iron;Membrane;Metal-binding;Reference proteome;Transmembrane;Transmembrane helix;Transport
Q9HYA3	PA3506	GO:0000287; GO:0003984; GO:0005948; GO:0009097; GO:0009099; GO:0030976; GO:0050660	Reference proteome;Thiamine pyrophosphate
Q9HYD4	PA3472	GO:0000270; GO:0004175; GO:0006508; GO:0008234	Hydrolase;Protease;Reference proteome;Signal;Thiol protease
Q9HYE7	PA3459	GO:0004066; GO:0005524; GO:0070981	Amino-acid biosynthesis;Asparagine biosynthesis;ATP-binding;Glutamine amidotransferase;Nucleotide-binding;Reference proteome
Q9HYG1	PA3445	GO:0016020; GO:0042597; GO:0042626	Reference proteome;Signal;Transport
Q9HYM8	phnN PA3373	GO:0005524; GO:0005829; GO:0006015; GO:0019634; GO:0033863	ATP-binding;Nucleotide-binding;Reference proteome;Transferase
Q9HYU3	fadD2 PA3300	GO:0004467; GO:0005524; GO:0006631; GO:0016020; GO:0016405	ATP-binding;Fatty acid metabolism;Ligase;Lipid metabolism;Magnesium;Membrane;Nucleotide-binding;Reference proteome
Q9HYY3	prc PA3257	GO:0004175; GO:0006508; GO:0007165; GO:0008236; GO:0030288	Coiled coil;Hydrolase;Protease;Reference proteome;Serine protease;Signal
Q9HZ36	PA3204	GO:0000156; GO:0000976; GO:0005829; GO:0006351; GO:0006355; GO:0032993	Cytoplasm;DNA-binding;Phosphoprotein;Reference proteome;Transcription;Transcription regulation;Two-component regulatory system
Q9HZ86	wbpM PA3141	GO:0006045; GO:0009243	Membrane;Reference proteome;Transmembrane;Transmembrane helix
Q9HZ93	PA3131	GO:0008675; GO:0009255; GO:0016832; GO:0106009	Carbohydrate metabolism;Lyase;Reference proteome
Q9HZF4	PA3054	GO:0004181; GO:0005615; GO:0006508; GO:0008270	Reference proteome;Signal
Q9HZF9	rmf PA3049	GO:0005737; GO:0006417	Cytoplasm;Reference proteome;Translation regulation
Q9HZH7	moaB2 PA3029	GO:0005525; GO:0005829; GO:0006777	GTP-binding;Molybdenum cofactor biosynthesis;Nucleotide-binding;Reference proteome
Q9HZL2	PA2993	GO:0005886; GO:0016740; GO:0046872	Cell inner membrane;Cell membrane;FAD;Flavoprotein;Lipoprotein;Magnesium;Membrane;Metal-binding;Palmitate;Reference proteome;Signal;Transferase
Q9HZR1	PA2936	GO:0005886; GO:0009055; GO:0020037; GO:0022904; GO:0046872	Cell membrane;Electron transport;Heme;Iron;Membrane;Metal-binding;Reference proteome;Transmembrane;Transmembrane helix;Transport
Q9HZS3	hisQ PA2924	GO:0005886; GO:0006865; GO:0022857; GO:0043190	Amino-acid transport;Cell inner membrane;Cell membrane;Membrane;Reference proteome;Transmembrane;Transmembrane helix;Transport
Q9HZV8	atuD PA2889	GO:0003995; GO:0005737; GO:0033539; GO:0034824; GO:0046247; GO:0050660	FAD;Flavoprotein;Oxidoreductase;Reference proteome
Q9HZW2	atuR PA2885	GO:0000976; GO:0003677; GO:0003700; GO:0006355; GO:0045827; GO:0045892; GO:0046247	Coiled coil;DNA-binding;Reference proteome
Q9HZY3	ligT PA2861	GO:0004113; GO:0008664; GO:0016874	Hydrolase;Ligase;Reference proteome
Q9I012	PA2831	GO:0004181; GO:0005737; GO:0006508; GO:0008270; GO:0015630; GO:0015631	3D-structure;Metal-binding;Reference proteome;Zinc
Q9I015	PA2828	GO:0004021; GO:0019272; GO:0030170; GO:0030632	Aminotransferase;Pyridoxal phosphate;Reference proteome;Transferase
Q9I034	copR PA2809	GO:0000156; GO:0000976; GO:0005829; GO:0006351; GO:0006355; GO:0032993; GO:0045892	DNA-binding;Phosphoprotein;Reference proteome;Transcription;Transcription regulation;Two-component regulatory system
Q9I035	ptrA PA2808	GO:0045892; GO:0050709; GO:1990169	Reference proteome;Signal
Q9I0B5	PA2727	GO:0004386; GO:0004674; GO:0005524	ATP-binding;Coiled coil;Kinase;Nucleotide-binding;Reference proteome;Serine/threonine-protein kinase;Transferase
Q9I0D3	cysK PA2709	GO:0004124; GO:0005737; GO:0006535; GO:0080146	Amino-acid biosynthesis;Cysteine biosynthesis;Pyridoxal phosphate;Reference proteome;Transferase
Q9I0F8	PA2680	GO:0003960; GO:0005829; GO:0035925	NADP;Oxidoreductase;Reference proteome
Q9I0G3	PA2675	GO:0005886; GO:0015627; GO:0015628	Cell inner membrane;Cell membrane;Membrane;Methylation;Reference proteome;Transmembrane;Transmembrane helix
Q9I0L4	idh PA2624	GO:0000166; GO:0004450; GO:0006097; GO:0006099; GO:0046872	3D-structure;Glyoxylate bypass;Magnesium;Metal-binding;NADP;Nucleotide-binding;Oxidoreductase;Reference proteome;Tricarboxylic acid cycle
Q9I0M8	PA2610	GO:0004364; GO:0005737	Reference proteome
Q9I0P7	PA2590	GO:0006826; GO:0009279; GO:0019867	Cell outer membrane;Ion transport;Iron;Iron transport;Membrane;Reference proteome;Signal;TonB box;Transmembrane;Transmembrane beta strand;Transport
Q9I0Q4	PA2582	GO:0005829; GO:0010608; GO:0033592; GO:0034057	Chaperone;Cytoplasm;Reference proteome;RNA-binding
Q9I0Q6	PA2580	GO:0003955; GO:0005829; GO:0008753; GO:0034599	Cytoplasm;FAD;Flavoprotein;Oxidoreductase;Reference proteome
Q9I0T2	PA2552	GO:0003995; GO:0050660	FAD;Flavoprotein;Oxidoreductase;Reference proteome
Q9I0T4	PA2550	GO:0003995; GO:0005737; GO:0033539; GO:0050660	FAD;Flavoprotein;Oxidoreductase;Reference proteome
Q9I0T9	xthA PA2545	GO:0003677; GO:0004519; GO:0005829; GO:0006281; GO:0006974; GO:0008311; GO:0046872	Hydrolase;Magnesium;Manganese;Metal-binding;Reference proteome
Q9I0V5	PA2528	GO:0005886; GO:0015562; GO:1990281	Cell inner membrane;Cell membrane;Coiled coil;Membrane;Reference proteome;Transmembrane;Transmembrane helix;Transport
Q9I0X3	catB PA2509	GO:0006518; GO:0009063; GO:0009234; GO:0016836; GO:0016854; GO:0018849; GO:0018850; GO:0030145	Aromatic hydrocarbons catabolism;Isomerase;Manganese;Metal-binding;Reference proteome
Q9I114	foxI PA2468	GO:0003677; GO:0005829; GO:0006352; GO:0006355; GO:0016987; GO:0034756	Reference proteome;Sigma factor;Transcription;Transcription regulation
Q9I143	PA2439	GO:0016020	Membrane;Reference proteome;Transmembrane;Transmembrane helix
Q9I144	PA2438	GO:0098797	Membrane;Reference proteome;Transmembrane;Transmembrane helix
Q9I157	pvdL PA2424	GO:0002049; GO:0003824; GO:0006631; GO:0008610; GO:0016740; GO:0016874; GO:0017000; GO:0031177; GO:0043041; GO:0071766; GO:0072330	3D-structure;Antibiotic biosynthesis;Fatty acid metabolism;Ligase;Lipid metabolism;Multifunctional enzyme;Phosphopantetheine;Phosphoprotein;Reference proteome;Transferase
Q9I197	lldA PA2382	GO:0004459; GO:0005886; GO:0009060; GO:0010181	Flavoprotein;FMN;Oxidoreductase;Reference proteome
Q9I1I9	PA2286	GO:0004222; GO:0005886; GO:0006508; GO:0008237; GO:0046872	Cell membrane;Hydrolase;Membrane;Metal-binding;Metalloprotease;Protease;Reference proteome;Transmembrane;Transmembrane helix;Zinc
Q9I1J2	PA2283	GO:0004222; GO:0005886; GO:0006508; GO:0008237; GO:0046872	Cell membrane;Hydrolase;Membrane;Metal-binding;Metalloprotease;Protease;Reference proteome;Transmembrane;Transmembrane helix;Zinc
Q9I1T8	PA2177	GO:0000155; GO:0007165	Phosphoprotein;Reference proteome
Q9I1U3	PA2172	GO:0006508; GO:0046872; GO:0070006	Aminopeptidase;Hydrolase;Metal-binding;Protease;Reference proteome
Q9I1Y2	PA2133	GO:0005886; GO:0071111; GO:1900190; GO:1900191	Reference proteome
Q9I2B1	dhcR PA1998	GO:0003700; GO:0005829; GO:0006351; GO:0006355; GO:0009896; GO:0043565	DNA-binding;Reference proteome;Transcription;Transcription regulation
Q9I2G3	PA1941	GO:0004130; GO:0009055; GO:0020037; GO:0046872	Heme;Iron;Membrane;Metal-binding;Reference proteome;Transmembrane;Transmembrane helix
Q9I2I2	PA1922	GO:0009279; GO:0015344; GO:0044718	Cell outer membrane;Ion transport;Membrane;Receptor;Reference proteome;Signal;TonB box;Transmembrane;Transmembrane beta strand;Transport
Q9I2L1	polB PA1886	GO:0000166; GO:0003677; GO:0003887; GO:0008296; GO:0009432; GO:0045004	DNA replication;DNA-binding;DNA-directed DNA polymerase;Nucleotidyltransferase;Reference proteome;Transferase
Q9I2M1	PA1876	GO:0005524; GO:0005886; GO:0006508; GO:0008233; GO:0016887; GO:0034040; GO:0055085; GO:0140359	ATP-binding;Hydrolase;Membrane;Nucleotide-binding;Reference proteome;Transmembrane;Transmembrane helix
Q9I2M2	PA1875	GO:0009279; GO:0015288; GO:0015562; GO:1990281	Cell outer membrane;Coiled coil;Membrane;Reference proteome;Signal;Transmembrane;Transmembrane beta strand;Transport
Q9I2M4	PA1873	GO:0000287; GO:0005886; GO:0015087; GO:0015095; GO:0050897	Cell inner membrane;Cell membrane;Ion transport;Membrane;Reference proteome;Transmembrane;Transmembrane helix;Transport;Zinc
Q9I2M9	PA1866	GO:0003677; GO:0003678; GO:0005524; GO:0006139; GO:0016818; GO:0046872; GO:0051536	ATP-binding;DNA-binding;Helicase;Hydrolase;Iron;Iron-sulfur;Isomerase;Metal-binding;Nucleotide-binding;Reference proteome
Q9I2N3	modB PA1862	GO:0005886; GO:0015098	Cell inner membrane;Cell membrane;Membrane;Molybdenum;Reference proteome;Transmembrane;Transmembrane helix;Transport
Q9I2U9	ppiB PA1793	GO:0003755; GO:0005737; GO:0006457	Cytoplasm;Isomerase;Reference proteome;Rotamase
Q9I334	pscR PA1693	GO:0005886; GO:0009306; GO:0044780; GO:0071978	Cell membrane;Membrane;Reference proteome;Transmembrane;Transmembrane helix
Q9I3G8	PA1549	GO:0005507; GO:0005524; GO:0005886; GO:0016020; GO:0016887; GO:0043682; GO:0055070	ATP-binding;Cell membrane;Ion transport;Magnesium;Membrane;Metal-binding;Nucleotide-binding;Phosphoprotein;Reference proteome;Translocase;Transmembrane;Transmembrane helix;Transport
Q9I3Q2	flhB PA1449	GO:0005886; GO:0009306; GO:0044780	Bacterial flagellum biogenesis;Bacterial flagellum protein export;Cell membrane;Cell projection;Cilium;Flagellum;Membrane;Protein transport;Reference proteome;Transmembrane;Transmembrane helix;Transport
Q9I3Q5	PA1442	GO:0005886; GO:0006935; GO:0009425; GO:0071978	Cell inner membrane;Cell membrane;Chemotaxis;Flagellar rotation;Membrane;Reference proteome;Transmembrane;Transmembrane helix
Q9I3T6	PA1408	GO:0005886; GO:0008381	Cell membrane;Coiled coil;Membrane;Reference proteome;Signal;Transmembrane;Transmembrane helix
Q9I3X1	fabF2 PA1373	GO:0004315; GO:0005829; GO:0006633	Acyltransferase;Fatty acid biosynthesis;Fatty acid metabolism;Lipid biosynthesis;Lipid metabolism;Reference proteome;Transferase
Q9I490	PA1254	GO:0008840; GO:0019470; GO:0047425	Lyase;Reference proteome
Q9I4E0	PA1198	GO:0000270; GO:0004175; GO:0006508; GO:0008234	Hydrolase;Protease;Reference proteome;Signal;Thiol protease
Q9I4I0	PA1157	GO:0000156; GO:0000976; GO:0005829; GO:0006351; GO:0006355; GO:0032993	Cytoplasm;DNA-binding;Phosphoprotein;Reference proteome;Transcription;Transcription regulation;Two-component regulatory system
Q9I4P3	flgK PA1086	GO:0005198; GO:0005576; GO:0009424; GO:0044780	Bacterial flagellum;Cell projection;Cilium;Flagellum;Reference proteome;Secreted
Q9I4Q2	flgB PA1077	GO:0009288; GO:0030694; GO:0071978	Bacterial flagellum;Cell projection;Cilium;Flagellum;Reference proteome
Q9I4Q6	PA1068	GO:0005524; GO:0005829; GO:0006457; GO:0006974; GO:0009408; GO:0016887; GO:0051082; GO:0140662	ATP-binding;Chaperone;Nucleotide-binding;Reference proteome;Stress response
Q9I4R5	PA1059	GO:0015385; GO:0035725	Membrane;Reference proteome;Transmembrane;Transmembrane helix
Q9I4R6	PA1058	GO:0005886; GO:0015385; GO:0035725	Antiport;Cell membrane;Ion transport;Membrane;Reference proteome;Transmembrane;Transmembrane helix;Transport
Q9I4Y4	pyoS5 PA0985	GO:0016020; GO:0031640; GO:0046872; GO:0050829; GO:0140911	3D-structure;Antibiotic;Antimicrobial;Bacteriocin;Coiled coil;Membrane;Metal-binding;Reference proteome;Transmembrane;Transmembrane helix;Zinc
Q9I516	PA0942	GO:0000976; GO:0001217; GO:0005737; GO:0006351; GO:0006355; GO:0006950; GO:0032993; GO:0045892	DNA-binding;Reference proteome;Transcription;Transcription regulation
Q9I539	PA0918	GO:0005886; GO:0009055; GO:0020037; GO:0022904; GO:0046872	Cell membrane;Electron transport;Heme;Iron;Membrane;Metal-binding;Reference proteome;Transmembrane;Transmembrane helix;Transport
Q9I549	PA0908	GO:0001896; GO:0006974; GO:0071236	Membrane;Reference proteome;Transmembrane;Transmembrane helix
Q9I551	PA0906	GO:0001896; GO:0003677; GO:0006351; GO:0006355; GO:0006974; GO:0045892	DNA-binding;Reference proteome;Transcription;Transcription regulation
Q9I559	PA0886	GO:0005886; GO:0022857	Cell inner membrane;Cell membrane;Membrane;Reference proteome;Transmembrane;Transmembrane helix;Transport
Q9I572	phhR PA0873	GO:0000987; GO:0001216; GO:0005524; GO:0005737; GO:0006351; GO:0006559; GO:0032993; GO:0045893	Activator;Aromatic hydrocarbons catabolism;ATP-binding;Cytoplasm;DNA-binding;Nucleotide-binding;Reference proteome;Repressor;Transcription;Transcription regulation
Q9I573	PA0868	GO:0003747; GO:0004045; GO:0005737; GO:0006417; GO:0043022; GO:0072344	Cytoplasm;Hydrolase;Reference proteome;Translation regulation
Q9I5A8	PA0832	GO:0004416; GO:0005829; GO:0019243; GO:0046872	Hydrolase;Metal-binding;Reference proteome;Zinc
Q9I5F2	PA0786	GO:0005886; GO:0022857; GO:0055085; GO:1990961	Cell membrane;Membrane;Reference proteome;Transmembrane;Transmembrane helix;Transport
Q9I5F8	pruR PA0780	GO:0000987; GO:0003700; GO:0006351; GO:0006355; GO:2001158	DNA-binding;Reference proteome;Transcription;Transcription regulation
Q9I5H2	PA0757	GO:0000155; GO:0000160; GO:0005886	Kinase;Membrane;Phosphoprotein;Reference proteome;Transferase;Transmembrane;Transmembrane helix;Two-component regulatory system
Q9I5I2	PA0747	GO:0004491; GO:0006210; GO:0006574	NAD;Oxidoreductase;Reference proteome
Q9I5I3	PA0746	GO:0003995; GO:0006629; GO:0050660	FAD;Flavoprotein;Oxidoreductase;Reference proteome
Q9I5J7	PA0732	GO:0008360; GO:0016740; GO:0018104; GO:0071555; GO:0071972	Cell shape;Cell wall biogenesis/degradation;Peptidoglycan synthesis;Reference proteome;Signal;Transferase
Q9I5L8	gloA2 PA0710	GO:0004462; GO:0005737; GO:0019243; GO:0046872	3D-structure;Lyase;Metal-binding;Nickel;Reference proteome;Zinc
Q9I5N7	PA0689	GO:0006817; GO:0015628; GO:0043952	Reference proteome;Signal
Q9I5P9	vreI PA0675	GO:0003677; GO:0005829; GO:0006352; GO:0006355; GO:0016987	Reference proteome;Sigma factor;Transcription;Transcription regulation
Q9I5T5	potA PA0603	GO:0005524; GO:0005886; GO:0015594; GO:0016887; GO:0043190; GO:0140359	ATP-binding;Cell membrane;Membrane;Nucleotide-binding;Reference proteome;Sugar transport;Translocase;Transport
Q9I5Z7	PA0539	GO:0005886; GO:0009103; GO:0009245; GO:0016020; GO:0022857	Cell inner membrane;Cell membrane;Lipid A biosynthesis;Lipid biosynthesis;Lipid metabolism;Lipopolysaccharide biosynthesis;Membrane;Reference proteome;Transmembrane;Transmembrane helix
Q9I610	PA0508	GO:0016627; GO:0050660	3D-structure;FAD;Flavoprotein;Nucleotide-binding;Oxidoreductase;Reference proteome
Q9I646	PA0472	GO:0003677; GO:0006352; GO:0006355; GO:0016987; GO:0034756	Reference proteome;Sigma factor;Transcription;Transcription regulation
Q9I650	PA0468	GO:0000287; GO:0016835; GO:0017001; GO:0046677	Antibiotic resistance;Lyase;Magnesium;Metal-binding;Reference proteome;Signal
Q9I677	PA0440	GO:0004159; GO:0016491; GO:0051536	Oxidoreductase;Reference proteome
Q9I6A9	PA0386	GO:0004109; GO:0005737; GO:0006779; GO:0046872; GO:0051539	4Fe-4S;Chaperone;Cytoplasm;Heme;Iron;Iron-sulfur;Metal-binding;Reference proteome;S-adenosyl-L-methionine
Q9I6D8	pfpI PA0355	GO:0005829; GO:0006508; GO:0008233; GO:0019172; GO:0044010; GO:0044011; GO:0071236; GO:0071978; GO:0106044	3D-structure;Hydrolase;Protease;Reference proteome
Q9I6J4	spuA PA0297	GO:0006598; GO:0033969; GO:0046203; GO:0046872	3D-structure;Glutamine amidotransferase;Metal-binding;Reference proteome
Q9I6J5	spuI PA0296	GO:0004356; GO:0005524; GO:0006542; GO:0006598; GO:0009447; GO:0046203	ATP-binding;Ligase;Magnesium;Nucleotide-binding;Reference proteome
Q9I6K1	gpuR PA0289	GO:0000976; GO:0003700; GO:0006351; GO:0006355; GO:0051345	DNA-binding;Reference proteome;Transcription;Transcription regulation
Q9I6R1	PA0227	GO:0042952; GO:0047569	Reference proteome;Transferase
Q9I6V8	cheD PA0174	GO:0006935; GO:0050568	Chemotaxis;Hydrolase;Reference proteome
Q9I6W0	PA0172	GO:0007165; GO:0016020; GO:0016791; GO:0046872	3D-structure;Coiled coil;Hydrolase;Membrane;Metal-binding;Reference proteome;Transmembrane;Transmembrane helix
Q9I6W3	PA0169	GO:0005886; GO:0043709; GO:0052621; GO:1902201	Reference proteome
Q9I6W4	PA0168	GO:0005737; GO:0006446; GO:0017111; GO:0032561; GO:0043168	Reference proteome
Q9I725	PA0107	GO:0005507; GO:0005886	Copper;Membrane;Reference proteome;Signal-anchor;Transmembrane;Transmembrane helix
Q9I730	PA0102	GO:0004089; GO:0008270; GO:0009440; GO:0015976	Lyase;Metal-binding;Reference proteome;Zinc
Q9I754	PA0078	GO:0071973; GO:0120101	3D-structure;Membrane;Reference proteome;Transmembrane;Transmembrane helix
Q9I7A0	PA0030	GO:0015871; GO:0033265; GO:0042425; GO:0042597; GO:0043190; GO:1901682	Reference proteome;Signal
G3XCT7	ampG PA4393	GO:0008521; GO:0009276; GO:0016020; GO:0022857; GO:0033252; GO:0035348; GO:0046677	Cell membrane;Membrane;Reference proteome;Transmembrane;Transmembrane helix;Transport
G3XCV3	PA2794	GO:0004308; GO:0005737; GO:0006689; GO:0009313; GO:0016020	Reference proteome
G3XCW8	cioA PA3930	GO:0005886; GO:0009055; GO:0016682; GO:0019646; GO:0020037; GO:0046872; GO:0070069	Cell membrane;Electron transport;Heme;Iron;Membrane;Metal-binding;Reference proteome;Transmembrane;Transmembrane helix;Transport
G3XCX6	popN PA1698	GO:0009986; GO:0019867; GO:0030254; GO:0050709	Reference proteome
G3XCZ6	fabD PA2968	GO:0004314; GO:0005829; GO:0006633	Acyltransferase;Reference proteome;Transferase
G3XD10	nirJ PA0511	GO:0003824; GO:0006783; GO:0046872; GO:0051539	4Fe-4S;Iron;Iron-sulfur;Metal-binding;Reference proteome;S-adenosyl-L-methionine
G3XD49	pcrV PA1706	GO:0005615; GO:0030254; GO:0030257	3D-structure;Reference proteome
G3XD77	qscR PA1898	GO:0000976; GO:0001216; GO:0006351; GO:0009372; GO:0032993; GO:1900377	DNA-binding;Reference proteome;Transcription;Transcription regulation
G3XD89	oprC PA3790	GO:0009279; GO:0015344; GO:0044718; GO:0046872	3D-structure;Cell outer membrane;Membrane;Metal-binding;Reference proteome;TonB box;Transmembrane;Transmembrane beta strand;Transport
G3XD90	motD PA1461	GO:0071973; GO:0071978; GO:0120101	Cell membrane;Membrane;Reference proteome;Transmembrane;Transmembrane helix
Q7DC82	phzC1 phzC2 PA1901 PA4212	GO:0002047; GO:0003849; GO:0009073	Cadmium;Cobalt;Manganese;Reference proteome;Transferase
Q9HT61	mifS PA5512	GO:0000155; GO:0005524; GO:0005886; GO:0007165	ATP-binding;Cell inner membrane;Cell membrane;Kinase;Membrane;Nucleotide-binding;Phosphoprotein;Reference proteome;Transferase;Transmembrane;Transmembrane helix;Two-component regulatory system
Q9HT76	nrdJa PA5497	GO:0004748; GO:0005524; GO:0009263; GO:0031419; GO:0071897	Cobalamin;Cobalt;Deoxyribonucleotide synthesis;Disulfide bond;DNA synthesis;Nucleotide-binding;Oxidoreductase;Reference proteome
Q9HT91	gltP PA5479	GO:0005280; GO:0005886; GO:0006835; GO:0022857	Amino-acid transport;Cell inner membrane;Cell membrane;Membrane;Reference proteome;Symport;Transmembrane;Transmembrane helix;Transport
Q9HT97	PA5473	GO:0005436; GO:0005886; GO:0044341	Cell membrane;Membrane;Reference proteome;Transmembrane;Transmembrane helix
Q9HTB1	PA5459	GO:0008168; GO:0008757; GO:0009103; GO:0009243	Reference proteome
Q9HTD9	adhA PA5427	GO:0000166; GO:0004022; GO:0008270	3D-structure;Metal-binding;NAD;Nucleotide-binding;Oxidoreductase;Reference proteome;Zinc
Q9HTE4	purU2 purU PA5420	GO:0006189; GO:0006730; GO:0008864	Hydrolase;One-carbon metabolism;Purine biosynthesis;Reference proteome
Q9HTI9	betT1 PA5375	GO:0005275; GO:0005886; GO:0022857; GO:0033265; GO:0042426	Cell membrane;Membrane;Reference proteome;Transmembrane;Transmembrane helix;Transport
Q9HTR5	ubiK PA5289	GO:0005829; GO:0006744	Cytoplasm;Reference proteome;Ubiquinone biosynthesis
Q9HTR6	glnK PA5288	GO:0005524; GO:0005829; GO:0006808; GO:0030234; GO:0071236	Nucleotide-binding;Phosphoprotein;Reference proteome
Q9HTT2	corA PA5268	GO:0005886; GO:0015087; GO:0015095; GO:0015099; GO:0015693	Cell inner membrane;Cell membrane;Ion transport;Magnesium;Membrane;Reference proteome;Transmembrane;Transmembrane helix;Transport
Q9HTU3	PA5251	GO:0005886; GO:0008381	Cell inner membrane;Cell membrane;Ion channel;Ion transport;Membrane;Reference proteome;Transmembrane;Transmembrane helix;Transport
Q9HTU5	PA5249	GO:0005886; GO:0042968; GO:0042970	Cell membrane;Membrane;Reference proteome;Transmembrane;Transmembrane helix
Q9HTU6	PA5248	GO:0005886; GO:0009055; GO:0015093; GO:0020037; GO:0033573; GO:0034755; GO:0046872	Heme;Iron;Membrane;Metal-binding;Reference proteome;Signal;Transmembrane;Transmembrane helix
Q9HTU8	PA5246	GO:0047617	Hydrolase;Reference proteome
Q9HTV7	PA5233	GO:0005886; GO:0006935; GO:0009425; GO:0071978	Cell inner membrane;Cell membrane;Chemotaxis;Flagellar rotation;Membrane;Reference proteome;Signal;Transmembrane;Transmembrane helix
Q9HTW2	PA5228	GO:0005524; GO:0005737; GO:0009396; GO:0030272; GO:0035999; GO:0046872	ATP-binding;Magnesium;Metal-binding;Nucleotide-binding;Reference proteome
Q9HTZ0	amgS PA5199	GO:0000155; GO:0005524; GO:0005886	ATP-binding;Cell inner membrane;Cell membrane;Kinase;Membrane;Nucleotide-binding;Phosphoprotein;Reference proteome;Transferase;Transmembrane;Transmembrane helix;Two-component regulatory system
Q9HU26	PA5158	GO:0009279; GO:0015562; GO:0016020; GO:0022857; GO:0055085	Cell outer membrane;Coiled coil;Lipoprotein;Membrane;Palmitate;Reference proteome;Signal;Transmembrane;Transmembrane beta strand
Q9HU29	PA5155	GO:0005886; GO:0006865; GO:0022857; GO:0043190	Amino-acid transport;Cell inner membrane;Cell membrane;Membrane;Reference proteome;Transmembrane;Transmembrane helix;Transport
Q9HU59	ntrC PA5125	GO:0000156; GO:0000987; GO:0001216; GO:0005524; GO:0005737; GO:0006351; GO:0006808; GO:0032993; GO:0045893	Activator;ATP-binding;Cytoplasm;DNA-binding;Nitrogen fixation;Nucleotide-binding;Phosphoprotein;Reference proteome;Repressor;Transcription;Transcription regulation;Two-component regulatory system
Q9HU88	PA5095	GO:0005275; GO:0015226; GO:0015871; GO:0031460; GO:0043190; GO:1902603	Cell membrane;Membrane;Reference proteome;Transmembrane;Transmembrane helix;Transport
Q9HUB3	tatC PA5070	GO:0008320; GO:0009977; GO:0033281; GO:0043953; GO:0065002	Cell inner membrane;Cell membrane;Membrane;Protein transport;Reference proteome;Translocation;Transmembrane;Transmembrane helix;Transport
Q9HUD3	PA5046	GO:0004473; GO:0046872; GO:0051287	Metal-binding;Oxidoreductase;Reference proteome
Q9HUL6	PA4948	GO:0002949; GO:0005524; GO:0005737; GO:0046872	ATP-binding;Cytoplasm;Magnesium;Metal-binding;Nucleotide-binding;Reference proteome;tRNA processing
Q9HUM2	hflK PA4942	GO:0006508; GO:0008233; GO:0016020	Hydrolase;Membrane;Protease;Reference proteome;Transmembrane;Transmembrane helix
Q9HUP0	PA4924	GO:0004222; GO:0005886; GO:0009279; GO:0032153	Cell inner membrane;Cell membrane;Lipoprotein;Membrane;Palmitate;Reference proteome;Signal
Q9HUP5	PA4918	GO:0008936; GO:0016811; GO:0019363; GO:0046872	Hydrolase;Metal-binding;Pyridine nucleotide biosynthesis;Reference proteome
Q9HUP9	PA4914	GO:0000162; GO:0003700; GO:0006351; GO:0009891; GO:0043565	Activator;Amino-acid biosynthesis;Aromatic amino acid biosynthesis;DNA-binding;Reference proteome;Repressor;Transcription;Transcription regulation;Tryptophan biosynthesis
Q9HUR7	PA4896	GO:0003677; GO:0005829; GO:0006352; GO:0006355; GO:0016987; GO:0034756	Reference proteome;Sigma factor;Transcription;Transcription regulation
Q9HUV7	retS PA4856	GO:0000155; GO:0005524	3D-structure;ATP-binding;Kinase;Membrane;Nucleotide-binding;Phosphoprotein;Reference proteome;Signal;Transferase;Transmembrane;Transmembrane helix;Two-component regulatory system
Q9HUZ2	PA4818	GO:0000030; GO:0005886; GO:0006493; GO:0009103; GO:0010041; GO:0016763	Cell membrane;Glycosyltransferase;Membrane;Reference proteome;Transferase;Transmembrane;Transmembrane helix
Q9HV76	PA4722	GO:0006520; GO:0008483; GO:0030170	Aminotransferase;Pyridoxal phosphate;Reference proteome;Transferase
Q9HVA3	pssA PA4693	GO:0003882; GO:0008654; GO:0012505; GO:0016020	Lipid biosynthesis;Lipid metabolism;Membrane;Phospholipid biosynthesis;Phospholipid metabolism;Reference proteome;Transferase;Transmembrane;Transmembrane helix
Q9HVC2	ychF PA4673	GO:0005524; GO:0005525; GO:0005737; GO:0016887; GO:0043023; GO:0046872	ATP-binding;Magnesium;Metal-binding;Nucleotide-binding;Reference proteome
Q9HVG7	PA4624	GO:0008320; GO:0009279; GO:0044010; GO:0046819; GO:0098046	Cell outer membrane;Membrane;Protein transport;Reference proteome;Signal;Transmembrane;Transmembrane beta strand;Transport
Q9HVH2	PA4619	GO:0005506; GO:0009055; GO:0016020; GO:0016614; GO:0020037	Electron transport;Heme;Iron;Metal-binding;Reference proteome;Signal;Transport
Q9HVI3	PA4606	GO:0005886; GO:0009267; GO:0031669	Cell membrane;Membrane;Reference proteome;Transmembrane;Transmembrane helix;Transport
Q9HVJ4	PA4592	GO:0009279; GO:0015562; GO:0016020; GO:0022857; GO:0055085	Cell outer membrane;Coiled coil;Lipoprotein;Membrane;Palmitate;Reference proteome;Signal;Transmembrane;Transmembrane beta strand
Q9HVQ5	PA4517	GO:0005886; GO:0009244; GO:0016776	Cell inner membrane;Cell membrane;Membrane;Reference proteome;Transferase;Transmembrane;Transmembrane helix
Q9HVR5	PA4506	GO:0005524; GO:0005886; GO:0016887; GO:0022857; GO:0071916	ATP-binding;Nucleotide-binding;Reference proteome;Transport
Q9HVU0	mreB PA4481	GO:0000902; GO:0005524; GO:0005737; GO:0005856; GO:0005886; GO:0008360; GO:0043093	ATP-binding;Cell shape;Cytoplasm;Nucleotide-binding;Reference proteome
Q9HVU2	mreD PA4479	GO:0005886; GO:0008360	Cell inner membrane;Cell membrane;Cell shape;Membrane;Reference proteome;Transmembrane;Transmembrane helix
Q9HVW1	PA4456	GO:0005524; GO:0006869; GO:0016887; GO:0046872	3D-structure;ATP-binding;Metal-binding;Nucleotide-binding;Reference proteome;Transport
Q9HVW2	PA4455	GO:0005548; GO:0005886; GO:0015914; GO:0043190; GO:0080033	3D-structure;Cell inner membrane;Cell membrane;Membrane;Reference proteome;Transmembrane;Transmembrane helix;Transport
Q9HVX4	PA4441	GO:0005886; GO:0008360; GO:0051301	Cell cycle;Cell division;Cell inner membrane;Cell membrane;Cell shape;Membrane;Reference proteome;Transmembrane;Transmembrane helix
Q9HVY4	PA4431	GO:0005886; GO:0008121; GO:0016491; GO:0046872; GO:0051537	2Fe-2S;3D-structure;Cell membrane;Disulfide bond;Electron transport;Iron;Iron-sulfur;Membrane;Metal-binding;Reference proteome;Translocase;Transmembrane;Transmembrane helix;Transport
Q9HW07	PA4399	GO:0005524; GO:0008817; GO:0009236	ATP-binding;Cobalamin biosynthesis;Nucleotide-binding;Reference proteome;Transferase
Q9HW12	PA4394	GO:0005886; GO:0008381	3D-structure;Cell inner membrane;Cell membrane;Ion channel;Ion transport;Membrane;Reference proteome;Transmembrane;Transmembrane helix;Transport
Q9HWG8	PA4218	GO:0009276; GO:0016020; GO:0022857; GO:0033252; GO:0046677	Cell membrane;Membrane;Reference proteome;Transmembrane;Transmembrane helix;Transport
Q9HWN7	PA4144	GO:0009279; GO:0015562; GO:0016020; GO:0022857; GO:0031640; GO:0055085	Cell outer membrane;Cytolysis;Hemolysis;Lipoprotein;Membrane;Palmitate;Reference proteome;Signal;Transmembrane;Transmembrane beta strand;Transport
Q9HWN8	PA4143	GO:0005524; GO:0005886; GO:0006508; GO:0008234; GO:0016887; GO:0034040; GO:0055085; GO:0140359	ATP-binding;Cell membrane;Membrane;Nucleotide-binding;Reference proteome;Transmembrane;Transmembrane helix;Transport
Q9HWP9	PA4132	GO:0003677; GO:0003700; GO:0006351; GO:0008483; GO:0030170; GO:1901605	Aminotransferase;DNA-binding;Pyridoxal phosphate;Reference proteome;Transcription;Transcription regulation;Transferase
Q9HWR2	aph PA4119	GO:0005524; GO:0008910; GO:0046677; GO:0046872	Antibiotic resistance;ATP-binding;Kinase;Magnesium;Metal-binding;Nucleotide-binding;Reference proteome;Transferase
Q9HX32	lptE PA3988	GO:0001530; GO:0009279; GO:0015920; GO:0043165; GO:1990351	3D-structure;Cell outer membrane;Lipoprotein;Membrane;Palmitate;Reference proteome;Signal
Q9HXA2	ubiT PA3911	GO:0005829; GO:0006744	Reference proteome;Ubiquinone biosynthesis
Q9HXD9	PA3867	GO:0000150; GO:0003677; GO:0004803; GO:0006310; GO:0006313; GO:0015074	DNA integration;DNA invertase;DNA recombination;DNA-binding;Reference proteome
Q9HXE0	PA3866	GO:0004519; GO:0004540; GO:0005102; GO:0019835; GO:0031640; GO:0042742	Antibiotic;Antimicrobial;Bacteriocin;Coiled coil;Reference proteome
Q9HXI9	iscU PA3813	GO:0005737; GO:0006879; GO:0008198; GO:0016226; GO:0051537	Reference proteome
Q9HXL5	PA3780	GO:0005886; GO:0015740; GO:0022857	Cell inner membrane;Cell membrane;Membrane;Reference proteome;Transmembrane;Transmembrane helix;Transport
Q9HXM8	tadA PA3767	GO:0002100; GO:0008270; GO:0052717	Hydrolase;Metal-binding;Reference proteome;tRNA processing;Zinc
Q9HXY4	opr86 bamA PA3648	GO:0009279; GO:0043165; GO:0051205; GO:1990063	Cell outer membrane;Membrane;Reference proteome;Repeat;Signal;Transmembrane;Transmembrane beta strand
Q9HY22	erdR PA3604	GO:0000156; GO:0006355; GO:1900065	Phosphoprotein;Reference proteome
Q9HY57	fruA PA3560	GO:0005351; GO:0005886; GO:0009401; GO:0016301; GO:0022877; GO:0090563	Cell membrane;Kinase;Membrane;Phosphoprotein;Phosphotransferase system;Reference proteome;Sugar transport;Transferase;Transmembrane;Transmembrane helix;Transport
Q9HYF2	PA3454	GO:0003988; GO:0005737; GO:0006635; GO:0010124; GO:0033812	3D-structure;Acyltransferase;Fatty acid metabolism;Lipid metabolism;Reference proteome;Transferase
Q9HYG0	PA3446	GO:0006974; GO:0008752; GO:0016655; GO:0046306; GO:1990202	Flavoprotein;FMN;Oxidoreductase;Reference proteome
Q9HYG9	folM PA3437	GO:0004146; GO:0006730; GO:0016491	NADP;One-carbon metabolism;Oxidoreductase;Reference proteome
Q9HYI8	PA3417	GO:0004739; GO:0006086	Oxidoreductase;Pyruvate;Reference proteome;Thiamine pyrophosphate
Q9HYJ5	PA3410	GO:0003677; GO:0005829; GO:0006352; GO:0006355; GO:0016987; GO:0034756; GO:0071281	Reference proteome;Sigma factor;Transcription;Transcription regulation
Q9HYJ7	hasR PA3408	GO:0007166; GO:0009279; GO:0015232; GO:0015344; GO:0015886; GO:0019867; GO:0020037; GO:0038023; GO:0044718	Cell outer membrane;Ion transport;Iron;Iron transport;Membrane;Receptor;Reference proteome;Signal;TonB box;Transmembrane;Transmembrane beta strand;Transport
Q9HYQ2	PA3343	GO:0005886; GO:0043709; GO:0052621; GO:1902201	Membrane;Reference proteome;Transmembrane;Transmembrane helix
Q9HYQ6	plpD PA3339	GO:0005576; GO:0009279; GO:0016042; GO:0016298; GO:0046819	3D-structure;Hydrolase;Lipid degradation;Lipid metabolism;Membrane;Reference proteome;Signal
Q9HZ04	PA3236	GO:0015418; GO:0031457; GO:0031460; GO:0042597; GO:0043190; GO:0050997	Cell membrane;Membrane;Reference proteome;Signal;Transport
Q9HZ51	PA3187	GO:0005524; GO:0008643; GO:0016887; GO:0055052; GO:0140359	ATP-binding;Nucleotide-binding;Reference proteome;Sugar transport;Transport
Q9HZG1	PA3047	GO:0000270; GO:0004175; GO:0004185; GO:0006508; GO:0009252	Carboxypeptidase;Hydrolase;Protease;Reference proteome;Signal
Q9HZH0	PA3038	GO:0010167; GO:0015288; GO:0016020; GO:0071453	3D-structure;Reference proteome;Signal;Transport
Q9HZI7	uup PA3019	GO:0003677; GO:0005524; GO:0005737; GO:0006281; GO:0016887; GO:0043022	ATP-binding;Cytoplasm;DNA damage;DNA repair;DNA-binding;Hydrolase;Nucleotide-binding;Reference proteome;Repeat
Q9HZL6	PA2988	GO:0042953; GO:0044874; GO:0098797	Cell membrane;Membrane;Reference proteome;Transmembrane;Transmembrane helix;Transport
Q9HZL8	PA2986	GO:0042953; GO:0044874; GO:0089705; GO:0098797	Cell membrane;Membrane;Reference proteome;Transmembrane;Transmembrane helix;Transport
Q9HZM2	PA2982	GO:0005886; GO:0015031; GO:0022857	Cell membrane;Membrane;Protein transport;Reference proteome;Transmembrane;Transmembrane helix;Transport
Q9HZZ0	PA2854	GO:0008360; GO:0016757; GO:0018104; GO:0071555; GO:0071972	Cell shape;Cell wall biogenesis/degradation;Glycosyltransferase;Hydrolase;Peptidoglycan synthesis;Reference proteome;Signal;Transferase
Q9I025	arr PA2818	GO:0004114; GO:0005886; GO:0046677; GO:0071111; GO:1900190	c-di-GMP;Cell membrane;Hydrolase;Membrane;Reference proteome;Transmembrane;Transmembrane helix
Q9I030	PA2813	GO:0004364; GO:0005737; GO:0043295	Reference proteome;Transferase
Q9I032	PA2811	GO:0005886; GO:0043190; GO:0140359	Cell membrane;Membrane;Reference proteome;Transmembrane;Transmembrane helix;Transport
Q9I072	PA2771	GO:0000166; GO:0005886; GO:0052621	3D-structure;Nucleotide-binding;Reference proteome
Q9I0C7	PA2715	GO:0009055; GO:0046872; GO:0051538; GO:0051539	3Fe-4S;4Fe-4S;Electron transport;Iron;Iron-sulfur;Metal-binding;Reference proteome;Repeat;Transport
Q9I0L6	cspD PA2622	GO:0003676; GO:0003677; GO:0005829; GO:0006355; GO:0010468	Cytoplasm;DNA-binding;Reference proteome
Q9I0L8	clpA PA2620	GO:0005524; GO:0005737; GO:0006508; GO:0008233; GO:0016887; GO:0034605; GO:0043335	ATP-binding;Chaperone;Hydrolase;Nucleotide-binding;Protease;Reference proteome;Repeat
Q9I0M2	trxB1 PA2616	GO:0004791; GO:0005737; GO:0019430; GO:0045454	Disulfide bond;FAD;Flavoprotein;NADP;Oxidoreductase;Redox-active center;Reference proteome
Q9I0N0	PA2608	GO:0002143; GO:0005737; GO:0016740; GO:0097163	Cytoplasm;Reference proteome;Transferase
Q9I0P3	PA2594	GO:0016020; GO:0042597; GO:0042626	Reference proteome;Signal;Transport
Q9I0P6	PA2591	GO:0000976; GO:0001217; GO:0003700; GO:0006351; GO:0006355; GO:0032993; GO:1900378	3D-structure;DNA-binding;Reference proteome;Transcription;Transcription regulation
Q9I0Q3	PA2583	GO:0000155; GO:0000160; GO:0000166; GO:0005886; GO:0009927	Kinase;Membrane;Nucleotide-binding;Phosphoprotein;Reference proteome;Signal;Transferase;Transmembrane;Transmembrane helix;Two-component regulatory system
Q9I0W0	czcC PA2522	GO:0009279; GO:0015562; GO:0016020; GO:0022857; GO:0055085	Cell outer membrane;Lipoprotein;Membrane;Palmitate;Reference proteome;Signal;Transmembrane;Transmembrane beta strand
Q9I0X5	catA PA2507	GO:0008199; GO:0018576; GO:0019614; GO:0042952; GO:0051213	Aromatic hydrocarbons catabolism;Dioxygenase;Iron;Metal-binding;Oxidoreductase;Reference proteome
Q9I130	PA2452	GO:0005506; GO:0005737; GO:0006826; GO:0008849	Reference proteome;Signal
Q9I182	pvdD PA2399	GO:0002049; GO:0003824; GO:0005737; GO:0005829; GO:0016874; GO:0031177; GO:0043041; GO:0044550	Ligase;Phosphopantetheine;Phosphoprotein;Reference proteome
Q9I1D1	PA2347	GO:0003995; GO:0005737; GO:0016712; GO:0033539; GO:0050660	Oxidoreductase;Reference proteome
Q9I1D2	PA2346	GO:0003995; GO:0005737; GO:0016712; GO:0033539; GO:0050660	Flavoprotein;Oxidoreductase;Reference proteome
Q9I1F4	PA2324	GO:0003995; GO:0005737; GO:0016712; GO:0033539; GO:0050660	Flavoprotein;Oxidoreductase;Reference proteome
Q9I1J6	arsB PA2278	GO:0005886; GO:0008490; GO:0015700; GO:0042960; GO:0046685	Arsenical resistance;Cell membrane;Membrane;Reference proteome;Transmembrane;Transmembrane helix;Transport
Q9I1J7	arsR PA2277	GO:0003677; GO:0003700; GO:0006351; GO:0006355; GO:0046685; GO:0046872	Arsenical resistance;DNA-binding;Metal-binding;Metal-thiolate cluster;Reference proteome;Transcription;Transcription regulation
Q9I1K7	PA2266	GO:0005506; GO:0005886; GO:0009055; GO:0016614; GO:0020037	Cell membrane;Electron transport;Heme;Iron;Membrane;Metal-binding;Reference proteome;Repeat;Signal;Transport
Q9I1L6	ansA PA2253	GO:0004067; GO:0005829; GO:0006520	Reference proteome
Q9I1N5	pslD PA2234	GO:0006811; GO:0009279; GO:0015159; GO:0015288; GO:0030114; GO:0044010; GO:0046930	Cell outer membrane;Ion transport;Lipoprotein;Membrane;Palmitate;Polysaccharide transport;Porin;Reference proteome;Signal;Sugar transport;Transmembrane;Transmembrane beta strand;Transport
Q9I1N6	pslC PA2233	GO:0009103; GO:0016757; GO:0044010	Lipopolysaccharide biosynthesis;Reference proteome;Transferase
Q9I1R5	PA2202	GO:0005886; GO:0006865; GO:0022857; GO:0043190	Amino-acid transport;Cell membrane;Membrane;Reference proteome;Transmembrane;Transmembrane helix;Transport
Q9I1V1	PA2164	GO:0005737; GO:0005992; GO:0033942	Carbohydrate metabolism;Cytoplasm;Glycosidase;Hydrolase;Reference proteome
Q9I1Y5	cupA3 PA2130	GO:0007155; GO:0009279; GO:0009297; GO:0015473; GO:0071453; GO:0098743	Cell outer membrane;Fimbrium biogenesis;Membrane;Reference proteome;Signal;Transmembrane;Transmembrane beta strand;Transport
Q9I1Z7	ada PA2118	GO:0003700; GO:0003908; GO:0006281; GO:0006351; GO:0008270; GO:0032259; GO:0043565	Activator;DNA damage;DNA repair;Metal-binding;Methyltransferase;Reference proteome;Transcription;Transcription regulation;Transferase;Zinc
Q9I210	PA2105	GO:0005829; GO:0009001; GO:0019344; GO:0170033; GO:0170039	Acyltransferase;Amino-acid biosynthesis;Reference proteome;Transferase
Q9I231	PA2084	GO:0004066; GO:0005524; GO:0070981	Amino-acid biosynthesis;Asparagine biosynthesis;ATP-binding;Glutamine amidotransferase;Nucleotide-binding;Reference proteome
Q9I265	PA2050	GO:0003677; GO:0005829; GO:0006352; GO:0006355; GO:0010959; GO:0016987	Reference proteome;Sigma factor;Transcription;Transcription regulation
Q9I2K4	PA1893	GO:0009372; GO:0016811; GO:0017000; GO:0042597; GO:0046872	Calcium;Hydrolase;Metal-binding;Periplasm;Quorum sensing;Reference proteome;Signal;Zymogen
Q9I2M7	xqhA PA1868	GO:0009279; GO:0009306; GO:0015627; GO:0015628; GO:0042834	Cell outer membrane;Membrane;Protein transport;Reference proteome;Signal;Transmembrane;Transmembrane beta strand;Transport
Q9I2P4	PA1851	GO:0005886; GO:0043709; GO:0052621; GO:1902201	Membrane;Reference proteome;Transmembrane;Transmembrane helix
Q9I2S6	PA1819	GO:0005886; GO:0043862	Cell membrane;Membrane;Reference proteome;Transmembrane;Transmembrane helix
Q9I2T5	PA1809	GO:0005886; GO:0006857; GO:0022857; GO:0042884	Cell inner membrane;Cell membrane;Membrane;Peptide transport;Protein transport;Reference proteome;Transmembrane;Transmembrane helix;Transport
Q9I2W3	PA1779	GO:0016020; GO:0042128; GO:0043546; GO:0045333; GO:0046872; GO:0050140; GO:0051539; GO:1990204	4Fe-4S;Electron transport;Iron;Iron-sulfur;Metal-binding;Molybdenum;Nitrate assimilation;Oxidoreductase;Periplasm;Reference proteome;Signal;Transport
Q9I2W9	ppsA PA1770	GO:0005524; GO:0006094; GO:0008986; GO:0046872	ATP-binding;Kinase;Magnesium;Metal-binding;Nucleotide-binding;Reference proteome;Transferase
Q9I2Y5	PA1752	GO:0000166; GO:0005737; GO:0008677; GO:0015940	3D-structure;NADP;Nucleotide-binding;Oxidoreductase;Pantothenate biosynthesis;Reference proteome
Q9I330	PA1697	GO:0005524; GO:0005737; GO:0008564; GO:0015986; GO:0016887; GO:0030254; GO:0030257; GO:0045259; GO:0046961	ATP-binding;Cytoplasm;Nucleotide-binding;Protein transport;Reference proteome;Translocase;Transport;Virulence
Q9I3J0	xdhB PA1523	GO:0005506; GO:0016491; GO:0030151; GO:0051537	2Fe-2S;Iron;Iron-sulfur;Metal-binding;Molybdenum;Oxidoreductase;Reference proteome
Q9I3R0	PA1437	GO:0000156; GO:0000976; GO:0005829; GO:0006351; GO:0006355; GO:0032993	DNA-binding;Phosphoprotein;Reference proteome;Transcription;Transcription regulation;Two-component regulatory system
Q9I3W2	PA1382	GO:0009279; GO:0009306; GO:0015627	Membrane;Reference proteome;Signal;Transport
Q9I403	PA1341	GO:0005886; GO:0006865; GO:0022857; GO:0043190; GO:0051938	Amino-acid transport;Cell membrane;Membrane;Reference proteome;Transmembrane;Transmembrane helix;Transport
Q9I408	PA1336	GO:0000155; GO:0005524; GO:0005886; GO:0007165	ATP-binding;Cell inner membrane;Cell membrane;Coiled coil;Kinase;Membrane;Nucleotide-binding;Phosphoprotein;Reference proteome;Transferase;Transmembrane;Transmembrane helix;Two-component regulatory system
Q9I422	PA1322	GO:0009279; GO:0015344; GO:0015891; GO:0033214; GO:0038023	Cell outer membrane;Ion transport;Iron;Iron transport;Membrane;Receptor;Reference proteome;Signal;TonB box;Transmembrane;Transmembrane beta strand;Transport
Q9I450	rnd PA1294	GO:0000166; GO:0000175; GO:0003676; GO:0005737; GO:0033890; GO:0042780	Cytoplasm;Exonuclease;Hydrolase;Nuclease;Reference proteome;tRNA processing
Q9I483	PA1261	GO:0000976; GO:0003700; GO:0005737; GO:0006351; GO:0006355; GO:0016301; GO:0045764; GO:0051957	DNA-binding;Kinase;Reference proteome;Transcription;Transcription regulation;Transferase
Q9I4B7	PA1221	GO:0000166; GO:0005737; GO:0005829; GO:0009239; GO:0009366; GO:0031177; GO:0043041; GO:0047527	3D-structure;Nucleotide-binding;Reference proteome
Q9I4C4	PA1214	GO:0004066; GO:0005524; GO:0070981	Amino-acid biosynthesis;Asparagine biosynthesis;ATP-binding;Glutamine amidotransferase;Nucleotide-binding;Reference proteome
Q9I4G2	napD PA1175	GO:0005048; GO:0005737; GO:0051224	Chaperone;Cytoplasm;Reference proteome
Q9I4M8	PA1107	GO:0005886; GO:0043709; GO:0052621; GO:1902201	Coiled coil;Membrane;Reference proteome;Transmembrane;Transmembrane helix
Q9I4N0	fliJ PA1105	GO:0003774; GO:0005886; GO:0006935; GO:0009288; GO:0015031; GO:0044781; GO:0071973	Bacterial flagellum biogenesis;Bacterial flagellum protein export;Cell membrane;Cell projection;Chemotaxis;Cilium;Coiled coil;Flagellum;Membrane;Protein transport;Reference proteome;Transport
Q9I4R8	PA1056	GO:0005886; GO:0008137; GO:0015385; GO:0035725; GO:0042773	Cell membrane;Membrane;Reference proteome;Transmembrane;Transmembrane helix
Q9I4R9	PA1055	GO:0005886; GO:0015385; GO:0035725	Cell membrane;Membrane;Reference proteome;Transmembrane;Transmembrane helix
Q9I4W5	bcp PA1008	GO:0005737; GO:0008379; GO:0034599; GO:0045454	Antioxidant;Disulfide bond;Oxidoreductase;Peroxidase;Redox-active center;Reference proteome
Q9I598	PA0842	GO:0008654; GO:0016757; GO:1901137	Glycosyltransferase;Lipid biosynthesis;Lipid metabolism;Phospholipid biosynthesis;Phospholipid metabolism;Reference proteome;Transferase
Q9I5A7	PA0833	GO:0009279	3D-structure;Cell outer membrane;Membrane;Reference proteome;Signal
Q9I5P7	PA0678	GO:0005886; GO:0015627; GO:0015628	Cell inner membrane;Cell membrane;Membrane;Methylation;Reference proteome;Transmembrane;Transmembrane helix
Q9I5V4	PA0583	GO:0003848; GO:0005524; GO:0016301; GO:0046654; GO:0046656	ATP-binding;Folate biosynthesis;Kinase;Nucleotide-binding;Reference proteome;Transferase
Q9I5V5	folB PA0582	GO:0004150; GO:0005737; GO:0016853; GO:0046654; GO:0046656	Folate biosynthesis;Isomerase;Lyase;Reference proteome
Q9I5Z5	PA0541	GO:0005506; GO:0009055; GO:0020037; GO:0022900; GO:0042597	Electron transport;Heme;Iron;Metal-binding;Reference proteome;Signal;Transport
Q9I615	bioC PA0503	GO:0008168; GO:0008757; GO:0009102; GO:0010340; GO:0032259; GO:0102130	Biotin biosynthesis;Methyltransferase;Reference proteome;S-adenosyl-L-methionine;Transferase
Q9I654	creC PA0464	GO:0000155; GO:0016020	Kinase;Membrane;Phosphoprotein;Reference proteome;Transferase;Transmembrane;Transmembrane helix;Two-component regulatory system
Q9I655	creB PA0463	GO:0000156; GO:0000976; GO:0000987; GO:0005829; GO:0006351; GO:0006355; GO:0032993; GO:0042802; GO:0045893	Cytoplasm;DNA-binding;Phosphoprotein;Reference proteome;Transcription;Transcription regulation;Two-component regulatory system
Q9I683	PA0434	GO:0009279; GO:0015344; GO:0015891; GO:0033214; GO:0038023	Cell outer membrane;Ion transport;Iron;Iron transport;Membrane;Receptor;Reference proteome;Signal;TonB box;Transmembrane;Transmembrane beta strand;Transport
Q9I6C4	PA0370	GO:0052913; GO:0070475	Methyltransferase;Reference proteome;rRNA processing;S-adenosyl-L-methionine;Transferase
Q9I6E6	glpQ PA0347	GO:0006071; GO:0006629; GO:0008889; GO:0042597	Glycerol metabolism;Hydrolase;Reference proteome;Signal
Q9I6G0	ilvA1 ilvA PA0331	GO:0004794; GO:0009097; GO:0030170	3D-structure;Amino-acid biosynthesis;Branched-chain amino acid biosynthesis;Isoleucine biosynthesis;Lyase;Pyridoxal phosphate;Reference proteome;Repeat
Q9I6H4	PA0317	GO:0006564; GO:0022904; GO:0046872; GO:0051990; GO:0071949	FAD;Flavoprotein;Metal-binding;Oxidoreductase;Reference proteome;Zinc
Q9I6H8	PA0313	GO:0005886; GO:0015184; GO:0015811; GO:0043190	Amino-acid transport;Cell membrane;Membrane;Reference proteome;Transmembrane;Transmembrane helix;Transport
Q9I6I8	spuG PA0303	GO:0005886; GO:0015417; GO:0015847; GO:0015848; GO:1903711	Cell membrane;Membrane;Reference proteome;Transmembrane;Transmembrane helix;Transport
Q9I6Q9	pcaT PA0229	GO:0005886; GO:0015294	Cell inner membrane;Cell membrane;Membrane;Reference proteome;Symport;Transmembrane;Transmembrane helix;Transport
Q9I6R2	PA0226	GO:0042952; GO:0047569	Reference proteome;Transferase
Q9I6T4	PA0204	GO:0005886; GO:0015417	Cell inner membrane;Cell membrane;Membrane;Reference proteome;Transmembrane;Transmembrane helix;Transport
Q9I6V4	PA0178	GO:0000155; GO:0000160; GO:0005524; GO:0005737; GO:0006935; GO:0050920	ATP-binding;Chemotaxis;Kinase;Nucleotide-binding;Phosphoprotein;Reference proteome;Transferase;Two-component regulatory system
Q9I6Y3	PA0149	GO:0003677; GO:0005829; GO:0006352; GO:0006355; GO:0010959; GO:0016987	Reference proteome;Sigma factor;Transcription;Transcription regulation
Q9I6Y9	nuh PA0143	GO:0005829; GO:0006152; GO:0006163; GO:0008477; GO:0045437	Glycosidase;Hydrolase;Reference proteome;Signal
Q9I7A4	plcB PA0026	GO:0004629; GO:0006935; GO:0008270; GO:0015628; GO:0016298; GO:0043952	Reference proteome;Signal
Q9I7B3	PA0013	GO:0005886; GO:0022857; GO:0072531	Cell inner membrane;Cell membrane;Membrane;Reference proteome;Transmembrane;Transmembrane helix;Transport
Q9ZIH0	cmpX PA1775	GO:0005886; GO:0008381	Cell inner membrane;Cell membrane;Ion channel;Ion transport;Membrane;Reference proteome;Transmembrane;Transmembrane helix;Transport
B5WWL1	PA0457.1	GO:0012505	Membrane;Reference proteome;Transmembrane;Transmembrane helix
G3XCU7	PA2949	GO:0003824	Reference proteome
G3XCX0	PA3789		Membrane;Reference proteome;Transmembrane;Transmembrane helix
G3XCZ7	PA3119	GO:0008168; GO:0008757	Reference proteome
G3XD11	oprH PA1178	GO:0001530; GO:0009279	Reference proteome;Signal
G3XD22	arsC PA2279	GO:0046685	Arsenical resistance;Reference proteome
G3XD57	PA0636		Reference proteome
G3XD81	PA5160	GO:0005886; GO:0015721; GO:0022857; GO:0055085; GO:1990961	Cell inner membrane;Cell membrane;Membrane;Reference proteome;Transmembrane;Transmembrane helix;Transport
G3XD86	PA0613		Reference proteome
G3XD95	chpC PA0415	GO:0006935; GO:0007165	Reference proteome
G3XDA0	PA0526		Membrane;Reference proteome;Transmembrane;Transmembrane helix
G3XDB1	PA0631		Reference proteome;Signal
O69003	PA0673		Reference proteome;Signal
O69006	vreR PA0676	GO:0016989	Reference proteome
Q9HT27	PA5547	GO:0000287; GO:0005737; GO:0006564; GO:0036424	Reference proteome
Q9HT31	PA5543		Reference proteome
Q9HT41	PA5533		Reference proteome;Signal
Q9HT47	PA5526		Cell membrane;Lipoprotein;Membrane;Palmitate;Reference proteome;Signal
Q9HT54	PA5519	GO:0005737; GO:0005829; GO:0006637; GO:0052816	Hydrolase;Reference proteome
Q9HT60	poxA PA5513		Reference proteome
Q9HT63	PA5510	GO:0005886; GO:0022857	Membrane;Reference proteome;Transmembrane;Transmembrane helix
Q9HT66	PA5507	GO:0016787	Hydrolase;Reference proteome
Q9HT69	PA5504	GO:0005886; GO:0048473; GO:1903810	Cell membrane;Membrane;Reference proteome;Transmembrane;Transmembrane helix;Transport
Q9HT96	PA5474	GO:0008237; GO:0046872	Hydrolase;Membrane;Metalloprotease;Protease;Reference proteome;Signal;Transmembrane;Transmembrane helix
Q9HTA3	PA5467		Reference proteome;Signal
Q9HTA6	PA5464		Reference proteome;Signal
Q9HTA8	PA5462		Reference proteome;Signal
Q9HTB0	PA5460		Reference proteome
Q9HTF0	PA5414		Reference proteome
Q9HTF6	PA5408		Reference proteome
Q9HTG1	PA5403	GO:0003677	Reference proteome
Q9HTH4	PA5390	GO:0006526; GO:0008777; GO:0046872	Amino-acid biosynthesis;Arginine biosynthesis;Cobalt;Cytoplasm;Hydrolase;Metal-binding;Reference proteome;Zinc
Q9HTJ6	PA5364	GO:0000160	Phosphoprotein;Reference proteome
Q9HTK2	glcC PA5356	GO:0000987; GO:0003700; GO:0006351; GO:0006355	Coiled coil;DNA-binding;Reference proteome;Transcription;Transcription regulation
Q9HTM4	PA5333	GO:0016020	Membrane;Reference proteome;Transmembrane;Transmembrane helix
Q9HTN7	PA5317	GO:0015031; GO:0030288; GO:0042938; GO:0043190; GO:1904680	Peptide transport;Protein transport;Reference proteome;Signal;Transport
Q9HTP0	PA5314		Reference proteome
Q9HTP2	PA5312	GO:0004030	3D-structure;Oxidoreductase;Reference proteome
Q9HTP5	PA5309	GO:0005737; GO:0016491	Oxidoreductase;Reference proteome
Q9HTP8	PA5306		Reference proteome;Signal
Q9HTP9	PA5305		Reference proteome;Signal
Q9HTR8	PA5286		Reference proteome
Q9HTS8	cyaA PA5272	GO:0004016; GO:0006171	Reference proteome
Q9HTS9	PA5271		Reference proteome
Q9HTW4	PA5226		Coiled coil;Reference proteome
Q9HTX1	PA5219	GO:0005886; GO:0022857	Cell membrane;Membrane;Reference proteome;Transmembrane;Transmembrane helix;Transport
Q9HTZ8	PA5191		Reference proteome;Signal
Q9HU40	PA5144	GO:0016747	Reference proteome
Q9HU62	PA5122		Reference proteome;Signal
Q9HU69	PA5115	GO:0008168	Reference proteome;Transferase
Q9HU75	PA5108	GO:0019867	Membrane;Reference proteome;Signal
Q9HU79	PA5104		3D-structure;Reference proteome
Q9HU84	PA5099	GO:0005886; GO:0022857	Membrane;Reference proteome;Transmembrane;Transmembrane helix;Transport
Q9HU97	PA5086		Reference proteome
Q9HUA7	PA5076	GO:0015276; GO:0016020; GO:0016597; GO:0030288	Reference proteome;Signal
Q9HUC4	PA5059	GO:0000976; GO:0003700; GO:0006355	DNA-binding;Reference proteome
Q9HUD1	PA5048	GO:0004521; GO:0006401; GO:0016787	Endonuclease;Hydrolase;Nuclease;Reference proteome
Q9HUE0	PA5029	GO:0003677; GO:0003700; GO:0006351; GO:0006355; GO:0032993	DNA-binding;Reference proteome;Transcription;Transcription regulation
Q9HUG1	PA5004	GO:0016757; GO:1901135	Reference proteome;Transferase
Q9HUI4	PA4981	GO:0003333; GO:0015171; GO:0016020	Membrane;Reference proteome;Transmembrane;Transmembrane helix;Transport
Q9HUJ3	PA4972		3D-structure;Reference proteome;Signal
Q9HUJ5	PA4970		Reference proteome
Q9HUK0	PA4965		Membrane;Reference proteome;Transmembrane;Transmembrane helix
Q9HUK3	PA4962	GO:0005886	Membrane;Reference proteome;Transmembrane;Transmembrane helix
Q9HUP7	PA4916	GO:0003824	Reference proteome
Q9HUP8	PA4915	GO:0004888; GO:0005886; GO:0006935; GO:0007165	Cell membrane;Membrane;Methylation;Reference proteome;Transducer;Transmembrane;Transmembrane helix
Q9HUQ9	vanA PA4904	GO:0005506; GO:0016491; GO:0051537	2Fe-2S;Aromatic hydrocarbons catabolism;Iron;Iron-sulfur;Metal-binding;Oxidoreductase;Reference proteome
Q9HUR0	PA4903	GO:0005886; GO:0046942; GO:0046943	Membrane;Reference proteome;Transmembrane;Transmembrane helix
Q9HUR8	PA4895	GO:0016989	Membrane;Reference proteome;Transmembrane;Transmembrane helix
Q9HUS6	PA4887	GO:0005886; GO:0022857	Membrane;Reference proteome;Transmembrane;Transmembrane helix
Q9HUS9	PA4884		Reference proteome;Signal
Q9HUT7	osmE PA4876	GO:0019867	3D-structure;Lipoprotein;Membrane;Reference proteome;Signal
Q9HUU0	PA4873	GO:0005524; GO:0016887	ATP-binding;Nucleotide-binding;Reference proteome
Q9HUU4	PA4869		Reference proteome
Q9HUV0	PA4863	GO:0004596; GO:0005737; GO:0008064; GO:1905502	Acyltransferase;Membrane;Reference proteome;Transferase;Transmembrane;Transmembrane helix
Q9HUY8	PA4822	GO:0005436; GO:0005886; GO:0044341	Cell membrane;Membrane;Reference proteome;Transmembrane;Transmembrane helix
Q9HUZ5	PA4815	GO:0005886	Membrane;Reference proteome;Transmembrane;Transmembrane helix
Q9HUZ6	fadH2 PA4814	GO:0008670; GO:0010181; GO:0033543; GO:0046872; GO:0051536	Flavoprotein;FMN;Iron;Iron-sulfur;Metal-binding;Oxidoreductase;Reference proteome
Q9HV03	PA4806	GO:0003677; GO:0003700; GO:0006351; GO:0006355	DNA-binding;Reference proteome;Transcription;Transcription regulation
Q9HV13	PA4795		Reference proteome
Q9HV14	PA4794	GO:0008080; GO:0046872	3D-structure;Acyltransferase;Metal-binding;Reference proteome;Transferase;Zinc
Q9HV17	PA4791		Reference proteome;Signal
Q9HV23	PA4785	GO:0003988	Acyltransferase;Reference proteome;Transferase
Q9HV60	PA4739	GO:0042597	Periplasm;Reference proteome;Repeat;Signal
Q9HV91	PA4707	GO:0005886; GO:0022857; GO:0033214	Cell membrane;Membrane;Reference proteome;Transmembrane;Transmembrane helix;Transport
Q9HVB3	PA4682		Reference proteome;Signal
Q9HVE8	PA4644		Reference proteome
Q9HVF3	PA4638		Reference proteome
Q9HVF5	PA4636	GO:0016746; GO:0019698; GO:0042840	Reference proteome
Q9HVG5	hprA PA4626	GO:0016616; GO:0051287	NAD;Oxidoreductase;Reference proteome
Q9HVG9	PA4622	GO:0005886; GO:0015562; GO:0046677	Cell membrane;Membrane;Reference proteome;Transmembrane;Transmembrane helix;Transport
Q9HVH3	PA4618	GO:0043546	Reference proteome
Q9HVH5	PA4616	GO:0015740; GO:0030288; GO:0055085	3D-structure;Reference proteome;Signal;Transport
Q9HVI2	PA4607		Reference proteome;Signal
Q9HVI6	PA4603		Reference proteome
Q9HVK3	rtcR PA4581	GO:0000987; GO:0001216; GO:0005524; GO:0032993; GO:0045893	ATP-binding;Nucleotide-binding;Reference proteome
Q9HVK9	PA4575		Reference proteome
Q9HVL3	PA4571	GO:0009055; GO:0020037; GO:0046872	Heme;Iron;Metal-binding;Reference proteome;Signal
Q9HVP2	PA4535		3D-structure;Reference proteome
Q9HVP6	PA4531		Reference proteome
Q9HVQ8	PA4513	GO:0005829; GO:0010181; GO:0016491; GO:0016655; GO:0050660; GO:0071281	Electron transport;Flavoprotein;FMN;Membrane;Reference proteome;Transmembrane;Transmembrane helix;Transport
Q9HVR3	PA4508	GO:0005829; GO:0006351; GO:0006355; GO:0043200; GO:0043565	DNA-binding;Reference proteome;Transcription;Transcription regulation
Q9HVS2	PA4499	GO:0003677; GO:0003700; GO:0006355; GO:2000879	DNA-binding;Reference proteome
Q9HVS6	PA4495	GO:0006974	Reference proteome;Signal
Q9HVS9	PA4492		Reference proteome;Signal
Q9HVT5	PA4486	GO:0051920	Reference proteome
Q9HVU7	PA4474	GO:0005829; GO:0006508; GO:0008237	Hydrolase;Metalloprotease;Protease;Reference proteome
Q9HVW5	PA4452		3D-structure;Reference proteome
Q9HVW6	PA4451		Reference proteome
Q9HVX5	PA4440		Reference proteome
Q9HVX8	PA4437		Reference proteome;Signal
Q9HVY0	PA4435	GO:0003995; GO:0005737; GO:0033539; GO:0050660	FAD;Flavoprotein;Oxidoreductase;Reference proteome
Q9HW10	PA4396	GO:0000160; GO:0000976; GO:0003700; GO:0006351; GO:0006355	DNA-binding;Phosphoprotein;Reference proteome;Transcription;Transcription regulation
Q9HW20	PA4382		Membrane;Reference proteome;Transmembrane;Transmembrane helix
Q9HW28	PA4374	GO:0015562; GO:1990281	Coiled coil;Reference proteome
Q9HW39	PA4362		Reference proteome
Q9HW41	PA4360		Reference proteome
Q9HW44	PA4357		Reference proteome
Q9HW46	PA4355	GO:0005886; GO:0022857; GO:0055085	Cell membrane;Membrane;Reference proteome;Transmembrane;Transmembrane helix
Q9HW52	PA4349	GO:0016627	Reference proteome
Q9HW60	PA4341	GO:0003677; GO:0003700; GO:0006351; GO:0045892	DNA-binding;Reference proteome;Transcription;Transcription regulation
Q9HW61	PA4340		Reference proteome;Signal
Q9HW62	PA4339	GO:0008808; GO:0016020; GO:0032049	Reference proteome
Q9HW64	PA4337		Reference proteome;Signal
Q9HW76	PA4325		Reference proteome;Signal
Q9HW78	PA4323		Membrane;Reference proteome;Transmembrane;Transmembrane helix
Q9HW92	PA4308		Reference proteome
Q9HW94	flp PA4306		Membrane;Reference proteome;Transmembrane;Transmembrane helix
Q9HWA9	PA4291		Reference proteome
Q9HWB0	PA4290	GO:0005886; GO:0006935; GO:0007165	Cell membrane;Chemotaxis;Membrane;Methylation;Reference proteome;Transducer;Transmembrane;Transmembrane helix
Q9HWB1	PA4289	GO:0005886; GO:0015109	Cell membrane;Chromate resistance;Membrane;Reference proteome;Transmembrane;Transmembrane helix;Transport
Q9HWG6	PA4223	GO:0005524; GO:0005886; GO:0016887; GO:0042626; GO:0140359	ATP-binding;Membrane;Nucleotide-binding;Reference proteome;Transmembrane;Transmembrane helix
Q9HWI1	PA4200	GO:0016787; GO:0046872	Hydrolase;Metal-binding;Reference proteome;Zinc
Q9HWJ7	PA4184	GO:0003700; GO:0006351; GO:0006355; GO:0043565; GO:1901053	Reference proteome;Transcription;Transcription regulation
Q9HWK2	PA4179	GO:0015288; GO:0016020	3D-structure;Reference proteome;Signal;Transport
Q9HWL0	PA4171	GO:0005829; GO:0006508; GO:0008233; GO:0019172; GO:0106044	Hydrolase;Protease;Reference proteome
Q9HWL8	PA4163	GO:0046872	3D-structure;Metal-binding;Reference proteome
Q9HWM4	PA4157	GO:0003677; GO:0003700; GO:0006351; GO:0045892	DNA-binding;Reference proteome;Transcription;Transcription regulation
Q9HWQ2	PA4129		Reference proteome
Q9HWQ8	hpcC PA4123	GO:0004030; GO:0016620; GO:0018480; GO:1901023	NAD;Oxidoreductase;Reference proteome
Q9HWR6	PA4114	GO:0008080	Reference proteome
Q9HWU0	PA4088	GO:0008483; GO:0030170; GO:0042286	3D-structure;Aminotransferase;Pyridoxal phosphate;Reference proteome;Transferase
Q9HWU1	PA4087		Reference proteome
Q9HWU6	cupB5 PA4082	GO:0005576	Membrane;Reference proteome;Secreted;Signal;Transmembrane;Transmembrane helix
Q9HWU7	cupB6 PA4081	GO:0009289; GO:0043709	3D-structure;Fimbrium;Reference proteome;Signal
Q9HWV4	PA4074	GO:0003677; GO:0006351; GO:0006355	DNA-binding;Reference proteome;Transcription;Transcription regulation
Q9HWW3	PA4065	GO:0005886	Cell membrane;Membrane;Reference proteome;Transmembrane;Transmembrane helix
Q9HWW5	PA4063		3D-structure;Reference proteome;Signal
Q9HWY3	PA4045	GO:0015889; GO:1990191	Reference proteome;Signal
Q9HX01	PA4026	GO:0016747	3D-structure;Acyltransferase;Reference proteome;Transferase
Q9HX05	PA4022	GO:0004030; GO:0016491	Oxidoreductase;Reference proteome
Q9HX09	PA4018		Reference proteome
Q9HX12	PA4015	GO:0006633; GO:0018812	Reference proteome
Q9HX19	PA4008	GO:0016787	Hydrolase;Reference proteome
Q9HX34	PA3986		Reference proteome
Q9HX47	PA3969	GO:0005737	Reference proteome;Signal
Q9HX59	PA3957	GO:0016020; GO:0016491	Oxidoreductase;Reference proteome
Q9HX75	PA3941		Reference proteome
Q9HX77	PA3939	GO:0003995; GO:0050660	Reference proteome
Q9HX85	PA3931	GO:0016020	Lipoprotein;Membrane;Palmitate;Reference proteome;Signal
Q9HX86	PA3928		Membrane;Reference proteome;Transmembrane;Transmembrane helix
Q9HX94	PA3919	GO:0005524; GO:0005829	ATP-binding;Nucleotide-binding;Reference proteome
Q9HXC0	PA3893	GO:0005886; GO:0022857	Cell membrane;Membrane;Reference proteome;Transmembrane;Transmembrane helix;Transport
Q9HXD0	PA3882	GO:0008757; GO:0032259	Methyltransferase;Reference proteome;Transferase
Q9HXD5	PA3871	GO:0003755	Isomerase;Reference proteome;Rotamase
Q9HXF1	PA3855		Reference proteome
Q9HXG0	PA3846		Reference proteome
Q9HXG1	PA3845	GO:0003700; GO:0006351; GO:0009891; GO:0043565	Activator;DNA-binding;Reference proteome;Transcription;Transcription regulation
Q9HXI7	iscR PA3815	GO:0003690; GO:0003700; GO:0005829; GO:0006355; GO:0045892	DNA-binding;Reference proteome
Q9HXK1	PA3796		Reference proteome
Q9HXK7	PA3788		Membrane;Reference proteome;Transmembrane;Transmembrane helix
Q9HXL9	PA3776	GO:0003677; GO:0003700; GO:0006351; GO:0006355; GO:0032993	DNA-binding;Reference proteome;Transcription;Transcription regulation
Q9HXM9	PA3766	GO:0003333; GO:0005886	Cell inner membrane;Cell membrane;Membrane;Reference proteome;Transmembrane;Transmembrane helix;Transport
Q9HXP1	PA3754	GO:0010945; GO:0016818; GO:0046872	Hydrolase;Magnesium;Manganese;Metal-binding;Reference proteome
Q9HXQ9	PA3733	GO:0016740	Reference proteome;Transferase
Q9HXR1	PA3731		Coiled coil;Reference proteome
Q9HXR4	PA3728	GO:0005524; GO:0016887	Coiled coil;Reference proteome
Q9HXS1	PA3720		Reference proteome
Q9HXS4	PA3717	GO:0003755	Isomerase;Reference proteome;Rotamase
Q9HXS5	PA3716		Reference proteome
Q9HXT3	wspA PA3708	GO:0004888; GO:0005886; GO:0006935; GO:0007165	Cell membrane;Chemotaxis;Membrane;Methylation;Reference proteome;Transducer;Transmembrane;Transmembrane helix
Q9HXU2	PA3698		Reference proteome
Q9HXU3	PA3697	GO:0006508; GO:0008237; GO:0080164	Hydrolase;Metalloprotease;Protease;Reference proteome
Q9HXV6	PA3684		Reference proteome
Q9HXV7	PA3683		Reference proteome
Q9HXX4	PA3665	GO:0005886; GO:0006865; GO:0015171	Cell membrane;Membrane;Reference proteome;Transmembrane;Transmembrane helix
Q9HXY0	PA3659	GO:0008483; GO:0009016; GO:0009089; GO:0030170	Aminotransferase;Reference proteome;Transferase
Q9HY09	PA3619		Reference proteome;Signal
Q9HY12	PA3614	GO:0004521; GO:0016787	Hydrolase;Reference proteome
Q9HY13	PA3613	GO:0005975; GO:0016832	Reference proteome
Q9HY34	PA3592	GO:0008410	Reference proteome;Transferase
Q9HY48	PA3572		Reference proteome
Q9HY73	PA3538	GO:0005524; GO:0005886; GO:0015408; GO:0015697; GO:0016887; GO:0022857; GO:0043190; GO:0055085	ATP-binding;Cell membrane;Ion transport;Iron;Iron transport;Membrane;Nucleotide-binding;Reference proteome;Transport
Q9HY89	PA3520	GO:0046872	Reference proteome
Q9HYB1	PA3498	GO:0016491; GO:0046872; GO:0051537	2Fe-2S;Flavoprotein;Iron;Iron-sulfur;Metal-binding;Oxidoreductase;Reference proteome
Q9HYD6	PA3470	GO:0016787	Hydrolase;Reference proteome
Q9HYD8	PA3468	GO:0005886; GO:0008381; GO:0071470	Cell inner membrane;Cell membrane;Membrane;Reference proteome;Stress response;Transmembrane;Transmembrane helix
Q9HYF5	PA3451		Reference proteome
Q9HYF6	PA3450	GO:0004601; GO:0005829; GO:0045454; GO:0051920	Antioxidant;Oxidoreductase;Peroxidase;Redox-active center;Reference proteome
Q9HYF8	PA3448	GO:0005886; GO:0010438; GO:0042918	Cell membrane;Membrane;Reference proteome;Transmembrane;Transmembrane helix;Transport
Q9HYH0	PA3436		Membrane;Reference proteome;Transmembrane;Transmembrane helix
Q9HYH3	PA3432	GO:0005886	Cell membrane;Membrane;Reference proteome;Transmembrane;Transmembrane helix
Q9HYH4	PA3431	GO:0016020	Membrane;Reference proteome;Transmembrane;Transmembrane helix
Q9HYH6	PA3429	GO:0016787	Hydrolase;Reference proteome
Q9HYI9	PA3416	GO:0007584; GO:0009083; GO:0016491	Oxidoreductase;Pyruvate;Reference proteome;Thiamine pyrophosphate
Q9HYJ0	PA3415	GO:0016746	Acyltransferase;Lipoyl;Reference proteome;Transferase
Q9HYJ2	PA3413		Reference proteome
Q9HYJ3	PA3412		Reference proteome;Signal
Q9HYK2	PA3402		Coiled coil;Membrane;Reference proteome;Transmembrane;Transmembrane helix
Q9HYK5	PA3399		Reference proteome
Q9HYL0	nosF PA3394	GO:0005524; GO:0016887	ATP-binding;Nucleotide-binding;Reference proteome;Transport
Q9HYL4	PA3389	GO:0004493; GO:0046491; GO:0046872; GO:0051213	Dioxygenase;Metal-binding;Oxidoreductase;Reference proteome
Q9HYL9	phnE PA3382	GO:0005886; GO:0015416	Cell membrane;Membrane;Reference proteome;Transmembrane;Transmembrane helix;Transport
Q9HYM0	PA3381	GO:0003677; GO:0003700; GO:0006351	DNA-binding;Reference proteome;Transcription;Transcription regulation
Q9HYM7	PA3374	GO:0016810; GO:0019700	Reference proteome
Q9HYM9	PA3372	GO:0008081; GO:0019700	Reference proteome
Q9HYN8	PA3358	GO:0016020	Membrane;Reference proteome;Transmembrane;Transmembrane helix
Q9HYP1	PA3355	GO:0005886; GO:0022857	Membrane;Reference proteome;Transmembrane;Transmembrane helix
Q9HYQ9	PA3336	GO:0005886; GO:0022857; GO:0055085	Cell membrane;Membrane;Reference proteome;Transmembrane;Transmembrane helix
Q9HYS9	PA3315	GO:0005886; GO:0055085	Cell membrane;Membrane;Reference proteome;Transmembrane;Transmembrane helix;Transport
Q9HYU0	PA3304	GO:0016020; GO:0022857; GO:0055085	Coiled coil;Membrane;Reference proteome;Transmembrane;Transmembrane helix
Q9HYU9	PA3294	GO:0005576; GO:0033103; GO:0033104	Reference proteome;Secreted
Q9HYV8	PA3285	GO:0003677; GO:0006352; GO:0006355; GO:0016987	Reference proteome;Sigma factor;Transcription;Transcription regulation
Q9HYV9	PA3284		Reference proteome;Signal
Q9HYW7	PA3274		Reference proteome;Signal
Q9HYX2	PA3269	GO:0000987; GO:0003700; GO:0006351; GO:0006355	DNA-binding;Reference proteome;Transcription;Transcription regulation
Q9HYY1	PA3259		Reference proteome
Q9HYY4	PA3256	GO:0016651	NADP;Oxidoreductase;Reference proteome
Q9HYZ0	PA3250	GO:0015888; GO:0030288; GO:0030975; GO:0030976	Reference proteome;Signal
Q9HYZ9	PA3241	GO:0016042; GO:0016787	Hydrolase;Lipid degradation;Lipid metabolism;Reference proteome
Q9HZ07	PA3233	GO:0008773; GO:0015095; GO:0016020	CBS domain;Reference proteome
Q9HZ09	PA3231		Membrane;Reference proteome;Transmembrane;Transmembrane helix
Q9HZ14	PA3226	GO:0016787	Hydrolase;Reference proteome
Q9HZ25	PA3215	GO:0000976; GO:0003700; GO:0006351	DNA-binding;Reference proteome;Transcription;Transcription regulation
Q9HZ26	PA3214		Reference proteome
Q9HZ29	PA3211	GO:0005548; GO:0005886; GO:0015914; GO:0043190	Cell inner membrane;Cell membrane;Membrane;Reference proteome;Transmembrane;Transmembrane helix
Q9HZ38	PA3202		Reference proteome
Q9HZ49	PA3189	GO:0005886; GO:0055085	Cell membrane;Membrane;Reference proteome;Sugar transport;Transmembrane;Transmembrane helix;Transport
Q9HZ84	PA3143		Reference proteome
Q9HZA1	PA3123	GO:0005829; GO:0019239	Reference proteome
Q9HZB4	PA3094	GO:0000976; GO:0003700; GO:0006351	DNA-binding;Reference proteome;Transcription;Transcription regulation
Q9HZB7	PA3091		Coiled coil;Reference proteome
Q9HZB8	PA3090		Reference proteome
Q9HZC3	PA3085		Reference proteome
Q9HZC4	PA3084		Reference proteome
Q9HZC7	PA3081		Reference proteome;Signal
Q9HZD5	PA3073		Membrane;Reference proteome;Transmembrane;Transmembrane helix
Q9HZD7	PA3071		Reference proteome
Q9HZE4	pelA PA3064	GO:0000271; GO:0019213; GO:0044010	3D-structure;Reference proteome
Q9HZE9	pelF PA3059	GO:0016757; GO:0044010	Reference proteome
Q9HZF3	PA3055	GO:0003677	Reference proteome
Q9HZG7	PA3041		Membrane;Reference proteome;Transmembrane;Transmembrane helix
Q9HZG9	PA3039	GO:0008519; GO:0016020; GO:0072488; GO:0097272	Ammonia transport;Membrane;Reference proteome;Transmembrane;Transmembrane helix;Transport
Q9HZI8	PA3018		Reference proteome
Q9HZI9	PA3017	GO:0005737; GO:0006950	Cytoplasm;Reference proteome
Q9HZK2	PA3003		Reference proteome;Signal
Q9HZL3	PA2992		Reference proteome
Q9HZL5	PA2989	GO:0035438	Reference proteome
Q9HZL9	PA2985		Membrane;Reference proteome;Transmembrane;Transmembrane helix
Q9HZM0	PA2984	GO:0005886; GO:0030420	Cell membrane;Membrane;Reference proteome;Transmembrane;Transmembrane helix
Q9HZP2	PA2956	GO:0003824; GO:0046872; GO:0051536	Iron;Iron-sulfur;Metal-binding;Reference proteome;S-adenosyl-L-methionine
Q9HZS0	PA2927		Reference proteome
Q9HZT4	PA2913		Reference proteome;Signal
Q9HZT8	PA2909	GO:0009236; GO:0016994	Cobalamin biosynthesis;Oxidoreductase;Reference proteome
Q9HZU7	PA2900	GO:0009279; GO:0071973; GO:0120101	Coiled coil;Membrane;Reference proteome;Signal
Q9HZV0	PA2897	GO:0003677; GO:0003700; GO:0006351; GO:0008483; GO:0030170; GO:1901605	Aminotransferase;DNA-binding;Pyridoxal phosphate;Reference proteome;Transcription;Transcription regulation;Transferase
Q9HZV2	PA2895	GO:0016989; GO:2000143	Reference proteome
Q9HZV9	atuC PA2888	GO:0046247; GO:0047925	3D-structure;Reference proteome
Q9HZW5	PA2882	GO:0000155; GO:0007165	CBS domain;Phosphoprotein;Reference proteome
Q9HZW6	PA2881	GO:0000156; GO:0000160	Phosphoprotein;Reference proteome
Q9HZW8	PA2879	GO:0000976; GO:0003700; GO:0006351; GO:0006355	DNA-binding;Reference proteome;Transcription;Transcription regulation
Q9HZY2	PA2864	GO:0005886	Cell membrane;Membrane;Reference proteome;Transmembrane;Transmembrane helix
Q9I004	PA2839	GO:0008198; GO:0008270; GO:0016702	Metal-binding;Oxidoreductase;Reference proteome;Zinc
Q9I006	PA2837	GO:0009279; GO:0015562; GO:0016020; GO:0022857; GO:0055085	Cell outer membrane;Lipoprotein;Membrane;Palmitate;Reference proteome;Transmembrane;Transmembrane beta strand
Q9I008	PA2835	GO:0005886; GO:0022857; GO:0055085	Membrane;Reference proteome;Transmembrane;Transmembrane helix;Transport
Q9I023	PA2820		Membrane;Reference proteome;Transmembrane;Transmembrane helix
Q9I044	PA2799	GO:0035438	Reference proteome
Q9I050	PA2793		Reference proteome;Signal
Q9I052	PA2791		Membrane;Reference proteome;Transmembrane;Transmembrane helix
Q9I058	PA2785	GO:0003677	Reference proteome
Q9I074	PA2769	GO:0016787	Hydrolase;Reference proteome
Q9I077	PA2766	GO:0003677; GO:0006351	DNA-binding;Reference proteome;Transcription;Transcription regulation
Q9I079	PA2764		Reference proteome
Q9I081	PA2762	GO:0031459	Reference proteome
Q9I085	PA2758	GO:0000976; GO:0003700; GO:0006351; GO:0006355	DNA-binding;Reference proteome;Transcription;Transcription regulation
Q9I0B0	PA2732	GO:0003677; GO:0004519; GO:0006304	Reference proteome
Q9I0C2	PA2720		Reference proteome
Q9I0C6	PA2716	GO:0010181; GO:0016491	Flavoprotein;Oxidoreductase;Reference proteome
Q9I0F5	PA2683	GO:0000287; GO:0003941; GO:0005524; GO:0008721; GO:0030170; GO:0030378	Lyase;Pyridoxal phosphate;Reference proteome
Q9I0G2	PA2676	GO:0005886; GO:0015628	Cell inner membrane;Cell membrane;Membrane;Reference proteome;Transmembrane;Transmembrane helix
Q9I0G6	PA2672		Membrane;Reference proteome;Transmembrane;Transmembrane helix
Q9I0G7	PA2671		Membrane;Reference proteome;Transmembrane;Transmembrane helix
Q9I0H7	PA2661		Reference proteome
Q9I0K2	PA2636		Reference proteome
Q9I0K3	PA2635		Reference proteome
Q9I0K5	PA2633	GO:0009279; GO:0009306	Membrane;Reference proteome;Signal;Transport
Q9I0P8	PA2589	GO:0005886; GO:0022857	Membrane;Reference proteome;Transmembrane;Transmembrane helix
Q9I0R0	PA2576	GO:0016020	Membrane;Reference proteome;Transmembrane;Transmembrane helix
Q9I0R7	PA2568		Membrane;Reference proteome;Transmembrane;Transmembrane helix
Q9I0S0	PA2565		Reference proteome
Q9I0S4	PA2560		Reference proteome
Q9I0S8	PA2556	GO:0000976; GO:0003700; GO:0006351	DNA-binding;Reference proteome;Transcription;Transcription regulation
Q9I0T8	PA2546	GO:0051213	Dioxygenase;Oxidoreductase;Reference proteome
Q9I0U4	PA2540	GO:0016020; GO:0016298	Reference proteome
Q9I0V3	PA2530	GO:0006508; GO:0008237	Reference proteome
Q9I0W7	xylL PA2515	GO:0016616; GO:0030497	Reference proteome
Q9I0X0	antA PA2512	GO:0005506; GO:0051213; GO:0051537	2Fe-2S;Aromatic hydrocarbons catabolism;Dioxygenase;Iron;Iron-sulfur;Metal-binding;NAD;Oxidoreductase;Reference proteome
Q9I0X2	catR PA2510	GO:0003677; GO:0003700; GO:0006351; GO:0006355; GO:0032993	DNA-binding;Reference proteome;Transcription;Transcription regulation
Q9I0X6	PA2506		Reference proteome;Signal
Q9I0X9	PA2503		Reference proteome
Q9I0Y0	PA2502	GO:0004672; GO:0005524; GO:0005737	ATP-binding;Leucine-rich repeat;Nucleotide-binding;Reference proteome;Repeat
Q9I111	PA2471	GO:0018773; GO:0046872	3D-structure;Metal-binding;Reference proteome
Q9I120	PA2462	GO:0004519	Reference proteome;Signal
Q9I123	PA2459		Reference proteome
Q9I129	PA2453		Cell membrane;Lipoprotein;Membrane;Palmitate;Reference proteome;Signal
Q9I132	PA2450		Reference proteome;Signal
Q9I142	PA2440		Reference proteome
Q9I156	pvdG PA2425	GO:0002049; GO:0008610	Reference proteome
Q9I159	PA2422		Reference proteome
Q9I161	PA2420	GO:0015288; GO:0016020	Reference proteome;Signal;Transport
Q9I162	PA2419	GO:0016787	Hydrolase;Reference proteome
Q9I169	PA2412	GO:0002049; GO:0005829; GO:0019290	3D-structure;Reference proteome
Q9I172	PA2409	GO:0005886; GO:0010043; GO:0043190; GO:0055085	Membrane;Reference proteome;Transmembrane;Transmembrane helix;Transport
Q9I192	fpvR PA2388	GO:0016989; GO:1900705	Membrane;Reference proteome;Transmembrane;Transmembrane helix
Q9I1A8	PA2371	GO:0005524; GO:0005737; GO:0006508; GO:0008233; GO:0016887; GO:0034605	ATP-binding;Chaperone;Hydrolase;Nucleotide-binding;Protease;Reference proteome;Repeat
Q9I1C0	PA2359	GO:0000987; GO:0001216; GO:0005524; GO:0006351; GO:0032993; GO:0045893	ATP-binding;DNA-binding;Nucleotide-binding;Reference proteome;Transcription;Transcription regulation
Q9I1C3	PA2355	GO:0004497; GO:0006552; GO:0008470; GO:0050660	Flavoprotein;Monooxygenase;Oxidoreductase;Reference proteome
Q9I1C6	PA2352	GO:0006629; GO:0008889; GO:0047389; GO:0047395	Reference proteome;Signal
Q9I1F2	PA2326	GO:0004497; GO:0016705	Flavoprotein;FMN;Monooxygenase;Oxidoreductase;Reference proteome
Q9I1H7	PA2298	GO:0000104; GO:0005886; GO:0009055; GO:0009061; GO:0050660	Flavoprotein;Oxidoreductase;Reference proteome
Q9I1H9	PA2296		Reference proteome;Signal;Transport
Q9I1I0	PA2295	GO:0005886; GO:0042918	Cell membrane;Membrane;Reference proteome;Transmembrane;Transmembrane helix;Transport
Q9I1I3	PA2292	GO:0046872	Iron;Metal-binding;Reference proteome
Q9I1J0	PA2285		Membrane;Reference proteome;Transmembrane;Transmembrane helix
Q9I1K6	PA2267	GO:0003677; GO:0003700; GO:0006351; GO:0006355	DNA-binding;Reference proteome;Transcription;Transcription regulation
Q9I1M4	pslO PA2245		Membrane;Reference proteome;Transmembrane;Transmembrane helix
Q9I1M6	pslM PA2243	GO:0005737; GO:0008202; GO:0016491	FAD;Flavoprotein;Oxidoreductase;Reference proteome
Q9I1N3	pslF PA2236	GO:0016757; GO:0044010; GO:1901135	Reference proteome
Q9I1P1	PA2228	GO:0016787	Membrane;Reference proteome;Transmembrane;Transmembrane helix
Q9I1R3	PA2204	GO:0015276; GO:0016020; GO:0016597; GO:0030288	Reference proteome;Signal;Transport
Q9I1S6	PA2189	GO:0004176; GO:0004252; GO:0006515; GO:0009368; GO:0051117	Hydrolase;Protease;Reference proteome;Serine protease
Q9I1T1	PA2184		Reference proteome
Q9I1T5	PA2180		Reference proteome
Q9I1U6	PA2169		3D-structure;Reference proteome
Q9I1V4	PA2161		Reference proteome
Q9I1V5	PA2160	GO:0004135; GO:0005980	Glycosidase;Hydrolase;Reference proteome
Q9I1V8	PA2157		Reference proteome
Q9I1X2	PA2143		Reference proteome
Q9I1X9	PA2136		Membrane;Reference proteome;Transmembrane;Transmembrane helix
Q9I1Y1	PA2134		Reference proteome
Q9I1Y9	PA2126	GO:0071453	Reference proteome
Q9I1Z1	PA2124	GO:0008812; GO:0016020; GO:0019285; GO:0050660	FAD;Flavoprotein;Oxidoreductase;Reference proteome
Q9I1Z3	PA2122	GO:0005506; GO:0008610; GO:0016491	Membrane;Reference proteome;Transmembrane;Transmembrane helix
Q9I1Z4	PA2121	GO:0003677; GO:0003700; GO:0006351; GO:0006355	DNA-binding;Reference proteome;Transcription;Transcription regulation
Q9I204	PA2111	GO:0005524; GO:0016787	ATP-binding;Hydrolase;Nucleotide-binding;Reference proteome
Q9I221	PA2094	GO:0016989	Membrane;Reference proteome;Transmembrane;Transmembrane helix
Q9I224	PA2091	GO:0005886; GO:0022857	Membrane;Reference proteome;Transmembrane;Transmembrane helix
Q9I225	PA2090	GO:0008726; GO:0046306	Flavoprotein;FMN;Monooxygenase;Oxidoreductase;Reference proteome
Q9I227	PA2088	GO:0008168; GO:0032259	Methyltransferase;Reference proteome;Transferase
Q9I240	PA2075		Coiled coil;Reference proteome
Q9I247	PA2068	GO:0005886; GO:0015528; GO:0030395	Cell inner membrane;Cell membrane;Membrane;Reference proteome;Transmembrane;Transmembrane helix;Transport
Q9I266	PA2049		Reference proteome
Q9I268	PA2047	GO:0001216; GO:0006351; GO:0006355; GO:0043565	DNA-binding;Reference proteome;Transcription;Transcription regulation
Q9I279	PA2036	GO:0008757	Reference proteome
Q9I281	PA2034	GO:0008168	Reference proteome
Q9I283	PA2032	GO:0003677; GO:0003700; GO:0006351; GO:0008483; GO:0030170; GO:1901605	Aminotransferase;DNA-binding;Pyridoxal phosphate;Reference proteome;Transcription;Transcription regulation;Transferase
Q9I287	PA2028	GO:0005829; GO:0006351; GO:0006355; GO:0043200; GO:0043565	DNA-binding;Reference proteome;Transcription;Transcription regulation
Q9I2C4	exaC PA1984	GO:0000166; GO:0004030; GO:0016491	3D-structure;Nucleotide-binding;Oxidoreductase;Reference proteome
Q9I2D0	PA1975		Reference proteome
Q9I2D1	PA1974	GO:0015288; GO:0016020	Reference proteome;Signal
Q9I2D4	PA1970		Reference proteome;Signal
Q9I2D7	PA1967		Reference proteome
Q9I2D8	PA1966	GO:0008704	3D-structure;Reference proteome
Q9I2D9	PA1965		Reference proteome
Q9I2H1	PA1933	GO:0005506; GO:0016491	Reference proteome
Q9I2H2	PA1932	GO:0016903; GO:0071949	FAD;Flavoprotein;Reference proteome
Q9I2H8	PA1926		Reference proteome
Q9I2J5	PA1909		Membrane;Reference proteome;Transmembrane;Transmembrane helix
Q9I2K0	PA1897	GO:0005506; GO:0008610; GO:0016020; GO:0016491	Membrane;Reference proteome;Transmembrane;Transmembrane helix
Q9I2L0	PA1887	GO:0004623; GO:0006644; GO:0050482	Reference proteome;Signal
Q9I2L3	PA1884	GO:0003677; GO:0003700; GO:0006355	DNA-binding;Reference proteome
Q9I2N5	PA1860	GO:0008168; GO:0032259	Methyltransferase;Reference proteome;Transferase
Q9I2P6	PA1849		Reference proteome
Q9I2Q4	PA1841	GO:0002161	Reference proteome
Q9I2Q5	PA1840		Reference proteome
Q9I2R1	PA1834		Reference proteome
Q9I2S0	PA1825		Membrane;Reference proteome;Transmembrane;Transmembrane helix
Q9I2S1	PA1824	GO:0005886	Cell membrane;Membrane;Reference proteome;Transmembrane;Transmembrane helix;Transport
Q9I2T0	PA1814	GO:0008168; GO:0008757	Reference proteome
Q9I2W0	PA1782	GO:0004674; GO:0005524	ATP-binding;Kinase;Membrane;Nucleotide-binding;Reference proteome;Transferase;Transmembrane;Transmembrane helix
Q9I2W6	crfX PA1774		Reference proteome
Q9I2X6	PA1763		Reference proteome;Signal
Q9I2Z2	PA1745		Reference proteome
Q9I320	pscB PA1715	GO:0030254	Reference proteome
Q9I323	popD PA1709	GO:0051087	Membrane;Reference proteome;Transmembrane;Transmembrane helix
Q9I325	pcrH PA1707	GO:0030254; GO:0051131	3D-structure;Reference proteome
Q9I333	pscQ PA1694	GO:0030254; GO:0050918; GO:0071978	Reference proteome;Virulence
Q9I346	PA1679		Coiled coil;Membrane;Reference proteome;Transmembrane;Transmembrane helix
Q9I349	PA1676		Membrane;Reference proteome;Transmembrane;Transmembrane helix
Q9I350	PA1675	GO:0004520	Reference proteome
Q9I354	stk1 PA1671	GO:0004672; GO:0005524; GO:0033103	ATP-binding;Kinase;Nucleotide-binding;Reference proteome;Transferase
Q9I355	stp1 PA1670	GO:0004722; GO:0007165; GO:0033103	Reference proteome
Q9I356	PA1669	GO:0033103	Membrane;Reference proteome;Transmembrane;Transmembrane helix
Q9I364	PA1661	GO:0033103	Reference proteome
Q9I368	PA1657	GO:0033103	Reference proteome
Q9I369	PA1656	GO:0033103	Reference proteome
Q9I380	PA1645		3D-structure;Reference proteome;Signal
Q9I390	kdpF PA1632	GO:0005886; GO:0008556	Membrane;Reference proteome;Transmembrane;Transmembrane helix
Q9I393	PA1629	GO:0006635; GO:0016836	Lyase;Reference proteome
Q9I394	PA1628	GO:0006635; GO:0008691; GO:0070403	NAD;Oxidoreductase;Reference proteome
Q9I396	PA1626	GO:0005886; GO:0022857	Membrane;Reference proteome;Transmembrane;Transmembrane helix
Q9I399	PA1623	GO:0004364; GO:0005737	Reference proteome
Q9I3A2	PA1620	GO:0005886; GO:0006865; GO:0015171	Cell membrane;Membrane;Reference proteome;Transmembrane;Transmembrane helix
Q9I3B0	PA1612		Reference proteome
Q9I3B8	PA1603	GO:0003700; GO:0006355; GO:0006950	3D-structure;Reference proteome
Q9I3C2	PA1599	GO:0003677; GO:0003700; GO:0006351; GO:0006355; GO:0009893; GO:0043565	Activator;DNA-binding;Reference proteome;Repressor;Transcription;Transcription regulation
Q9I3E4	PA1573		Reference proteome;Signal
Q9I3E7	PA1570	GO:0000976; GO:0003700; GO:0006351; GO:0006355	DNA-binding;Reference proteome;Transcription;Transcription regulation
Q9I3F8	PA1559		Reference proteome
Q9I3G9	PA1548		Membrane;Reference proteome;Transmembrane;Transmembrane helix
Q9I3H1	PA1542		Membrane;Reference proteome;Transmembrane;Transmembrane helix
Q9I3J1	PA1522		Reference proteome
Q9I3J3	PA1520	GO:0000987; GO:0003700; GO:0006351; GO:0006355	DNA-binding;Reference proteome;Transcription;Transcription regulation
Q9I3L7	PA1495		Reference proteome
Q9I3L8	PA1494	GO:0032885	Coiled coil;Reference proteome;Signal
Q9I3M3	PA1489	GO:0016491	Oxidoreductase;Reference proteome
Q9I3M4	PA1488	GO:0016491	Oxidoreductase;Reference proteome
Q9I3Q1	PA1450		Membrane;Reference proteome;Transmembrane;Transmembrane helix
Q9I3Q8	PA1439	GO:0005886	Cell inner membrane;Cell membrane;Membrane;Reference proteome;Transmembrane;Transmembrane helix
Q9I3R2	PA1435	GO:0005886; GO:0015562; GO:1990281	Cell inner membrane;Cell membrane;Coiled coil;Membrane;Reference proteome;Transport
Q9I3R4	PA1433	GO:0005886; GO:0007165; GO:0071111; GO:1900190	Membrane;Reference proteome;Transmembrane;Transmembrane helix
Q9I3R8	PA1426		Reference proteome
Q9I3S6	PA1418	GO:0005886; GO:0015293; GO:0022857; GO:0055085	Membrane;Reference proteome;Symport;Transmembrane;Transmembrane helix;Transport
Q9I3U0	PA1404		Reference proteome
Q9I3U3	PA1401	GO:0030638	Reference proteome
Q9I3U4	PA1400	GO:0003989; GO:0005524; GO:0006633; GO:0046872	ATP-binding;Biotin;Ligase;Nucleotide-binding;Pyruvate;Reference proteome
Q9I3U5	PA1399	GO:0003677; GO:0003700; GO:0006351; GO:0006355	DNA-binding;Reference proteome;Transcription;Transcription regulation
Q9I3V4	PA1390	GO:0016740; GO:0044010	Reference proteome;Transferase
Q9I3V7	PA1387		Reference proteome
Q9I3X7	PA1367	GO:0003824	Reference proteome
Q9I3Y7	PA1357	GO:0002161; GO:0106074	Reference proteome
Q9I3Z3	PA1351	GO:0003677; GO:0006352; GO:0016987	Reference proteome
Q9I3Z6	PA1348		Reference proteome
Q9I401	PA1343		Reference proteome;Signal
Q9I411	PA1333		Reference proteome;Signal
Q9I413	PA1331	GO:0005886; GO:0050660	CBS domain;Cell membrane;Membrane;Reference proteome;Repeat;Transmembrane;Transmembrane helix
Q9I420	PA1324		3D-structure;Reference proteome;Signal
Q9I429	PA1315	GO:0000976; GO:0003700; GO:0006355	Coiled coil;DNA-binding;Reference proteome
Q9I453	PA1291	GO:0016020; GO:0016298	Membrane;Reference proteome;Transmembrane;Transmembrane helix
Q9I454	PA1290	GO:0000976; GO:0003700; GO:0006351; GO:0006355	DNA-binding;Reference proteome;Transcription;Transcription regulation
Q9I459	PA1285	GO:0003700; GO:0006355; GO:0006950	Reference proteome
Q9I478	PA1266	GO:0016491; GO:0019470	Oxidoreductase;Reference proteome
Q9I479	PA1265	GO:0016020	Membrane;Reference proteome;Transmembrane;Transmembrane helix
Q9I4A7	PA1231	GO:0016020; GO:0022857; GO:0055085	Coiled coil;Membrane;Reference proteome;Transmembrane;Transmembrane helix
Q9I4A9	PA1229	GO:0003677; GO:0003700; GO:0006351; GO:0006355; GO:0009893; GO:0043565	DNA-binding;Reference proteome;Repressor;Transcription;Transcription regulation
Q9I4B5	PA1223	GO:0003677; GO:0003700; GO:0006351; GO:0006355	DNA-binding;Reference proteome;Transcription;Transcription regulation
Q9I4C0	PA1218	GO:0005506; GO:0016706	Reference proteome
Q9I4C2	PA1216	GO:0008168; GO:0032259	Methyltransferase;Reference proteome;Transferase
Q9I4C5	PA1213	GO:0016706; GO:0017000	Antibiotic biosynthesis;Oxidoreductase;Reference proteome
Q9I4F7	PA1181	GO:0005886; GO:0016301; GO:0052621	Cell membrane;Kinase;Membrane;Reference proteome;Transferase;Transmembrane;Transmembrane helix
Q9I4H6	rrmA PA1161	GO:0008168; GO:0032259; GO:0046872	Metal-binding;Methyltransferase;Reference proteome;S-adenosyl-L-methionine;Transferase;Zinc
Q9I4J1	PA1144	GO:0016020; GO:0022857	Membrane;Reference proteome;Sugar transport;Transmembrane;Transmembrane helix;Transport
Q9I4J7	PA1138	GO:0003700; GO:0006351; GO:0043565	DNA-binding;Reference proteome;Transcription;Transcription regulation
Q9I4K1	PA1134	GO:0015035	Reference proteome
Q9I4K2	PA1133		Reference proteome
Q9I4K7	PA1128	GO:0003700; GO:0006351; GO:0043565	DNA-binding;Reference proteome;Transcription;Transcription regulation
Q9I4K8	PA1127	GO:0005829; GO:0016491	Oxidoreductase;Reference proteome
Q9I4Q9	PA1065		Reference proteome
Q9I4S0	PA1054	GO:0005886; GO:0015385; GO:0035725	Antiport;Cell membrane;Ion transport;Membrane;Reference proteome;Transmembrane;Transmembrane helix;Transport
Q9I4S8	PA1046		Reference proteome;Signal
Q9I4T9	PA1035	GO:0009269	Reference proteome
Q9I4U1	PA1033	GO:0004364; GO:0005737	Reference proteome
Q9I4U9	PA1025	GO:0015288; GO:0016020	3D-structure;Reference proteome;Signal;Transport
Q9I4V4	PA1020	GO:0003995; GO:0050660	FAD;Flavoprotein;Oxidoreductase;Reference proteome
Q9I4V5	mucK PA1019	GO:0015540; GO:0016020; GO:0042920	Membrane;Reference proteome;Transmembrane;Transmembrane helix
Q9I4W4	PA1009	GO:0005829; GO:0006351; GO:0006355	Cytoplasm;Reference proteome;Repressor;Transcription
Q9I4X8	PA0991	GO:0000160; GO:0004672	Phosphoprotein;Reference proteome;Two-component regulatory system
Q9I4Y3	PA0986	GO:0003677; GO:0004803; GO:0006313	Reference proteome
Q9I4Z0	PA0978	GO:0003676; GO:0015074	Reference proteome
Q9I4Z1	PA0977		Reference proteome
Q9I4Z5	PA0968	GO:0047617	3D-structure;Hydrolase;Reference proteome
Q9I4Z7	PA0962	GO:0003677; GO:0008199; GO:0016722; GO:0032297; GO:1990084	3D-structure;DNA-binding;Metal-binding;Reference proteome
Q9I518	PA0940		Reference proteome
Q9I533	PA0924	GO:0005886; GO:0030200	Membrane;Reference proteome;Transmembrane;Transmembrane helix
Q9I545	PA0912		Reference proteome;Signal
Q9I547	PA0910	GO:0001896; GO:0006974	Reference proteome
Q9I550	PA0907	GO:0001896; GO:0006974; GO:0043068	Reference proteome
Q9I561	PA0884	GO:0015740; GO:0030288; GO:0055085	3D-structure;Reference proteome;Signal;Transport
Q9I578	PA0863	GO:0016491	Reference proteome
Q9I599	PA0841	GO:0008289	Lipid-binding;Reference proteome
Q9I5A0	PA0840	GO:0005829; GO:0010181; GO:0016491	Reference proteome
Q9I5A1	PA0839	GO:0003677; GO:0003700; GO:0006351; GO:0045892	DNA-binding;Reference proteome;Transcription;Transcription regulation
Q9I5D6	PA0802		Membrane;Reference proteome;Transmembrane;Transmembrane helix
Q9I5D8	PA0800		Membrane;Reference proteome;Transmembrane;Transmembrane helix
Q9I5E9	PA0789	GO:0003333; GO:0005886; GO:0015171; GO:0016020	Amino-acid transport;Cell membrane;Membrane;Reference proteome;Transmembrane;Transmembrane helix;Transport
Q9I5H0	PA0759		Reference proteome
Q9I5H4	opdH PA0755	GO:0015288; GO:0016020	3D-structure;Reference proteome;Signal;Transport
Q9I5H6	PA0753		Membrane;Reference proteome;Transmembrane;Transmembrane helix
Q9I5H7	PA0752		Membrane;Reference proteome;Transmembrane;Transmembrane helix
Q9I5I8	PA0741	GO:0016646	Reference proteome
Q9I5J1	PA0738		Membrane;Reference proteome;Transmembrane;Transmembrane helix
Q9I5J8	PA0731		Reference proteome;Signal
Q9I5L2	PA0716	GO:0005524; GO:0006302; GO:0016887	Reference proteome
Q9I5N0	PA0696		Reference proteome;Signal
Q9I5N1	PA0695	GO:0016020	Membrane;Reference proteome;Transmembrane;Transmembrane helix
Q9I5P8	PA0677	GO:0005886; GO:0015628	Cell inner membrane;Cell membrane;Membrane;Methylation;Reference proteome;Transmembrane;Transmembrane helix
Q9I5Q1	PA0670	GO:0006281	DNA damage;Reference proteome
Q9I5Q8	PA0663		Coiled coil;Reference proteome
Q9I5R3	PA0658	GO:0016020; GO:0016491	Oxidoreductase;Reference proteome
Q9I5R8	PA0648		Reference proteome
Q9I5S3	PA0643		Reference proteome
Q9I5W7	PA0569		Reference proteome
Q9I5W8	PA0568		Reference proteome
Q9I5X1	PA0565	GO:0016491; GO:0051920	3D-structure;Reference proteome
Q9I5X5	PA0561		Membrane;Reference proteome;Transmembrane;Transmembrane helix
Q9I5Y0	PA0556		Reference proteome;Signal
Q9I5Y2	PA0554		Lipoprotein;Membrane;Palmitate;Reference proteome;Signal
Q9I5Y7	PA0549		Reference proteome
Q9I600	PA0536		Membrane;Reference proteome;Signal;Transmembrane;Transmembrane helix
Q9I602	PA0534	GO:0005737; GO:0016491	Oxidoreductase;Reference proteome
Q9I630	PA0488		Reference proteome;Signal
Q9I637	PA0481		Reference proteome
Q9I639	PA0479	GO:0000976; GO:0003700; GO:0006351; GO:0006355	DNA-binding;Reference proteome;Transcription;Transcription regulation
Q9I643	PA0475	GO:0003677; GO:0006351	DNA-binding;Reference proteome;Transcription;Transcription regulation
Q9I649	PA0469		Reference proteome
Q9I653	creD PA0465	GO:0005886	Membrane;Reference proteome;Transmembrane;Transmembrane helix
Q9I673	PA0444	GO:0000256; GO:0046872; GO:0047652	Hydrolase;Metal-binding;Reference proteome;Zinc
Q9I682	PA0435		Membrane;Reference proteome;Transmembrane;Transmembrane helix
Q9I686	PA0431	GO:0008893; GO:0046872	3D-structure;Metal-binding;Reference proteome
Q9I6C7	PA0367	GO:0000976; GO:0003700; GO:0006355	DNA-binding;Reference proteome
Q9I6D0	PA0364	GO:0016614; GO:0050660	FAD;Flavoprotein;Oxidoreductase;Reference proteome
Q9I6D5	PA0359		Membrane;Reference proteome;Signal;Transmembrane;Transmembrane helix
Q9I6E7	PA0346		Reference proteome;Signal
Q9I6F0	PA0343		Coiled coil;Reference proteome
Q9I6F7	PA0334	GO:0016020; GO:0022857	Membrane;Reference proteome;Transmembrane;Transmembrane helix;Transport
Q9I6F8	PA0333	GO:0006744; GO:0044877	Membrane;Reference proteome;Transmembrane;Transmembrane helix
Q9I6G6	PA0325	GO:0005886; GO:0015417; GO:1903711	Cell membrane;Membrane;Reference proteome;Transmembrane;Transmembrane helix;Transport
Q9I6G8	PA0323	GO:0015847; GO:0019809; GO:0019810; GO:0030288	Periplasm;Reference proteome;Signal;Transport
Q9I6I0	PA0311		Reference proteome;Signal
Q9I6I2	PA0309		Reference proteome;Signal
Q9I6J7	aguR PA0294	GO:0000976; GO:0003700; GO:0006355; GO:0051346	DNA-binding;Reference proteome
Q9I6M0	PA0270		Reference proteome;Signal
Q9I6N9	PA0250		CBS domain;Reference proteome
Q9I6P1	PA0248	GO:0000976; GO:0003700; GO:0006351; GO:0006355	Activator;DNA-binding;Reference proteome;Transcription;Transcription regulation
Q9I6P5	PA0243	GO:0003677; GO:0003700	DNA-binding;Reference proteome
Q9I6Q4	PA0234	GO:0009279	Reference proteome;Signal
Q9I6Q6	pcaC PA0232	GO:0047575; GO:0051920	Reference proteome
Q9I6S0	PA0218	GO:0003677; GO:0003700; GO:0006351; GO:0006355; GO:0032993	3D-structure;DNA-binding;Reference proteome;Transcription;Transcription regulation
Q9I6S3	PA0215	GO:0016020	Membrane;Reference proteome;Transmembrane;Transmembrane helix
Q9I6T1	PA0207	GO:0003700; GO:0006351; GO:0009891; GO:0043565	Activator;DNA-binding;Reference proteome;Transcription;Transcription regulation
Q9I6U2	PA0192	GO:0006826; GO:0009279	Cell outer membrane;Ion transport;Iron;Iron transport;Membrane;Receptor;Reference proteome;Signal;TonB box;Transmembrane;Transmembrane beta strand;Transport
Q9I6U6	PA0188	GO:0005886; GO:0055085	Cell membrane;Membrane;Reference proteome;Transmembrane;Transmembrane helix;Transport
Q9I6U9	PA0184	GO:0005524; GO:0016887	ATP-binding;Nucleotide-binding;Reference proteome;Transport
Q9I6V3	PA0179	GO:0000156; GO:0000160; GO:0003677; GO:0006351	DNA-binding;Phosphoprotein;Reference proteome;Transcription;Transcription regulation;Two-component regulatory system
Q9I6X2	PA0160		Reference proteome;Signal
Q9I6Y7	PA0145	GO:0009159; GO:0070694	Reference proteome
Q9I6Z7	PA0135		Reference proteome
Q9I706	PA0126		Reference proteome;Signal
Q9I710	PA0122	GO:0019836; GO:0051861	3D-structure;Reference proteome
Q9I731	PA0101		Reference proteome
Q9I736	PA0096		Reference proteome
Q9I759	PA0073	GO:0005524; GO:0005886; GO:0016887; GO:0022857; GO:0044874; GO:0055085; GO:0089705	ATP-binding;Nucleotide-binding;Reference proteome
Q9I763	PA0069	GO:0003824; GO:0046872; GO:0051536	Iron;Iron-sulfur;Metal-binding;Reference proteome
Q9I766	PA0066		Reference proteome
Q9I771	PA0061		Reference proteome;Signal
Q9I784	PA0048	GO:0003677	DNA-binding;Reference proteome
Q9I793	PA0039		Reference proteome;Signal
Q9I798	PA0032	GO:0003700; GO:0006351; GO:0043565	DNA-binding;Reference proteome;Transcription;Transcription regulation
Q9I7B0	trkA PA0016	GO:0005267; GO:0005886; GO:0071805	Cell inner membrane;Cell membrane;Ion transport;Membrane;NAD;Potassium;Potassium transport;Reference proteome;Repeat;Transport
Q9I7B2	PA0014		Reference proteome
Q9I7B9	PA0007	GO:0004130; GO:0009055; GO:0020037; GO:0046872	Heme;Iron;Metal-binding;Reference proteome;Signal
G3XCT8	PA1699	GO:0030254; GO:0050709	Reference proteome
G3XCT9	PA0616		Reference proteome
G3XCW1	PA0637		Reference proteome
G3XCW7	PA1462		Reference proteome
G3XCY0	PA0979	GO:0003677; GO:0004803; GO:0006313	Coiled coil;Reference proteome
G3XCY3	PA1463	GO:0006935; GO:0007165	Reference proteome
G3XCY9	narJ PA3873	GO:0016530; GO:0042128; GO:0051082; GO:0051131	Nitrate assimilation;Reference proteome
G3XD03	PA1688	GO:0016787	Reference proteome
G3XD07	PA1018	GO:0006635	Reference proteome
G3XD38	PA0633		Reference proteome
G3XD65	PA0626		3D-structure;Reference proteome
G3XD68	PA0634		Reference proteome
G3XD75	PA0629		3D-structure;Reference proteome
G3XD79	PA4392	GO:0003684; GO:0003824; GO:0006281	DNA damage;Reference proteome
G3XD83	PA0625		Reference proteome
G3XD93	PA3842	GO:0030254	3D-structure;Reference proteome
Q9HT26	PA5548	GO:0005886; GO:0022857; GO:0055085	Cell membrane;Membrane;Reference proteome;Transmembrane;Transmembrane helix
Q9HT30	PA5544	GO:0005886; GO:0022857	Cell inner membrane;Cell membrane;Membrane;Reference proteome;Transmembrane;Transmembrane helix;Transport
Q9HT46	PA5527		Reference proteome
Q9HT50	PA5523	GO:0008483; GO:0030170	Aminotransferase;Pyridoxal phosphate;Reference proteome;Transferase
Q9HT53	PA5520		Reference proteome;Signal
Q9HT55	PA5518	GO:0005886; GO:0006813; GO:0008324; GO:0015297; GO:1902600	Antiport;Ion transport;Membrane;Reference proteome;Transmembrane;Transmembrane helix;Transport
Q9HT64	PA5509		Reference proteome
Q9HT90	PA5480		Reference proteome
Q9HT93	PA5477		Membrane;Reference proteome;Transmembrane;Transmembrane helix
Q9HT98	PA5472		Reference proteome;Signal
Q9HTA0	PA5470	GO:0003747; GO:0046677	Reference proteome
Q9HTB3	PA5457	GO:0008168; GO:0009103; GO:0009243	Reference proteome;Transferase
Q9HTC1	PA5446		Reference proteome
Q9HTC6	PA5440	GO:0005829; GO:0006508; GO:0008233	Hydrolase;Protease;Reference proteome
Q9HTD1	PA5435	GO:0006814; GO:0008948	Biotin;Reference proteome
Q9HTD5	PA5431	GO:0003677; GO:0003700; GO:0006351; GO:0030170	DNA-binding;Pyridoxal phosphate;Reference proteome;Transcription;Transcription regulation
Q9HTE1	PA5423		Reference proteome;Signal
Q9HTF2	PA5412		Membrane;Reference proteome;Transmembrane;Transmembrane helix
Q9HTF7	PA5407		Coiled coil;Reference proteome
Q9HTF8	PA5406		Coiled coil;Reference proteome
Q9HTH3	PA5391		Reference proteome
Q9HTJ9	PA5359	GO:0043448	Reference proteome;Signal
Q9HTL1	PA5347		Reference proteome
Q9HTM7	PA5328	GO:0005506; GO:0009055; GO:0016020; GO:0020037; GO:0051872	Electron transport;Heme;Iron;Metal-binding;Reference proteome;Transport
Q9HTM8	PA5327	GO:0003885; GO:0016020; GO:0016491; GO:0051872; GO:0071949	FAD;Flavoprotein;Oxidoreductase;Reference proteome
Q9HTM9	PA5326	GO:0008721; GO:0016020; GO:0036088; GO:0051872	Reference proteome
Q9HTQ9	PA5295	GO:0005886; GO:0071111	c-di-GMP;Reference proteome
Q9HTR4	PA5290	GO:0003677; GO:0005524	ATP-binding;Nucleotide-binding;Reference proteome
Q9HTS7	PA5273		Reference proteome
Q9HTT0	PA5270		Reference proteome;Signal
Q9HTT1	PA5269		Reference proteome
Q9HTT3	PA5266	GO:0005576; GO:0033103; GO:0033104	Reference proteome;Secreted
Q9HTU2	PA5252	GO:0005524; GO:0016887	ATP-binding;Coiled coil;Nucleotide-binding;Reference proteome;Repeat
Q9HTV6	PA5234	GO:0016491	Reference proteome
Q9HTV9	PA5231	GO:0005524; GO:0005886; GO:0016887; GO:0140359	ATP-binding;Membrane;Nucleotide-binding;Reference proteome;Transmembrane;Transmembrane helix
Q9HTW1	PA5229	GO:0005634	Phosphoprotein;Reference proteome
Q9HTX2	PA5218	GO:0003677; GO:0003700; GO:0006351; GO:0006355; GO:0032993	DNA-binding;Reference proteome;Transcription;Transcription regulation
Q9HTX4	PA5216	GO:0005886; GO:0055085	Cell membrane;Membrane;Reference proteome;Transmembrane;Transmembrane helix;Transport
Q9HTY0	PA5210	GO:0005524; GO:0005886; GO:0016887	ATP-binding;Nucleotide-binding;Reference proteome
Q9HTY1	PA5209	GO:0046872; GO:0050355	Reference proteome
Q9HTZ3	PA5196		Reference proteome
Q9HTZ9	PA5190	GO:0003955	Oxidoreductase;Reference proteome
Q9HU04	PA5185	GO:0047617	3D-structure;Hydrolase;Reference proteome
Q9HU08	PA5181	GO:0008863; GO:0016020; GO:0030151; GO:0051539	4Fe-4S;Iron;Iron-sulfur;Metal-binding;Molybdenum;Oxidoreductase;Reference proteome
Q9HU10	PA5179	GO:0003677; GO:0003700; GO:0006351; GO:2000142	Activator;DNA-binding;Reference proteome;Transcription;Transcription regulation
Q9HU13	PA5176	GO:0005829; GO:0006753; GO:0019144; GO:0019693	Hydrolase;Reference proteome
Q9HU25	PA5159	GO:0005886; GO:0015125; GO:0015721; GO:0046677; GO:1990961	Cell inner membrane;Cell membrane;Membrane;Reference proteome;Transmembrane;Transmembrane helix;Transport
Q9HU34	PA5150	GO:0016616	Reference proteome
Q9HU35	PA5149	GO:0000166; GO:0005829; GO:0017000; GO:0102497	Oxidoreductase;Reference proteome
Q9HU39	PA5145	GO:0044281; GO:0047545	FAD;Flavoprotein;Oxidoreductase;Reference proteome
Q9HU52	PA5132	GO:0004175; GO:0008237; GO:0080120	Membrane;Reference proteome;Transmembrane;Transmembrane helix
Q9HU54	PA5130	GO:0016491	Membrane;Reference proteome;Transmembrane;Transmembrane helix
Q9HU80	PA5103	GO:0022857; GO:0043190	Reference proteome;Signal
Q9HU82	PA5101		Reference proteome
Q9HU87	PA5096	GO:0022857; GO:0043190	Reference proteome;Signal
Q9HUA2	PA5081	GO:0016787	Hydrolase;Reference proteome
Q9HUC2	PA5061		Reference proteome
Q9HUD7	PA5032	GO:0000976; GO:0003700; GO:0006351	DNA-binding;Reference proteome;Transcription;Transcription regulation
Q9HUD9	PA5030	GO:0005886; GO:0022857	Cell membrane;Membrane;Reference proteome;Transmembrane;Transmembrane helix;Transport
Q9HUE3	PA5026		3D-structure;Reference proteome
Q9HUE4	metY PA5025	GO:0004124; GO:0019346; GO:0030170; GO:0071269	Pyridoxal phosphate;Reference proteome;Transferase
Q9HUE9	PA5020	GO:0016627; GO:0050660	FAD;Flavoprotein;Oxidoreductase;Reference proteome
Q9HUF6	waaG PA5010	GO:0000166; GO:0009103; GO:0016757	3D-structure;Nucleotide-binding;Reference proteome
Q9HUF8	PA5007	GO:0016301	Reference proteome
Q9HUG0	PA5005	GO:0016740	Reference proteome;Transferase
Q9HUG3	PA5002	GO:0006506; GO:0016020; GO:0016811	Membrane;Reference proteome;Transmembrane;Transmembrane helix
Q9HUG4	PA5001	GO:0009103	Reference proteome
Q9HUG7	PA4998		Reference proteome
Q9HUH8	PA4987	GO:0003677; GO:0003700; GO:0006355	DNA-binding;Reference proteome
Q9HUH9	PA4986	GO:0008670; GO:0010181; GO:0033543; GO:0046872; GO:0051536	Flavoprotein;FMN;Iron;Iron-sulfur;Metal-binding;Oxidoreductase;Reference proteome
Q9HUI7	PA4978	GO:0005524; GO:0046872; GO:0061733	ATP-binding;Nucleotide-binding;Reference proteome
Q9HUJ0	PA4975	GO:0003955; GO:0005829	Oxidoreductase;Reference proteome
Q9HUN1	PA4933		Membrane;Reference proteome;Transmembrane;Transmembrane helix
Q9HUQ4	PA4909	GO:0005524; GO:0015658; GO:0015807; GO:0016887	Amino-acid transport;ATP-binding;Nucleotide-binding;Reference proteome;Transport
Q9HUR5	opdK PA4898	GO:0015288; GO:0016020	3D-structure;Reference proteome;Signal;Transport
Q9HUR9	PA4894		Membrane;Reference proteome;Signal;Transmembrane;Transmembrane helix
Q9HUT2	PA4881		Reference proteome;Signal
Q9HUT4	PA4879	GO:0005886; GO:0090313	Reference proteome
Q9HUU3	PA4870	GO:0008270; GO:1900378	Metal-binding;Reference proteome;Zinc;Zinc-finger
Q9HUV5	PA4858	GO:0006865	Reference proteome;Signal
Q9HUW4	PA4849	GO:0016020	Membrane;Reference proteome;Transmembrane;Transmembrane helix
Q9HUX2	PA4838		Membrane;Reference proteome;Transmembrane;Transmembrane helix
Q9HUX8	PA4832	GO:0016491	Oxidoreductase;Reference proteome
Q9HUY2	PA4828		Membrane;Reference proteome;Transmembrane;Transmembrane helix
Q9HUZ0	PA4820	GO:0000271; GO:0005886	Membrane;Reference proteome;Transmembrane;Transmembrane helix
Q9HUZ1	PA4819	GO:0005886; GO:0016757	Cell membrane;Glycosyltransferase;Membrane;Reference proteome;Transferase;Transmembrane;Transmembrane helix
Q9HV05	PA4804	GO:0003333; GO:0005886; GO:0015171; GO:0016020	Cell membrane;Membrane;Reference proteome;Transmembrane;Transmembrane helix;Transport
Q9HV19	PA4789	GO:0009143; GO:0047429	Reference proteome
Q9HV25	PA4783	GO:0016020	Membrane;Reference proteome;Transmembrane;Transmembrane helix
Q9HV26	PA4782		Reference proteome
Q9HV29	PA4779	GO:0015562; GO:0016020; GO:0033228	Membrane;Reference proteome;Transmembrane;Transmembrane helix
Q9HV65	PA4734	GO:0016491	Reference proteome
Q9HV82	PA4716	GO:0003824	3D-structure;Reference proteome
Q9HV84	PA4714	GO:0046872	3D-structure;Metal-binding;Reference proteome;Signal;Zinc
Q9HV85	PA4713		Membrane;Reference proteome;Transmembrane;Transmembrane helix
Q9HV86	PA4712		Reference proteome
Q9HV90	phuT PA4708		Reference proteome
Q9HVD9	PA4653		Reference proteome;Signal
Q9HVE1	PA4651	GO:0006457; GO:0030288; GO:0044183; GO:0071555	Reference proteome;Signal
Q9HVE5	uraA PA4647	GO:0005886; GO:0015505; GO:0098721	Membrane;Reference proteome;Transmembrane;Transmembrane helix;Transport
Q9HVF2	PA4639		Reference proteome;Signal
Q9HVF4	PA4637		Membrane;Reference proteome;Transmembrane;Transmembrane helix
Q9HVJ0	PA4596	GO:0000976; GO:0003700; GO:0006351; GO:0006355	DNA-binding;Membrane;Reference proteome;Transcription;Transcription regulation;Transmembrane;Transmembrane helix
Q9HVK0	PA4584		Reference proteome
Q9HVK6	PA4578		Reference proteome;Signal
Q9HVN6	PA4541	GO:0005576	Membrane;Reference proteome;Secreted;Signal;Transmembrane;Transmembrane helix
Q9HVP0	PA4537		Membrane;Reference proteome;Transmembrane;Transmembrane helix
Q9HVP3	PA4534	GO:0016747	3D-structure;Acyltransferase;Reference proteome;Transferase
Q9HVQ9	lpxO1 PA4512	GO:0051213	Dioxygenase;Membrane;Oxidoreductase;Reference proteome;Transmembrane;Transmembrane helix
Q9HVR8	PA4503	GO:0005886; GO:0071916	Cell membrane;Membrane;Reference proteome;Transmembrane;Transmembrane helix;Transport
Q9HVS5	PA4496	GO:0015031; GO:0030288; GO:0042938; GO:0043190; GO:1904680	Peptide transport;Protein transport;Reference proteome;Signal;Transport
Q9HVT3	PA4488		Reference proteome;Signal
Q9HVU6	PA4475	GO:0016811	Hydrolase;Reference proteome
Q9HVW3	PA4454	GO:0005886; GO:0120010; GO:0120014	3D-structure;Reference proteome
Q9HVX3	mltB1 PA4444	GO:0008933; GO:0009253	Reference proteome;Signal
Q9HVX9	PA4436	GO:0003700; GO:0006351; GO:0006355; GO:0009893; GO:0043565	DNA-binding;Reference proteome;Transcription;Transcription regulation
Q9HVY1	PA4434	GO:0016491	NADP;Oxidoreductase;Reference proteome
Q9HVY7	sspA PA4428	GO:0005737	Reference proteome
Q9HW23	PA4379	GO:0008168; GO:0035438	Reference proteome
Q9HW32	icmP PA4370	GO:0030313; GO:0046872	3D-structure;Calcium;Metal-binding;Reference proteome;Signal
Q9HW54	PA4347	GO:0016787	Reference proteome;Signal
Q9HW55	PA4346		Reference proteome
Q9HW66	PA4335		Reference proteome
Q9HW74	PA4327		Reference proteome;Signal
Q9HW81	PA4320		Membrane;Reference proteome;Transmembrane;Transmembrane helix
Q9HW99	tadB PA4301	GO:0005886	Cell membrane;Membrane;Reference proteome;Transmembrane;Transmembrane helix
Q9HWB2	PA4288	GO:0003677; GO:0003700; GO:0006351; GO:0006355; GO:0043565	Activator;DNA-binding;Reference proteome;Repressor;Transcription;Transcription regulation
Q9HWB3	PA4287	GO:0005886	Cell membrane;Membrane;Reference proteome;Transmembrane;Transmembrane helix
Q9HWG7	PA4222	GO:0005524; GO:0005886; GO:0016887; GO:0042626; GO:0140359	ATP-binding;Membrane;Nucleotide-binding;Reference proteome;Transmembrane;Transmembrane helix
Q9HWH6	mexG PA4205	GO:0016020	Membrane;Reference proteome;Transmembrane;Transmembrane helix
Q9HWI3	PA4198	GO:0006631; GO:0016874	Fatty acid metabolism;Ligase;Lipid metabolism;Reference proteome
Q9HWI5	bfiR PA4196	GO:0000160; GO:0003677; GO:0006351; GO:0006355	DNA-binding;Phosphoprotein;Reference proteome;Transcription;Transcription regulation
Q9HWJ1	pqsL PA4190	GO:0008688; GO:0019622; GO:0071949	3D-structure;FAD;Flavoprotein;Monooxygenase;Nucleotide-binding;Oxidoreductase;Reference proteome
Q9HWJ5	PA4186	GO:0005737; GO:0016491	Oxidoreductase;Reference proteome
Q9HWJ6	PA4185	GO:0000987; GO:0003700; GO:0006351; GO:0006355	DNA-binding;Reference proteome;Transcription;Transcription regulation
Q9HWJ8	PA4183		3D-structure;Reference proteome
Q9HWJ9	PA4182		Reference proteome
Q9HWK7	PA4174	GO:0003700; GO:0006351; GO:0043565	DNA-binding;Reference proteome;Transcription;Transcription regulation
Q9HWM1	fepD PA4160	GO:0005886; GO:0022857; GO:0033214	Cell membrane;Membrane;Reference proteome;Transmembrane;Transmembrane helix;Transport
Q9HWM6	PA4155	GO:0004497; GO:0016705	Flavoprotein;FMN;Monooxygenase;Oxidoreductase;Reference proteome
Q9HWN5	PA4146		Reference proteome
Q9HWN6	PA4145	GO:0000976; GO:0003700; GO:0006351; GO:0006355	DNA-binding;Reference proteome;Transcription;Transcription regulation
Q9HWN9	PA4142		Coiled coil;Membrane;Reference proteome;Transmembrane;Transmembrane helix
Q9HWP0	PA4141		Reference proteome
Q9HWP7	PA4134		Reference proteome
Q9HWQ6	hpcD PA4125	GO:0008704	Isomerase;Reference proteome
Q9HWS5	PA4103		Membrane;Reference proteome;Transmembrane;Transmembrane helix
Q9HWT5	PA4093	GO:0005829; GO:0061522	Membrane;Reference proteome;Transmembrane;Transmembrane helix
Q9HWV0	PA4078	GO:0031177; GO:0044281	Phosphopantetheine;Phosphoprotein;Reference proteome
Q9HWX0	PA4058		Reference proteome
Q9HWY0	PA4048	GO:0004190; GO:0006508	Reference proteome;Signal
Q9HWY8	PA4039		Membrane;Reference proteome;Transmembrane;Transmembrane helix
Q9HX00	PA4027		Reference proteome;Signal
Q9HX04	PA4023	GO:0005886; GO:0006865; GO:0015171	Cell membrane;Membrane;Reference proteome;Transmembrane;Transmembrane helix
Q9HX10	PA4017		3D-structure;Reference proteome
Q9HX27	PA3994	GO:0016787	Hydrolase;Reference proteome
Q9HX49	PA3967	GO:0005344; GO:0019825; GO:0020037; GO:0046872	3D-structure;Heme;Iron;Metal-binding;Oxygen transport;Reference proteome;Transport
Q9HX54	PA3962		Membrane;Reference proteome;Signal;Transmembrane;Transmembrane helix
Q9HX55	PA3961	GO:0003727; GO:0004386; GO:0005524; GO:0017111	ATP-binding;Helicase;Hydrolase;Nucleotide-binding;Reference proteome
Q9HX58	PA3958	GO:0003824; GO:0006506; GO:0016020	Membrane;Reference proteome;Transmembrane;Transmembrane helix
Q9HX64	PA3952		Reference proteome
Q9HX65	PA3951	GO:0004540	Reference proteome
Q9HX67	PA3949		FAD;Flavoprotein;Reference proteome
Q9HX84	PA3932	GO:0000987; GO:0001216; GO:0005524; GO:0006351; GO:0032993; GO:0045893	ATP-binding;DNA-binding;Nucleotide-binding;Reference proteome;Transcription;Transcription regulation
Q9HX87	PA3927	GO:0003677; GO:0003700; GO:0006351; GO:0006355; GO:0009893; GO:0043565	DNA-binding;Reference proteome;Repressor;Transcription;Transcription regulation
Q9HX96	moaD PA3917	GO:0000166; GO:0006777; GO:1990133	Nucleotide-binding;Reference proteome
Q9HXA3	eddA PA3910		Reference proteome
Q9HXA4	eddB PA3909	GO:0004536; GO:0006308	Reference proteome;Signal
Q9HXA6	PA3907		3D-structure;Reference proteome
Q9HXB4	PA3899	GO:0003677; GO:0005829; GO:0006352; GO:0006355; GO:0016987; GO:0034756	Reference proteome;Sigma factor;Transcription;Transcription regulation
Q9HXB6	PA3897	GO:0016020	Membrane;Reference proteome;Transmembrane;Transmembrane helix
Q9HXB8	PA3895	GO:0000976; GO:0003700; GO:0006351; GO:0006355	DNA-binding;Reference proteome;Transcription;Transcription regulation
Q9HXC9	PA3883	GO:0016491	Oxidoreductase;Reference proteome
Q9HXE1	PA3865	GO:0016597; GO:0030288	Periplasm;Reference proteome;Signal;Transport
Q9HXE6	PA3860	GO:0016405; GO:0016878	Reference proteome
Q9HXE7	PA3859	GO:0052689	3D-structure;Hydrolase;Reference proteome
Q9HXG2	PA3844	GO:0004364; GO:0006559; GO:0006749; GO:0016034	Reference proteome
Q9HXG8	PA3836		Reference proteome;Signal
Q9HXH2	PA3830	GO:0003677; GO:0003700; GO:0006351; GO:0006355; GO:0009893; GO:0043565	Activator;DNA-binding;Reference proteome;Repressor;Transcription;Transcription regulation
Q9HXI0	PA3822	GO:0005886; GO:0015031	Cell membrane;Membrane;Protein transport;Reference proteome;Translocation;Transmembrane;Transmembrane helix;Transport
Q9HXK3	PA3794		Membrane;Reference proteome;Transmembrane;Transmembrane helix
Q9HXK8	PA3787	GO:0004222; GO:0046872	3D-structure;Metal-binding;Reference proteome;Signal;Zinc
Q9HXM4	PA3771	GO:0000976; GO:0003700; GO:0006351; GO:0006355	DNA-binding;Reference proteome;Transcription;Transcription regulation
Q9HXM7	PA3768	GO:0005507; GO:0016491; GO:0030288	Metal-binding;Oxidoreductase;Reference proteome
Q9HXN6	PA3759	GO:0008483; GO:0097367; GO:1901135	Aminotransferase;Reference proteome;Repeat;Transferase
Q9HXN8	PA3757	GO:0003677; GO:0003700; GO:0006351; GO:0009893; GO:0045892	DNA-binding;Reference proteome;Transcription;Transcription regulation
Q9HXP2	PA3752		Reference proteome
Q9HXP6	PA3748	GO:0005886; GO:0050660	CBS domain;Cell membrane;Membrane;Reference proteome;Repeat;Transmembrane;Transmembrane helix
Q9HXQ5	PA3739	GO:0005886; GO:0015386; GO:0030007	Antiport;Cell membrane;Ion transport;Membrane;Reference proteome;Transmembrane;Transmembrane helix;Transport
Q9HXR8	PA3723	GO:0003959; GO:0010181; GO:0050661	Flavoprotein;FMN;NADP;Oxidoreductase;Reference proteome
Q9HXT1	PA3710	GO:0016491; GO:0016614; GO:0050660	FAD;Flavoprotein;Oxidoreductase;Reference proteome
Q9HXU5	PA3695	GO:0006508; GO:0008233	Hydrolase;Reference proteome
Q9HXU8	lptF PA3692	GO:0009279	Coiled coil;Membrane;Reference proteome;Signal
Q9HXV9	PA3681		Reference proteome
Q9HXW8	PA3672	GO:0005524; GO:0016887	ATP-binding;Nucleotide-binding;Reference proteome;Transport
Q9HXW9	PA3671	GO:0005886	Cell membrane;Membrane;Reference proteome;Transmembrane;Transmembrane helix
Q9HXX0	PA3670		Coiled coil;Membrane;Reference proteome;Transmembrane;Transmembrane helix
Q9HXX2	PA3668	GO:0008047; GO:0097163; GO:1990228	Reference proteome
Q9HY14	PA3612		Reference proteome
Q9HY17	potC PA3609	GO:0005886; GO:0015417	Cell membrane;Membrane;Reference proteome;Transmembrane;Transmembrane helix;Transport
Q9HY21	PA3605	GO:0005886	Cell membrane;Membrane;Reference proteome;Transmembrane;Transmembrane helix
Q9HY27	PA3599	GO:0003677; GO:0003700; GO:0006351; GO:0006355	DNA-binding;Reference proteome;Transcription;Transcription regulation
Q9HY35	PA3591	GO:0006635; GO:0016836	Lyase;Reference proteome
Q9HY36	PA3590	GO:0006635; GO:0008691; GO:0070403	NAD;Oxidoreductase;Reference proteome
Q9HY43	PA3577		Reference proteome
Q9HY95	PA3514	GO:0005524; GO:0016887	ATP-binding;Nucleotide-binding;Reference proteome;Transport
Q9HYB2	PA3497		Reference proteome;Signal
Q9HYC1	PA3488		Reference proteome
Q9HYC6	PA3483		Coiled coil;Membrane;Reference proteome;Signal;Transmembrane;Transmembrane helix
Q9HYD9	PA3467	GO:0016020; GO:0022857	Membrane;Reference proteome;Transmembrane;Transmembrane helix;Transport
Q9HYE8	PA3458	GO:0003700; GO:0006355; GO:0006950	Reference proteome
Q9HYI0	PA3425		Reference proteome
Q9HYK4	PA3400	GO:0005886; GO:0140359	Cell membrane;Membrane;Reference proteome;Transmembrane;Transmembrane helix
Q9HYN7	PA3359	GO:0016020	Membrane;Reference proteome;Transmembrane;Transmembrane helix
Q9HYP0	PA3356	GO:0004356; GO:0006542; GO:0006598	Ligase;Reference proteome
Q9HYP2	PA3354		Reference proteome
Q9HYP7	PA3349	GO:0000160; GO:0006935	Phosphoprotein;Reference proteome
Q9HYQ5	PA3340		Membrane;Reference proteome;Signal;Transmembrane;Transmembrane helix
Q9HYQ7	PA3338		3D-structure;Redox-active center;Reference proteome
Q9HYS2	PA3323		Reference proteome
Q9HYS3	PA3322	GO:0003677; GO:0003700; GO:0006355	DNA-binding;Reference proteome
Q9HYU1	PA3303	GO:0005886; GO:0022857; GO:0055085	Cell membrane;Membrane;Reference proteome;Transmembrane;Transmembrane helix
Q9HYU2	PA3301	GO:0016020; GO:0016298	Reference proteome
Q9HYV2	PA3291		Reference proteome
Q9HYV5	PA3288		Reference proteome
Q9HYX1	PA3270	GO:0016747	3D-structure;Reference proteome
Q9HYX9	PA3261		Reference proteome;Signal
Q9HZ01	PA3239	GO:0016020; GO:0120010	Reference proteome;Signal
Q9HZ11	PA3229		3D-structure;Reference proteome;Signal
Q9HZ19	csaA PA3221	GO:0000049	Reference proteome;RNA-binding;tRNA-binding
Q9HZ28	PA3212	GO:0005524; GO:0016887	ATP-binding;Nucleotide-binding;Reference proteome;Transport
Q9HZ40	PA3200	GO:0004534; GO:0035312	Reference proteome
Q9HZ41	PA3199	GO:0003725; GO:0005829	Reference proteome
Q9HZ43	PA3197	GO:0051301; GO:0051304	Cell cycle;Cell division;Chromosome partition;Cytoplasm;Reference proteome
Q9HZ81	wbpK PA3146	GO:0004029; GO:0005737; GO:0009243; GO:0051287	Reference proteome
Q9HZ85	PA3142	GO:0003676; GO:0015074	Reference proteome
Q9HZ91	PA3133	GO:0003677; GO:0006351; GO:0048023	3D-structure;DNA-binding;Reference proteome;Transcription;Transcription regulation
Q9HZ92	PA3132	GO:0016787	Hydrolase;Reference proteome
Q9HZ96	PA3128	GO:0000166; GO:0016491	3D-structure;Nucleotide-binding;Oxidoreductase;Reference proteome
Q9HZ97	PA3127	GO:0008080; GO:0046677	Acyltransferase;Antibiotic resistance;Reference proteome;Transferase
Q9HZB0	PA3109	GO:0005886; GO:0009403	Membrane;Reference proteome;Transmembrane;Transmembrane helix
Q9HZC1	PA3087	GO:0005737; GO:0016791	Reference proteome
Q9HZC8	PA3080	GO:0009523; GO:0015979	Photosynthesis;Photosystem II;Reference proteome
Q9HZC9	PA3079	GO:0005886	Cell membrane;Membrane;Reference proteome;Transmembrane;Transmembrane helix
Q9HZD3	PA3075		Membrane;Reference proteome;Signal;Transmembrane;Transmembrane helix
Q9HZD4	PA3074		Membrane;Reference proteome;TPR repeat;Transmembrane;Transmembrane helix
Q9HZE2	PA3066	GO:0016787	Hydrolase;Reference proteome
Q9HZF0	pelG PA3058	GO:0015774; GO:0044010	Membrane;Reference proteome;Transmembrane;Transmembrane helix
Q9HZF2	PA3056	GO:0003677	Reference proteome
Q9HZH1	PA3037	GO:0016787; GO:0046872	Hydrolase;Metal-binding;Reference proteome;Zinc
Q9HZH3	PA3035		Reference proteome
Q9HZH4	PA3034	GO:0000976; GO:0003700; GO:0006351; GO:0006355	DNA-binding;Reference proteome;Transcription;Transcription regulation
Q9HZI6	PA3020	GO:0004553; GO:0042597	3D-structure;Reference proteome;Signal
Q9HZJ7	PA3009		Reference proteome
Q9HZL4	PA2990	GO:0006629; GO:0008889; GO:0047389; GO:0047395	Reference proteome
Q9HZN1	PA2973	GO:0005886; GO:0006465; GO:0008236	Hydrolase;Membrane;Protease;Reference proteome;Serine protease;Transmembrane;Transmembrane helix
Q9HZN3	PA2971	GO:0005829; GO:0042254	Reference proteome;Ribosome biogenesis
Q9HZP3	PA2955		Reference proteome;Signal
Q9HZQ9	PA2938	GO:0005886; GO:0042906; GO:0042907	Cell membrane;Membrane;Reference proteome;Transmembrane;Transmembrane helix;Transport
Q9HZR0	PA2937		Reference proteome
Q9HZT0	PA2917	GO:0000987; GO:0003700; GO:0006351; GO:0006355	DNA-binding;Reference proteome;Transcription;Transcription regulation
Q9HZU5	PA2902		Reference proteome;Signal
Q9HZU9	PA2898		Reference proteome;Signal
Q9HZV1	PA2896	GO:0003677; GO:0006352; GO:0006355; GO:0016987	DNA-binding;Reference proteome;Sigma factor;Transcription;Transcription regulation
Q9HZW7	PA2880		Membrane;Reference proteome;Transmembrane;Transmembrane helix
Q9HZX2	PA2874		Membrane;Reference proteome;Transmembrane;Transmembrane helix
Q9HZX4	PA2872		Reference proteome
Q9HZX5	PA2871	GO:0005829; GO:0006637; GO:0009062; GO:0047617	Hydrolase;Reference proteome
Q9HZX7	PA2869		Reference proteome;Signal
Q9HZZ6	PA2847	GO:0005886	Cell membrane;Membrane;Reference proteome;Transmembrane;Transmembrane helix
Q9I001	PA2842	GO:0006596; GO:0010487	Polyamine biosynthesis;Reference proteome;Transferase
Q9I007	PA2836		Coiled coil;Reference proteome
Q9I021	PA2822	GO:0005829; GO:0033745	Reference proteome
Q9I022	PA2821	GO:0004364; GO:0005737; GO:0043295	Reference proteome
Q9I026	PA2817		Reference proteome
Q9I038	PA2805		Reference proteome
Q9I046	PA2797	GO:0043856	Reference proteome
Q9I053	PA2790		Reference proteome
Q9I059	PA2784		Membrane;Reference proteome;Transmembrane;Transmembrane helix
Q9I070	PA2773		Membrane;Reference proteome;Transmembrane;Transmembrane helix
Q9I082	PA2761	GO:0031459; GO:1901053	Reference proteome
Q9I097	PA2746		Membrane;Reference proteome;Transmembrane;Transmembrane helix
Q9I098	PA2745	GO:0016787	Hydrolase;Reference proteome
Q9I0B2	PA2730		Reference proteome
Q9I0B9	PA2723	GO:0046872	3D-structure;Calcium;Metal-binding;Reference proteome
Q9I0C3	PA2719	GO:0005737; GO:0019172; GO:0019243	Lyase;Reference proteome;Stress response
Q9I0C9	PA2713	GO:0003677; GO:0003700; GO:0006351; GO:0006355; GO:0032993	DNA-binding;Reference proteome;Transcription;Transcription regulation
Q9I0D0	PA2712	GO:0005886	Membrane;Reference proteome;Transmembrane;Transmembrane helix
Q9I0D2	PA2710	GO:0005886; GO:0006865; GO:0015171	Cell membrane;Membrane;Reference proteome;Transmembrane;Transmembrane helix
Q9I0E4	PA2698	GO:0016787	Hydrolase;Reference proteome
Q9I0E6	PA2696	GO:0000987; GO:0003700; GO:0005737; GO:0006351; GO:0006355; GO:0009893	DNA-binding;Reference proteome;Transcription;Transcription regulation
Q9I0E7	PA2695		Reference proteome;Signal
Q9I0F7	PA2681	GO:0003700; GO:0006351; GO:0043565	DNA-binding;Reference proteome;Transcription;Transcription regulation
Q9I0G1	PA2677	GO:0005524; GO:0005886; GO:0016887	ATP-binding;Nucleotide-binding;Reference proteome
Q9I0H3	PA2665	GO:0000987; GO:0001216; GO:0005524; GO:0006351; GO:0032993; GO:0045893	ATP-binding;DNA-binding;Nucleotide-binding;Reference proteome;Transcription;Transcription regulation
Q9I0I0	PA2658		Reference proteome
Q9I0K7	PA2631	GO:0008080	Acyltransferase;Reference proteome;Transferase
Q9I0N1	PA2607	GO:0002143; GO:1990228	Reference proteome
Q9I0P4	qteE PA2593		Reference proteome
Q9I0Q5	PA2581		Reference proteome;Signal
Q9I0R4	PA2572	GO:0000160; GO:0008081; GO:2000145	Coiled coil;Phosphoprotein;Reference proteome
Q9I0R6	PA2569		Reference proteome;Signal
Q9I0S2	PA2563	GO:0008271; GO:0016020	Membrane;Reference proteome;Transmembrane;Transmembrane helix
Q9I0V8	PA2525	GO:0009279; GO:0015562; GO:0016020; GO:0022857; GO:0055085	Cell outer membrane;Lipoprotein;Membrane;Palmitate;Reference proteome;Transmembrane;Transmembrane beta strand
Q9I0W9	antB PA2513	GO:0019380; GO:0051213	Aromatic hydrocarbons catabolism;Dioxygenase;Oxidoreductase;Reference proteome
Q9I0Y2	PA2500	GO:0005886; GO:0009440; GO:0022857	Membrane;Reference proteome;Transmembrane;Transmembrane helix
Q9I0Z2	PA2490		Reference proteome
Q9I0Z4	PA2488	GO:0003677; GO:0003700; GO:0006351; GO:0006355; GO:0009893; GO:0043565	Activator;DNA-binding;Reference proteome;Repressor;Transcription;Transcription regulation
Q9I0Z7	PA2485		Reference proteome
Q9I109	PA2473	GO:0004364; GO:0005737; GO:0006559; GO:0006749; GO:0016034	3D-structure;Reference proteome
Q9I110	PA2472	GO:0005886; GO:0046942; GO:0046943	Membrane;Reference proteome;Transmembrane;Transmembrane helix
Q9I124	PA2458		Reference proteome
Q9I126	PA2456		Reference proteome;Signal
Q9I153	PA2429		Reference proteome
Q9I155	PA2427		Reference proteome
Q9I166	PA2415		Membrane;Reference proteome;Transmembrane;Transmembrane helix
Q9I167	PA2414		Reference proteome;Signal
Q9I171	PA2410	GO:0030001; GO:0046872	Reference proteome;Signal
Q9I198	PA2381		Reference proteome
Q9I199	PA2380		Reference proteome
Q9I1A3	PA2376	GO:0000160; GO:0003677; GO:0006355	DNA-binding;Phosphoprotein;Reference proteome
Q9I1A9	PA2370		Reference proteome
Q9I1B1	PA2368		Reference proteome
Q9I1B3	PA2366		Reference proteome
Q9I1B6	PA2363		Reference proteome
Q9I1B7	PA2362		Membrane;Reference proteome;Transmembrane;Transmembrane helix
Q9I1B8	PA2361		Membrane;Reference proteome;Transmembrane;Transmembrane helix
Q9I1C1	PA2358		Reference proteome
Q9I1C5	PA2353	GO:0005524; GO:0005737; GO:0016887; GO:0032153; GO:0051301	ATP-binding;Nucleotide-binding;Reference proteome
Q9I1C7	PA2351	GO:0005886; GO:0048473	Cell membrane;Membrane;Reference proteome;Transmembrane;Transmembrane helix;Transport
Q9I1D0	PA2348	GO:0004497; GO:0016705	Flavoprotein;FMN;Monooxygenase;Oxidoreductase;Reference proteome
Q9I1D8	PA2340	GO:0005886; GO:0055085	Cell membrane;Membrane;Reference proteome;Transmembrane;Transmembrane helix;Transport
Q9I1D9	PA2339	GO:0005886; GO:0055085	Cell membrane;Membrane;Reference proteome;Transmembrane;Transmembrane helix;Transport
Q9I1E6	PA2332	GO:0003677; GO:0003700; GO:0006351; GO:0006355; GO:0043565	DNA-binding;Reference proteome;Transcription;Transcription regulation
Q9I1F1	PA2327	GO:0005886; GO:0010438; GO:0042918	Cell membrane;Membrane;Reference proteome;Transmembrane;Transmembrane helix;Transport
Q9I1G0	PA2315	GO:0016787	Reference proteome
Q9I1G3	PA2312	GO:0003677; GO:0003700; GO:0006355	DNA-binding;Reference proteome
Q9I1G8	PA2307	GO:0005886; GO:0055085	Cell membrane;Membrane;Reference proteome;Transmembrane;Transmembrane helix;Transport
Q9I1G9	ambA PA2306	GO:0005886; GO:0015171; GO:0033228	Cell membrane;Membrane;Reference proteome;Transmembrane;Transmembrane helix
Q9I1H2	ambD PA2303	GO:0016706; GO:0017000	Antibiotic biosynthesis;Oxidoreductase;Reference proteome
Q9I1H4	PA2301	GO:0002161; GO:0106074	Reference proteome
Q9I1I2	PA2293	GO:0016491	Reference proteome
Q9I1J1	PA2284		Membrane;Reference proteome;Transmembrane;Transmembrane helix
Q9I1J3	PA2282		Reference proteome;Signal
Q9I1J4	PA2281	GO:0003700; GO:0006351; GO:0009893; GO:0043565	DNA-binding;Reference proteome;Transcription;Transcription regulation
Q9I1J9	PA2275	GO:0008106; GO:0008270; GO:0016616	Metal-binding;Oxidoreductase;Reference proteome;Zinc
Q9I1K8	PA2265	GO:0016614; GO:0050660	FAD;Flavoprotein;Oxidoreductase;Reference proteome
Q9I1L0	PA2263	GO:0005829; GO:0016618; GO:0030267; GO:0051287	NAD;Oxidoreductase;Reference proteome
Q9I1P3	PA2226		Reference proteome
Q9I1P5	PA2224		Reference proteome
Q9I1P7	PA2222		3D-structure;Reference proteome
Q9I1Q6	PA2211	GO:0016787	Reference proteome
Q9I1R9	PA2198	GO:0005829; GO:0016491	Reference proteome
Q9I1S1	PA2196	GO:0000976; GO:0003700; GO:0006351; GO:0045892	3D-structure;DNA-binding;Reference proteome;Transcription;Transcription regulation
Q9I1S3	PA2192		CBS domain;Reference proteome
Q9I1S4	exoY PA2191	GO:0005576; GO:0008294; GO:0046872	3D-structure;Metal-binding;Reference proteome
Q9I1T6	PA2179	GO:0003676; GO:0006415; GO:0032259; GO:0036009	Methyltransferase;Reference proteome;S-adenosyl-L-methionine;Transferase
Q9I1U1	PA2174		Reference proteome
Q9I1W1	PA2154	GO:0005886	Cell membrane;Membrane;Reference proteome;Transmembrane;Transmembrane helix
Q9I1X6	PA2139		Reference proteome
Q9I1Y4	cupA4 PA2131	GO:0007155; GO:0009289; GO:0071453	Reference proteome;Signal
Q9I1Z8	PA2117		Reference proteome
Q9I206	PA2109		Coiled coil;Reference proteome;Signal
Q9I207	PA2108	GO:0000287; GO:0019752; GO:0030976; GO:0052737	Reference proteome;Thiamine pyrophosphate
Q9I208	PA2107		3D-structure;Reference proteome
Q9I230	PA2085	GO:0019380; GO:0051213	Aromatic hydrocarbons catabolism;Dioxygenase;Oxidoreductase;Reference proteome
Q9I232	PA2083	GO:0005506; GO:0051213; GO:0051537	2Fe-2S;Aromatic hydrocarbons catabolism;Dioxygenase;Iron;Iron-sulfur;Metal-binding;NAD;Oxidoreductase;Reference proteome
Q9I233	PA2082	GO:0005829; GO:0006351; GO:0006355; GO:0043200; GO:0043565	DNA-binding;Reference proteome;Transcription;Transcription regulation
Q9I239	PA2076	GO:0003677; GO:0003700; GO:0006351; GO:0006355; GO:0032993	DNA-binding;Reference proteome;Transcription;Transcription regulation
Q9I242	PA2073	GO:0005886; GO:0022857	Membrane;Reference proteome;Transmembrane;Transmembrane helix;Transport
Q9I243	PA2072	GO:0003824; GO:0005886	3D-structure;Membrane;Reference proteome;Transmembrane;Transmembrane helix
Q9I252	PA2063		Reference proteome
Q9I255	PA2060	GO:0005886; GO:0042884; GO:0055085	Cell inner membrane;Cell membrane;Membrane;Peptide transport;Protein transport;Reference proteome;Transmembrane;Transmembrane helix;Transport
Q9I257	PA2058	GO:0015031; GO:0015833; GO:0030288; GO:0042884; GO:0043190; GO:1904680	Peptide transport;Periplasm;Protein transport;Reference proteome;Signal;Transport
Q9I258	PA2057	GO:0009279; GO:0019867	Cell outer membrane;Membrane;Reference proteome;TonB box;Transmembrane;Transmembrane beta strand;Transport
Q9I267	PA2048	GO:0005829; GO:0016491	Reference proteome
Q9I269	PA2046		Reference proteome
Q9I272	PA2043	GO:0000455; GO:0003723; GO:0005829; GO:0009982; GO:0140098	Reference proteome
Q9I286	PA2029		Reference proteome
Q9I288	PA2027		Reference proteome
Q9I294	PA2017	GO:0005886	Cell membrane;Membrane;Reference proteome
Q9I2B2	PA1997	GO:0005524; GO:0006629; GO:0030729	ATP-binding;Ligase;Nucleotide-binding;Reference proteome
Q9I2B9	pqqH PA1990	GO:0006508; GO:0008236	Hydrolase;Reference proteome
Q9I2D6	PA1968		Reference proteome
Q9I2E3	PA1961	GO:0000976; GO:0003700; GO:0006351; GO:0006355	DNA-binding;Reference proteome;Transcription;Transcription regulation
Q9I2E7	PA1957	GO:0000309	Reference proteome
Q9I2G5	PA1939		Reference proteome
Q9I2H9	PA1925		Membrane;Reference proteome;Transmembrane;Transmembrane helix
Q9I2I3	PA1921		Reference proteome
Q9I2I4	nrdD PA1920	GO:0004748; GO:0005524; GO:0006260; GO:0008998; GO:0009265; GO:0031250	ATP-binding;Nucleotide-binding;Reference proteome
Q9I2I6	PA1918	GO:0005737; GO:0016491	Oxidoreductase;Reference proteome
Q9I2J1	PA1913		Reference proteome
Q9I2J3	femR PA1911	GO:0016989	Reference proteome
Q9I2J6	PA1908	GO:0016020; GO:0022857	Membrane;Reference proteome;Transmembrane;Transmembrane helix
Q9I2J8	PA1906		Reference proteome
Q9I2K7	PA1890	GO:0016740	Reference proteome;Transferase
Q9I2M6	PA1870		Reference proteome
Q9I2N1	PA1864	GO:0000976; GO:0003700; GO:0006355; GO:0045892	DNA-binding;Reference proteome
Q9I2N6	PA1859	GO:0003700; GO:0006351; GO:0043565	DNA-binding;Reference proteome;Transcription;Transcription regulation
Q9I2N7	str PA1858	GO:0016773; GO:0019748	Reference proteome
Q9I2R4	PA1831	GO:0005737; GO:0016791	Hydrolase;Reference proteome
Q9I2V2	PA1790	GO:0006400; GO:0045301	Reference proteome
Q9I2V3	PA1789	GO:0005737	3D-structure;Cytoplasm;Reference proteome
Q9I2V6	PA1786	GO:0009970; GO:0012505	Cell inner membrane;Cell membrane;Membrane;Reference proteome;Signal;Transport
Q9I2V8	PA1784		Reference proteome
Q9I2X4	PA1765	GO:0008643; GO:0042597	Reference proteome;Signal
Q9I2Y6	PA1751		Reference proteome
Q9I2Y9	PA1748	GO:0003824; GO:0006635	Reference proteome
Q9I303	PA1734	GO:0009055; GO:0020037; GO:0046872	Electron transport;Heme;Iron;Metal-binding;Reference proteome;Signal;Transport
Q9I308	PA1729	GO:0005829	Reference proteome
Q9I318	pscD PA1717	GO:0030254	3D-structure;Membrane;Reference proteome;Transmembrane;Transmembrane helix
Q9I326	pcrG PA1705	GO:0050709	Reference proteome
Q9I336	pscT PA1691	GO:0005886; GO:0006605	Cell membrane;Membrane;Reference proteome;Transmembrane;Transmembrane helix
Q9I343	PA1682	GO:0005886; GO:0015528; GO:0030395	Cell inner membrane;Cell membrane;Membrane;Reference proteome;Transmembrane;Transmembrane helix;Transport
Q9I345	PA1680	GO:0052689	Reference proteome;Signal
Q9I361	PA1664	GO:0033103	Reference proteome
Q9I365	PA1660	GO:0033103	Reference proteome
Q9I371	PA1654	GO:0008483; GO:0030170; GO:1901605	Aminotransferase;Pyridoxal phosphate;Reference proteome;Transferase
Q9I384	PA1641		Reference proteome
Q9I392	PA1630	GO:0003677; GO:0003700; GO:0006351; GO:0045892	DNA-binding;Reference proteome;Transcription;Transcription regulation
Q9I395	PA1627	GO:0000987; GO:0003700; GO:0006351; GO:0006355	DNA-binding;Reference proteome;Transcription;Transcription regulation
Q9I3A5	PA1617	GO:0005524; GO:0016405	ATP-binding;Nucleotide-binding;Reference proteome
Q9I3A7	PA1615		Membrane;Reference proteome;Transmembrane;Transmembrane helix
Q9I3B6	PA1605	GO:0016787	Reference proteome;Signal
Q9I3B7	PA1604		Reference proteome
Q9I3C0	PA1601	GO:0016491	Reference proteome;Signal
Q9I3C6	PA1595		Membrane;Reference proteome;Transmembrane;Transmembrane helix
Q9I3C7	PA1594	GO:0016790	Reference proteome
Q9I3F9	PA1558		Reference proteome
Q9I3H0	PA1547		Membrane;Reference proteome;Transmembrane;Transmembrane helix
Q9I3I3	PA1530		Reference proteome
Q9I3J4	PA1519	GO:0005886; GO:0015207	Cell membrane;Membrane;Reference proteome;Transmembrane;Transmembrane helix;Transport
Q9I3J6	PA1517	GO:0005975; GO:0016810	3D-structure;Reference proteome
Q9I3K3	PA1509		3D-structure;Reference proteome;Signal
Q9I3K8	PA1504	GO:0000976; GO:0003700; GO:0006355; GO:0045892	DNA-binding;Reference proteome
Q9I3L1	PA1501	GO:0008903; GO:0046487	Isomerase;Reference proteome
Q9I3L3	PA1499	GO:0005524; GO:0005737; GO:0008887	ATP-binding;Kinase;Nucleotide-binding;Reference proteome;Transferase
Q9I3M1	PA1491	GO:0005886; GO:0034228	Membrane;Reference proteome;Transmembrane;Transmembrane helix
Q9I3M2	PA1490	GO:0000987; GO:0006351; GO:0006355; GO:0098531	DNA-binding;Reference proteome;Transcription;Transcription regulation
Q9I3M6	PA1486	GO:0004177	Reference proteome
Q9I3P0	PA1472	GO:0016747	Reference proteome
Q9I3P2	PA1470	GO:0016614	Oxidoreductase;Reference proteome
Q9I3P4	PA1468		Reference proteome
Q9I3P7	PA1465		Reference proteome
Q9I3R1	PA1436	GO:0005886; GO:0042910	Membrane;Reference proteome;Transmembrane;Transmembrane helix
Q9I3R3	PA1434		Reference proteome
Q9I3S5	PA1419	GO:0005886; GO:0022857	Membrane;Reference proteome;Transmembrane;Transmembrane helix;Transport
Q9I3T1	PA1413	GO:0000976; GO:0003700; GO:0006351; GO:0006355	DNA-binding;Reference proteome;Transcription;Transcription regulation
Q9I3T2	PA1412	GO:0005886	Membrane;Reference proteome;Transmembrane;Transmembrane helix
Q9I3T4	PA1410	GO:0015847; GO:0019809; GO:0019810; GO:0030288	Periplasm;Reference proteome;Signal;Transport
Q9I3T8	PA1406	GO:0016779	Reference proteome
Q9I3T9	PA1405	GO:0000725; GO:0003677; GO:0005524; GO:0005829; GO:0016787; GO:0043138	ATP-binding;Helicase;Hydrolase;Nucleotide-binding;Reference proteome
Q9I3W3	PA1381		Reference proteome
Q9I3W5	PA1379	GO:0016491	Oxidoreductase;Reference proteome
Q9I3Y1	PA1363	GO:0003677; GO:0005829; GO:0006352; GO:0006355; GO:0016987	Reference proteome;Sigma factor;Transcription;Transcription regulation
Q9I3Z9	PA1345	GO:0004639; GO:0005524; GO:0005829; GO:0006189; GO:0046872	ATP-binding;Manganese;Nucleotide-binding;Reference proteome
Q9I400	PA1344	GO:0016491	Oxidoreductase;Reference proteome
Q9I409	PA1335	GO:0000160; GO:0000987; GO:0001216; GO:0005524; GO:0006351; GO:0032993; GO:0045893	ATP-binding;DNA-binding;Nucleotide-binding;Phosphoprotein;Reference proteome;Transcription;Transcription regulation;Two-component regulatory system
Q9I431	PA1313	GO:0005886; GO:0022857; GO:0055085	Cell membrane;Membrane;Reference proteome;Transmembrane;Transmembrane helix;Transport
Q9I432	PA1312	GO:0003700; GO:0006351; GO:0043565	DNA-binding;Reference proteome;Transcription;Transcription regulation
Q9I436	PA1308		Membrane;Reference proteome;Transmembrane;Transmembrane helix
Q9I440	PA1304	GO:0004252; GO:0006508	Hydrolase;Protease;Reference proteome;Serine protease
Q9I470	PA1274	GO:0016491	Flavoprotein;FMN;Oxidoreductase;Reference proteome
Q9I481	PA1263	GO:0003677	Reference proteome;Signal
Q9I482	PA1262	GO:0016020; GO:0022857	Membrane;Reference proteome;Transmembrane;Transmembrane helix
Q9I494	PA1244		3D-structure;Reference proteome
Q9I4A3	PA1235	GO:0003677; GO:0003700; GO:0006351; GO:0006355; GO:0009893; GO:0043565	Activator;DNA-binding;Reference proteome;Repressor;Transcription;Transcription regulation
Q9I4A5	PA1233		Reference proteome;Signal
Q9I4B0	PA1228		Reference proteome
Q9I4C3	PA1215		Reference proteome
Q9I4C7	PA1211	GO:0004016; GO:0006171; GO:0016787	Reference proteome
Q9I4D8	PA1200	GO:0008171; GO:0008757; GO:0032259	Methyltransferase;Reference proteome;S-adenosyl-L-methionine;Transferase
Q9I4D9	PA1199	GO:0000270; GO:0004175; GO:0006508; GO:0008234	Hydrolase;Lipoprotein;Protease;Reference proteome;Signal;Thiol protease
Q9I4E2	PA1196	GO:0000987; GO:0001216; GO:0005524; GO:0006351; GO:0016301; GO:0032993; GO:0045893	ATP-binding;DNA-binding;Kinase;Nucleotide-binding;Reference proteome;Transcription;Transcription regulation;Transferase
Q9I4E4	PA1194	GO:0005886; GO:0043858	Amino-acid transport;Cell membrane;Membrane;Reference proteome;Transmembrane;Transmembrane helix;Transport
Q9I4E5	PA1193	GO:0006284; GO:0008725	Reference proteome
Q9I4F4	PA1184	GO:0003700; GO:0006351; GO:0043565	DNA-binding;Reference proteome;Transcription;Transcription regulation
Q9I4H0	PA1167		3D-structure;Reference proteome
Q9I4H7	PA1160		Reference proteome
Q9I4I4	PA1153		Reference proteome
Q9I4I8	PA1147	GO:0016020; GO:0022857	Membrane;Reference proteome;Transmembrane;Transmembrane helix;Transport
Q9I4J0	PA1145	GO:0000976; GO:0003700; GO:0006351; GO:0006355	DNA-binding;Reference proteome;Transcription;Transcription regulation
Q9I4J4	PA1141	GO:0003677; GO:0003700; GO:0006351; GO:0006355	DNA-binding;Reference proteome;Transcription;Transcription regulation
Q9I4K9	PA1126		Membrane;Reference proteome;Transmembrane;Transmembrane helix
Q9I4L2	PA1123		3D-structure;Reference proteome
Q9I4L7	PA1118		Membrane;Reference proteome;Transmembrane;Transmembrane helix
Q9I4L8	PA1117		Reference proteome
Q9I4M3	PA1112		Reference proteome;Signal
Q9I4M6	PA1109	GO:0003677; GO:0003700; GO:0006351; GO:0006355; GO:0009893; GO:0043565	DNA-binding;Reference proteome;Repressor;Transcription;Transcription regulation
Q9I4Q3	PA1076		3D-structure;Reference proteome
Q9I4Q5	PA1069		Reference proteome
Q9I4S1	PA1053	GO:0009279	Lipoprotein;Membrane;Palmitate;Reference proteome;Signal
Q9I4S4	PA1050	GO:0003700; GO:0045893	Reference proteome
Q9I4S7	PA1047		Reference proteome
Q9I4T1	PA1043		Reference proteome;Signal
Q9I4T2	PA1042		Membrane;Reference proteome;Transmembrane;Transmembrane helix
Q9I4T4	PA1040		Reference proteome
Q9I4V1	PA1023	GO:0003857; GO:0004300; GO:0006635	Reference proteome
Q9I4V3	PA1021	GO:0003824	Reference proteome
Q9I4X7	cupC1 PA0992	GO:0009289; GO:0043709	Reference proteome;Signal
Q9I4Y1	PA0988	GO:0047617	Reference proteome
Q9I4Y6	PA0983	GO:0003677; GO:0004803; GO:0006313	Reference proteome
Q9I4Y9	PA0980		Reference proteome
Q9I501	PA0957	GO:0005829; GO:0061522	Hydrolase;Reference proteome
Q9I508	PA0950	GO:0008794	Oxidoreductase;Reference proteome
Q9I510	PA0948		Membrane;Reference proteome;Transmembrane;Transmembrane helix
Q9I521	PA0937		Reference proteome
Q9I536	PA0921		Membrane;Reference proteome;Transmembrane;Transmembrane helix
Q9I554	PA0894		Reference proteome
Q9I567	PA0878	GO:0019171	Reference proteome
Q9I575	aroP2 PA0866	GO:0005886; GO:0006865; GO:0022857	Amino-acid transport;Cell inner membrane;Cell membrane;Membrane;Reference proteome;Transmembrane;Transmembrane helix;Transport
Q9I579	PA0862		Reference proteome
Q9I5B1	PA0828	GO:0000976; GO:0003700; GO:0006355	DNA-binding;Reference proteome
Q9I5B4	PA0825	GO:0016020	Membrane;Reference proteome;Transmembrane;Transmembrane helix
Q9I5B8	PA0821		3D-structure;Reference proteome
Q9I5C2	PA0817	GO:0051213	Dioxygenase;Oxidoreductase;Reference proteome
Q9I5C5	PA0814		3D-structure;Reference proteome
Q9I5D7	PA0801		Membrane;Reference proteome;Transmembrane;Transmembrane helix
Q9I5E7	PA0791	GO:0003677; GO:0003700; GO:0006351; GO:0006355; GO:0009893; GO:0043565	Activator;DNA-binding;Reference proteome;Repressor;Transcription;Transcription regulation
Q9I5E8	PA0790	GO:0005886	Cell membrane;Membrane;Reference proteome;Transmembrane;Transmembrane helix
Q9I5G2	PA0776		Reference proteome
Q9I5I4	PA0745	GO:0006635; GO:0016836	3D-structure;Lyase;Reference proteome
Q9I5I5	PA0744	GO:0003860; GO:0006574	Hydrolase;Reference proteome
Q9I5J3	PA0736		Membrane;Reference proteome;Transmembrane;Transmembrane helix
Q9I5J9	PA0729		Reference proteome;Toxin-antitoxin system
Q9I5K1	PA0727		Reference proteome
Q9I5K5	coaB PA0723		Capsid protein;Membrane;Reference proteome;Signal;Transmembrane;Transmembrane helix;Virion
Q9I5K6	PA0722		Membrane;Reference proteome;Transmembrane;Transmembrane helix
Q9I5M0	PA0708	GO:0000976; GO:0003700; GO:0006351; GO:0006355	DNA-binding;Reference proteome;Transcription;Transcription regulation
Q9I5M2	PA0704	GO:0003824	Reference proteome
Q9I5M3	PA0703	GO:0005886; GO:0015293; GO:0022857	Cell membrane;Membrane;Reference proteome;Symport;Transmembrane;Transmembrane helix;Transport
Q9I5M5	PA0701	GO:0003677; GO:0003700; GO:0006351; GO:0006355; GO:0032993	DNA-binding;Reference proteome;Transcription;Transcription regulation
Q9I5N5	PA0691	GO:0044010	Reference proteome
Q9I5P6	PA0679	GO:0005886; GO:0015031	Cell inner membrane;Cell membrane;Membrane;Protein transport;Reference proteome;Transmembrane;Transmembrane helix;Transport
Q9I5R1	PA0660	GO:0018580	Flavoprotein;FMN;Monooxygenase;Oxidoreductase;Reference proteome
Q9I5R9	PA0647		Reference proteome
Q9I5S0	PA0646		Reference proteome
Q9I5S1	PA0645		Reference proteome
Q9I5S4	PA0642		Reference proteome
Q9I5S7	PA0639	GO:0006508; GO:0008234; GO:0008235; GO:0008270	Hydrolase;Metal-binding;Metalloprotease;Protease;Reference proteome;Zinc
Q9I5T3	PA0605	GO:0005886; GO:0015417; GO:1903711	Cell membrane;Membrane;Reference proteome;Transmembrane;Transmembrane helix;Transport
Q9I5T9	PA0599		Reference proteome;Signal
Q9I5U9	PA0588	GO:0004672	Reference proteome
Q9I5W6	PA0570		Reference proteome
Q9I5X0	PA0566		Membrane;Reference proteome;Transmembrane;Transmembrane helix
Q9I5X7	PA0559		FAD;Flavoprotein;Membrane;Reference proteome;Transmembrane;Transmembrane helix
Q9I5Y3	PA0553		Reference proteome
Q9I5Z2	PA0544	GO:0016787	Reference proteome
Q9I5Z4	PA0542		Reference proteome;Signal
Q9I601	PA0535	GO:0003677; GO:0003700; GO:0006355	DNA-binding;Reference proteome
Q9I603	PA0533	GO:0000976; GO:0003700; GO:0006355	DNA-binding;Reference proteome
Q9I613	PA0505		Reference proteome
Q9I616	PA0502	GO:0016787	Reference proteome
Q9I623	PA0495	GO:0005524; GO:0016787	ATP-binding;Hydrolase;Nucleotide-binding;Reference proteome
Q9I635	PA0483	GO:0016747	Acyltransferase;Reference proteome;Transferase
Q9I638	PA0480	GO:0042952; GO:0047570	3D-structure;Hydrolase;Reference proteome
Q9I640	PA0478	GO:0008080	3D-structure;Acyltransferase;Reference proteome;Transferase
Q9I652	PA0466		Membrane;Reference proteome;Transmembrane;Transmembrane helix
Q9I660	PA0458	GO:0005886; GO:0022857; GO:0055085	Cell inner membrane;Cell membrane;Membrane;Reference proteome;Transmembrane;Transmembrane helix;Transport
Q9I661	PA0457		Reference proteome;Signal
Q9I663	dbpA PA0455	GO:0003676; GO:0003724; GO:0005524; GO:0005829; GO:0016787	ATP-binding;Helicase;Hydrolase;Nucleotide-binding;Reference proteome
Q9I664	PA0454	GO:0005886	Cell membrane;Membrane;Reference proteome;Transmembrane;Transmembrane helix
Q9I666	PA0452	GO:0005886; GO:0098552	Reference proteome
Q9I675	PA0442		Reference proteome
Q9I688	PA0429		Reference proteome
Q9I6B6	PA0379	GO:0005886	Membrane;Reference proteome;Transmembrane;Transmembrane helix
Q9I6C6	PA0368	GO:0006629; GO:0034338; GO:0047372	Hydrolase;Reference proteome;Serine esterase
Q9I6D9	PA0354	GO:0003723; GO:0005829; GO:0009383; GO:0070475	Cytoplasm;Methyltransferase;Reference proteome;rRNA processing;S-adenosyl-L-methionine;Transferase
Q9I6E1	PA0352	GO:0005886; GO:0042906; GO:0042907	Cell membrane;Membrane;Reference proteome;Transmembrane;Transmembrane helix;Transport
Q9I6E8	PA0345		Membrane;Reference proteome;Transmembrane;Transmembrane helix
Q9I6G9	PA0322	GO:0005886; GO:0022857	Membrane;Reference proteome;Transmembrane;Transmembrane helix
Q9I6J8	aguB PA0293	GO:0033388; GO:0050126	Hydrolase;Reference proteome
Q9I6L1	PA0279	GO:0003677; GO:0003700; GO:0010288; GO:0010468; GO:0032791; GO:0046686; GO:0097063	Reference proteome
Q9I6L8	PA0272	GO:0003677; GO:0003700; GO:0006351; GO:0006355	DNA-binding;Reference proteome;Transcription;Transcription regulation
Q9I6N3	PA0256		Reference proteome
Q9I6N7	PA0252		Reference proteome
Q9I6P8	PA0240	GO:0015288; GO:0016020	3D-structure;Reference proteome;Signal;Transport
Q9I6S2	PA0216	GO:0044668	Membrane;Reference proteome;Transmembrane;Transmembrane helix
Q9I6T3	PA0205	GO:0005886; GO:0015417; GO:1903711	Cell membrane;Membrane;Reference proteome;Transmembrane;Transmembrane helix;Transport
Q9I6T6	PA0202	GO:0003824	Reference proteome
Q9I6T8	PA0200		Reference proteome
Q9I6U0	PA0194	GO:0000908; GO:0005737; GO:0006790; GO:0046872	Dioxygenase;Iron;Metal-binding;Oxidoreductase;Reference proteome
Q9I6U3	PA0191	GO:0003700; GO:0005829; GO:0006351; GO:0006355; GO:0043565	DNA-binding;Reference proteome;Transcription;Transcription regulation
Q9I6V0	PA0182	GO:0016616	Oxidoreductase;Reference proteome
Q9I6W9	PA0163	GO:0003677; GO:0003700; GO:0006351; GO:0006355; GO:0043565	DNA-binding;Reference proteome;Repressor;Transcription;Transcription regulation
Q9I6X5	PA0157	GO:0015562; GO:0030313; GO:1990281	3D-structure;Coiled coil;Reference proteome;Transport
Q9I6Y6	PA0146	GO:0005886	Reference proteome;Signal
Q9I6Z5	PA0137	GO:0005886; GO:0022857	Cell membrane;Membrane;Reference proteome;Transmembrane;Transmembrane helix
Q9I705	PA0127	GO:0009269	Reference proteome;Signal
Q9I709	PA0123	GO:0003700; GO:0006351; GO:0043565	DNA-binding;Reference proteome;Transcription;Transcription regulation
Q9I715	PA0117		Reference proteome
Q9I718	senC PA0114	GO:0046872	Copper;Disulfide bond;Metal-binding;Reference proteome
Q9I722	PA0110	GO:0005886	Cell membrane;Membrane;Reference proteome;Transmembrane;Transmembrane helix
Q9I743	PA0089		Reference proteome
Q9I761	PA0071	GO:0120147	Coiled coil;Reference proteome;Signal
Q9I762	PA0070		Reference proteome;Signal
Q9I764	PA0068		Reference proteome
Q9I772	PA0060		Reference proteome;Signal
Q9I780	PA0052		Reference proteome
Q9I786	PA0046		Reference proteome;Signal
Q9I7A2	PA0028		Reference proteome;Signal
Q9I7A3	PA0027	GO:0003755	Isomerase;Reference proteome;Rotamase
E1JGJ6	ccoQ1 PA1552.1	GO:0004129	Membrane;Reference proteome;Transmembrane;Transmembrane helix
G3XCU0	PA1245		Reference proteome
G3XCU3	wbpX PA5449	GO:0009103; GO:0009243; GO:0016757	Reference proteome
G3XCU4	PA0632		Reference proteome
G3XCX2	PA0624		Reference proteome
G3XCX4	PA4404	GO:0004222	Membrane;Reference proteome;Transmembrane;Transmembrane helix
G3XCX5	PA0618		3D-structure;Reference proteome
G3XCX9	PA0598		Chaperone;Membrane;Reference proteome;Transmembrane;Transmembrane helix
G3XCY1	mucC PA0765	GO:0005886; GO:0032885; GO:1990204	Membrane;Reference proteome;Transmembrane;Transmembrane helix
G3XCZ3	pilZ PA2960	GO:0035438	Reference proteome
G3XD09	gltD PA5035	GO:0016491; GO:0046872; GO:0051539	4Fe-4S;Iron;Iron-sulfur;Metal-binding;NADP;Oxidoreductase;Reference proteome
G3XD26	PA3978		Reference proteome;Signal
G3XD32	PA1872		Reference proteome
G3XD33	hasAp PA3407	GO:0046872	3D-structure;Heme;Iron;Metal-binding;Reference proteome
G3XD42	PA0617		3D-structure;Reference proteome
G3XD55	pilY2 PA4555	GO:0043107	Reference proteome;Signal
G3XD72	PA1464	GO:0005829; GO:0006935; GO:0007165	Reference proteome
G3XD99	PA4471	GO:0071281	Reference proteome
G3XDA6	ptrB PA0612	GO:0008270; GO:1900378	Metal-binding;Reference proteome;Zinc;Zinc-finger
Q9HT37	PA5537		Reference proteome;Signal
Q9HT44	PA5529	GO:0015297; GO:0016020; GO:1902600	Antiport;Ion transport;Membrane;Reference proteome;Transmembrane;Transmembrane helix;Transport
Q9HT48	PA5525	GO:0000987; GO:0003700; GO:0006351; GO:0006355	DNA-binding;Reference proteome;Transcription;Transcription regulation
Q9HT56	PA5517	GO:0005886	Membrane;Reference proteome;Transmembrane;Transmembrane helix
Q9HT71	PA5502		Reference proteome;Signal
Q9HTA9	PA5461		Reference proteome;Signal
Q9HTC9	PA5437	GO:0000976; GO:0003700; GO:0006351; GO:0006355	DNA-binding;Reference proteome;Transcription;Transcription regulation
Q9HTD3	PA5433	GO:0005737; GO:0008999; GO:1990189	Reference proteome
Q9HTD4	PA5432	GO:0008080	Acyltransferase;Reference proteome;Transferase
Q9HTD8	PA5428	GO:0000976; GO:0003700; GO:0006351; GO:0006355	DNA-binding;Reference proteome;Transcription;Transcription regulation
Q9HTE7	soxD PA5417	GO:0008115; GO:0046653; GO:1901053	Reference proteome
Q9HTG7	PA5397	GO:0031457; GO:0042426	Reference proteome
Q9HTG9	PA5395		Reference proteome
Q9HTH1	PA5393	GO:0004497; GO:0050660	Oxidoreductase;Reference proteome
Q9HTI2	PA5382	GO:0000976; GO:0003700; GO:0006351; GO:0006355	DNA-binding;Reference proteome;Transcription;Transcription regulation
Q9HTJ4	PA5370	GO:0005886; GO:0015293; GO:0022857	Cell membrane;Membrane;Reference proteome;Symport;Transmembrane;Transmembrane helix;Transport
Q9HTL2	PA5346	GO:0002161; GO:0044010	3D-structure;Reference proteome
Q9HTL7	PA5341	GO:0005886; GO:0006865; GO:0015171	Cell membrane;Membrane;Reference proteome;Transmembrane;Transmembrane helix
Q9HTM3	PA5335	GO:0006401; GO:0016891	Endonuclease;Hydrolase;Nuclease;Reference proteome
Q9HTP1	PA5313	GO:0004015; GO:0009102; GO:0030170	Aminotransferase;Pyridoxal phosphate;Reference proteome;Transferase
Q9HTQ3	PA5301	GO:0003700; GO:0006355; GO:0019810; GO:0043565	DNA-binding;Reference proteome
Q9HTQ7	poxB PA5297	GO:0000287; GO:0019752; GO:0030976; GO:0052737	Pyruvate;Reference proteome;Thiamine pyrophosphate
Q9HTR9	PA5285		3D-structure;Reference proteome
Q9HTS1	PA5283	GO:0003677; GO:0003700; GO:0006351; GO:0030170	DNA-binding;Pyridoxal phosphate;Reference proteome;Transcription;Transcription regulation
Q9HTT4	PA5265		Membrane;Reference proteome;Transmembrane;Transmembrane helix
Q9HTV8	PA5232	GO:0005886; GO:0055085	Coiled coil;Membrane;Reference proteome;Transmembrane;Transmembrane helix
Q9HTW0	PA5230	GO:0005886; GO:0140359	Cell membrane;Membrane;Reference proteome;Transmembrane;Transmembrane helix;Transport
Q9HTW7	ubiH PA5223	GO:0006744; GO:0008681; GO:0071949	FAD;Flavoprotein;Monooxygenase;Oxidoreductase;Reference proteome
Q9HTW8	PA5222		Reference proteome
Q9HTY5	PA5205	GO:0005886	Cell inner membrane;Cell membrane;Membrane;Reference proteome;Transmembrane;Transmembrane helix
Q9HTZ5	PA5194		Membrane;Reference proteome;Transmembrane;Transmembrane helix
Q9HU11	PA5178	GO:0005737; GO:0030955; GO:0035864	Cytoplasm;Reference proteome
Q9HU28	PA5156		Reference proteome
Q9HU30	PA5154	GO:0005886; GO:0006865; GO:0022857; GO:0043190	Amino-acid transport;Cell inner membrane;Cell membrane;Membrane;Reference proteome;Transmembrane;Transmembrane helix;Transport
Q9HU33	PA5151		Membrane;Reference proteome;Transmembrane;Transmembrane helix
Q9HU38	PA5146	GO:0005886; GO:0090313	Reference proteome
Q9HU46	PA5138		Reference proteome;Signal
Q9HU47	PA5137		Reference proteome;Signal
Q9HU48	PA5136		Reference proteome
Q9HU49	PA5135	GO:0005975	Reference proteome;Signal
Q9HU61	PA5123		Reference proteome;Signal
Q9HU68	PA5116	GO:0003677; GO:0003700; GO:0006355	DNA-binding;Reference proteome
Q9HU70	PA5114		Membrane;Reference proteome;Transmembrane;Transmembrane helix
Q9HU81	PA5102	GO:0006629	Membrane;Reference proteome;Transmembrane;Transmembrane helix
Q9HU86	PA5097	GO:0003333; GO:0005886; GO:0015171; GO:0016020	Amino-acid transport;Cell inner membrane;Cell membrane;Membrane;Reference proteome;Transmembrane;Transmembrane helix;Transport
Q9HU95	PA5088		3D-structure;Reference proteome;Signal
Q9HUA0	PA5083		3D-structure;Reference proteome
Q9HUD6	PA5033	GO:0005615	Reference proteome;Signal
Q9HUE1	PA5028		Coiled coil;Reference proteome
Q9HUE5	PA5024	GO:0005886	Cell membrane;Membrane;Reference proteome;Transmembrane;Transmembrane helix
Q9HUF9	PA5006		Reference proteome
Q9HUG2	PA5003	GO:0009103; GO:1900190	Reference proteome
Q9HUH6	PA4989	GO:0003700; GO:0005829; GO:0006351; GO:0006355; GO:0043565	DNA-binding;Reference proteome;Transcription;Transcription regulation
Q9HUJ1	PA4974	GO:0009279; GO:0015288; GO:0015562; GO:1990281	Cell outer membrane;Membrane;Reference proteome;Signal;Transmembrane;Transmembrane beta strand;Transport
Q9HUK2	PA4963		Reference proteome;Signal
Q9HUN5	PA4929	GO:0005886; GO:0071111	Membrane;Reference proteome;Transmembrane;Transmembrane helix
Q9HUN7	PA4927		Reference proteome
Q9HUN8	PA4926		Reference proteome
Q9HUQ5	PA4908	GO:0005737; GO:0016491; GO:0019752	Reference proteome
Q9HUQ6	PA4907	GO:0005829; GO:0016616	3D-structure;Oxidoreductase;Reference proteome
Q9HUQ7	PA4906	GO:0000987; GO:0003700; GO:0006351; GO:0006355	DNA-binding;Reference proteome;Transcription;Transcription regulation
Q9HUS4	PA4889	GO:0016491; GO:0051537	2Fe-2S;Iron;Iron-sulfur;Metal-binding;Reference proteome
Q9HUT6	PA4877	GO:0006353	Reference proteome
Q9HUT9	PA4874		Reference proteome;Signal
Q9HUV3	PA4860	GO:0005886; GO:0015658	Cell membrane;Membrane;Reference proteome;Transmembrane;Transmembrane helix
Q9HUV4	PA4859	GO:0005886; GO:0006865; GO:0022857; GO:0055085	Amino-acid transport;Cell membrane;Membrane;Reference proteome;Transmembrane;Transmembrane helix;Transport
Q9HUW8	PA4842		Membrane;Reference proteome;Transmembrane;Transmembrane helix
Q9HUY3	PA4827	GO:0004060	3D-structure;Reference proteome
Q9HUY6	PA4824		Reference proteome
Q9HUZ4	PA4816		Reference proteome
Q9HV06	PA4803		Reference proteome
Q9HV22	PA4786	GO:0016616	Reference proteome
Q9HV24	PA4784	GO:0005829; GO:0006351; GO:0006355; GO:0043200; GO:0043565	DNA-binding;Reference proteome;Transcription;Transcription regulation
Q9HV62	PA4737		Reference proteome
Q9HV81	PA4717	GO:0016020	Membrane;Reference proteome;Transmembrane;Transmembrane helix
Q9HV93	cbpA PA4704	GO:0003700; GO:0005829; GO:0030552	Reference proteome
Q9HV94	PA4703	GO:0006355	Reference proteome
Q9HV96	PA4701		Reference proteome
Q9HV97	PA4699		3D-structure;Reference proteome;Signal
Q9HVA7	hitB PA4688	GO:0005886; GO:0055085	Cell inner membrane;Cell membrane;Membrane;Reference proteome;Transmembrane;Transmembrane helix;Transport
Q9HVA9	PA4686		Coiled coil;Reference proteome
Q9HVB0	PA4685		Reference proteome
Q9HVB5	PA4680		Reference proteome;Signal
Q9HVC1	PA4674	GO:0003677; GO:0006355	3D-structure;DNA-binding;Reference proteome
Q9HVD6	PA4656		Reference proteome
Q9HVE3	PA4649		Reference proteome;Signal
Q9HVE9	PA4643		Reference proteome;Signal
Q9HVF0	PA4642		Reference proteome
Q9HVG1	PA4630	GO:0030638	Reference proteome
Q9HVG3	lysP PA4628	GO:0003333; GO:0015171; GO:0016020	3D-structure;Amino-acid transport;Membrane;Reference proteome;Transmembrane;Transmembrane helix;Transport
Q9HVG8	PA4623		Reference proteome;Signal
Q9HVH1	PA4620	GO:0016903; GO:0046872; GO:0051537	2Fe-2S;Iron;Iron-sulfur;Metal-binding;Reference proteome
Q9HVI0	PA4610	GO:0016020	Membrane;Reference proteome;Transmembrane;Transmembrane helix
Q9HVJ3	PA4593	GO:0005886; GO:0022857	Cell membrane;Membrane;Reference proteome;Transmembrane;Transmembrane helix
Q9HVJ5	PA4591	GO:0030313	Coiled coil;Reference proteome
Q9HVK4	PA4580		Reference proteome
Q9HVK5	PA4579		Reference proteome;Signal
Q9HVM0	PA4564	GO:0005829	Reference proteome;Signal
Q9HVP1	PA4536	GO:0003824; GO:0030151; GO:0030170	Reference proteome
Q9HVQ2	PA4520	GO:0005886; GO:0006935; GO:0007165	Cell membrane;Membrane;Methylation;Reference proteome;Transducer;Transmembrane;Transmembrane helix
Q9HVR4	PA4507	GO:0005886; GO:0006865; GO:0015171	Cell membrane;Membrane;Reference proteome;Transmembrane;Transmembrane helix
Q9HVR9	PA4502	GO:0015031; GO:0030288; GO:0042938; GO:0043190; GO:1904680	Peptide transport;Protein transport;Reference proteome;Signal;Transport
Q9HVS8	roxR PA4493	GO:0000160; GO:0000976; GO:0006351; GO:0006355	DNA-binding;Phosphoprotein;Reference proteome;Transcription;Transcription regulation;Two-component regulatory system
Q9HVT0	PA4491		Membrane;Reference proteome;Transmembrane;Transmembrane helix
Q9HVV0	PA4469		Reference proteome
Q9HVW4	PA4453		3D-structure;Reference proteome;Signal
Q9HVY9	PA4426		Reference proteome;Signal
Q9HVZ2	PA4423	GO:0008360; GO:0009252; GO:0030234; GO:0031241	Cell outer membrane;Cell shape;Lipoprotein;Membrane;Palmitate;Peptidoglycan synthesis;Reference proteome;Signal
Q9HW13	PA4391		Reference proteome;Signal
Q9HW17	PA4387	GO:0005886	Membrane;Reference proteome;Transmembrane;Transmembrane helix
Q9HW18	PA4384		Reference proteome;Signal
Q9HW29	PA4373		Reference proteome
Q9HW30	PA4372	GO:0030313	Reference proteome;Signal
Q9HW33	PA4369	GO:0016020	Membrane;Reference proteome;Transmembrane;Transmembrane helix
Q9HW37	PA4364		Reference proteome
Q9HW42	PA4359	GO:0006974; GO:0046914	3D-structure;Reference proteome
Q9HW56	PA4345	GO:0005615	Reference proteome;Signal
Q9HW57	PA4344	GO:0016787; GO:0019877; GO:0046872; GO:0050118	Hydrolase;Manganese;Metal-binding;Reference proteome
Q9HW59	PA4342	GO:0003824	Reference proteome
Q9HW63	PA4338	GO:0009103; GO:0016020; GO:0016747	Membrane;Reference proteome;Transmembrane;Transmembrane helix
Q9HW70	PA4331	GO:0016491; GO:0051536	2Fe-2S;Iron;Iron-sulfur;Metal-binding;Reference proteome
Q9HW73	PA4328	GO:0005737	Cytoplasm;Reference proteome
Q9HW80	PA4321		Reference proteome
Q9HW83	PA4318	GO:0016020	Membrane;Reference proteome;Transmembrane;Transmembrane helix
Q9HW88	PA4313	GO:0005886	Cell membrane;Membrane;Reference proteome;Transmembrane;Transmembrane helix
Q9HW89	PA4312	GO:0005975	Reference proteome
Q9HW98	tadA PA4302	GO:0005886; GO:0016887	Reference proteome
Q9HWA3	tadG PA4297		Reference proteome
Q9HWA6	PA4294		Membrane;Reference proteome;Transmembrane;Transmembrane helix
Q9HWB4	PA4286	GO:0009107; GO:0009249; GO:0033819	Reference proteome
Q9HWG2	pchC PA4229	GO:0008610; GO:0016787; GO:0042864	Hydrolase;Reference proteome
Q9HWJ4	PA4187	GO:0016020; GO:0022857	Membrane;Reference proteome;Transmembrane;Transmembrane helix;Transport
Q9HWK0	PA4181	GO:0003723; GO:0004826	Reference proteome
Q9HWK4	PA4177	GO:0016846; GO:0046872	Lyase;Metal-binding;Reference proteome;Zinc
Q9HWK8	PA4173	GO:0005829; GO:0019239	Reference proteome
Q9HWL1	PA4170	GO:0004791; GO:0045454	Flavoprotein;Membrane;Oxidoreductase;Reference proteome;Transmembrane;Transmembrane helix
Q9HWL6	PA4165	GO:0003677; GO:0003700; GO:0006351; GO:0030170	DNA-binding;Pyridoxal phosphate;Reference proteome;Transcription;Transcription regulation
Q9HWL9	PA4162	GO:0016616; GO:0030497	Reference proteome
Q9HWM0	fepG PA4161	GO:0005886; GO:0022857; GO:0033214	Cell membrane;Membrane;Reference proteome;Transmembrane;Transmembrane helix;Transport
Q9HWN0	acoB PA4151	GO:0016491	Oxidoreductase;Reference proteome;Thiamine pyrophosphate
Q9HWN4	acoR PA4147	GO:0000987; GO:0001216; GO:0005524; GO:0006351; GO:0032993; GO:0045893	ATP-binding;DNA-binding;Nucleotide-binding;Reference proteome;Transcription;Transcription regulation
Q9HWR1	PA4120	GO:0000976; GO:0003700; GO:0006351; GO:0006355	Activator;DNA-binding;Reference proteome;Transcription;Transcription regulation
Q9HWR4	bphO PA4116	GO:0004392; GO:0006788	Reference proteome
Q9HWS3	PA4105		Reference proteome
Q9HWS4	PA4104	GO:0005886	Cell membrane;Membrane;Reference proteome;Transmembrane;Transmembrane helix
Q9HWT0	PA4098	GO:0000166; GO:0016616; GO:0030497	3D-structure;Nucleotide-binding;Reference proteome
Q9HWT3	PA4095		Reference proteome
Q9HWU5	cupB4 PA4083	GO:0006457; GO:0030288; GO:0044183; GO:0071555	Chaperone;Periplasm;Reference proteome;Signal
Q9HWV1	PA4077	GO:0003677	DNA-binding;Reference proteome
Q9HWV2	PA4076		Membrane;Reference proteome;Transmembrane;Transmembrane helix
Q9HWV5	PA4073	GO:0008957	Oxidoreductase;Reference proteome
Q9HWV7	PA4071		Reference proteome
Q9HWV8	PA4070	GO:0000976; GO:0003700; GO:0005737; GO:0006351; GO:0006355; GO:0009893	Activator;DNA-binding;Reference proteome;Transcription;Transcription regulation
Q9HWW4	PA4064	GO:0005524; GO:0005886; GO:0016887; GO:0022857; GO:0055085	ATP-binding;Nucleotide-binding;Reference proteome;Transport
Q9HWW6	PA4062		Reference proteome
Q9HWW8	PA4060		Reference proteome
Q9HWW9	PA4059		Reference proteome
Q9HWY2	PA4046		Membrane;Reference proteome;Transmembrane;Transmembrane helix
Q9HWZ0	PA4037	GO:0005524; GO:0016887	ATP-binding;Nucleotide-binding;Reference proteome;Transport
Q9HWZ2	PA4035		Reference proteome;Signal
Q9HWZ5	PA4032	GO:0000156; GO:0000976; GO:0005829; GO:0006355; GO:0032993	DNA-binding;Phosphoprotein;Reference proteome;Two-component regulatory system
Q9HWZ7	PA4030	GO:0004177; GO:0005829; GO:0008237	Reference proteome
Q9HX06	PA4021	GO:0000987; GO:0001216; GO:0005524; GO:0006351; GO:0032993; GO:0045893	ATP-binding;DNA-binding;Nucleotide-binding;Reference proteome;Transcription;Transcription regulation
Q9HX15	PA4012		Reference proteome
Q9HX18	PA4009	GO:0008168; GO:0032259	Methyltransferase;Reference proteome;Transferase
Q9HX36	PA3983	GO:0005886; GO:0050660	3D-structure;CBS domain;Cobalt;Magnesium;Reference proteome;Repeat;Transport
Q9HX62	PA3954	GO:0008726; GO:0046306	Flavoprotein;FMN;Monooxygenase;Oxidoreductase;Reference proteome
Q9HX63	PA3953	GO:0016787	Hydrolase;Reference proteome
Q9HX73	PA3943	GO:0016491	Reference proteome
Q9HX80	PA3936	GO:0005886; GO:0010438; GO:0042918	Cell membrane;Membrane;Reference proteome;Transmembrane;Transmembrane helix;Transport
Q9HX89	PA3924	GO:0016405	Ligase;Reference proteome
Q9HXA5	PA3908		3D-structure;Reference proteome
Q9HXA8	PA3905		Reference proteome
Q9HXB3	PA3900	GO:0016989	Membrane;Reference proteome;Transmembrane
Q9HXF4	PA3852		Reference proteome
Q9HXF9	PA3847		Reference proteome
Q9HXG6	PA3838	GO:0005524; GO:0005886; GO:0016887	ATP-binding;Cell membrane;Membrane;Nucleotide-binding;Reference proteome;Transport
Q9HXG7	PA3837	GO:0005886; GO:0022857	Cell membrane;Membrane;Reference proteome;Transmembrane;Transmembrane helix
Q9HXG9	PA3835		Reference proteome;Signal
Q9HXH1	PA3833		Reference proteome
Q9HXH6	PA3826	GO:0005886	Cell membrane;Membrane;Reference proteome;Transmembrane;Transmembrane helix
Q9HXI3	PA3819	GO:0019867; GO:1900190	Membrane;Reference proteome
Q9HXK2	PA3795	GO:0005829; GO:0016491	Oxidoreductase;Reference proteome
Q9HXK9	PA3786		Reference proteome
Q9HXL0	PA3785		Reference proteome;Signal
Q9HXL7	PA3778	GO:0003700; GO:0005829; GO:0006351; GO:0006355; GO:0043565	DNA-binding;Reference proteome;Transcription;Transcription regulation
Q9HXM3	PA3772		Reference proteome;Signal
Q9HXN0	PA3765		Reference proteome
Q9HXN3	PA3762		Reference proteome
Q9HXN7	PA3758	GO:0006046; GO:0008448; GO:0046872	Carbohydrate metabolism;Hydrolase;Metal-binding;Reference proteome
Q9HXP4	PA3750	GO:0004622	Reference proteome
Q9HXQ8	PA3734		Reference proteome
Q9HXR3	PA3729	GO:0005886; GO:0012505	Coiled coil;Reference proteome
Q9HXR6	PA3726		Reference proteome
Q9HXS8	spdH PA3713	GO:0000166; GO:0016491; GO:0046872	3D-structure;FAD;Flavoprotein;Heme;Iron;Metal-binding;Nucleotide-binding;Reference proteome
Q9HXS9	PA3712		Membrane;Reference proteome;Transmembrane;Transmembrane helix
Q9HXU4	PA3696		3D-structure;Reference proteome
Q9HXU6	PA3694		Membrane;Reference proteome;Transmembrane;Transmembrane helix
Q9HXW4	PA3676	GO:0005886; GO:0042910; GO:0046677	Membrane;Reference proteome;Transmembrane;Transmembrane helix
Q9HXX1	PA3669		Reference proteome
Q9HXX5	PA3664		3D-structure;Reference proteome
Q9HY31	PA3595	GO:0005886; GO:0022857	Cell membrane;Membrane;Reference proteome;Transmembrane;Transmembrane helix;Transport
Q9HY32	PA3594	GO:0003677; GO:0003700; GO:0006351; GO:0006355; GO:0032993	DNA-binding;Reference proteome;Transcription;Transcription regulation
Q9HY33	PA3593	GO:0003995	FAD;Flavoprotein;Oxidoreductase;Reference proteome
Q9HY44	PA3576		Reference proteome;Signal
Q9HY54	fruR PA3563	GO:0000976; GO:0003700; GO:0006351; GO:0006355; GO:0009750	Activator;DNA-binding;Reference proteome;Repressor;Transcription;Transcription regulation
Q9HY78	PA3532	GO:0016020; GO:0022857	Membrane;Reference proteome;Transmembrane;Transmembrane helix
Q9HYA0	PA3509	GO:0016787	Hydrolase;Reference proteome
Q9HYA5	PA3504	GO:0008957	Oxidoreductase;Reference proteome
Q9HYA6	PA3503		Reference proteome
Q9HYA9	PA3500	GO:0016491; GO:0046872; GO:0051537	2Fe-2S;Iron;Iron-sulfur;Metal-binding;Oxidoreductase;Reference proteome
Q9HYD1	rhlB PA3478	GO:0005975; GO:0008194; GO:0016125; GO:0016758; GO:0033072	Reference proteome
Q9HYE6	PA3460	GO:0005524; GO:0005829; GO:0008765; GO:0009252; GO:0016747; GO:0016787; GO:0046872	ATP-binding;Hydrolase;Nucleotide-binding;Reference proteome
Q9HYG3	PA3443	GO:0005886; GO:0042918	Cell membrane;Membrane;Reference proteome;Transmembrane;Transmembrane helix;Transport
Q9HYG5	PA3441	GO:0015689	Molybdenum;Reference proteome
Q9HYH2	PA3433	GO:0003700; GO:0005829; GO:0006351; GO:0006355; GO:0043565	DNA-binding;Reference proteome;Transcription;Transcription regulation
Q9HYH8	PA3427	GO:0003857; GO:0004300; GO:0006635	Oxidoreductase;Reference proteome
Q9HYI2	PA3423	GO:0000976; GO:0003700; GO:0006351; GO:0006355; GO:0009893	DNA-binding;Reference proteome;Transcription;Transcription regulation
Q9HYI3	PA3422		Reference proteome;Signal
Q9HYK0	PA3404	GO:0009279; GO:0015288; GO:0015562; GO:1990281	Cell outer membrane;Membrane;Reference proteome;Signal;Transmembrane;Transmembrane beta strand;Transport
Q9HYK3	PA3401	GO:0005886; GO:0140359	Cell membrane;Membrane;Reference proteome;Transmembrane;Transmembrane helix
Q9HYK6	PA3398	GO:0000976; GO:0003700; GO:0006351; GO:0006355	DNA-binding;Reference proteome;Transcription;Transcription regulation
Q9HYK8	nosL PA3396		Reference proteome;Signal
Q9HYL5	PA3390	GO:0005829; GO:0016491	Reference proteome
Q9HYL6	PA3386		Membrane;Reference proteome;Transmembrane;Transmembrane helix
Q9HYM2	PA3379	GO:0019634	Reference proteome
Q9HYM3	PA3378	GO:0019634	Reference proteome
Q9HYM6	PA3375	GO:0005524; GO:0015716; GO:0016887	ATP-binding;Nucleotide-binding;Reference proteome
Q9HYN6	PA3360	GO:0022857; GO:0055085	Coiled coil;Membrane;Reference proteome;Transmembrane;Transmembrane helix
Q9HYP8	PA3347	GO:0043856	Reference proteome
Q9HYP9	PA3346	GO:0000156; GO:0016787	Hydrolase;Phosphoprotein;Reference proteome
Q9HYQ4	PA3341	GO:0003677; GO:0003700; GO:0006351; GO:0006355; GO:0006950; GO:0046872	3D-structure;DNA-binding;Metal-binding;Reference proteome;Transcription;Transcription regulation;Zinc
Q9HYR5	PA3330	GO:0016020	Reference proteome
Q9HYR7	PA3328	GO:0004497; GO:0071949	FAD;Flavoprotein;Monooxygenase;Oxidoreductase;Reference proteome
Q9HYS4	PA3321	GO:0003677; GO:0003700; GO:0006351; GO:0006355	DNA-binding;Reference proteome;Transcription;Transcription regulation
Q9HYS6	PA3318		Reference proteome;Signal
Q9HYT2	PA3312	GO:0016491; GO:0050661; GO:0051287	NAD;Oxidoreductase;Reference proteome
Q9HYT7	PA3307		Reference proteome
Q9HYU8	PA3295	GO:0005737; GO:0016787	Reference proteome
Q9HYV1	PA3292		Reference proteome
Q9HYV3	PA3290		3D-structure;Reference proteome
Q9HYW1	PA3282		Reference proteome
Q9HYY0	PA3260	GO:0003677	Reference proteome
Q9HYY9	PA3251	GO:0016787	Reference proteome
Q9HYZ1	PA3249	GO:0003677; GO:0003700; GO:0006351; GO:0045892	DNA-binding;Reference proteome;Transcription;Transcription regulation
Q9HZ08	PA3232	GO:0003676; GO:0005829; GO:0006259; GO:0008408	Exonuclease;Hydrolase;Nuclease;Reference proteome
Q9HZ10	PA3230		Reference proteome
Q9HZ12	PA3228	GO:0005524; GO:0005886; GO:0016887; GO:0034040; GO:0055085; GO:0140359	ATP-binding;Membrane;Nucleotide-binding;Reference proteome;Transmembrane;Transmembrane helix
Q9HZ16	PA3224		Reference proteome;Signal
Q9HZ31	PA3209		Reference proteome
Q9HZ37	PA3203		Coiled coil;Membrane;Reference proteome;Signal;Transmembrane;Transmembrane helix
Q9HZ56	PA3178		Reference proteome;Signal
Q9HZ74	PA3157	GO:0005886; GO:0009103; GO:0016020; GO:0016747; GO:0016788	Acyltransferase;Cell membrane;Membrane;Reference proteome;Transferase;Transmembrane;Transmembrane helix
Q9HZ89	PA3136		Coiled coil;Membrane;Reference proteome;Transmembrane;Transmembrane helix
Q9HZ98	ibpA PA3126	GO:0005737	Reference proteome;Stress response
Q9HZA2	PA3122	GO:0000976; GO:0003700; GO:0006351; GO:0006355	DNA-binding;Reference proteome;Transcription;Transcription regulation
Q9HZB9	PA3089		Reference proteome
Q9HZD9	PA3069		Reference proteome
Q9HZE1	PA3067	GO:0003700	3D-structure;Reference proteome
Q9HZE5	pelB PA3063	GO:0044010	3D-structure;Membrane;Reference proteome;Repeat;TPR repeat;Transmembrane;Transmembrane helix
Q9HZE6	pelC PA3062	GO:0015774; GO:0044010	3D-structure;Reference proteome;Signal
Q9HZE7	pelD PA3061	GO:0035438; GO:0044010	3D-structure;Membrane;Nucleotide-binding;Reference proteome;Transmembrane;Transmembrane helix
Q9HZF1	PA3057		Reference proteome
Q9HZF5	PA3053	GO:0016787	3D-structure;Reference proteome;Signal
Q9HZG6	PA3042		Membrane;Reference proteome;Transmembrane;Transmembrane helix
Q9HZI1	PA3025	GO:0004368; GO:0006071; GO:0046168	FAD;Flavoprotein;Glycerol metabolism;Oxidoreductase;Reference proteome
Q9HZI2	PA3024	GO:0005975; GO:0016301	Kinase;Reference proteome;Transferase
Q9HZI4	PA3022	GO:0003824; GO:0030151; GO:0030170	Reference proteome
Q9HZK5	aroP1 PA3000	GO:0005886; GO:0006865; GO:0022857	Amino-acid transport;Cell inner membrane;Cell membrane;Membrane;Reference proteome;Transmembrane;Transmembrane helix;Transport
Q9HZP1	PA2957	GO:0000976; GO:0003700; GO:0006351; GO:0006355	3D-structure;DNA-binding;Reference proteome;Transcription;Transcription regulation
Q9HZP4	PA2954		Reference proteome
Q9HZQ1	PA2946		Membrane;Reference proteome;Transmembrane;Transmembrane helix
Q9HZQ6	PA2941		Reference proteome
Q9HZR5	morB PA2932	GO:0005829; GO:0010181; GO:0016628	Oxidoreductase;Reference proteome
Q9HZR8	PA2929	GO:0005886; GO:0006865; GO:0015171	Cell membrane;Membrane;Reference proteome;Transmembrane;Transmembrane helix
Q9HZS7	PA2920	GO:0004888; GO:0005886; GO:0006935; GO:0007165	Cell membrane;Membrane;Methylation;Reference proteome;Transducer;Transmembrane;Transmembrane helix
Q9HZS8	PA2919		Membrane;Reference proteome;Transmembrane;Transmembrane helix
Q9HZT2	PA2915	GO:0006749; GO:0046872; GO:0050313; GO:0070813	3D-structure;Metal-binding;Reference proteome;Zinc
Q9HZU4	cobJ PA2903	GO:0008168; GO:0009236; GO:0032259	Cobalamin biosynthesis;Methyltransferase;Reference proteome;S-adenosyl-L-methionine;Transferase
Q9HZU8	PA2899	GO:0000160; GO:0003677; GO:0006355	DNA-binding;Phosphoprotein;Reference proteome
Q9HZV3	PA2894		Reference proteome
Q9HZX8	PA2868		Membrane;Reference proteome;Transmembrane;Transmembrane helix
Q9HZX9	PA2867	GO:0005886; GO:0006935; GO:0007165	Cell membrane;Membrane;Methylation;Reference proteome;Transducer;Transmembrane;Transmembrane helix
Q9HZY0	mttC PA2866	GO:0004527; GO:0046872	Cytoplasm;Exonuclease;Hydrolase;Magnesium;Metal-binding;Nuclease;Reference proteome
Q9HZY1	PA2865	GO:0008933; GO:0009253; GO:0009279	Reference proteome;Signal
Q9HZZ8	PA2845		Reference proteome
Q9I009	PA2834	GO:0003677; GO:0003700; GO:0006351; GO:0006355	DNA-binding;Reference proteome;Transcription;Transcription regulation
Q9I017	PA2826	GO:0004601; GO:0034599	Oxidoreductase;Peroxidase;Reference proteome
Q9I024	PA2819		Reference proteome
Q9I042	PA2801	GO:0047617	3D-structure;Reference proteome
Q9I051	PA2792		Reference proteome;Signal
Q9I054	PA2789		Membrane;Reference proteome;Transmembrane;Transmembrane helix
Q9I064	PA2779		Membrane;Reference proteome;Signal;Transmembrane;Transmembrane helix
Q9I075	PA2768		Membrane;Reference proteome;Transmembrane;Transmembrane helix
Q9I076	PA2767	GO:0003824; GO:0006635	Reference proteome
Q9I078	PA2765	GO:0004601; GO:0005829; GO:0020037; GO:0046872	Iron;Metal-binding;Oxidoreductase;Peroxidase;Reference proteome
Q9I084	PA2759		Reference proteome;Signal
Q9I089	PA2754	GO:0005886; GO:0043022	Cell inner membrane;Cell membrane;Membrane;Reference proteome;Transmembrane;Transmembrane helix
Q9I091	PA2752	GO:0005886	Membrane;Reference proteome;Transmembrane;Transmembrane helix
Q9I093	PA2750		Reference proteome;Signal
Q9I094	endA PA2749	GO:0004519; GO:0004536; GO:0006308; GO:0016787	Endonuclease;Hydrolase;Nuclease;Reference proteome;Signal
Q9I0B1	PA2731		Reference proteome
Q9I0B4	PA2728	GO:0004386; GO:0005524; GO:0016787	ATP-binding;Helicase;Hydrolase;Nucleotide-binding;Reference proteome
Q9I0B8	PA2724		Reference proteome;Signal
Q9I0C0	PA2722	GO:0016846; GO:0046872	3D-structure;Lyase;Metal-binding;Reference proteome;Zinc
Q9I0E1	PA2701	GO:0005886; GO:0015562; GO:0046677	Cell membrane;Membrane;Reference proteome;Transmembrane;Transmembrane helix;Transport
Q9I0E8	PA2694		3D-structure;Reference proteome
Q9I0G9	PA2669		Membrane;Reference proteome;Transmembrane;Transmembrane helix
Q9I0H0	PA2668		Reference proteome
Q9I0H5	ppyR PA2663		Membrane;Reference proteome;Transmembrane;Transmembrane helix
Q9I0H8	PA2660		Reference proteome
Q9I0I3	PA2655		Reference proteome
Q9I0I5	PA2653	GO:0005886	Cell membrane;Membrane;Reference proteome;Transmembrane;Transmembrane helix
Q9I0I8	PA2650	GO:0008168; GO:0008757	Reference proteome
Q9I0K6	PA2632		Reference proteome
Q9I0N4	PA2603	GO:0004792	3D-structure;Reference proteome;Repeat
Q9I0R9	PA2566	GO:0016491	Reference proteome
Q9I0T6	PA2548	GO:0016020	Membrane;Reference proteome;Signal
Q9I0U0	PA2544	GO:0004596	Reference proteome
Q9I0U3	PA2541	GO:0008654; GO:0016020; GO:0016780	Membrane;Reference proteome;Transmembrane;Transmembrane helix
Q9I0U8	PA2536	GO:0005886; GO:0009273; GO:0016779	Membrane;Nucleotidyltransferase;Reference proteome;Transferase;Transmembrane;Transmembrane helix
Q9I0U9	PA2535	GO:0005737; GO:0008106	Oxidoreductase;Reference proteome
Q9I0V1	PA2533	GO:0005283; GO:0005886	Cell inner membrane;Cell membrane;Membrane;Reference proteome;Symport;Transmembrane;Transmembrane helix;Transport
Q9I0V2	PA2531	GO:0008483; GO:0030170	Aminotransferase;Pyridoxal phosphate;Reference proteome;Signal;Transferase
Q9I0V7	PA2526	GO:0005886; GO:0042910	Cell inner membrane;Cell membrane;Membrane;Reference proteome;Transmembrane;Transmembrane helix;Transport
Q9I0W4	xylX PA2518	GO:0005506; GO:0051213; GO:0051537	2Fe-2S;Aromatic hydrocarbons catabolism;Dioxygenase;Iron;Iron-sulfur;Metal-binding;NAD;Oxidoreductase;Reference proteome
Q9I0Y1	PA2501		Membrane;Reference proteome;Transmembrane;Transmembrane helix
Q9I0Y3	PA2499	GO:0006152; GO:0008270; GO:0047974	Metal-binding;Reference proteome;Zinc
Q9I0Z3	PA2489	GO:0000987; GO:0003700; GO:0006351; GO:0006355	DNA-binding;Reference proteome;Transcription;Transcription regulation
Q9I0Z5	PA2487		Reference proteome
Q9I113	PA2469	GO:0003677; GO:0003700; GO:0006351; GO:0006355; GO:0032993	DNA-binding;Reference proteome;Transcription;Transcription regulation
Q9I122	PA2460		Reference proteome
Q9I128	PA2454	GO:0008168	Reference proteome
Q9I131	PA2451		Reference proteome
Q9I146	PA2436		Reference proteome
Q9I164	PA2417	GO:0003700; GO:0006351; GO:0043565	DNA-binding;Reference proteome;Transcription;Transcription regulation
Q9I170	PA2411	GO:0008610	Reference proteome
Q9I173	PA2408	GO:0005524; GO:0016887; GO:0042626; GO:0043190	ATP-binding;Nucleotide-binding;Reference proteome;Transport
Q9I177	PA2404		Membrane;Reference proteome;Transmembrane;Transmembrane helix
Q9I179	PA2402	GO:0016874; GO:0031177; GO:0044550; GO:0072330	Ligase;Phosphopantetheine;Phosphoprotein;Reference proteome
Q9I185	pvdO PA2395	GO:0002049; GO:0046872; GO:0120147	3D-structure;Calcium;Metal-binding;Reference proteome;Signal
Q9I187	PA2393	GO:0002049; GO:0006508; GO:0016805; GO:0070573	Reference proteome
Q9I196	PA2383	GO:0003700; GO:0006351; GO:0043565	DNA-binding;Reference proteome;Transcription;Transcription regulation
Q9I1A7	PA2372		Reference proteome
Q9I1B2	PA2367		Reference proteome
Q9I1B4	PA2365		Reference proteome
Q9I1D3	PA2345	GO:0048038; GO:0070221; GO:0070224; GO:0071949	FAD;Flavoprotein;Membrane;Oxidoreductase;Quinone;Reference proteome;Transit peptide;Transmembrane;Transmembrane helix
Q9I1E1	mtlR PA2337	GO:0000976; GO:0003700; GO:0006351; GO:0006355; GO:0009893	DNA-binding;Reference proteome;Transcription;Transcription regulation
Q9I1E5	PA2333	GO:0008484; GO:0046872	Hydrolase;Metal-binding;Reference proteome
Q9I1F8	PA2317	GO:0005737; GO:0016491	Oxidoreductase;Reference proteome
Q9I1F9	PA2316	GO:0003700; GO:0006351; GO:0043565	DNA-binding;Reference proteome;Transcription;Transcription regulation
Q9I1G4	PA2311		Reference proteome
Q9I1G5	PA2310	GO:0000908; GO:0005737; GO:0006790; GO:0046872	Dioxygenase;Iron;Metal-binding;Oxidoreductase;Reference proteome
Q9I1H1	ambC PA2304	GO:0016706; GO:0017000	Antibiotic biosynthesis;Oxidoreductase;Reference proteome
Q9I1H6	PA2299	GO:0003677; GO:0003700; GO:0006351; GO:0045892	DNA-binding;Reference proteome;Transcription;Transcription regulation
Q9I1I5	gcd PA2290	GO:0008876; GO:0016020; GO:0048038	Membrane;Oxidoreductase;Reference proteome;Transmembrane;Transmembrane helix
Q9I1I7	PA2288		Reference proteome
Q9I1N0	pslI PA2239	GO:0009103; GO:0016757; GO:0044010	Reference proteome;Transferase
Q9I1N1	pslH PA2238	GO:0016757; GO:0044010	Reference proteome
Q9I1N4	pslE PA2235	GO:0004713; GO:0005886; GO:0044010	Coiled coil;Membrane;Reference proteome;Transmembrane;Transmembrane helix
Q9I1N9	PA2230		Reference proteome
Q9I1P0	PA2229	GO:0005829; GO:0009407; GO:0016491; GO:0030151; GO:0030170	Reference proteome
Q9I1Q3	PA2214	GO:0005886; GO:0022857	Aromatic hydrocarbons catabolism;Membrane;Reference proteome;Transmembrane;Transmembrane helix;Transport
Q9I1Q7	PA2210	GO:0016020; GO:0022857	Membrane;Reference proteome;Transmembrane;Transmembrane helix
Q9I1S5	PA2190		Reference proteome
Q9I1S8	PA2187	GO:0055085	Membrane;Reference proteome;Transmembrane;Transmembrane helix
Q9I1T2	PA2183		Membrane;Reference proteome;Transmembrane;Transmembrane helix
Q9I1T7	PA2178	GO:0016020	Membrane;Reference proteome;Transmembrane;Transmembrane helix
Q9I1U0	PA2175		Membrane;Reference proteome;Transmembrane;Transmembrane helix
Q9I1U2	PA2173		Reference proteome
Q9I1U4	PA2171		Reference proteome
Q9I1X0	PA2145		Reference proteome
Q9I1X3	PA2142	GO:0016614	Oxidoreductase;Reference proteome
Q9I1Z6	PA2119	GO:0008270; GO:0016616	Metal-binding;Oxidoreductase;Reference proteome;Zinc
Q9I200	PA2115	GO:0000976; GO:0003700; GO:0006351; GO:0006355	DNA-binding;Reference proteome;Transcription;Transcription regulation
Q9I217	PA2098	GO:0004806	Hydrolase;Reference proteome
Q9I236	PA2079	GO:0005886; GO:0015185; GO:0015291	Membrane;Reference proteome;Transmembrane;Transmembrane helix;Transport
Q9I241	PA2074	GO:0033388; GO:0050126	Hydrolase;Reference proteome
Q9I246	PA2069	GO:0016740	Reference proteome;Transferase
Q9I248	PA2067	GO:0005975; GO:0008801; GO:0050308	Hydrolase;Reference proteome
Q9I249	PA2066	GO:0005886	Reference proteome
Q9I259	PA2056	GO:0003700; GO:0006351; GO:0043565	DNA-binding;Reference proteome;Transcription;Transcription regulation
Q9I271	PA2044		Reference proteome;Signal
Q9I277	PA2038		Membrane;Reference proteome;Transmembrane;Transmembrane helix
Q9I2A3	PA2006	GO:0005886; GO:0046942; GO:0046943	Membrane;Reference proteome;Transmembrane;Transmembrane helix
Q9I2A4	PA2005	GO:0000987; GO:0001216; GO:0005524; GO:0006351; GO:0016301; GO:0032993; GO:0045893	ATP-binding;DNA-binding;Kinase;Nucleotide-binding;Reference proteome;Transcription;Transcription regulation;Transferase
Q9I2C6	PA1981		Reference proteome;Signal
Q9I2E0	PA1964	GO:0005524; GO:0016887	ATP-binding;Nucleotide-binding;Reference proteome;Repeat
Q9I2E1	PA1963		Membrane;Reference proteome;Transmembrane;Transmembrane helix
Q9I2F5	rbsR PA1949	GO:0000976; GO:0003700; GO:0006351; GO:0006355	DNA-binding;Reference proteome;Repressor;Transcription;Transcription regulation
Q9I2F7	rbsA PA1947	GO:0005524; GO:0005886; GO:0016887; GO:0022857	ATP-binding;Cell membrane;Membrane;Nucleotide-binding;Reference proteome;Repeat;Sugar transport;Translocase;Transport
Q9I2F9	PA1945	GO:0000987; GO:0001216; GO:0005524; GO:0006351; GO:0032993; GO:0045893	ATP-binding;DNA-binding;Nucleotide-binding;Reference proteome;Transcription;Transcription regulation
Q9I2G7	PA1937	GO:0003677; GO:0004803; GO:0006313	Coiled coil;Reference proteome
Q9I2H0	PA1934		3D-structure;Reference proteome;Signal
Q9I2I5	nrdG PA1919	GO:0004748; GO:0046872; GO:0051539	4Fe-4S;Iron;Iron-sulfur;Metal-binding;Reference proteome;S-adenosyl-L-methionine
Q9I2I9	PA1915	GO:0003700; GO:0045893	Reference proteome
Q9I2K2	PA1895		Membrane;Reference proteome;Transmembrane;Transmembrane helix
Q9I2K3	PA1894	GO:0016491; GO:0046872	Iron;Metal-binding;Oxidoreductase;Reference proteome
Q9I2K5	PA1892		Reference proteome
Q9I2L6	PA1881	GO:0016491; GO:0046872; GO:0051537	2Fe-2S;Iron;Iron-sulfur;Metal-binding;Oxidoreductase;Reference proteome
Q9I2L9	PA1878	GO:0002953; GO:0005737; GO:0046872	Hydrolase;Metal-binding;Reference proteome
Q9I2M0	PA1877	GO:0016020	Membrane;Reference proteome;Transmembrane;Transmembrane helix
Q9I2M3	PA1874	GO:0001681; GO:0005975	Reference proteome
Q9I2M8	xphA PA1867	GO:0005886; GO:0015031; GO:0015627	Cell inner membrane;Cell membrane;Membrane;Protein transport;Reference proteome;Transmembrane;Transmembrane helix;Transport
Q9I2P5	PA1850	GO:0003700; GO:0006351; GO:0006355; GO:0043565	Reference proteome;Transcription;Transcription regulation
Q9I2R3	PA1832	GO:0004252; GO:0005886; GO:0006508	Cell membrane;Hydrolase;Membrane;Protease;Reference proteome;Serine protease;Transmembrane;Transmembrane helix
Q9I2R8	PA1827	GO:0016616; GO:0030497	Reference proteome
Q9I2V4	PA1788		Reference proteome
Q9I2V7	PA1785	GO:0000160; GO:0003723; GO:0090352	Phosphoprotein;Reference proteome
Q9I2X5	PA1764	GO:0009279; GO:0015483	Cell outer membrane;Membrane;Reference proteome;Signal;Transmembrane;Transmembrane beta strand
Q9I2X9	PA1760	GO:0000976; GO:0003700; GO:0006351; GO:0006355	DNA-binding;Reference proteome;Transcription;Transcription regulation
Q9I2Y8	PA1749		Reference proteome
Q9I2Z1	PA1746	GO:0006974; GO:0042278; GO:0047407	Reference proteome
Q9I2Z5	PA1742	GO:0005829	Reference proteome
Q9I2Z8	PA1739	GO:0005829; GO:0016491	Oxidoreductase;Reference proteome
Q9I2Z9	PA1738	GO:0003700; GO:0006351; GO:0043565	DNA-binding;Reference proteome;Transcription;Transcription regulation
Q9I302	PA1735	GO:0005886; GO:0055085	Cell membrane;Membrane;Reference proteome;Transmembrane;Transmembrane helix;Transport
Q9I316	pscH PA1721	GO:0030254; GO:0030257	Reference proteome
Q9I331	pscO PA1696	GO:0030254	Coiled coil;Reference proteome
Q9I385	PA1640	GO:0016042; GO:0016787	Hydrolase;Lipid degradation;Lipid metabolism;Reference proteome
Q9I3A0	PA1622	GO:0016787	3D-structure;Hydrolase;Reference proteome
Q9I3A3	PA1619	GO:0000987; GO:0003700; GO:0005737; GO:0006351; GO:0006355; GO:0009893	Activator;DNA-binding;Reference proteome;Transcription;Transcription regulation
Q9I3C9	PA1592		Reference proteome;Signal
Q9I3D9	PA1578		Reference proteome
Q9I3E0	PA1577		Membrane;Reference proteome;Transmembrane;Transmembrane helix
Q9I3E1	PA1576	GO:0016054; GO:0016491; GO:0050661; GO:0051287	NAD;Oxidoreductase;Reference proteome
Q9I3E5	PA1572	GO:0003951; GO:0005524; GO:0006741; GO:0051287	Reference proteome
Q9I3F2	PA1565	GO:0005737; GO:0006598; GO:0016491	Oxidoreductase;Reference proteome
Q9I3G6	PA1551	GO:0005737; GO:0016020; GO:0046872; GO:0051539	4Fe-4S;Electron transport;Iron;Iron-sulfur;Membrane;Metal-binding;Reference proteome;Transmembrane;Transmembrane helix;Transport
Q9I3H6	PA1537	GO:0016491	Oxidoreductase;Reference proteome
Q9I3K4	PA1508		Reference proteome
Q9I3K9	PA1503		Reference proteome
Q9I3L2	PA1500	GO:0008679; GO:0046487; GO:0050661; GO:0051287	3D-structure;NAD;Oxidoreductase;Reference proteome
Q9I3M0	PA1492		3D-structure;Reference proteome
Q9I3M8	PA1484	GO:0003677; GO:0003700; GO:0006351; GO:0006355	DNA-binding;Reference proteome;Transcription;Transcription regulation
Q9I3N8	PA1474		Reference proteome
Q9I3Q6	PA1441	GO:0009424; GO:0071973	Reference proteome
Q9I3Q7	PA1440		Reference proteome
Q9I3R7	PA1427		Reference proteome
Q9I3R9	PA1425	GO:0005524; GO:0016887	ATP-binding;Nucleotide-binding;Reference proteome;Repeat
Q9I3S4	PA1420		Reference proteome
Q9I3U7	PA1397	GO:0000160; GO:0003677; GO:0006355	DNA-binding;Phosphoprotein;Reference proteome
Q9I3W1	PA1383		Reference proteome;Signal
Q9I3X0	PA1374	GO:0003677; GO:0003700; GO:0006351; GO:0006355; GO:0032993	3D-structure;DNA-binding;Reference proteome;Transcription;Transcription regulation
Q9I3X5	PA1369		Reference proteome
Q9I3Y4	PA1360	GO:0005886; GO:0015565	Cell membrane;Membrane;Reference proteome;Transmembrane;Transmembrane helix
Q9I3Z0	PA1354		Reference proteome
Q9I3Z1	PA1353		3D-structure;Reference proteome
Q9I3Z8	PA1346	GO:0005737; GO:0006520; GO:0016831	Decarboxylase;Lyase;Pyridoxal phosphate;Reference proteome
Q9I415	PA1329		Reference proteome
Q9I419	PA1325		Reference proteome
Q9I437	PA1307		3D-structure;Glutamine amidotransferase;Reference proteome
Q9I438	PA1306	GO:0003824; GO:0009117	Reference proteome
Q9I461	PA1283	GO:0000976; GO:0003700; GO:0006351; GO:0006355	DNA-binding;Reference proteome;Transcription;Transcription regulation
Q9I474	PA1270	GO:0005886; GO:0022857	Cell membrane;Membrane;Reference proteome;Transmembrane;Transmembrane helix;Transport
Q9I484	PA1260	GO:0016597; GO:0030288; GO:0034589	Reference proteome;Signal
Q9I499	PA1239	GO:0016020; GO:0016298	Reference proteome
Q9I4A1	PA1237		Coiled coil;Membrane;Reference proteome;Transmembrane;Transmembrane helix
Q9I4A4	PA1234	GO:0046872	3D-structure;Metal-binding;Reference proteome
Q9I4B2	PA1226	GO:0000976; GO:0003700; GO:0006355	DNA-binding;Reference proteome
Q9I4B4	PA1224	GO:0003955; GO:0005829	Oxidoreductase;Reference proteome
Q9I4B9	PA1219		Reference proteome
Q9I4D6	PA1202	GO:0016787	3D-structure;Hydrolase;Reference proteome
Q9I4D7	PA1201	GO:0003700; GO:0006351; GO:0043565	DNA-binding;Reference proteome;Transcription;Transcription regulation
Q9I4E8	PA1190	GO:0005262; GO:0005886; GO:0030162	Membrane;Reference proteome;Transmembrane;Transmembrane helix
Q9I4G9	PA1168		Reference proteome
Q9I4I3	PA1154	GO:0004803; GO:0006310; GO:0006313; GO:0043565	DNA-binding;Reference proteome;Transposition
Q9I4I5	PA1152		Reference proteome
Q9I4I9	PA1146	GO:0004022; GO:0046872	NAD;Oxidoreductase;Reference proteome
Q9I4J3	PA1142	GO:0003677; GO:0003700; GO:0006351; GO:0045892	DNA-binding;Reference proteome;Transcription;Transcription regulation
Q9I4J8	PA1137	GO:0016651	NADP;Oxidoreductase;Reference proteome
Q9I4M0	PA1115	GO:0005886; GO:0030200	Cell membrane;Membrane;Reference proteome;Transmembrane;Transmembrane helix
Q9I4M9	PA1106		Reference proteome;Signal
Q9I4N7	PA1093		Reference proteome
Q9I4P1	PA1088	GO:0008168; GO:0032259	Methyltransferase;Reference proteome;S-adenosyl-L-methionine;Transferase
Q9I4Q4	PA1075		3D-structure;Reference proteome
Q9I4Q7	PA1067	GO:0003700; GO:0006351; GO:0043565	DNA-binding;Reference proteome;Transcription;Transcription regulation
Q9I4R1	PA1063		Reference proteome
Q9I4R2	PA1062	GO:0016747	Acyltransferase;Reference proteome;Transferase
Q9I4S2	PA1052	GO:0008887; GO:0031388; GO:0043798	Kinase;Reference proteome;Transferase
Q9I4T3	PA1041	GO:0009279	Cell outer membrane;Membrane;Reference proteome
Q9I4U4	PA1030		3D-structure;Reference proteome
Q9I4V7	PA1016	GO:0003988; GO:0016746	Reference proteome
Q9I4V8	PA1015	GO:0003677; GO:0003700; GO:0006351; GO:0045892	DNA-binding;Reference proteome;Transcription;Transcription regulation
Q9I4W1	PA1012	GO:0004527	Reference proteome
Q9I4X9	PA0990	GO:0016787	Hydrolase;Reference proteome
Q9I4Y5	PA0984	GO:0015643; GO:0030153	Bacteriocin immunity;Membrane;Reference proteome;Transmembrane;Transmembrane helix
Q9I4Y7	PA0982		Reference proteome
Q9I4Y8	PA0981		Reference proteome;Signal
Q9I500	PA0959	GO:0003824	Reference proteome
Q9I503	PA0955		Reference proteome;Signal
Q9I519	PA0939		Reference proteome
Q9I530	ldhA PA0927	GO:0008720; GO:0051287	3D-structure;NAD;Nucleotide-binding;Oxidoreductase;Reference proteome
Q9I538	PA0919	GO:0016787; GO:0055091	Reference proteome
Q9I542	PA0915		Reference proteome
Q9I546	PA0911	GO:0001896; GO:0006974	Reference proteome
Q9I564	PA0881	GO:0016829	Reference proteome
Q9I568	PA0877	GO:0003700; GO:0005829; GO:0006351; GO:0006355; GO:0043565	DNA-binding;Reference proteome;Transcription;Transcription regulation
Q9I577	PA0864	GO:0003677; GO:0003700; GO:0006351; GO:0006355; GO:0009893; GO:0043565	DNA-binding;Reference proteome;Repressor;Transcription;Transcription regulation
Q9I582	PA0859	GO:0016491	Reference proteome
Q9I585	PA0856		3D-structure;Reference proteome;Signal
Q9I588	PA0853	GO:0003955; GO:0005829	Oxidoreductase;Reference proteome
Q9I591	PA0850	GO:0016020	Membrane;Reference proteome;Transmembrane;Transmembrane helix
Q9I5A6	PA0834	GO:0016746	Membrane;Reference proteome;Transmembrane;Transmembrane helix
Q9I5B0	PA0829	GO:0016787	Hydrolase;Reference proteome
Q9I5B5	PA0824		Reference proteome
Q9I5B6	PA0823		Reference proteome
Q9I5C0	PA0819		Reference proteome
Q9I5D4	PA0804	GO:0016491	Reference proteome
Q9I5D5	PA0803		Reference proteome
Q9I5D9	PA0799	GO:0003677; GO:0003682; GO:0004386; GO:0005524; GO:0016787; GO:0031507; GO:0045944; GO:0140750	ATP-binding;Helicase;Hydrolase;Nucleotide-binding;Reference proteome
Q9I5E0	pmtA PA0798	GO:0008168; GO:0008757; GO:0032259	Methyltransferase;Reference proteome;Transferase
Q9I5F4	PA0784	GO:0003700; GO:0006351; GO:0009891; GO:0043565	Activator;DNA-binding;Reference proteome;Transcription;Transcription regulation
Q9I5G0	icp PA0778	GO:0004869; GO:0030162	3D-structure;Protease inhibitor;Reference proteome;Signal;Thiol protease inhibitor
Q9I5G6	PA0769		Reference proteome
Q9I5H8	PA0751	GO:0005886; GO:0010468	Membrane;Reference proteome;Transmembrane;Transmembrane helix
Q9I5I0	PA0749		Reference proteome
Q9I5K2	PA0726		Membrane;Reference proteome;Transmembrane;Transmembrane helix
Q9I5K7	PA0721		Reference proteome
Q9I5K9	PA0719		Reference proteome;Signal
Q9I5L0	PA0718		Reference proteome
Q9I5P3	PA0682	GO:0005886; GO:0009306	Cell inner membrane;Cell membrane;Membrane;Protein transport;Reference proteome;Transmembrane;Transmembrane helix;Transport
Q9I5Q0	PA0671	GO:0006281	DNA damage;Reference proteome
Q9I5R2	PA0659	GO:0005886	Membrane;Reference proteome;Transmembrane;Transmembrane helix
Q9I5R5	PA0656	GO:0005737; GO:0005829; GO:0043530; GO:0055130	Reference proteome
Q9I5T0	PA0614		Membrane;Reference proteome;Transmembrane;Transmembrane helix
Q9I5T4	PA0604	GO:0015847; GO:0019809; GO:0019810; GO:0030288	Reference proteome;Signal
Q9I5T7	PA0601	GO:0000160; GO:0000976; GO:0003700; GO:0006351; GO:0006355	DNA-binding;Phosphoprotein;Reference proteome;Transcription;Transcription regulation
Q9I5V1	PA0586		Reference proteome
Q9I5V9	PA0578	GO:0016884	Reference proteome
Q9I5X2	PA0564	GO:0000987; GO:0003700; GO:0005737; GO:0006351; GO:0006355; GO:0009893	DNA-binding;Reference proteome;Transcription;Transcription regulation
Q9I5X6	PA0560		Reference proteome
Q9I5X8	PA0558	GO:0008168; GO:0008757; GO:0032259	Methyltransferase;Reference proteome;Transferase
Q9I607	PA0529	GO:0005829; GO:0009407; GO:0016491; GO:0030151; GO:0030170	Reference proteome
Q9I627	PA0491	GO:0003677; GO:0003700; GO:0006351; GO:0006355; GO:0032993	DNA-binding;Reference proteome;Transcription;Transcription regulation
Q9I681	PA0436	GO:0000976; GO:0003700; GO:0006351; GO:0006355; GO:0045892	DNA-binding;Reference proteome;Transcription;Transcription regulation
Q9I6A2	PA0398	GO:0016020	Membrane;Reference proteome;Transmembrane;Transmembrane helix
Q9I6A6	PA0389	GO:0008168	Reference proteome
Q9I6A7	PA0388		3D-structure;Reference proteome;Signal
Q9I6C3	PA0371	GO:0046872	Reference proteome
Q9I6D2	fdx1 PA0362	GO:0005737; GO:0046872; GO:0051539	3D-structure;4Fe-4S;Electron transport;Iron;Iron-sulfur;Metal-binding;Reference proteome;Repeat;Transport
Q9I6E2	PA0351	GO:0016787; GO:0046872	Hydrolase;Metal-binding;Reference proteome
Q9I6F3	PA0340	GO:0005886	Cell membrane;Membrane;Reference proteome;Transmembrane;Transmembrane helix
Q9I6F9	PA0332		Membrane;Reference proteome;Transmembrane;Transmembrane helix
Q9I6H3	PA0318	GO:0018773; GO:0046872	Metal-binding;Reference proteome
Q9I6H6	PA0315		Reference proteome;Signal
Q9I6H9	PA0312		Reference proteome
Q9I6K4	desA PA0286	GO:0006631; GO:0016020; GO:0016717	Fatty acid metabolism;Iron;Lipid metabolism;Membrane;Oxidoreductase;Reference proteome;Transmembrane;Transmembrane helix
Q9I6L7	PA0273	GO:0005886; GO:0009440; GO:0022857	Membrane;Reference proteome;Transmembrane;Transmembrane helix
Q9I6M1	PA0269	GO:0051920	3D-structure;Reference proteome
Q9I6M6	PA0264		Reference proteome
Q9I6N2	PA0257	GO:0003676; GO:0015074	Reference proteome
Q9I6N8	PA0251		Reference proteome
Q9I6P9	PA0239	GO:0016020	Membrane;Reference proteome;Transmembrane;Transmembrane helix
Q9I6Q2	PA0236	GO:0003677; GO:0003700; GO:0006351; GO:0045892	DNA-binding;Reference proteome;Transcription;Transcription regulation
Q9I6Q5	PA0233	GO:0000976; GO:0003700; GO:0006351; GO:0006355	DNA-binding;Reference proteome;Transcription;Transcription regulation
Q9I6R3	PA0225	GO:0003677; GO:0003700; GO:0006355	DNA-binding;Reference proteome
Q9I6R5	PA0223	GO:0005829; GO:0008840; GO:0046872	3D-structure;Lyase;Metal-binding;Reference proteome
Q9I6R7	PA0221	GO:0004015; GO:0009102; GO:0009448; GO:0030170	Aminotransferase;Pyridoxal phosphate;Reference proteome;Transferase
Q9I6S1	PA0217	GO:0003677; GO:0003700; GO:0006351; GO:0006355; GO:0032993	DNA-binding;Reference proteome;Transcription;Transcription regulation
Q9I6U7	PA0187	GO:0016706; GO:0017000	Antibiotic biosynthesis;Oxidoreductase;Reference proteome
Q9I6V1	PA0181	GO:0003700; GO:0006351; GO:0043565	DNA-binding;Reference proteome;Transcription;Transcription regulation
Q9I6V5	PA0177	GO:0005829; GO:0006935; GO:0007165	Chemotaxis;Cytoplasm;Reference proteome
Q9I6W6	PA0166	GO:0005886; GO:0042906; GO:0042907	Cell membrane;Membrane;Reference proteome;Transmembrane;Transmembrane helix;Transport
Q9I6X0	opdC PA0162	GO:0015288; GO:0016020	3D-structure;Reference proteome;Signal;Transport
Q9I6X1	PA0161		Reference proteome
Q9I6X6	PA0156	GO:0015562; GO:0030313; GO:1990281	3D-structure;Coiled coil;Reference proteome;Transport
Q9I6X8	pcaG PA0154	GO:0008199; GO:0018578; GO:0051213	Dioxygenase;Oxidoreductase;Reference proteome
Q9I6Y2	PA0150	GO:0016989	Membrane;Reference proteome;Transmembrane;Transmembrane helix
Q9I6Y8	PA0144	GO:0009159; GO:0070694	Reference proteome
Q9I6Z6	PA0136	GO:0005524; GO:0005886; GO:0016887; GO:0022857	ATP-binding;Nucleotide-binding;Reference proteome
Q9I708	PA0124		3D-structure;Reference proteome;Toxin-antitoxin system
Q9I728	PA0104		Reference proteome
Q9I751	fha1 PA0081		Reference proteome
Q9I773	osmC PA0059	GO:0005829; GO:0006979; GO:0051920	Reference proteome
Q9I775	PA0057	GO:0008800	Reference proteome;Signal
Q9I782	PA0050		Reference proteome;Signal
Q9I789	PA0043		Membrane;Reference proteome;Transmembrane;Transmembrane helix
Q9I791	PA0041	GO:0003824	Reference proteome;Signal
Q9I794	PA0038		Calcium;Metal-binding;Reference proteome
Q9I799	betC PA0031	GO:0008484; GO:0046872	Hydrolase;Metal-binding;Reference proteome
E1JGJ7	ccoQ2 PA1555.1	GO:0004129	Membrane;Reference proteome;Transmembrane;Transmembrane helix
E1JGK0	PA5471.1		Reference proteome
G3XCV8	PA2405		Reference proteome;Signal
G3XCW0	exbB1 PA0198	GO:0005886; GO:0017038	Cell membrane;Membrane;Protein transport;Reference proteome;Transmembrane;Transmembrane helix;Transport
G3XCW5	PA3031		Cell membrane;Lipoprotein;Membrane;Palmitate;Reference proteome;Signal
G3XCX8	PA0900		Reference proteome
G3XCZ4	PA0891	GO:0016788; GO:0046872	Hydrolase;Metal-binding;Reference proteome;Zinc
G3XCZ9	phaC2 PA5058	GO:0016746; GO:0042619	Acyltransferase;Reference proteome;Transferase
G3XD27	PA5055	GO:0046872	Iron;Metal-binding;Reference proteome
G3XD34	PA4612		ANK repeat;Reference proteome;Signal
G3XD37	PA1701	GO:0030254	Reference proteome
G3XD40	PA3925	GO:0003985; GO:0033812; GO:0044281	3D-structure;Acyltransferase;Reference proteome;Transferase
G3XD48	PA5008	GO:0004672; GO:0009244	Reference proteome
G3XD56	PA0635		Reference proteome
G3XD62	PA0627		3D-structure;Reference proteome
G3XD70	PA5279		Reference proteome
G3XD71	PA0620	GO:0046872	3D-structure;Calcium;Metal-binding;Reference proteome
G3XD82	PA0615		3D-structure;Reference proteome
G3XD91	phaD PA5057	GO:0004806; GO:0046503	Reference proteome
G3XD92	PA0619		3D-structure;Reference proteome
G3XD96	PA0186		Reference proteome;Signal
Q9HT08	PA5566		Reference proteome
Q9HT28	PA5546	GO:0008610; GO:0008825; GO:0032259	Lipid metabolism;Methyltransferase;Reference proteome;S-adenosyl-L-methionine;Transferase
Q9HT29	PA5545		Reference proteome;Signal
Q9HT34	PA5540		Reference proteome
Q9HT40	PA5534		Reference proteome
Q9HT42	PA5532	GO:0005737; GO:0008270; GO:0051604; GO:0140827	Reference proteome
Q9HT51	PA5522	GO:0004356; GO:0006542; GO:0006598	Ligase;Reference proteome
Q9HT52	PA5521	GO:0016616; GO:0030497	Oxidoreductase;Reference proteome
Q9HT58	PA5515		Membrane;Reference proteome;Transmembrane;Transmembrane helix
Q9HT67	PA5506	GO:0003677; GO:0003700; GO:0006351; GO:0097367; GO:1901135	DNA-binding;Reference proteome;Transcription;Transcription regulation
Q9HT68	PA5505	GO:0016020	3D-structure;Lipoprotein;Membrane;Palmitate;Receptor;Reference proteome;Signal
Q9HT82	PA5491	GO:0005506; GO:0009055; GO:0020037	Electron transport;Heme;Iron;Metal-binding;Reference proteome;Signal;Transport
Q9HTA2	PA5468	GO:0005886; GO:0015137; GO:0022857; GO:0055085	Membrane;Reference proteome;Transmembrane;Transmembrane helix;Transport
Q9HTB9	wbpY PA5448	GO:0009103; GO:0009243; GO:0016757	Reference proteome;Transferase
Q9HTC3	PA5444	GO:0016020	Membrane;Reference proteome;Transmembrane;Transmembrane helix
Q9HTC5	PA5441		Reference proteome;Signal
Q9HTC8	PA5438	GO:0003677; GO:0003700; GO:0006351; GO:0006355; GO:0097367; GO:1901135	3D-structure;DNA-binding;Reference proteome;Transcription;Transcription regulation
Q9HTF5	PA5409	GO:0005886	Membrane;Reference proteome;Transmembrane;Transmembrane helix
Q9HTF9	PA5405		Reference proteome;Signal
Q9HTG3	PA5401	GO:0009055	Electron transport;Reference proteome;Transport
Q9HTG4	PA5400	GO:0009055; GO:0033539; GO:0050660	Electron transport;FAD;Flavoprotein;Reference proteome;Transport
Q9HTH2	PA5392	GO:0005829; GO:0019239	Reference proteome
Q9HTI3	PA5381		Reference proteome
Q9HTJ7	PA5363	GO:0004222	Reference proteome;Signal
Q9HTJ8	PA5362	GO:0005886; GO:0050660	CBS domain;Cell membrane;Membrane;Reference proteome;Repeat;Transmembrane;Transmembrane helix
Q9HTK6	PA5352		Reference proteome
Q9HTL5	PA5343	GO:0004029; GO:0005737	Reference proteome
Q9HTL6	PA5342	GO:0000987; GO:0003700; GO:0005737; GO:0006351; GO:0006355; GO:0009893	Activator;DNA-binding;Reference proteome;Transcription;Transcription regulation
Q9HTL9	PA5339	GO:0005829; GO:0019239	Reference proteome
Q9HTM5	PA5330		Coiled coil;Reference proteome;Signal
Q9HTN6	PA5318		Reference proteome
Q9HTP3	PA5311	GO:0005886; GO:0022857	Membrane;Reference proteome;Transmembrane;Transmembrane helix
Q9HTQ4	cycB PA5300	GO:0005506; GO:0009055; GO:0020037	3D-structure;Electron transport;Heme;Iron;Metal-binding;Reference proteome;Signal;Transport
Q9HTS0	PA5284	GO:0009289; GO:0043709	Fimbrium;Reference proteome;Signal
Q9HTS6	rnk PA5274	GO:0003677; GO:0006354; GO:0016301; GO:0032784; GO:0070063	Kinase;Reference proteome;Transferase
Q9HTV2	PA5238	GO:0009103; GO:0016020; GO:0016747	Membrane;Reference proteome;Transmembrane;Transmembrane helix
Q9HTX0	PA5220		Reference proteome
Q9HTX8	PA5212		Reference proteome;Signal
Q9HTX9	PA5211	GO:0005886	Membrane;Reference proteome;Transmembrane;Transmembrane helix
Q9HU01	PA5188	GO:0006631; GO:0016616; GO:0016829; GO:0016853; GO:0070403	Isomerase;Lyase;Multifunctional enzyme;NAD;Oxidoreductase;Reference proteome
Q9HU03	PA5186	GO:0004022; GO:0046872	NAD;Oxidoreductase;Reference proteome
Q9HU06	PA5183		Reference proteome;Signal
Q9HU07	PA5182		Reference proteome
Q9HU12	PA5177	GO:0005829; GO:0006281; GO:0008967; GO:0046872	Hydrolase;Metal-binding;Reference proteome
Q9HU27	PA5157	GO:0003677; GO:0003700; GO:0006351; GO:0006355; GO:0006950	DNA-binding;Reference proteome;Transcription;Transcription regulation
Q9HU31	PA5153	GO:0016597; GO:0030288	Reference proteome;Signal
Q9HU32	PA5152	GO:0005524; GO:0005886; GO:0015424; GO:0016887; GO:0042626	Amino-acid transport;ATP-binding;Cell inner membrane;Cell membrane;Membrane;Nucleotide-binding;Reference proteome;Transport
Q9HU45	PA5139		Reference proteome;Signal
Q9HU74	PA5109		Reference proteome
Q9HUC7	PA5052	GO:0009279; GO:0042834	Membrane;Reference proteome;Transmembrane;Transmembrane helix
Q9HUD8	PA5031	GO:0016491	Oxidoreductase;Reference proteome
Q9HUH1	PA4994	GO:0003995; GO:0005737; GO:0033539; GO:0050660	FAD;Flavoprotein;Oxidoreductase;Reference proteome
Q9HUH2	PA4993		Reference proteome
Q9HUI1	PA4984	GO:0000976; GO:0003700; GO:0006351; GO:0006355	3D-structure;DNA-binding;Reference proteome;Repressor;Transcription;Transcription regulation
Q9HUI6	PA4979	GO:0003995; GO:0050660	FAD;Flavoprotein;Oxidoreductase;Reference proteome
Q9HUJ6	cpdA PA4969	GO:0004112; GO:0046872	Hydrolase;Iron;Metal-binding;Reference proteome
Q9HUJ9	PA4966		Reference proteome;Signal
Q9HUL0	PA4955		Reference proteome
Q9HUM4	PA4940		Membrane;Reference proteome;Transmembrane;Transmembrane helix
Q9HUQ8	vanB PA4905	GO:0016491; GO:0046872; GO:0051537	2Fe-2S;Flavoprotein;Iron;Iron-sulfur;Metal-binding;Oxidoreductase;Reference proteome
Q9HUR1	PA4902	GO:0003677; GO:0003700; GO:0006351; GO:0006355	DNA-binding;Reference proteome;Transcription;Transcription regulation
Q9HUT1	PA4882	GO:0016491	Reference proteome
Q9HUU2	PA4871		Membrane;Reference proteome;Transmembrane;Transmembrane helix
Q9HUV2	PA4861	GO:0005524; GO:0005886; GO:0016887	ATP-binding;Nucleotide-binding;Reference proteome;Transport
Q9HUW2	PA4851		Membrane;Reference proteome;Transmembrane;Transmembrane helix
Q9HUY0	PA4830	GO:0005829; GO:0061522	Hydrolase;Reference proteome
Q9HUY4	PA4826		Reference proteome
Q9HV04	PA4805	GO:0004015; GO:0009102; GO:0009448; GO:0030170	Aminotransferase;Pyridoxal phosphate;Reference proteome;Transferase
Q9HV07	PA4802	GO:0033388; GO:0050126	Hydrolase;Reference proteome
Q9HV09	PA4800	GO:0008168; GO:0008757	Reference proteome
Q9HV12	PA4796	GO:0005829; GO:0005960; GO:0019464	Lipoyl;Reference proteome
Q9HV20	PA4788	GO:0004312; GO:0005835; GO:0006633	Reference proteome
Q9HV21	PA4787	GO:0000976; GO:0003700; GO:0006351	DNA-binding;Reference proteome;Transcription;Transcription regulation
Q9HV92	PA4705		Reference proteome
Q9HV98	PA4698	GO:0044010	Reference proteome
Q9HV99	PA4697		Reference proteome;Signal
Q9HVB2	PA4683		Reference proteome
Q9HVE2	PA4650	GO:0007155; GO:0009289	Reference proteome;Signal
Q9HVE4	PA4648		3D-structure;Reference proteome;Signal
Q9HVF8	PA4633	GO:0005886; GO:0006935; GO:0007165; GO:0046872	3D-structure;Calcium;Cell membrane;Membrane;Metal-binding;Methylation;Reference proteome;Transducer;Transmembrane;Transmembrane helix
Q9HVG0	PA4631	GO:0004029; GO:0005737	3D-structure;Reference proteome
Q9HVH9	PA4611		Reference proteome
Q9HVI4	PA4605		Reference proteome
Q9HVK2	PA4582	GO:0005886	Reference proteome
Q9HVL4	PA4570		Reference proteome
Q9HVN7	PA4540	GO:0008320; GO:0046819; GO:0098046	3D-structure;Cell outer membrane;Membrane;Reference proteome;Transmembrane;Transmembrane beta strand
Q9HVN8	PA4539	GO:0005524; GO:0005737; GO:0016887; GO:0032153; GO:0051301	ATP-binding;Nucleotide-binding;Reference proteome
Q9HVP4	PA4533		Reference proteome;Signal
Q9HVQ6	PA4516		Reference proteome
Q9HVR2	PA4509	GO:0005524; GO:0016787	ATP-binding;Hydrolase;Nucleotide-binding;Reference proteome
Q9HVS0	opdP PA4501	GO:0015288; GO:0016020	3D-structure;Reference proteome;Signal;Transport
Q9HVY8	sspB PA4427	GO:0005829; GO:0005840; GO:0045732	Reference proteome
Q9HW24	inaA PA4378		Reference proteome
Q9HW36	PA4365	GO:0005886; GO:0006865; GO:0015171	Cell membrane;Membrane;Reference proteome;Transmembrane;Transmembrane helix
Q9HW40	PA4361		Reference proteome
Q9HW53	PA4348		Reference proteome
Q9HW58	PA4343	GO:0005886; GO:0015293; GO:0022857	Cell membrane;Membrane;Reference proteome;Symport;Transmembrane;Transmembrane helix;Transport
Q9HW82	PA4319		Membrane;Reference proteome;Transmembrane;Transmembrane helix
Q9HW84	PA4317		Membrane;Reference proteome;Transmembrane;Transmembrane helix
Q9HW97	tadZ PA4303	GO:0005524; GO:0005829; GO:0009898; GO:0016887	3D-structure;Reference proteome
Q9HWA0	tadC PA4300	GO:0005886	Cell membrane;Membrane;Reference proteome;Transmembrane;Transmembrane helix
Q9HWA2	PA4298		Reference proteome;Signal
Q9HWC2	PA4278	GO:0042834	Reference proteome
Q9HWG5	pchG PA4224	GO:0000166	Reference proteome
Q9HWH4	mexI PA4207	GO:0005886; GO:0042910	Cell inner membrane;Cell membrane;Membrane;Reference proteome;Transmembrane;Transmembrane helix;Transport
Q9HWI9	PA4192	GO:0005524; GO:0005886; GO:0015424; GO:0016887; GO:0042626	Amino-acid transport;ATP-binding;Cell inner membrane;Cell membrane;Membrane;Nucleotide-binding;Reference proteome;Transport
Q9HWK1	PA4180	GO:0000287; GO:0003984; GO:0005948; GO:0009097; GO:0009099; GO:0030976; GO:0050660	Reference proteome;Thiamine pyrophosphate
Q9HWL2	PA4169	GO:0003700; GO:0005829; GO:0006355	Reference proteome
Q9HWL7	PA4164		Reference proteome
Q9HWM8	PA4153	GO:0008270; GO:0008868; GO:0019404	Metal-binding;Oxidoreductase;Reference proteome;Zinc
Q9HWM9	PA4152	GO:0016787	Hydrolase;Lipoyl;Reference proteome
Q9HWN2	PA4149	GO:0003951; GO:0005524; GO:0006741; GO:0051287	Cytoplasm;Reference proteome
Q9HWN3	PA4148	GO:0016616; GO:0030497	Reference proteome
Q9HWP1	PA4140	GO:0016491; GO:0022904; GO:0071949	FAD;Flavoprotein;Oxidoreductase;Reference proteome;Signal
Q9HWP2	PA4139		Reference proteome
Q9HWP4	PA4137	GO:0015288; GO:0016020	3D-structure;Reference proteome;Signal;Transport
Q9HWQ3	PA4128	GO:0005737; GO:0010124; GO:0016832; GO:0046872	Lyase;Metal-binding;Reference proteome
Q9HWQ4	hpcG PA4127	GO:0005737; GO:0008684; GO:0018817	Aromatic hydrocarbons catabolism;Lyase;Reference proteome
Q9HWS9	PA4099	GO:0008643; GO:0015288; GO:0016020	Reference proteome;Signal
Q9HWT1	PA4097	GO:0008270; GO:0008868; GO:0019404	Metal-binding;Oxidoreductase;Reference proteome;Zinc
Q9HWT2	PA4096	GO:0016020; GO:0022857	Membrane;Reference proteome;Transmembrane;Transmembrane helix
Q9HWT4	PA4094	GO:0000987; GO:0003700; GO:0005737; GO:0006351; GO:0006355; GO:0009893	Activator;DNA-binding;Reference proteome;Transcription;Transcription regulation
Q9HWU4	cupB3 PA4084	GO:0009279; GO:0009297; GO:0015473	Cell outer membrane;Membrane;Reference proteome;Signal;Transmembrane;Transmembrane beta strand;Transport
Q9HWU9	PA4079	GO:0000166; GO:0004090; GO:0016616	3D-structure;Nucleotide-binding;Reference proteome
Q9HWV3	PA4075		Reference proteome
Q9HWW0	PA4068		Reference proteome
Q9HWW2	PA4066		3D-structure;Reference proteome;Signal
Q9HWW7	PA4061	GO:0006950; GO:0015035; GO:0045454	Disulfide bond;Electron transport;Redox-active center;Reference proteome;Transport
Q9HWX9	PA4049		Reference proteome;Signal
Q9HWY7	PA4040		Reference proteome
Q9HWZ9	PA4028		Reference proteome
Q9HX26	PA3995	GO:0003677; GO:0003700; GO:0006351; GO:0006355	DNA-binding;Reference proteome;Transcription;Transcription regulation
Q9HX30	PA3990	GO:0072344	Reference proteome
Q9HX38	PA3981	GO:0005524; GO:0005829	ATP-binding;Cytoplasm;Nucleotide-binding;Reference proteome
Q9HX39	PA3979		Reference proteome
Q9HX45	PA3971	GO:0047617	Hydrolase;Reference proteome
Q9HX56	PA3960		Reference proteome
Q9HX60	PA3956		Reference proteome
Q9HX61	PA3955		Membrane;Reference proteome;Transmembrane;Transmembrane helix
Q9HX76	PA3940	GO:0003677; GO:0005829; GO:0030261; GO:0030527	DNA condensation;DNA-binding;Reference proteome
Q9HX81	tauD PA3935	GO:0000908; GO:0005737; GO:0006790; GO:0046872	Dioxygenase;Iron;Metal-binding;Oxidoreductase;Reference proteome
Q9HX82	PA3934	GO:0016020; GO:0035673	3D-structure;Membrane;Reference proteome;Transmembrane;Transmembrane helix;Transport
Q9HX88	PA3926	GO:0005886; GO:0022857	Cell membrane;Membrane;Reference proteome;Transmembrane;Transmembrane helix;Transport
Q9HXA7	PA3906		Reference proteome
Q9HXB5	PA3898	GO:0000987; GO:0003700; GO:0005737; GO:0006351; GO:0006355; GO:0009893	Activator;DNA-binding;Reference proteome;Transcription;Transcription regulation
Q9HXC6	PA3886	GO:0005737; GO:0016791	Reference proteome
Q9HXD8	PA3868	GO:0003676; GO:0015074	Reference proteome
Q9HXE8	PA3858	GO:0006865	Reference proteome;Signal;Transport
Q9HXG3	PA3843		Reference proteome
Q9HXJ6	PA3801	GO:0005886; GO:0044877	Cell membrane;Chaperone;Membrane;Reference proteome;Transmembrane;Transmembrane helix
Q9HXP5	PA3749	GO:0005886; GO:0022857	Cell inner membrane;Cell membrane;Membrane;Reference proteome;Transmembrane;Transmembrane helix;Transport
Q9HXP7	PA3747	GO:0005886; GO:0017004; GO:0020037	Membrane;Reference proteome;Transmembrane;Transmembrane helix
Q9HXR0	PA3732		Reference proteome
Q9HXR2	PA3730		Membrane;Reference proteome;Transmembrane;Transmembrane helix
Q9HXR9	PA3722		Reference proteome
Q9HXS2	armR PA3719	GO:0032411	3D-structure;Reference proteome
Q9HXS3	PA3718	GO:0005886; GO:0016020; GO:0022857	Cell membrane;Membrane;Reference proteome;Transmembrane;Transmembrane helix;Transport
Q9HXS6	PA3715		Reference proteome;Signal
Q9HXS7	PA3714	GO:0000160; GO:0000976; GO:0003700; GO:0006355	DNA-binding;Phosphoprotein;Reference proteome
Q9HXU1	PA3699	GO:0003677	3D-structure;DNA-binding;Reference proteome
Q9HXU9	PA3691		Reference proteome;Signal
Q9HXW5	PA3675		Reference proteome;Signal
Q9HXX6	PA3663		Reference proteome
Q9HXX8	PA3661		Reference proteome;Signal
Q9HXZ8	PA3632		Reference proteome
Q9HXZ9	PA3631	GO:0005886	Cell inner membrane;Cell membrane;Membrane;Reference proteome;Transmembrane;Transmembrane helix;Transport
Q9HY10	PA3618		Reference proteome
Q9HY11	PA3615	GO:0005829; GO:0008714	Reference proteome
Q9HY15	PA3611		3D-structure;Reference proteome;Signal
Q9HY18	potB PA3608	GO:0005886; GO:0015417; GO:1903711	Cell membrane;Membrane;Reference proteome;Transmembrane;Transmembrane helix;Transport
Q9HY29	PA3597	GO:0005886; GO:0022857	Membrane;Reference proteome;Transmembrane;Transmembrane helix
Q9HY38	PA3588	GO:0015288; GO:0016020	3D-structure;Reference proteome;Signal;Transport
Q9HY40	PA3586	GO:0004806; GO:0046503	Hydrolase;Reference proteome;Signal
Q9HY51	PA3566	GO:0005829; GO:0016491	3D-structure;Reference proteome
Q9HY52	PA3565	GO:0003700; GO:0006351; GO:0043565	DNA-binding;Reference proteome;Transcription;Transcription regulation
Q9HY74	PA3536		Membrane;Reference proteome;Transmembrane;Transmembrane helix
Q9HY96	PA3513	GO:0009228	Reference proteome;Signal
Q9HY98	PA3511	GO:0016616	NAD;Oxidoreductase;Reference proteome
Q9HYA1	PA3508	GO:0003677; GO:0003700; GO:0006351; GO:0045892	DNA-binding;Reference proteome;Transcription;Transcription regulation
Q9HYA7	PA3502		Reference proteome
Q9HYA8	PA3501		Reference proteome
Q9HYB0	PA3499	GO:0005829; GO:0019239	3D-structure;Reference proteome
Q9HYC2	pldA PA3487	GO:0004630; GO:0009395; GO:0046872	3D-structure;Calcium;Hydrolase;Lipid metabolism;Metal-binding;Reference proteome;Repeat
Q9HYD7	PA3469	GO:0008703; GO:0009231	Reference proteome
Q9HYE2	PA3464	GO:0016788	Reference proteome
Q9HYE9	PA3457	GO:0005886	Cell membrane;Membrane;Reference proteome;Transmembrane;Transmembrane helix
Q9HYG6	PA3440		Reference proteome
Q9HYH7	PA3428		Membrane;Reference proteome;Transmembrane;Transmembrane helix
Q9HYH9	PA3426	GO:0003824	Reference proteome
Q9HYJ1	PA3414		Reference proteome;Signal
Q9HYJ4	PA3411		Membrane;Reference proteome;Transmembrane;Transmembrane helix
Q9HYJ6	PA3409	GO:0016989	Membrane;Reference proteome;Transmembrane
Q9HYK1	PA3403	GO:0005886; GO:0016036	Cell membrane;Membrane;Reference proteome;Transmembrane;Transmembrane helix
Q9HYN2	PA3369		Reference proteome;Signal
Q9HYP3	PA3353	GO:0035438	Bacterial flagellum;c-di-GMP;Nucleotide-binding;Reference proteome
Q9HYR0	PA3335		3D-structure;Reference proteome
Q9HYR1	PA3334	GO:0000035; GO:0000036; GO:0005829; GO:0009245; GO:0016020	Reference proteome
Q9HYR8	PA3327	GO:0005737; GO:0005829; GO:0016740; GO:0031177; GO:0043041; GO:0044550	Phosphopantetheine;Phosphoprotein;Reference proteome;Transferase
Q9HYS7	PA3317		Reference proteome;Signal
Q9HYS8	PA3316	GO:0005886; GO:0015416	Cell membrane;Membrane;Reference proteome;Transmembrane;Transmembrane helix;Transport
Q9HYT5	PA3309		Reference proteome
Q9HYT8	PA3306	GO:0006307; GO:0008198; GO:0035516; GO:0051747	Dioxygenase;DNA damage;DNA repair;Iron;Magnesium;Metal-binding;Oxidoreductase;Reference proteome
Q9HYT9	PA3305	GO:0005886; GO:0022857	Cell membrane;Membrane;Reference proteome;Transmembrane;Transmembrane helix;Transport
Q9HYV0	PA3293		Reference proteome
Q9HYW2	PA3281	GO:0005886	Cell membrane;Membrane;Reference proteome;Transmembrane;Transmembrane helix
Q9HYW8	PA3273		Reference proteome
Q9HYW9	PA3272	GO:0003677; GO:0004386; GO:0005524; GO:0006281; GO:0016887	ATP-binding;DNA damage;DNA repair;DNA-binding;Helicase;Hydrolase;Isomerase;Nucleotide-binding;Reference proteome
Q9HYX4	PA3267	GO:0003841; GO:0005886; GO:0006654; GO:0022857	Cell membrane;Membrane;Reference proteome;Transmembrane;Transmembrane helix;Transport
Q9HYX6	PA3264	GO:0016020	Membrane;Reference proteome;Transmembrane;Transmembrane helix
Q9HYY5	PA3255	GO:0016787; GO:0046872	Hydrolase;Magnesium;Metal-binding;Reference proteome
Q9HYY6	PA3254	GO:0005524; GO:0005886; GO:0016887; GO:0022857; GO:0043190; GO:0055085	ATP-binding;Nucleotide-binding;Reference proteome;Transport
Q9HYY7	PA3253	GO:0005886; GO:0015417; GO:1903711	Cell membrane;Membrane;Reference proteome;Transmembrane;Transmembrane helix;Transport
Q9HZ03	PA3237		Reference proteome
Q9HZ05	PA3235	GO:0005886	Membrane;Reference proteome;Transmembrane;Transmembrane helix
Q9HZ15	PA3225	GO:0000976; GO:0003700; GO:0006351; GO:0006355; GO:0010629	DNA-binding;Reference proteome;Transcription;Transcription regulation
Q9HZ20	PA3220	GO:0000987; GO:0003700; GO:0006351; GO:0006355	DNA-binding;Reference proteome;Transcription;Transcription regulation
Q9HZ22	PA3218		Reference proteome
Q9HZ44	PA3196		Reference proteome
Q9HZ61	PA3173	GO:0016491	Oxidoreductase;Reference proteome
Q9HZ83	PA3144	GO:0003677; GO:0004803; GO:0006313	Reference proteome
Q9HZ88	PA3137	GO:0005886; GO:0022857; GO:0055085	Cell membrane;Membrane;Reference proteome;Transmembrane;Transmembrane helix;Transport
Q9HZ90	PA3135	GO:0003700; GO:0006351; GO:0043565	DNA-binding;Reference proteome;Transcription;Transcription regulation
Q9HZ99	PA3125	GO:0016788	Reference proteome;Signal
Q9HZA0	PA3124	GO:0003700; GO:0006351; GO:0043565	DNA-binding;Reference proteome;Transcription;Transcription regulation
Q9HZC2	PA3086	GO:0004252; GO:0016020	3D-structure;Cell inner membrane;Cell membrane;Membrane;Reference proteome;Transmembrane;Transmembrane helix
Q9HZC6	gbt PA3082		Reference proteome;Signal
Q9HZD0	PA3078	GO:0000155	Membrane;Phosphoprotein;Reference proteome;Transmembrane;Transmembrane helix
Q9HZD2	PA3076		Reference proteome;Signal
Q9HZD6	PA3072		Membrane;Reference proteome;Transmembrane;Transmembrane helix
Q9HZD8	PA3070	GO:0005524; GO:0016887	ATP-binding;Nucleotide-binding;Reference proteome
Q9HZE8	pelE PA3060	GO:0044010	Membrane;Reference proteome;Transmembrane;Transmembrane helix
Q9HZF7	PA3051		Reference proteome
Q9HZH2	PA3036		Reference proteome
Q9HZH9	PA3027	GO:0000976; GO:0003700; GO:0006351	DNA-binding;Reference proteome;Transcription;Transcription regulation
Q9HZJ0	PA3016		Reference proteome
Q9HZJ4	PA3012		Membrane;Reference proteome;Transmembrane;Transmembrane helix
Q9HZJ6	PA3010		Reference proteome
Q9HZM1	PA2983	GO:0005886; GO:0017038	Cell membrane;Membrane;Protein transport;Reference proteome;Transmembrane;Transmembrane helix;Transport
Q9HZN0	PA2974	GO:0005829; GO:0006281; GO:0008967; GO:0046872	Hydrolase;Metal-binding;Reference proteome
Q9HZP0	PA2958	GO:0006534; GO:0031071	Pyridoxal phosphate;Reference proteome
Q9HZQ0	PA2947	GO:0009236	3D-structure;Reference proteome
Q9HZQ5	PA2942	GO:0005524; GO:0016887	Reference proteome
Q9HZR9	PA2928		Reference proteome
Q9HZS5	PA2922	GO:0016787; GO:0019877; GO:0046872; GO:0050118	Hydrolase;Manganese;Metal-binding;Reference proteome
Q9HZS6	PA2921	GO:0003700; GO:0005829; GO:0006351; GO:0006355; GO:0043565	DNA-binding;Reference proteome;Transcription;Transcription regulation
Q9HZS9	PA2918	GO:0006633; GO:0016616; GO:0048038	Oxidoreductase;Reference proteome
Q9HZT1	PA2916	GO:0005886; GO:0015171; GO:0033228	Cell membrane;Membrane;Reference proteome;Transmembrane;Transmembrane helix
Q9HZT3	PA2914	GO:0005886; GO:0022857; GO:0033214	Cell membrane;Membrane;Reference proteome;Transmembrane;Transmembrane helix;Transport
Q9HZU6	PA2901		3D-structure;Coiled coil;Reference proteome;Signal
Q9HZV7	atuE PA2890	GO:0004490; GO:0046247	3D-structure;Reference proteome
Q9HZW4	PA2883		Membrane;Reference proteome;Transmembrane;Transmembrane helix
Q9HZX0	PA2877	GO:0003700; GO:0006351; GO:0043565	DNA-binding;Reference proteome;Transcription;Transcription regulation
Q9HZY4	PA2860		Reference proteome
Q9HZY6	PA2858	GO:0005886	Cell membrane;Membrane;Reference proteome;Transmembrane;Transmembrane helix
Q9HZY7	PA2857	GO:0005524; GO:0005886; GO:0016887; GO:0022857; GO:1902495	ATP-binding;Cell membrane;Membrane;Nucleotide-binding;Reference proteome;Transmembrane;Transport
Q9HZZ3	ohr PA2850	GO:0006979	3D-structure;Reference proteome
Q9HZZ7	PA2846	GO:0003677; GO:0003700; GO:0006351; GO:0006355	DNA-binding;Reference proteome;Transcription;Transcription regulation
Q9I005	PA2838	GO:0000976; GO:0003700; GO:0006351; GO:0006355	DNA-binding;Reference proteome;Transcription;Transcription regulation
Q9I027	PA2816		Reference proteome;Signal
Q9I041	PA2802	GO:0003677; GO:0003700; GO:0006351; GO:0045892	DNA-binding;Reference proteome;Transcription;Transcription regulation
Q9I043	PA2800	GO:0016020; GO:0120010	Reference proteome;Signal
Q9I062	PA2781		Reference proteome
Q9I065	PA2778		Reference proteome
Q9I067	PA2776	GO:0005737; GO:0016491	Oxidoreductase;Reference proteome
Q9I080	PA2763		Membrane;Reference proteome;Transmembrane;Transmembrane helix
Q9I086	PA2757		Membrane;Reference proteome;Transmembrane;Transmembrane helix
Q9I087	PA2756		Reference proteome
Q9I092	PA2751	GO:0005886	Cell membrane;Membrane;Reference proteome;Transmembrane;Transmembrane helix
Q9I0A6	PA2736		Reference proteome
Q9I0A9	PA2733		Reference proteome
Q9I0B3	PA2729		Coiled coil;Reference proteome
Q9I0B7	PA2725	GO:0005524; GO:0005737; GO:0016887; GO:0034605	ATP-binding;Chaperone;Nucleotide-binding;Reference proteome
Q9I0C1	PA2721		3D-structure;Reference proteome
Q9I0C4	PA2718	GO:0003677; GO:0003700; GO:0006351; GO:0045893	Coiled coil;DNA-binding;Reference proteome;Transcription;Transcription regulation
Q9I0C5	cpo PA2717	GO:0016787	Reference proteome
Q9I0E2	opdB PA2700	GO:0015288; GO:0016020	Reference proteome;Signal;Transport
Q9I0F1	PA2691	GO:0003954; GO:0016491	FAD;Flavoprotein;NAD;Oxidoreductase;Reference proteome
Q9I0G4	PA2674	GO:0015627; GO:0015628	Membrane;Reference proteome;Transmembrane;Transmembrane helix
Q9I0G8	PA2670		Reference proteome
Q9I0I7	PA2651	GO:0016020	Membrane;Reference proteome;Transmembrane;Transmembrane helix
Q9I0M9	PA2609	GO:0004645; GO:0005829; GO:0006206; GO:0009032	Reference proteome
Q9I0N6	PA2601	GO:0000976; GO:0003700; GO:0006351; GO:0006355	DNA-binding;Reference proteome;Transcription;Transcription regulation
Q9I0N9	PA2598	GO:0008726; GO:0046306	Flavoprotein;FMN;Monooxygenase;Oxidoreductase;Reference proteome
Q9I0P0	PA2597	GO:0016627; GO:0050660	Flavoprotein;Oxidoreductase;Reference proteome
Q9I0P9	PA2588	GO:0000976; GO:0003700; GO:0006351	3D-structure;DNA-binding;Reference proteome;Transcription;Transcription regulation
Q9I0R3	PA2573	GO:0005886; GO:0006935; GO:0007165	Cell membrane;Membrane;Methylation;Reference proteome;Transducer;Transmembrane;Transmembrane helix
Q9I0S5	PA2559		Reference proteome;Signal
Q9I0S7	PA2557	GO:0006631; GO:0031956	Ligase;Reference proteome
Q9I0S9	PA2555	GO:0003987; GO:0005524; GO:0005829; GO:0006085	ATP-binding;Ligase;Nucleotide-binding;Reference proteome
Q9I0T0	PA2554	GO:0016491	Oxidoreductase;Reference proteome
Q9I0T1	PA2553	GO:0003985; GO:0033812; GO:0044281	3D-structure;Acyltransferase;Reference proteome;Transferase
Q9I0U5	PA2539	GO:0005886	Membrane;Reference proteome;Transmembrane;Transmembrane helix
Q9I0U7	PA2537	GO:0003841; GO:0006654	Acyltransferase;Reference proteome;Transferase
Q9I0V4	PA2529	GO:0005829; GO:0006508; GO:0008237	Hydrolase;Metalloprotease;Protease;Reference proteome
Q9I0V6	PA2527	GO:0005886; GO:0042910	Cell inner membrane;Cell membrane;Membrane;Reference proteome;Transmembrane;Transmembrane helix;Transport
Q9I0W6	xylZ PA2516	GO:0016491; GO:0051537	2Fe-2S;Iron;Iron-sulfur;Metal-binding;Reference proteome
Q9I0W8	antC PA2514	GO:0016491; GO:0051213; GO:0051537	2Fe-2S;Dioxygenase;Iron;Iron-sulfur;Metal-binding;Oxidoreductase;Reference proteome
Q9I0X1	PA2511	GO:0000987; GO:0003700; GO:0005737; GO:0006351; GO:0006355; GO:0009893	DNA-binding;Reference proteome;Transcription;Transcription regulation
Q9I0X7	opdT PA2505	GO:0015288; GO:0016020	Reference proteome;Signal;Transport
Q9I0X8	PA2504		Reference proteome
Q9I0Y4	PA2498		ANK repeat;Reference proteome;Repeat
Q9I0Y5	PA2497	GO:0003677; GO:0003700; GO:0006351; GO:0006355	DNA-binding;Reference proteome;Transcription;Transcription regulation
Q9I0Y6	PA2496	GO:0046872	Metal-binding;Reference proteome
Q9I0Z9	PA2483	GO:0005829; GO:0016705	Reference proteome
Q9I105	PA2477	GO:0015036; GO:0016491; GO:0017004; GO:0030313	Cytochrome c-type biogenesis;Disulfide bond;Membrane;Redox-active center;Reference proteome;Transmembrane;Transmembrane helix
Q9I112	gtdA PA2470	GO:0047922	Dioxygenase;Oxidoreductase;Reference proteome
Q9I117	PA2465	GO:0046872	3D-structure;Heme;Iron;Membrane;Metal-binding;Reference proteome;Transmembrane;Transmembrane helix;Zinc
Q9I127	PA2455	GO:0016747	Reference proteome
Q9I134	PA2448	GO:0016810	Reference proteome
Q9I135	PA2447	GO:0000976; GO:0003700; GO:0006351; GO:0006355	DNA-binding;Reference proteome;Transcription;Transcription regulation
Q9I141	PA2441		Reference proteome
Q9I150	bexR PA2432	GO:0003700; GO:0006351; GO:0040029; GO:0043565	DNA-binding;Reference proteome;Transcription;Transcription regulation
Q9I158	PA2423		Reference proteome
Q9I160	PA2421		Reference proteome;Signal
Q9I175	PA2406		Membrane;Reference proteome;Transmembrane;Transmembrane helix
Q9I193	fpvI PA2387	GO:0003677; GO:0006352; GO:0006355; GO:0016987	Reference proteome;Sigma factor;Transcription;Transcription regulation
Q9I195	PA2384		Reference proteome
Q9I1A0	PA2379	GO:0016491; GO:0046872; GO:0051537	2Fe-2S;Iron;Iron-sulfur;Metal-binding;Oxidoreductase;Reference proteome
Q9I1D4	mtlZ PA2344	GO:0005524; GO:0016301	ATP-binding;Kinase;Nucleotide-binding;Reference proteome;Transferase
Q9I1D6	mtlD PA2342	GO:0016616; GO:0019594	NAD;Oxidoreductase;Reference proteome
Q9I1D7	PA2341	GO:0005524; GO:0015423; GO:0016887; GO:0055052; GO:1990060	ATP-binding;Nucleotide-binding;Reference proteome;Sugar transport;Transport
Q9I1E2	PA2336	GO:0004062	Reference proteome;Signal
Q9I1E7	PA2331	GO:0051920	Reference proteome
Q9I1F5	PA2323	GO:0016620	Oxidoreductase;Reference proteome
Q9I1F7	PA2318		Reference proteome
Q9I1G2	PA2313		Membrane;Reference proteome;Transmembrane;Transmembrane helix
Q9I1I1	PA2294	GO:0005524; GO:0016887	ATP-binding;Nucleotide-binding;Reference proteome;Transport
Q9I1I8	PA2287		Membrane;Reference proteome;Transmembrane;Transmembrane helix
Q9I1J8	PA2276	GO:0001216; GO:0006351; GO:0006355; GO:0043565	Reference proteome;Transcription;Transcription regulation
Q9I1K0	PA2274		Reference proteome
Q9I1K3	PA2270	GO:0000976; GO:0003700; GO:0006355	DNA-binding;Reference proteome
Q9I1K5	PA2268	GO:0003883; GO:0005829; GO:0006241; GO:0019856; GO:0042802; GO:0044210	Reference proteome
Q9I1L1	PA2262	GO:0005886; GO:0022857	Membrane;Reference proteome;Transmembrane;Transmembrane helix;Transport
Q9I1L2	PA2261	GO:0005524; GO:0016301	ATP-binding;Kinase;Nucleotide-binding;Reference proteome;Transferase
Q9I1L3	PA2260		3D-structure;Reference proteome
Q9I1L7	PA2252	GO:0005283; GO:0005886	Cell inner membrane;Cell membrane;Membrane;Reference proteome;Symport;Transmembrane;Transmembrane helix;Transport
Q9I1M7	pslL PA2242	GO:0016747; GO:0044010	Membrane;Reference proteome;Transmembrane;Transmembrane helix
Q9I1P6	PA2223	GO:0003796; GO:0031640; GO:0042742	Antimicrobial;Bacteriolytic enzyme;Reference proteome
Q9I1Q4	PA2213	GO:0015288; GO:0016020	3D-structure;Reference proteome;Signal;Transport
Q9I1R0	PA2207		Membrane;Reference proteome;Transmembrane;Transmembrane helix
Q9I1S0	PA2197	GO:0016628	Oxidoreductase;Reference proteome
Q9I1S7	PA2188	GO:0008270; GO:0016616	Metal-binding;Oxidoreductase;Reference proteome;Zinc
Q9I1S9	PA2186		Reference proteome
Q9I1T9	PA2176		Reference proteome
Q9I1U5	PA2170	GO:0005886	Cell membrane;Membrane;Reference proteome;Transmembrane;Transmembrane helix
Q9I1U8	PA2167		Reference proteome
Q9I1U9	PA2166		Reference proteome
Q9I1V6	PA2159		CBS domain;Reference proteome
Q9I1V7	PA2158	GO:0008270; GO:0016616	Metal-binding;Oxidoreductase;Reference proteome;Zinc
Q9I1V9	PA2156	GO:0003824	Reference proteome
Q9I1X5	PA2140	GO:0046872	Metal-binding;Metal-thiolate cluster;Reference proteome
Q9I1Z5	PA2120		3D-structure;Reference proteome
Q9I201	PA2114	GO:0005886; GO:0046942; GO:0046943	Membrane;Reference proteome;Transmembrane;Transmembrane helix
Q9I214	PA2101	GO:0016020	Membrane;Reference proteome;Transmembrane;Transmembrane helix
Q9I215	PA2100	GO:0003677; GO:0003700; GO:0006351; GO:0008483; GO:0030170; GO:1901605	DNA-binding;Pyridoxal phosphate;Reference proteome;Transcription;Transcription regulation
Q9I216	PA2099	GO:0016491	Oxidoreductase;Reference proteome
Q9I218	PA2097	GO:0004497; GO:0004499; GO:0050660; GO:0050661	FAD;Flavoprotein;Monooxygenase;Oxidoreductase;Reference proteome
Q9I219	PA2096	GO:0000976; GO:0003700; GO:0006351	DNA-binding;Reference proteome;Transcription;Transcription regulation
Q9I220	PA2095	GO:0016491	Reference proteome
Q9I223	PA2092	GO:0005886; GO:0022857; GO:0055085	Cell membrane;Membrane;Reference proteome;Transmembrane;Transmembrane helix
Q9I228	PA2087		Reference proteome
Q9I261	cynR PA2054	GO:0003677; GO:0003700; GO:0006351; GO:0006355; GO:0032993	DNA-binding;Reference proteome;Transcription;Transcription regulation
Q9I274	PA2041	GO:0005886; GO:0022857	Membrane;Reference proteome;Transmembrane;Transmembrane helix
Q9I276	PA2039	GO:0005886; GO:1903785	Cell membrane;Membrane;Reference proteome;Transmembrane;Transmembrane helix;Transport
Q9I278	PA2037		Reference proteome;Signal
Q9I285	PA2030		Membrane;Reference proteome;Transmembrane;Transmembrane helix
Q9I293	PA2021		3D-structure;Reference proteome
Q9I295	liuR PA2016	GO:0003677; GO:0003700; GO:0008300; GO:0045892	Coiled coil;DNA-binding;Reference proteome
Q9I2A5	PA2004	GO:0005886; GO:0015128	Membrane;Reference proteome;Transmembrane;Transmembrane helix
Q9I2A7	PA2002	GO:0005886	Membrane;Reference proteome;Transmembrane;Transmembrane helix
Q9I2G1	PA1943	GO:0016747	Reference proteome
Q9I2G8	PA1936		Reference proteome
Q9I2G9	PA1935		Reference proteome
Q9I2H4	PA1930	GO:0004888; GO:0006935; GO:0007165; GO:0008276; GO:0016020; GO:0016301	Kinase;Reference proteome;Transducer;Transferase
Q9I2J7	PA1907	GO:0003847; GO:0016042	Hydrolase;Lipid degradation;Lipid metabolism;Membrane;Reference proteome;Transmembrane;Transmembrane helix
Q9I2L7	PA1880	GO:0016491	Reference proteome
Q9I2L8	PA1879	GO:0003677	Reference proteome
Q9I2P0	PA1855		Reference proteome;Signal
Q9I2P3	PA1852		Reference proteome
Q9I2Q3	PA1842	GO:0005829	Reference proteome
Q9I2R2	PA1833	GO:0043957	Reference proteome
Q9I2R6	PA1829		Reference proteome
Q9I2R7	PA1828		Reference proteome
Q9I2S4	PA1821	GO:0005737; GO:0006635; GO:0016853	Acetylation;Fatty acid metabolism;Isomerase;Lipid metabolism;Peroxisome;Reference proteome
Q9I2T6	PA1808	GO:0005886; GO:0006857; GO:0042884; GO:0055085	Cell inner membrane;Cell membrane;Membrane;Peptide transport;Protein transport;Reference proteome;Transmembrane;Transmembrane helix;Transport
Q9I2U5	PA1797	GO:0009002	Hydrolase;Reference proteome
Q9I2V1	PA1791	GO:0016020	Membrane;Reference proteome;Transmembrane;Transmembrane helix
Q9I2W8	estX PA1771	GO:0006629; GO:0016042; GO:0016298	Lipid degradation;Lipid metabolism;Reference proteome
Q9I2X1	PA1768		3D-structure;Reference proteome;Signal
Q9I2X2	PA1767		Membrane;Reference proteome;Transmembrane;Transmembrane helix
Q9I2X3	PA1766	GO:0005524; GO:0005737; GO:0009432; GO:0018169; GO:0046872	ATP-binding;Manganese;Nucleotide-binding;Reference proteome
Q9I2X7	PA1762	GO:0005524; GO:0006508; GO:0008233; GO:0016020	Reference proteome
Q9I2X8	PA1761		Reference proteome;Signal
Q9I2Y0	PA1759	GO:0000976; GO:0003700; GO:0006351; GO:0006355; GO:0016887	DNA-binding;Reference proteome;Transcription;Transcription regulation
Q9I2Y1	pabB PA1758	GO:0000162; GO:0009396; GO:0046820	Reference proteome;Transferase
Q9I2Y4	PA1753	GO:0005524	ATP-binding;Nucleotide-binding;Reference proteome
Q9I2Z0	PA1747		Reference proteome;Signal
Q9I2Z3	PA1744		Reference proteome
Q9I2Z4	PA1743		Reference proteome
Q9I2Z6	PA1741		Reference proteome
Q9I301	PA1736	GO:0003985	Acyltransferase;Reference proteome;Transferase
Q9I305	PA1732		Reference proteome
Q9I306	PA1731		Reference proteome
Q9I309	PA1728		Reference proteome
Q9I313	pscK PA1724	GO:0030254	3D-structure;Reference proteome
Q9I332	pscP PA1695	GO:0030254	3D-structure;Reference proteome
Q9I335	PA1692	GO:0005886; GO:0009306; GO:0044780	Cell membrane;Membrane;Reference proteome;Transmembrane;Transmembrane helix;Virulence
Q9I337	pscU PA1690	GO:0005886; GO:0009306	3D-structure;Cell membrane;Membrane;Reference proteome;Transmembrane;Transmembrane helix;Virulence
Q9I348	PA1677	GO:0016787	Hydrolase;Reference proteome
Q9I357	PA1668	GO:0033103	Membrane;Reference proteome;Transmembrane;Transmembrane helix
Q9I358	PA1667	GO:0033103	Reference proteome
Q9I360	PA1665	GO:0033103	Reference proteome
Q9I366	PA1659	GO:0033103	Reference proteome
Q9I367	PA1658	GO:0033103	Reference proteome
Q9I370	PA1655	GO:0004364; GO:0005737	Reference proteome
Q9I373	PA1652		Membrane;Reference proteome;Transmembrane;Transmembrane helix
Q9I374	PA1651	GO:0005886; GO:0042925	Membrane;Reference proteome;Transmembrane;Transmembrane helix
Q9I377	PA1648	GO:0000166; GO:0016628	3D-structure;Nucleotide-binding;Oxidoreductase;Reference proteome
Q9I378	PA1647	GO:0005886; GO:0022857; GO:0055085	Membrane;Reference proteome;Transmembrane;Transmembrane helix
Q9I386	PA1639		Reference proteome;Signal
Q9I391	PA1631	GO:0003995; GO:0005737; GO:0009083; GO:0033539; GO:0050660	Branched-chain amino acid catabolism;FAD;Flavoprotein;Oxidoreductase;Reference proteome
Q9I3A1	PA1621	GO:0016020; GO:0016298	Hydrolase;Reference proteome
Q9I3A6	PA1616	GO:0005737; GO:0101006	Reference proteome
Q9I3F0	PA1567	GO:0005737; GO:0016491	Oxidoreductase;Reference proteome
Q9I3G4	ccoO1 PA1553	GO:0004129; GO:0020037; GO:0046872	3D-structure;Calcium;Heme;Iron;Membrane;Metal-binding;Reference proteome;Transmembrane;Transmembrane helix
Q9I3G7	PA1550		Membrane;Reference proteome;Transmembrane;Transmembrane helix
Q9I3H4	PA1539	GO:0003677	DNA-binding;Reference proteome
Q9I3I2	PA1531		Reference proteome
Q9I3I7	PA1526	GO:0000987; GO:0003700; GO:0006351; GO:0006355	3D-structure;DNA-binding;Reference proteome;Transcription;Transcription regulation
Q9I3I9	xdhA PA1524	GO:0004854; GO:0005506; GO:0051537; GO:0071949	2Fe-2S;FAD;Flavoprotein;Iron;Iron-sulfur;Metal-binding;Oxidoreductase;Reference proteome
Q9I3K5	PA1507	GO:0005886; GO:0042906; GO:0042907	Cell membrane;Membrane;Reference proteome;Transmembrane;Transmembrane helix;Transport
Q9I3L5	PA1497	GO:0005886; GO:0015204	Cell membrane;Membrane;Reference proteome;Transmembrane;Transmembrane helix
Q9I3M7	PA1485	GO:0003333; GO:0005886; GO:0015179	Cell membrane;Membrane;Reference proteome;Transmembrane;Transmembrane helix
Q9I3P1	PA1471		Reference proteome;Signal
Q9I3P5	PA1467	GO:0003700; GO:0006351	Reference proteome;Transcription;Transcription regulation
Q9I3P6	PA1466	GO:0004364; GO:0005737	Reference proteome
Q9I3S0	PA1424	GO:0008033; GO:0016432	Reference proteome;S-adenosyl-L-methionine;Transferase;tRNA processing
Q9I3S8	PA1416	GO:0016491; GO:0022904; GO:0071949	FAD;Flavoprotein;Oxidoreductase;Reference proteome
Q9I3T7	PA1407	GO:0006364; GO:0008168; GO:0032259	Methyltransferase;Reference proteome;rRNA processing;S-adenosyl-L-methionine;Transferase
Q9I3U6	PA1398		Reference proteome;Signal
Q9I3V0	PA1394		Reference proteome
Q9I3V2	PA1392		Reference proteome
Q9I3V5	PA1389	GO:0016740	Reference proteome;Transferase
Q9I3V6	PA1388		Reference proteome
Q9I3V8	PA1386	GO:0005524; GO:0016020; GO:0016887; GO:0140359	ATP-binding;Nucleotide-binding;Reference proteome
Q9I3X2	PA1372	GO:0000725; GO:0003677; GO:0005524; GO:0005829; GO:0033202; GO:0043138	ATP-binding;Nucleotide-binding;Reference proteome
Q9I3Y0	PA1364	GO:0016989	Membrane;Reference proteome;Transmembrane;Transmembrane helix
Q9I3Y9	PA1355		Reference proteome
Q9I3Z4	PA1350		Reference proteome
Q9I3Z5	PA1349		3D-structure;Reference proteome
Q9I3Z7	PA1347	GO:0003677; GO:0006351; GO:0006355; GO:0016301	DNA-binding;Kinase;Reference proteome;Transcription;Transcription regulation;Transferase
Q9I410	PA1334	GO:0005829; GO:0010181; GO:0016628	Oxidoreductase;Reference proteome
Q9I412	PA1332		Reference proteome
Q9I421	PA1323	GO:0005886; GO:0043022	Cell inner membrane;Cell membrane;Membrane;Reference proteome;Transmembrane;Transmembrane helix
Q9I430	PA1314		3D-structure;Reference proteome
Q9I435	PA1309	GO:0000976; GO:0003700; GO:0006351; GO:0006355	DNA-binding;Reference proteome;Transcription;Transcription regulation
Q9I439	PA1305		Membrane;Reference proteome;Transmembrane;Transmembrane helix
Q9I448	PA1296	GO:0005829; GO:0016618; GO:0030267; GO:0051287	NAD;Oxidoreductase;Reference proteome
Q9I455	PA1289		Reference proteome
Q9I462	PA1282	GO:0005886; GO:0016020; GO:0022857	Cell membrane;Membrane;Reference proteome;Transmembrane;Transmembrane helix;Transport
Q9I475	PA1269	GO:0000987; GO:0003700; GO:0006351; GO:0006355	DNA-binding;Reference proteome;Transcription;Transcription regulation
Q9I480	PA1264	GO:0003677; GO:0003700; GO:0006351; GO:0006355	DNA-binding;Reference proteome;Transcription;Transcription regulation
Q9I4A2	PA1236	GO:0005886; GO:0022857; GO:0055085	Cell membrane;Membrane;Reference proteome;Transmembrane;Transmembrane helix;Transport
Q9I4A6	PA1232	GO:0005886; GO:0022857	Membrane;Reference proteome;Transmembrane;Transmembrane helix
Q9I4B8	PA1220		Reference proteome
Q9I4C9	PA1209	GO:0004792; GO:0005737; GO:0005886	Cell membrane;Membrane;Reference proteome;Transmembrane;Transmembrane helix
Q9I4D0	PA1208	GO:0004497; GO:0004499; GO:0050660; GO:0050661	FAD;Flavoprotein;Monooxygenase;NADP;Oxidoreductase;Reference proteome
Q9I4D5	PA1203		Reference proteome
Q9I4F0	PA1188	GO:0003824	Reference proteome
Q9I4F2	PA1186	GO:0004497; GO:0016705	Flavoprotein;FMN;Monooxygenase;Oxidoreductase;Reference proteome
Q9I4G0	napE PA1177		Membrane;Reference proteome;Transmembrane;Transmembrane helix
Q9I4G6	PA1171	GO:0008933; GO:0009253; GO:0009254	Reference proteome;Signal
Q9I4G7	PA1170	GO:0005886	Membrane;Reference proteome;Transmembrane;Transmembrane helix
Q9I4H1	PA1166	GO:0016787	Reference proteome;Signal
Q9I4H8	PA1159	GO:0003676; GO:0005829; GO:0010468	Cytoplasm;Reference proteome
Q9I4J6	PA1139		Reference proteome;Signal
Q9I4M2	PA1113	GO:0005524; GO:0005886; GO:0016887; GO:0034040; GO:0055085; GO:0140359	ATP-binding;Membrane;Nucleotide-binding;Reference proteome;Transmembrane;Transmembrane helix
Q9I4M7	PA1108	GO:0005886; GO:0022857; GO:0055085	Cell membrane;Membrane;Reference proteome;Transmembrane;Transmembrane helix;Transport
Q9I4N8	fgtA PA1091	GO:0016020; GO:0044010; GO:0047355	Cell projection;Cilium;Flagellum;Reference proteome;Transferase
Q9I4P2	flgL PA1087	GO:0005198; GO:0005576; GO:0009424; GO:0071973	Bacterial flagellum;Cell projection;Cilium;Flagellum;Reference proteome;Secreted
Q9I4Q8	PA1066	GO:0016491	Oxidoreductase;Reference proteome
Q9I4R0	PA1064		Reference proteome
Q9I4T8	PA1036	GO:0005886	Reference proteome
Q9I4U0	PA1034		Reference proteome
Q9I4U5	PA1029		3D-structure;Reference proteome
Q9I4U6	PA1028	GO:0005737; GO:0016491	Oxidoreductase;Reference proteome
Q9I4U8	PA1026	GO:0003677; GO:0032784	Reference proteome
Q9I4V2	PA1022	GO:0016627; GO:0033539; GO:0071949	FAD;Flavoprotein;Oxidoreductase;Reference proteome
Q9I4V9	PA1014	GO:0008919; GO:0016757	Reference proteome;Transferase
Q9I4W6	PA1007	GO:0005886; GO:0055085	Cell membrane;Membrane;Reference proteome;Transmembrane;Transmembrane helix;Transport
Q9I4X5	cupC3 PA0994	GO:0009279; GO:0009297; GO:0015473	Cell outer membrane;Fimbrium biogenesis;Membrane;Reference proteome;Signal;Transmembrane;Transmembrane beta strand;Transport
Q9I4X6	cupC2 PA0993	GO:0006457; GO:0030288; GO:0044183; GO:0071555	Chaperone;Periplasm;Reference proteome;Signal
Q9I4Y0	PA0989		Reference proteome;Signal
Q9I505	PA0953	GO:0015036; GO:0016209; GO:0016491; GO:0017004; GO:0030313	Cytochrome c-type biogenesis;Disulfide bond;Redox-active center;Reference proteome
Q9I511	PA0947	GO:0006260; GO:0006270; GO:0032297	Reference proteome
Q9I512	PA0946		Reference proteome;Signal
Q9I531	PA0926		Reference proteome
Q9I532	PA0925		Reference proteome;Signal
Q9I535	PA0922		Reference proteome
Q9I543	PA0914		Reference proteome
Q9I563	PA0882	GO:0008410	Reference proteome;Transferase
Q9I566	PA0879	GO:0003995; GO:0005737; GO:0033539; GO:0050660	FAD;Flavoprotein;Oxidoreductase;Reference proteome
Q9I569	PA0876	GO:0000976; GO:0003700; GO:0006351; GO:0006355	DNA-binding;Reference proteome;Transcription;Transcription regulation
Q9I581	PA0860	GO:0005524; GO:0005886; GO:0016887; GO:0034040; GO:0055085; GO:0140359	ATP-binding;Membrane;Nucleotide-binding;Reference proteome;Transmembrane;Transmembrane helix
Q9I586	PA0855		Reference proteome
Q9I590	PA0851	GO:0003941; GO:0004794; GO:0006565; GO:0006567; GO:0030170	Lyase;Pyridoxal phosphate;Reference proteome
Q9I5A9	PA0830		Reference proteome
Q9I5B2	PA0827		Reference proteome
Q9I5B3	PA0826		Reference proteome
Q9I5B7	PA0822	GO:0004518; GO:0016788	Hydrolase;Nuclease;Reference proteome
Q9I5D0	PA0808		Reference proteome
Q9I5D3	PA0805		Reference proteome
Q9I5E5	PA0793	GO:0016863; GO:0019629	3D-structure;Isomerase;Reference proteome
Q9I5G1	PA0777		Reference proteome;Signal
Q9I5H1	PA0758		Reference proteome
Q9I5H5	PA0754		Reference proteome;Signal
Q9I5J2	PA0737		Reference proteome;Signal
Q9I5J5	PA0734		Reference proteome
Q9I5K0	PA0728	GO:0003677; GO:0006310; GO:0007059; GO:0009009	DNA integration;DNA recombination;Reference proteome
Q9I5L4	PA0714		Reference proteome;Signal
Q9I5L5	PA0713		Reference proteome;Signal
Q9I5L7	PA0711	GO:0016747	Reference proteome
Q9I5L9	PA0709	GO:0005829; GO:0016491	Reference proteome
Q9I5M7	PA0699	GO:0003755	Isomerase;Reference proteome;Rotamase;Signal
Q9I5M8	PA0698		Reference proteome
Q9I5N8	PA0687	GO:0005886; GO:0015627; GO:0015628	Cell inner membrane;Cell membrane;Membrane;Reference proteome;Transmembrane;Transmembrane helix
Q9I5P2	PA0683	GO:0005886; GO:0009276; GO:0015627; GO:0015628	Cell inner membrane;Cell membrane;Membrane;Protein transport;Reference proteome;Transmembrane;Transmembrane helix;Transport
Q9I5Q7	PA0664		Reference proteome
Q9I5S5	PA0641		Reference proteome
Q9I5S8	PA0638	GO:0030430; GO:0046718; GO:0051536	Reference proteome
Q9I5S9	PA0623		3D-structure;Reference proteome
Q9I5T2	PA0606	GO:0005886; GO:0055085	Cell inner membrane;Cell membrane;Membrane;Reference proteome;Transmembrane;Transmembrane helix;Transport
Q9I5V2	PA0585		Reference proteome;Signal
Q9I5W2	PA0574	GO:0005524; GO:0018117; GO:0070733	ATP-binding;Nucleotide-binding;Reference proteome
Q9I5W5	PA0571		Reference proteome
Q9I5X9	PA0557		Reference proteome
Q9I5Z6	PA0540	GO:0016020	Membrane;Reference proteome;Transmembrane;Transmembrane helix
Q9I619	PA0499	GO:0006457; GO:0030288; GO:0044183; GO:0071555	Chaperone;Periplasm;Reference proteome;Signal
Q9I620	PA0498	GO:0007155; GO:0009289	Reference proteome
Q9I621	PA0497	GO:0007155; GO:0009289	Reference proteome;Signal
Q9I622	PA0496	GO:0005524; GO:0005829; GO:0016787	ATP-binding;Hydrolase;Nucleotide-binding;Reference proteome
Q9I628	PA0490		Membrane;Reference proteome;Transmembrane;Transmembrane helix
Q9I634	PA0484	GO:0005829; GO:0006351; GO:0006355	Cytoplasm;Reference proteome;Repressor;Transcription
Q9I647	PA0471	GO:0016989; GO:0034756	Membrane;Reference proteome;Transmembrane;Transmembrane helix
Q9I658	PA0460		Reference proteome;Signal
Q9I662	PA0456	GO:0003676; GO:0005829; GO:0010468	Cytoplasm;Reference proteome
Q9I665	PA0453		Reference proteome
Q9I672	PA0446	GO:0008410	Reference proteome;Transferase
Q9I680	codA PA0437	GO:0004131; GO:0006209; GO:0035888; GO:0046872	Hydrolase;Metal-binding;Reference proteome
Q9I684	PA0433		Membrane;Reference proteome;Transmembrane;Transmembrane helix
Q9I695	PA0418		Reference proteome
Q9I6A3	PA0397	GO:0005385; GO:0005886; GO:0046872; GO:0071577	3D-structure;Ion transport;Membrane;Metal-binding;Reference proteome;Transmembrane;Transmembrane helix;Transport;Zinc;Zinc transport
Q9I6A4	PA0391		Reference proteome
Q9I6B0	PA0385		Membrane;Reference proteome;Transmembrane;Transmembrane helix
Q9I6B8	PA0377		Membrane;Reference proteome;Transmembrane;Transmembrane helix
Q9I6E4	PA0349		Reference proteome;Signal
Q9I6E5	PA0348		Reference proteome;Signal
Q9I6E9	PA0344	GO:0002098; GO:0005525; GO:0005737; GO:0005829; GO:0030488	Reference proteome
Q9I6F4	PA0339		Reference proteome
Q9I6F5	PA0338	GO:0005886; GO:0052621; GO:0061939	Reference proteome
Q9I6I1	PA0310	GO:0008198; GO:0031418; GO:0031543; GO:0071456	Dioxygenase;Iron;Metal-binding;Oxidoreductase;Reference proteome;Vitamin C
Q9I6I4	PA0307		Reference proteome
Q9I6J6	PA0295	GO:0015847; GO:0019809; GO:0019810; GO:0030288	Periplasm;Reference proteome;Signal;Transport
Q9I6L2	PA0278	GO:0005886	Cell membrane;Membrane;Reference proteome;Transmembrane;Transmembrane helix;Transport
Q9I6L4	PA0276	GO:0016020; GO:0046521	Membrane;Reference proteome;Transmembrane;Transmembrane helix
Q9I6L5	PA0275	GO:0003677; GO:0003700; GO:0005829; GO:0006351	DNA-binding;Reference proteome;Transcription;Transcription regulation
Q9I6N1	PA0258		Reference proteome
Q9I6P0	PA0249	GO:0016746; GO:0016747	Acyltransferase;Reference proteome;Transferase
Q9I6P2	PA0246	GO:0005886; GO:0022857; GO:0055085	Cell membrane;Membrane;Reference proteome;Transmembrane;Transmembrane helix;Transport
Q9I6P7	PA0241	GO:0005886; GO:0015134	Cell inner membrane;Cell membrane;Membrane;Reference proteome;Signal;Transmembrane;Transmembrane helix;Transport
Q9I6R4	PA0224	GO:0005856; GO:0005996; GO:0051015	Reference proteome
Q9I6R8	PA0220	GO:0003333; GO:0005886; GO:0015179; GO:0051615	Cell membrane;Membrane;Reference proteome;Transmembrane;Transmembrane helix
Q9I6R9	PA0219	GO:0004030	Oxidoreductase;Reference proteome
Q9I6T5	PA0203	GO:0015847; GO:0019809; GO:0019810; GO:0030288	Periplasm;Reference proteome;Signal;Transport
Q9I6U1	PA0193	GO:0005737; GO:0016706; GO:0046872	Dioxygenase;Iron;Metal-binding;Oxidoreductase;Reference proteome
Q9I6U5	PA0189	GO:0015288; GO:0016020	Reference proteome;Signal;Transport
Q9I6U8	PA0185	GO:0005886; GO:0042918	Cell membrane;Membrane;Reference proteome;Transmembrane;Transmembrane helix;Transport
Q9I6X7	pcaR PA0155	GO:0003677; GO:0003700; GO:0006351; GO:0045892; GO:0045893; GO:0046278	DNA-binding;Reference proteome;Transcription;Transcription regulation
Q9I712	PA0120	GO:0000987; GO:0003700; GO:0006351; GO:0006355	DNA-binding;Reference proteome;Transcription;Transcription regulation
Q9I716	PA0116	GO:0003677; GO:0003700; GO:0006351; GO:0006355; GO:0032993	DNA-binding;Reference proteome;Transcription;Transcription regulation
Q9I717	PA0115	GO:0008080	3D-structure;Reference proteome
Q9I721	PA0111		Membrane;Reference proteome;Transmembrane;Transmembrane helix
Q9I723	PA0109		Membrane;Reference proteome;Transmembrane;Transmembrane helix
Q9I734	PA0098	GO:0016746	Reference proteome;Signal
Q9I757	pppA PA0075	GO:0004722; GO:0007165; GO:0046872; GO:0050709	3D-structure;Metal-binding;Reference proteome
Q9I770	PA0062		Reference proteome
Q9I774	PA0058	GO:0016491	3D-structure;Reference proteome
Q9I777	PA0055		Reference proteome
Q9I787	PA0045	GO:0030288	Cell membrane;Lipoprotein;Membrane;Palmitate;Reference proteome;Signal
Q9I790	PA0042		Reference proteome
Q9I797	PA0033	GO:0000160; GO:0004672	Phosphoprotein;Reference proteome;Two-component regulatory system
Q9I7A6	PA0021	GO:0009294; GO:1990814	Reference proteome
Q9I7B4	PA0012	GO:0035438	3D-structure;Nucleotide-binding;Reference proteome
E1JGJ9	PA4724.1		Membrane;Reference proteome;Transmembrane;Transmembrane helix
G3XCU8	PA0628		3D-structure;Reference proteome
G3XCV5	phaC1 PA5056	GO:0016746; GO:0042619	Acyltransferase;Reference proteome;Transferase
G3XCV9	PA5514	GO:0005886; GO:0008658; GO:0071555	Reference proteome;Signal
G3XCW4	pcrR PA1704		Reference proteome
G3XD02	pstC PA5368	GO:0005886; GO:0055085	Membrane;Reference proteome;Transmembrane;Transmembrane helix;Transport
G3XD06	PA0630		Reference proteome
G3XD08	PA0621		Reference proteome
G3XD39	PA0622		3D-structure;Reference proteome
G3XD41	PA0826.1		Reference proteome
G3XD44	PA0521	GO:0004129; GO:0005886; GO:0009060; GO:0019646	Membrane;Reference proteome;Transmembrane;Transmembrane helix
G3XD52	PA3302	GO:0004312; GO:0005835; GO:0006633; GO:0019171	Lyase;Reference proteome
G3XD59	PA4118		Reference proteome;Signal
G3XD60	narK1 PA3877	GO:0005886; GO:0015112; GO:0015706; GO:0042128	Membrane;Nitrate assimilation;Reference proteome;Transmembrane;Transmembrane helix
G3XD69	PA4521	GO:0005886; GO:0046677	Membrane;Reference proteome;Transmembrane;Transmembrane helix
G3XD85	wbpH PA3149	GO:0009243; GO:0016757; GO:0043165	Glycosyltransferase;Reference proteome;Transferase
G3XDA4	PA0653		Reference proteome
G3XDA9	pra PA4590		Reference proteome;Signal
O69004	vreA PA0674	GO:0019867; GO:0038023; GO:0042597	Cell outer membrane;Membrane;Reference proteome;Signal;Transport
Q9HT11	soj PA5563		Reference proteome
Q9HT23	PA5551	GO:0004222	Reference proteome
Q9HT45	PA5528		Membrane;Reference proteome;Signal;Transmembrane;Transmembrane helix
Q9HT65	PA5508	GO:0004356; GO:0005524; GO:0006542; GO:0046872	3D-structure;ATP-binding;Calcium;Ligase;Metal-binding;Nucleotide-binding;Reference proteome
Q9HT79	PA5494		3D-structure;Reference proteome;Signal
Q9HT83	PA5488	GO:0003824; GO:0006506; GO:0016020	Reference proteome
Q9HT92	PA5478	GO:0005886	Membrane;Reference proteome;Transmembrane;Transmembrane helix
Q9HTA1	PA5469	GO:0005886	Membrane;Reference proteome;Transmembrane;Transmembrane helix
Q9HTA4	PA5466	GO:0005886; GO:0055085	Cell membrane;Membrane;Reference proteome;Transmembrane;Transmembrane helix;Transport
Q9HTA5	PA5465	GO:0016846; GO:0046872	Lyase;Metal-binding;Reference proteome;Zinc
Q9HTA7	PA5463		Reference proteome;Signal
Q9HTD6	PA5430	GO:0005886	Cell inner membrane;Cell membrane;Membrane;Reference proteome;Transmembrane;Transmembrane helix;Transport
Q9HTE0	PA5424	GO:0005886	Cell membrane;Membrane;Reference proteome;Transmembrane;Transmembrane helix
Q9HTE5	soxG PA5419	GO:0008115; GO:1901053	Reference proteome
Q9HTG0	PA5404		Reference proteome
Q9HTG2	PA5402		Membrane;Reference proteome;Transmembrane;Transmembrane helix
Q9HTK3	glcD PA5355	GO:0003973; GO:0009339; GO:0019154; GO:0046296; GO:0071949	FAD;Flavoprotein;Oxidoreductase;Reference proteome
Q9HTK4	glcE PA5354	GO:0003824; GO:0071949	FAD;Flavoprotein;Reference proteome
Q9HTL8	PA5340		Reference proteome;Signal
Q9HTM6	PA5329	GO:0047617	Hydrolase;Reference proteome
Q9HTP4	PA5310	GO:0030572; GO:0032049	Reference proteome;Signal
Q9HTQ1	PA5303		Reference proteome
Q9HTQ5	PA5299	GO:0006083; GO:0008775	Reference proteome
Q9HTR1	PA5293	GO:0003700; GO:0006351; GO:0009891; GO:0043565	Activator;DNA-binding;Reference proteome;Transcription;Transcription regulation
Q9HTS2	PA5282	GO:0005886; GO:0022857	Membrane;Reference proteome;Transmembrane;Transmembrane helix
Q9HTS3	PA5281	GO:0009231; GO:0016787	Hydrolase;Magnesium;Reference proteome
Q9HTT5	PA5264		Membrane;Reference proteome;Transmembrane;Transmembrane helix
Q9HTT7	PA5258		Membrane;Reference proteome;Transmembrane;Transmembrane helix
Q9HTU4	PA5250	GO:0005886	Membrane;Reference proteome;Transmembrane;Transmembrane helix
Q9HTV0	PA5244	GO:0005886	Membrane;Reference proteome;Transmembrane;Transmembrane helix
Q9HTV4	PA5236	GO:0008218; GO:0016491; GO:0051536	2Fe-2S;Iron;Iron-sulfur;Luminescence;Metal-binding;Oxidoreductase;Reference proteome
Q9HTY4	argE PA5206	GO:0005737; GO:0006526; GO:0008777; GO:0046872	Amino-acid biosynthesis;Arginine biosynthesis;Cobalt;Cytoplasm;Hydrolase;Metal-binding;Reference proteome;Zinc
Q9HTY7	PA5202	GO:0016289	3D-structure;Hydrolase;Reference proteome
Q9HU00	PA5189	GO:0003677; GO:0003700; GO:0006351; GO:0006355	DNA-binding;Reference proteome;Transcription;Transcription regulation
Q9HU58	PA5126		Membrane;Reference proteome;Transmembrane;Transmembrane helix
Q9HU64	PA5120		Reference proteome;Signal
Q9HU71	PA5113		Membrane;Reference proteome;Signal;Transmembrane;Transmembrane helix
Q9HU90	PA5093	GO:0004397; GO:0006548	Histidine metabolism;Lyase;Reference proteome
Q9HU96	PA5087		3D-structure;Reference proteome;Signal
Q9HUA9	PA5074	GO:0005524; GO:0005886; GO:0015424; GO:0016887; GO:0042626	Amino-acid transport;ATP-binding;Cell inner membrane;Cell membrane;Membrane;Nucleotide-binding;Reference proteome;Transport
Q9HUC1	PA5062		Reference proteome
Q9HUC3	phaF PA5060		Reference proteome
Q9HUD4	PA5037	GO:0016887; GO:0042834	Reference proteome
Q9HUE2	PA5027	GO:0005737; GO:0006950	Cytoplasm;Reference proteome
Q9HUH3	PA4992	GO:0000166; GO:0005829	3D-structure;Nucleotide-binding;Reference proteome
Q9HUI0	PA4985	GO:0015847; GO:0019809; GO:0019810; GO:0030288	Reference proteome;Signal
Q9HUI5	PA4980	GO:0006635; GO:0016829	3D-structure;Lyase;Reference proteome
Q9HUJ7	PA4968	GO:0005829; GO:0016788	Reference proteome
Q9HUP2	PA4921	GO:0004104	3D-structure;Hydrolase;Reference proteome;Signal
Q9HUQ2	PA4911	GO:0005886; GO:0015658; GO:0015803	Cell membrane;Membrane;Reference proteome;Transmembrane;Transmembrane helix
Q9HUR3	PA4900	GO:0016020; GO:0022857	Membrane;Reference proteome;Transmembrane;Transmembrane helix
Q9HUR4	PA4899	GO:0000166; GO:0018479	3D-structure;NAD;Nucleotide-binding;Oxidoreductase;Reference proteome
Q9HUS5	desB PA4888	GO:0006629; GO:0016020; GO:0016717	Membrane;Reference proteome;Transmembrane;Transmembrane helix
Q9HUT8	PA4875	GO:0003824; GO:0030151; GO:0030170	Reference proteome
Q9HUV1	PA4862	GO:0005524; GO:0015803; GO:0015807; GO:0016887	Amino-acid transport;ATP-binding;Nucleotide-binding;Reference proteome;Transport
Q9HUX0	PA4840	GO:0001731; GO:0002188; GO:0003743; GO:0006417	Protein biosynthesis;Reference proteome;Translation regulation
Q9HUX9	PA4831	GO:0000976; GO:0003700; GO:0006351; GO:0006355	DNA-binding;Reference proteome;Transcription;Transcription regulation
Q9HUY7	PA4823		Reference proteome
Q9HUY9	PA4821	GO:0005886; GO:0015297; GO:0022857; GO:0042910	Membrane;Reference proteome;Transmembrane;Transmembrane helix;Transport
Q9HUZ3	PA4817		Reference proteome
Q9HV08	PA4801		Reference proteome
Q9HV10	PA4799		Reference proteome
Q9HV15	PA4793		Reference proteome
Q9HV16	PA4792	GO:0006629; GO:0008081	Reference proteome;Signal
Q9HV33	PA4775		Reference proteome
Q9HV36	PA4772	GO:0004458; GO:0008720; GO:0046872; GO:0050660; GO:0051536; GO:0071949; GO:1903457	FAD;Flavoprotein;Iron;Iron-sulfur;Metal-binding;Oxidoreductase;Reference proteome;Transit peptide
Q9HV47	PA4754		Membrane;Reference proteome;Transmembrane;Transmembrane helix
Q9HV63	PA4736		Reference proteome;Signal
Q9HV79	PA4719	GO:0005886; GO:0015207	Cell membrane;Membrane;Reference proteome;Transmembrane;Transmembrane helix;Transport
Q9HV80	PA4718		Reference proteome;Signal
Q9HV83	PA4715	GO:0008483; GO:0019272; GO:0030170; GO:0030632	3D-structure;Aminotransferase;Reference proteome;Transferase
Q9HV87	PA4711	GO:0046872; GO:0051537	2Fe-2S;Iron;Iron-sulfur;Metal-binding;Reference proteome
Q9HV89	PA4709	GO:0006826; GO:0020037	Reference proteome
Q9HV95	PA4702		Reference proteome
Q9HVA6	PA4689	GO:0005886; GO:0061024	Cell inner membrane;Cell membrane;Membrane;Reference proteome;Transmembrane;Transmembrane helix
Q9HVB1	PA4684		Reference proteome
Q9HVB4	PA4681		Reference proteome;Signal
Q9HVB6	PA4679		Reference proteome
Q9HVD3	PA4659	GO:0003677; GO:0003700; GO:0006351; GO:0006355	DNA-binding;Reference proteome;Transcription;Transcription regulation
Q9HVD4	PA4658		Reference proteome
Q9HVD8	PA4654	GO:0016020; GO:0022857	Membrane;Reference proteome;Transmembrane;Transmembrane helix;Transport
Q9HVH0	PA4621	GO:0005506; GO:0016491	Reference proteome
Q9HVJ2	PA4594	GO:0005524; GO:0005886; GO:0016887; GO:0022857; GO:0055085; GO:1902495	ATP-binding;Cell membrane;Membrane;Nucleotide-binding;Reference proteome;Transmembrane;Transport
Q9HVJ6	PA4589	GO:0009279; GO:0015483	3D-structure;Cell outer membrane;Membrane;Reference proteome;Signal;Transmembrane;Transmembrane beta strand
Q9HVJ8	PA4586		Reference proteome
Q9HVK7	PA4577	GO:0008270	Metal-binding;Reference proteome;Zinc;Zinc-finger
Q9HVL1	PA4573		Reference proteome
Q9HVN9	ndh PA4538	GO:0008137; GO:0016491	FAD;Flavoprotein;Oxidoreductase;Reference proteome
Q9HVP5	PA4532	GO:0000041; GO:0005886	Cell membrane;Membrane;Reference proteome;Transmembrane;Transmembrane helix;Transport
Q9HVQ1	PA4523		Reference proteome
Q9HVQ4	PA4518		Reference proteome
Q9HVR1	PA4510	GO:0005524; GO:0016787	ATP-binding;Hydrolase;Nucleotide-binding;Reference proteome
Q9HVR7	PA4504	GO:0005886; GO:0015031; GO:0071916	Cell inner membrane;Cell membrane;Membrane;Peptide transport;Protein transport;Reference proteome;Transmembrane;Transmembrane helix;Transport
Q9HVT4	PA4487		Reference proteome;Signal
Q9HVU9	pmbA PA4472	GO:0005829; GO:0008237; GO:0016485; GO:1905368	3D-structure;Cytoplasm;Hydrolase;Metalloprotease;Protease;Reference proteome
Q9HW03	PA4405		Reference proteome
Q9HW05	PA4401	GO:0004364; GO:0006559; GO:0006749; GO:0016034	Reference proteome
Q9HW14	PA4390		Reference proteome;Signal
Q9HW16	PA4388	GO:0005737	3D-structure;Reference proteome
Q9HW25	PA4377		Reference proteome;Signal
Q9HW27	PA4375	GO:0005886; GO:0042910	Cell inner membrane;Cell membrane;Membrane;Reference proteome;Transmembrane;Transmembrane helix;Transport
Q9HW31	PA4371	GO:0004130; GO:0009055; GO:0020037; GO:0046872	Heme;Iron;Metal-binding;Reference proteome;Signal
Q9HW45	xenB PA4356	GO:0005829; GO:0010181; GO:0016628	Oxidoreductase;Reference proteome
Q9HW48	PA4353	GO:0006633; GO:0008770	Fatty acid biosynthesis;Fatty acid metabolism;Hydrolase;Lipid biosynthesis;Lipid metabolism;Reference proteome
Q9HW49	PA4352	GO:0005524	ATP-binding;Nucleotide-binding;Reference proteome
Q9HW65	PA4336	GO:0005829; GO:0019172; GO:0106044	Reference proteome
Q9HW71	PA4330	GO:0004165	3D-structure;Isomerase;Peroxisome;Reference proteome
Q9HW75	PA4326		Reference proteome;Signal
Q9HW77	PA4324	GO:0035438	Reference proteome
Q9HW79	PA4322	GO:0005524; GO:0016887	ATP-binding;Nucleotide-binding;Reference proteome
Q9HW90	PA4311	GO:0016757	Reference proteome
Q9HW95	rcpC PA4305		3D-structure;Reference proteome
Q9HW96	rcpA PA4304	GO:0009306; GO:0015627	3D-structure;Reference proteome
Q9HWA5	fppA PA4295	GO:0004190; GO:0009297; GO:0016020	Membrane;Reference proteome;Transmembrane;Transmembrane helix
Q9HWG1	PA4233	GO:0005886; GO:0016020; GO:0022857	Cell membrane;Membrane;Reference proteome;Transmembrane;Transmembrane helix;Transport
Q9HWH5	mexH PA4206	GO:0015562; GO:1990281	Coiled coil;Reference proteome
Q9HWH7	ppgL PA4204	GO:0005829; GO:0006006; GO:0017057	3D-structure;Carbohydrate metabolism;Glucose metabolism;Reference proteome;Signal
Q9HWI6	PA4195	GO:0005576; GO:0006865; GO:0030288	Reference proteome;Signal;Transport
Q9HWI7	PA4194	GO:0005886; GO:0006865; GO:0022857; GO:0043190	Amino-acid transport;Cell membrane;Membrane;Reference proteome;Transmembrane;Transmembrane helix;Transport
Q9HWL4	PA4167	GO:0051596; GO:1990002	NADP;Oxidoreductase;Reference proteome
Q9HWL5	PA4166	GO:0008080	Acyltransferase;Reference proteome;Transferase
Q9HWM2	fepB PA4159	GO:0030288; GO:1901678	Ion transport;Iron;Iron transport;Reference proteome;Signal;Transport
Q9HWP6	PA4135	GO:0003677; GO:0003700; GO:0006355; GO:0006950; GO:0045892	3D-structure;Reference proteome
Q9HWQ0	PA4131	GO:0005737; GO:0016020; GO:0046872; GO:0051539	4Fe-4S;Electron transport;Iron;Iron-sulfur;Membrane;Metal-binding;Reference proteome;Transmembrane;Transmembrane helix;Transport
Q9HWQ1	PA4130	GO:0000103; GO:0009337; GO:0016491; GO:0020037; GO:0046872; GO:0051539	4Fe-4S;Heme;Iron;Iron-sulfur;Metal-binding;Oxidoreductase;Reference proteome
Q9HWQ5	PA4126	GO:0005886; GO:0022857	Aromatic hydrocarbons catabolism;Membrane;Reference proteome;Transmembrane;Transmembrane helix;Transport
Q9HWQ7	hpcB PA4124	GO:0008198; GO:0008687	Oxidoreductase;Reference proteome
Q9HWQ9	PA4122	GO:0008704; GO:0018800; GO:0046872; GO:1901023	Metal-binding;Reference proteome
Q9HWR0	PA4121	GO:0008704; GO:0018800; GO:0046872	Metal-binding;Reference proteome
Q9HWR9	PA4111		Reference proteome
Q9HWS8	PA4100	GO:0016614; GO:0050660	FAD;Flavoprotein;Oxidoreductase;Reference proteome
Q9HWT8	PA4090		3D-structure;Reference proteome
Q9HWT9	PA4089	GO:0016491	Oxidoreductase;Reference proteome
Q9HWU2	cupB1 PA4086	GO:0009289; GO:0043709	Reference proteome;Signal
Q9HWU8	PA4080	GO:0000160; GO:0000976; GO:0006355	DNA-binding;Phosphoprotein;Reference proteome
Q9HWV6	PA4072	GO:0005886; GO:0022857	Cell membrane;Membrane;Reference proteome;Transmembrane;Transmembrane helix
Q9HWY9	PA4038	GO:0005886	Cell membrane;Membrane;Reference proteome;Transmembrane;Transmembrane helix
Q9HWZ4	PA4033		Reference proteome
Q9HX13	PA4014	GO:0005886	Cell membrane;Membrane;Reference proteome;Transmembrane;Transmembrane helix
Q9HX14	PA4013	GO:0016020	Membrane;Reference proteome;Transmembrane;Transmembrane helix
Q9HX29	PA3991		Reference proteome
Q9HX35	PA3985	GO:0000270; GO:0005886; GO:0043164	Membrane;Reference proteome;Transmembrane;Transmembrane helix
Q9HX43	PA3973	GO:0000976; GO:0003700; GO:0006355	DNA-binding;Reference proteome
Q9HX44	PA3972	GO:0003995	FAD;Flavoprotein;Oxidoreductase;Reference proteome
Q9HX50	PA3966		Membrane;Reference proteome;Transmembrane;Transmembrane helix
Q9HX51	PA3965	GO:0005829; GO:0006351; GO:0006355; GO:0043200; GO:0043565	DNA-binding;Reference proteome;Transcription;Transcription regulation
Q9HX52	PA3964		Reference proteome
Q9HX57	PA3959		Reference proteome;Signal
Q9HX71	PA3945	GO:0016747	Reference proteome
Q9HX78	PA3938	GO:0009970; GO:0022857; GO:0042597; GO:0043190	Reference proteome;Signal
Q9HX90	PA3923		Reference proteome;Signal
Q9HX92	PA3921	GO:0003677; GO:0006351; GO:0006355	DNA-binding;Reference proteome;Transcription;Transcription regulation
Q9HXA9	PA3904		Reference proteome
Q9HXB7	PA3896	GO:0005829; GO:0016618; GO:0030267; GO:0051287	NAD;Oxidoreductase;Reference proteome
Q9HXC1	PA3892	GO:0016020; GO:0022857; GO:0055085	Coiled coil;Membrane;Reference proteome;Transmembrane;Transmembrane helix
Q9HXC8	PA3884		Membrane;Reference proteome;Transmembrane;Transmembrane helix
Q9HXD1	PA3881		Membrane;Reference proteome;Transmembrane;Transmembrane helix
Q9HXD7	PA3869		Reference proteome
Q9HXF0	PA3856		Reference proteome
Q9HXF6	PA3850		Reference proteome
Q9HXF8	PA3848		Membrane;Reference proteome;Transmembrane;Transmembrane helix
Q9HXG5	PA3839	GO:0005886; GO:0006813; GO:0008324	Membrane;Reference proteome;Repeat;Transmembrane;Transmembrane helix;Transport
Q9HXH3	PA3829	GO:0016787; GO:0052689	Hydrolase;Reference proteome
Q9HXJ9	PA3798	GO:0005737; GO:0016212; GO:0030170	Aminotransferase;Pyridoxal phosphate;Reference proteome;Transferase
Q9HXK4	PA3793		3D-structure;Reference proteome
Q9HXK6	PA3791		Membrane;Reference proteome;Transmembrane;Transmembrane helix
Q9HXL1	PA3784		Reference proteome
Q9HXL2	PA3783	GO:0005829; GO:0016787	Hydrolase;Reference proteome
Q9HXL3	PA3782	GO:0003700; GO:0006351; GO:0006355; GO:0043565	Reference proteome;Transcription;Transcription regulation
Q9HXL6	PA3779	GO:0030246; GO:0055085	Reference proteome;Signal
Q9HXM0	PA3775	GO:0005886	Cell membrane;Membrane;Reference proteome;Transmembrane;Transmembrane helix;Transport
Q9HXM2	PA3773	GO:0005886; GO:0022857; GO:0055085	Cell membrane;Membrane;Reference proteome;Transmembrane;Transmembrane helix
Q9HXP0	PA3755	GO:0016462	Hydrolase;Reference proteome
Q9HXQ4	PA3740		Reference proteome
Q9HXT0	PA3711	GO:0000976; GO:0003700; GO:0006351; GO:0006355	DNA-binding;Reference proteome;Transcription;Transcription regulation
Q9HXT2	PA3709	GO:0005886; GO:0022857	Cell membrane;Membrane;Reference proteome;Transmembrane;Transmembrane helix;Transport
Q9HXT4	wspB PA3707	GO:0005829; GO:0006935; GO:0007165	Reference proteome
Q9HXT6	wspD PA3705	GO:0005829; GO:0006935; GO:0007165	Cytoplasm;Reference proteome
Q9HXV1	PA3689	GO:0003677; GO:0003700; GO:0045893; GO:0046872	DNA-binding;Reference proteome
Q9HXV2	PA3688		Reference proteome
Q9HXV5	PA3685	GO:0002949; GO:0005829	3D-structure;Cytoplasm;Reference proteome;tRNA processing
Q9HXV8	PA3682	GO:0016829; GO:0046872	Metal-binding;Reference proteome
Q9HXW6	PA3674		Reference proteome
Q9HXX7	PA3662		Reference proteome
Q9HXZ0	PA3641	GO:0005283; GO:0005886	Cell inner membrane;Cell membrane;Membrane;Reference proteome;Symport;Transmembrane;Transmembrane helix;Transport
Q9HY00	PA3630	GO:0003700; GO:0006351; GO:0043565	DNA-binding;Reference proteome;Transcription;Transcription regulation
Q9HY20	PA3606	GO:0008033; GO:0016432	Reference proteome;S-adenosyl-L-methionine;Transferase;tRNA processing
Q9HY24	PA3602	GO:0006537; GO:0015930; GO:0019676	Membrane;Reference proteome;Transmembrane;Transmembrane helix
Q9HY28	PA3598	GO:0016787	Reference proteome
Q9HY53	PA3564	GO:0005829; GO:0016788; GO:0046872	Hydrolase;Metal-binding;Reference proteome
Q9HY76	PA3534	GO:0016020; GO:0016491; GO:0043546; GO:0045333; GO:0046872; GO:0051539; GO:1990204	4Fe-4S;Iron;Iron-sulfur;Metal-binding;Oxidoreductase;Reference proteome
Q9HY83	PA3526	GO:0071973; GO:0120101	Membrane;Reference proteome;Signal
Q9HY86	PA3523	GO:0005886; GO:0022857; GO:0046677	Coiled coil;Reference proteome
Q9HY97	PA3512	GO:0005886; GO:0055085	Cell membrane;Membrane;Reference proteome;Transmembrane;Transmembrane helix;Transport
Q9HY99	PA3510		Reference proteome
Q9HYA2	PA3507	GO:0016628; GO:0017000; GO:0046872; GO:0050661	3D-structure;Metal-binding;Nucleotide-binding;Reference proteome
Q9HYB3	PA3496		Reference proteome
Q9HYE1	PA3465	GO:0005886; GO:0015562; GO:0046677	Cell membrane;Membrane;Reference proteome;Transmembrane;Transmembrane helix;Transport
Q9HYE5	PA3461	GO:0004177; GO:0006508; GO:0046872	Aminopeptidase;Hydrolase;Metal-binding;Protease;Reference proteome
Q9HYI1	PA3424	GO:0005737; GO:0016491	Oxidoreductase;Reference proteome
Q9HYI4	PA3421		Reference proteome;Signal
Q9HYI5	PA3420	GO:0003677; GO:0006351; GO:0006355	DNA-binding;Reference proteome;Transcription;Transcription regulation
Q9HYM1	PA3380	GO:0015716; GO:0019634	Reference proteome
Q9HYM5	PA3376	GO:0005524; GO:0015833; GO:0016887; GO:0019700	ATP-binding;Nucleotide-binding;Reference proteome;Transport
Q9HYN0	PA3371		Membrane;Reference proteome;Transmembrane;Transmembrane helix
Q9HYN1	PA3370		Reference proteome
Q9HYN3	PA3368	GO:0008080	Acyltransferase;Reference proteome;Transferase
Q9HYN4	PA3367		Reference proteome;Signal
Q9HYN5	lecB PA3361	GO:0030246; GO:0044010; GO:0046872	3D-structure;Calcium;Metal-binding;Reference proteome
Q9HYQ3	PA3342		Reference proteome
Q9HYR4	PA3331	GO:0004497; GO:0005506; GO:0016705; GO:0020037	Heme;Iron;Metal-binding;Monooxygenase;Oxidoreductase;Reference proteome
Q9HYS0	PA3325		Reference proteome
Q9HYS1	PA3324	GO:0016491	Oxidoreductase;Reference proteome
Q9HYS5	PA3320	GO:0005886	Membrane;Reference proteome;Transmembrane;Transmembrane helix
Q9HYU5	PA3298		Reference proteome
Q9HYV4	PA3289		Reference proteome;Signal
Q9HYW3	PA3278		Membrane;Reference proteome;Transmembrane;Transmembrane helix
Q9HYW4	PA3277	GO:0008202; GO:0016491	Oxidoreductase;Reference proteome
Q9HYW5	PA3276		Reference proteome
Q9HYY2	PA3258	GO:0005886; GO:0071111	CBS domain;Reference proteome
Q9HYY8	PA3252	GO:0005886; GO:0015417; GO:1903711	Cell membrane;Membrane;Reference proteome;Transmembrane;Transmembrane helix;Transport
Q9HYZ2	PA3248	GO:0005737; GO:0008999; GO:1990189	Reference proteome
Q9HZ02	PA3238	GO:0016020	Reference proteome;Signal
Q9HZ18	PA3222	GO:0005886; GO:0016020	Cell membrane;Membrane;Reference proteome;Transmembrane;Transmembrane helix
Q9HZ21	PA3219	GO:0008758; GO:0009245; GO:0016020; GO:0046872	Cell inner membrane;Cell membrane;Manganese;Membrane;Metal-binding;Reference proteome
Q9HZ24	PA3216		Membrane;Reference proteome;Transmembrane;Transmembrane helix
Q9HZ27	PA3213		Coiled coil;Membrane;Reference proteome;Transmembrane;Transmembrane helix
Q9HZ33	PA3207		Reference proteome
Q9HZ50	PA3188	GO:0005886; GO:0055085	Membrane;Reference proteome;Sugar transport;Transmembrane;Transmembrane helix;Transport
Q9HZ54	PA3180	GO:0003824	Reference proteome
Q9HZ78	wbpG PA3150		Reference proteome
Q9HZ80	wbpJ PA3147	GO:0016020; GO:0016757; GO:0044010	Membrane;Reference proteome;Transferase;Transmembrane;Transmembrane helix
Q9HZ87	PA3140	GO:0003677; GO:0006281; GO:0015627; GO:0015628	Reference proteome;Signal
Q9HZ94	PA3130	GO:0047617	Hydrolase;Reference proteome
Q9HZB5	PA3093	GO:0016811	Hydrolase;Reference proteome
Q9HZB6	fadH1 PA3092	GO:0008670; GO:0010181; GO:0033543; GO:0046872; GO:0051536	Flavoprotein;FMN;Iron;Iron-sulfur;Metal-binding;Oxidoreductase;Reference proteome
Q9HZE3	PA3065	GO:0016020	Membrane;Reference proteome;Transmembrane;Transmembrane helix
Q9HZF6	PA3052		Reference proteome
Q9HZG2	PA3046	GO:0005829	Reference proteome
Q9HZG8	PA3040	GO:0005886; GO:0043022	Cell inner membrane;Cell membrane;Membrane;Reference proteome;Transmembrane;Transmembrane helix
Q9HZH5	PA3033		Reference proteome
Q9HZI5	PA3021		Reference proteome;Signal
Q9HZJ1	PA3015		Reference proteome;Signal
Q9HZN9	PA2959	GO:0004536; GO:0005829; GO:0016788; GO:0046872	Hydrolase;Metal-binding;Reference proteome
Q9HZR2	PA2935		Reference proteome
Q9HZR4	PA2933	GO:0005886; GO:0022857; GO:0055085	Cell membrane;Membrane;Reference proteome;Transmembrane;Transmembrane helix
Q9HZR7	PA2930	GO:0003700; GO:0006351; GO:0043565	DNA-binding;Reference proteome;Transcription;Transcription regulation
Q9HZS4	hisJ PA2923	GO:0016597; GO:0030288	Reference proteome;Signal
Q9HZT5	PA2912	GO:0005524; GO:0016887	ATP-binding;Nucleotide-binding;Reference proteome;Transport
Q9HZU1	PA2906	GO:0000103; GO:0009337; GO:0016491; GO:0020037; GO:0046872; GO:0051539	4Fe-4S;Heme;Iron;Iron-sulfur;Metal-binding;Oxidoreductase;Reference proteome
Q9HZV5	atuG PA2892	GO:0016491; GO:0046247	NADP;Oxidoreductase;Peroxisome;Reference proteome
Q9HZW1	atuA PA2886	GO:0046247	Reference proteome
Q9HZW3	PA2884	GO:0004175; GO:0008237; GO:0080120	Membrane;Reference proteome;Transmembrane;Transmembrane helix
Q9HZW9	PA2878		Reference proteome
Q9HZX1	PA2875	GO:0005524; GO:0016887	ATP-binding;Nucleotide-binding;Reference proteome
Q9HZY9	PA2855		Reference proteome
Q9HZZ5	PA2848	GO:0000976; GO:0003700; GO:0006351; GO:0006355	DNA-binding;Reference proteome;Transcription;Transcription regulation
Q9HZZ9	PA2844	GO:0019104; GO:0036297	Reference proteome
Q9I010	PA2833		Reference proteome
Q9I014	PA2829		Reference proteome
Q9I020	PA2823		Reference proteome
Q9I029	PA2814		Reference proteome
Q9I031	PA2812	GO:0005524; GO:0005886; GO:0010165; GO:0016887	ATP-binding;Nucleotide-binding;Reference proteome;Transport
Q9I039	PA2804		Reference proteome
Q9I056	cpg2 PA2787	GO:0004180; GO:0046872	Carboxypeptidase;Cobalt;Hydrolase;Metal-binding;Protease;Reference proteome;Signal
Q9I057	PA2786		Reference proteome
Q9I071	PA2772		Reference proteome
Q9I083	PA2760	GO:0015288; GO:0016020	Reference proteome;Signal;Transport
Q9I090	PA2753		Reference proteome
Q9I096	PA2747		Reference proteome
Q9I0A5	PA2737	GO:0003677; GO:0003700; GO:0006355	Reference proteome
Q9I0A8	PA2734	GO:0003677; GO:0009307; GO:0019812	DNA-binding;Reference proteome;Restriction system
Q9I0B6	PA2726	GO:0003824; GO:0046872; GO:0051539	4Fe-4S;Iron;Iron-sulfur;Metal-binding;Reference proteome;S-adenosyl-L-methionine
Q9I0C8	PA2714	GO:0016020; GO:0016491; GO:0043546; GO:0045333; GO:0046872; GO:0051539; GO:1990204	4Fe-4S;Iron;Iron-sulfur;Metal-binding;Oxidoreductase;Reference proteome
Q9I0D1	PA2711	GO:0015847; GO:0019809; GO:0019810; GO:0030288	Periplasm;Reference proteome;Signal;Transport
Q9I0D4	PA2708		Reference proteome
Q9I0D5	PA2707	GO:0005524; GO:0016887	Reference proteome
Q9I0D6	PA2706	GO:0016846; GO:0046872	Lyase;Metal-binding;Reference proteome;Zinc
Q9I0D7	PA2705		Reference proteome
Q9I0D8	PA2704	GO:0000976; GO:0003700; GO:0006351	DNA-binding;Reference proteome;Transcription;Transcription regulation
Q9I0E3	PA2699	GO:0016810	Reference proteome
Q9I0E5	PA2697		Reference proteome
Q9I0E9	PA2693	GO:0005737; GO:0005829; GO:0006637; GO:0052816	Hydrolase;Reference proteome
Q9I0F0	PA2692	GO:0003700; GO:0005829; GO:0006355	Reference proteome
Q9I0F6	PA2682	GO:0016787	Reference proteome
Q9I0F9	PA2679	GO:0008757; GO:0032259	Methyltransferase;Reference proteome;Transferase
Q9I0G5	PA2673	GO:0016020	Membrane;Methylation;Reference proteome;Transmembrane;Transmembrane helix
Q9I0H1	PA2667	GO:1900377	Reference proteome
Q9I0H6	PA2662		Membrane;Reference proteome;Transmembrane;Transmembrane helix
Q9I0H9	PA2659		Reference proteome;Signal
Q9I0K8	PA2630	GO:0016706; GO:0046872	Dioxygenase;Iron;Metal-binding;Oxidoreductase;Reference proteome
Q9I0L0	PA2628	GO:0016020	Membrane;Reference proteome;Transmembrane;Transmembrane helix
Q9I0N7	PA2600	GO:0008726; GO:0046306	Flavoprotein;FMN;Monooxygenase;Oxidoreductase;Reference proteome
Q9I0Q9	PA2577	GO:0005829; GO:0006351; GO:0043200; GO:0043565	DNA-binding;Reference proteome;Transcription;Transcription regulation
Q9I0R1	PA2575	GO:0005737; GO:0016491; GO:0034599	Cytoplasm;Oxidoreductase;Reference proteome
Q9I0S3	PA2562		Reference proteome;Signal
Q9I0T3	PA2551	GO:0003677; GO:0003700; GO:0006351; GO:0006355	DNA-binding;Reference proteome;Transcription;Transcription regulation
Q9I0T7	PA2547	GO:0003700; GO:0006351; GO:0043565	DNA-binding;Reference proteome;Transcription;Transcription regulation
Q9I0U6	PA2538		Membrane;Reference proteome;Transmembrane;Transmembrane helix
Q9I0V0	PA2534	GO:0003700; GO:0006351; GO:0043565	DNA-binding;Reference proteome;Transcription;Transcription regulation
Q9I0W2	czcA PA2520	GO:0005886; GO:0008324; GO:0042910	Cell membrane;Membrane;Reference proteome;Transmembrane;Transmembrane helix;Transport
Q9I0W5	xylY PA2517	GO:0019380; GO:0051213	Aromatic hydrocarbons catabolism;Dioxygenase;Oxidoreductase;Reference proteome
Q9I0Z6	PA2486		Reference proteome
Q9I0Z8	PA2484	GO:0003677; GO:0006351; GO:0045892	DNA-binding;Reference proteome;Transcription;Transcription regulation
Q9I100	PA2482	GO:0004129; GO:0005506; GO:0020037; GO:0042597	Heme;Iron;Metal-binding;Reference proteome;Signal
Q9I101	PA2481	GO:0009055; GO:0020037; GO:0046872	Heme;Iron;Metal-binding;Reference proteome;Signal
Q9I107	PA2475	GO:0004497; GO:0005506; GO:0016705; GO:0020037	Heme;Iron;Metal-binding;Monooxygenase;Oxidoreductase;Reference proteome
Q9I108	PA2474		Reference proteome;Signal
Q9I115	foxR PA2467	GO:0016989; GO:0034756	Reference proteome
Q9I118	PA2464		Reference proteome;Signal
Q9I121	PA2461		Reference proteome
Q9I125	PA2457		Reference proteome
Q9I145	PA2437	GO:0005886	Reference proteome
Q9I148	PA2434		Reference proteome;Signal
Q9I149	PA2433		Reference proteome;Signal
Q9I151	PA2431	GO:0005886; GO:0022857	Cell membrane;Membrane;Reference proteome;Transmembrane;Transmembrane helix;Transport
Q9I152	PA2430	GO:0022857; GO:0055085	Coiled coil;Reference proteome
Q9I178	PA2403	GO:0002049; GO:0019290	Membrane;Reference proteome;Transmembrane;Transmembrane helix
Q9I1A1	PA2378	GO:0016491	Reference proteome;Signal
Q9I1A2	PA2377	GO:0015888; GO:0030288; GO:0030975; GO:0030976	Periplasm;Reference proteome;Signal;Transport
Q9I1A4	PA2375		Reference proteome
Q9I1A5	PA2374		Reference proteome
Q9I1A6	PA2373	GO:0005576; GO:0033103; GO:0033104	Reference proteome;Secreted
Q9I1B0	PA2369		Reference proteome
Q9I1B5	PA2364		Membrane;Reference proteome;Transmembrane;Transmembrane helix
Q9I1B9	PA2360		Reference proteome
Q9I1C4	PA2354	GO:0000987; GO:0001216; GO:0005524; GO:0006351; GO:0032993; GO:0045893	ATP-binding;DNA-binding;Nucleotide-binding;Reference proteome;Transcription;Transcription regulation
Q9I1E3	PA2335	GO:0006826; GO:0009279	Cell outer membrane;Ion transport;Iron;Iron transport;Membrane;Receptor;Reference proteome;Signal;TonB box;Transmembrane;Transmembrane beta strand;Transport
Q9I1E4	PA2334	GO:0003700; GO:0005829; GO:0006351; GO:0006355; GO:0043565	DNA-binding;Reference proteome;Transcription;Transcription regulation
Q9I1E8	PA2330	GO:0003995; GO:0005737; GO:0033539; GO:0050660	Reference proteome
Q9I1E9	PA2329	GO:0005524; GO:0016887	ATP-binding;Nucleotide-binding;Reference proteome;Translocase;Transport
Q9I1F0	PA2328	GO:0009970; GO:0012505	Cell inner membrane;Cell membrane;Membrane;Reference proteome;Signal;Transport
Q9I1G1	PA2314	GO:0005886; GO:0022857; GO:0055085	Cell membrane;Membrane;Reference proteome;Transmembrane;Transmembrane helix
Q9I1G6	PA2309		Reference proteome;Signal
Q9I1G7	PA2308	GO:0005524; GO:0016887	ATP-binding;Nucleotide-binding;Reference proteome;Transport
Q9I1H8	PA2297	GO:0005737; GO:0046872; GO:0051539	4Fe-4S;Iron;Iron-sulfur;Metal-binding;Reference proteome
Q9I1I4	PA2291	GO:0008643; GO:0015288; GO:0016020	Reference proteome;Signal
Q9I1K4	PA2269	GO:0022857	Membrane;Reference proteome;Transmembrane;Transmembrane helix
Q9I1K9	PA2264		Reference proteome
Q9I1L8	PA2251		Reference proteome
Q9I1M9	pslJ PA2240	GO:0000271; GO:0005886; GO:0016757; GO:0044010	Membrane;Reference proteome;Transmembrane;Transmembrane helix
Q9I1N2	pslG PA2237	GO:0004553; GO:0044010	3D-structure;Reference proteome
Q9I1P4	PA2225		Reference proteome;Signal
Q9I1P8	PA2221	GO:0003676; GO:0015074	Reference proteome
Q9I1Q8	PA2209		Reference proteome
Q9I1Q9	PA2208		Membrane;Reference proteome;Transmembrane;Transmembrane helix
Q9I1R2	PA2205		Reference proteome;Signal
Q9I1R4	PA2203	GO:0005886; GO:0006865; GO:0022857; GO:0043190	Amino-acid transport;Cell membrane;Membrane;Reference proteome;Transmembrane;Transmembrane helix;Transport
Q9I1R6	PA2201		3D-structure;Reference proteome
Q9I1R8	PA2199	GO:0016054; GO:0016491; GO:0050661; GO:0051287	NAD;Oxidoreductase;Reference proteome
Q9I1T0	katN PA2185	GO:0046872	Calcium;Manganese;Metal-binding;Reference proteome
Q9I1T3	PA2182		Reference proteome
Q9I1U7	PA2168	GO:0004252; GO:0006508; GO:0016787	Hydrolase;Reference proteome
Q9I1V3	PA2162	GO:0005992; GO:0016787; GO:0030980; GO:0047470	Coiled coil;Hydrolase;Reference proteome
Q9I1W6	PA2149		Reference proteome
Q9I1W7	PA2148	GO:0005886	Cell inner membrane;Cell membrane;Membrane;Reference proteome;Transmembrane;Transmembrane helix
Q9I1X4	PA2141		Reference proteome
Q9I1X8	PA2137	GO:0000160	Reference proteome
Q9I1Y0	PA2135	GO:0005886; GO:0015386; GO:0030007	Antiport;Ion transport;Membrane;Reference proteome;Transmembrane;Transmembrane helix;Transport
Q9I1Y8	PA2127	GO:0003824; GO:0071453	Reference proteome
Q9I1Z0	PA2125	GO:0008957	Oxidoreductase;Reference proteome
Q9I1Z2	PA2123	GO:0003700; GO:0006351; GO:0043565	DNA-binding;Reference proteome;Transcription;Transcription regulation
Q9I202	opdO PA2113	GO:0015288; GO:0016020	3D-structure;Reference proteome;Signal;Transport
Q9I205	PA2110	GO:0005524; GO:0016787	ATP-binding;Hydrolase;Nucleotide-binding;Reference proteome
Q9I213	PA2102	GO:0006508; GO:0008235; GO:0008270	Hydrolase;Metal-binding;Metalloprotease;Protease;Reference proteome;Zinc
Q9I229	PA2086	GO:0016787	3D-structure;Hydrolase;Reference proteome
Q9I250	pcoA PA2065	GO:0005507; GO:0016491; GO:0042597	Copper;Metal-binding;Oxidoreductase;Reference proteome;Signal
Q9I251	pcoB PA2064	GO:0005507; GO:0006878; GO:0009279	Reference proteome;Signal
Q9I260	PA2055	GO:0005886; GO:0016020; GO:0022857	Cell membrane;Membrane;Reference proteome;Transmembrane;Transmembrane helix;Transport
Q9I264	PA2051	GO:0016989	Membrane;Reference proteome;Transmembrane;Transmembrane helix
Q9I275	PA2040	GO:0004356; GO:0005524; GO:0006542; GO:0006598	ATP-binding;Ligase;Magnesium;Nucleotide-binding;Reference proteome
Q9I280	PA2035	GO:0000287; GO:0003984; GO:0005948; GO:0009097; GO:0009099; GO:0030976; GO:0050660	Reference proteome;Thiamine pyrophosphate
Q9I284	PA2031		Reference proteome
Q9I2A1	PA2010	GO:0003677; GO:0003700; GO:0006351; GO:0045892	3D-structure;DNA-binding;Reference proteome;Transcription;Transcription regulation
Q9I2A6	bdhA PA2003	GO:0003858; GO:0016628; GO:0032787	Reference proteome
Q9I2B4	PA1995		Reference proteome
Q9I2B5	PA1994		3D-structure;Reference proteome
Q9I2D5	PA1969		Reference proteome;Signal
Q9I2G0	PA1944	GO:0004639; GO:0005524; GO:0005829; GO:0006189; GO:0046872	ATP-binding;Manganese;Nucleotide-binding;Reference proteome
Q9I2G2	PA1942		Reference proteome
Q9I2G4	PA1940	GO:0004096; GO:0006979; GO:0020037	Membrane;Reference proteome;Transmembrane;Transmembrane helix
Q9I2G6	PA1938	GO:0003676; GO:0015074	Reference proteome
Q9I2H3	PA1931	GO:0016903; GO:0046872; GO:0051537	2Fe-2S;Iron;Iron-sulfur;Metal-binding;Oxidoreductase;Reference proteome
Q9I2H5	PA1929		Reference proteome
Q9I2I0	PA1924	GO:0005886; GO:0015031	Cell membrane;Membrane;Protein transport;Reference proteome;Transmembrane;Transmembrane helix;Transport
Q9I2I1	PA1923		Membrane;Reference proteome;Signal;Transmembrane;Transmembrane helix
Q9I2I7	PA1917		Reference proteome
Q9I2I8	PA1916	GO:0003333; GO:0005886; GO:0015173	Amino-acid transport;Cell inner membrane;Cell membrane;Membrane;Reference proteome;Transmembrane;Transmembrane helix;Transport
Q9I2J0	PA1914		Reference proteome;Signal
Q9I2K1	PA1896		Reference proteome
Q9I2K6	PA1891		Membrane;Reference proteome;Transmembrane;Transmembrane helix
Q9I2K8	PA1889		Reference proteome
Q9I2K9	PA1888		Reference proteome;Signal
Q9I2L2	PA1885	GO:0008080	Acyltransferase;Reference proteome;Transferase
Q9I2N8	PA1857	GO:0005886	Membrane;Reference proteome;Transmembrane;Transmembrane helix
Q9I2P1	PA1854		CBS domain;Membrane;Reference proteome;Transmembrane;Transmembrane helix
Q9I2P2	PA1853	GO:0000976; GO:0003700; GO:0006351; GO:0006355	DNA-binding;Reference proteome;Transcription;Transcription regulation
Q9I2P7	PA1848	GO:0022857	Membrane;Reference proteome;Transmembrane;Transmembrane helix
Q9I2P9	cti PA1846	GO:0009055; GO:0016853; GO:0020037; GO:0046872	Heme;Iron;Isomerase;Metal-binding;Reference proteome;Signal
Q9I2Q8	PA1837		Reference proteome
Q9I2Q9	PA1836	GO:0000976; GO:0003700; GO:0006355	3D-structure;DNA-binding;Reference proteome
Q9I2R0	PA1835		3D-structure;Reference proteome
Q9I2R5	PA1830	GO:0005829	Reference proteome
Q9I2R9	PA1826	GO:0003677; GO:0003700; GO:0006351; GO:0006355; GO:0032993	DNA-binding;Reference proteome;Transcription;Transcription regulation
Q9I2S8	PA1817		Reference proteome
Q9I2T2	mltD PA1812	GO:0000270; GO:0008932; GO:0016020; GO:0046872	3D-structure;Metal-binding;Reference proteome;Zinc
Q9I2Y3	PA1755		Reference proteome
Q9I2Z7	PA1740		Reference proteome;Signal
Q9I300	PA1737	GO:0004300; GO:0006635; GO:0016509; GO:0070403	Fatty acid metabolism;Lipid degradation;Lipid metabolism;Lyase;Multifunctional enzyme;NAD;Oxidoreductase;Reference proteome
Q9I304	PA1733	GO:0005839; GO:0051603	Reference proteome
Q9I307	PA1730		Reference proteome
Q9I328	PA1702	GO:0005737; GO:0030254	Chaperone;Cytoplasm;Reference proteome
Q9I329	PA1700	GO:0030254	Reference proteome
Q9I353	PA1672		Reference proteome
Q9I359	PA1666	GO:0033103	Reference proteome
Q9I372	PA1653	GO:0003700; GO:0006355; GO:0006950	Reference proteome
Q9I375	PA1650	GO:0016020	Membrane;Reference proteome;Transmembrane;Transmembrane helix
Q9I376	PA1649	GO:0016491	Oxidoreductase;Reference proteome
Q9I379	PA1646	GO:0005886; GO:0006935; GO:0007165	Cell membrane;Chemotaxis;Coiled coil;Membrane;Methylation;Reference proteome;Transducer;Transmembrane;Transmembrane helix
Q9I381	PA1644	GO:0010181; GO:0016646	Flavoprotein;FMN;Reference proteome
Q9I397	PA1625	GO:0005886	Cell membrane;Membrane;Reference proteome;Transmembrane;Transmembrane helix;Transport
Q9I3B5	PA1606		3D-structure;Reference proteome;Signal
Q9I3B9	PA1602	GO:0016491; GO:0046872; GO:0051537	2Fe-2S;Iron;Iron-sulfur;Metal-binding;Oxidoreductase;Reference proteome
Q9I3C4	PA1597	GO:0016787	Reference proteome
Q9I3C8	PA1593	GO:0005829; GO:0061522	3D-structure;Hydrolase;Reference proteome
Q9I3D0	PA1591		Membrane;Reference proteome;Transmembrane;Transmembrane helix
Q9I3E2	PA1575	GO:0000175; GO:0000467; GO:0003676; GO:0006259; GO:0060906	Exonuclease;Hydrolase;Nuclease;Reference proteome
Q9I3E6	PA1571		Reference proteome
Q9I3E8	PA1569	GO:0016020; GO:0022857	Membrane;Reference proteome;Sugar transport;Transmembrane;Transmembrane helix;Transport
Q9I3E9	PA1568		3D-structure;Reference proteome
Q9I3F7	PA1560		Reference proteome
Q9I3G1	ccoO2 PA1556	GO:0004129; GO:0020037; GO:0046872	Heme;Iron;Membrane;Metal-binding;Reference proteome;Transmembrane;Transmembrane helix
Q9I3K0	PA1513		Membrane;Reference proteome;Transmembrane;Transmembrane helix
Q9I3K6	PA1506		Reference proteome
Q9I3L6	PA1496	GO:0001508; GO:0005249; GO:0008076; GO:0016020; GO:0071805	Ion channel;Ion transport;Membrane;Potassium;Potassium channel;Potassium transport;Reference proteome;Transmembrane;Transmembrane helix;Transport;Voltage-gated channel
Q9I3M5	PA1487	GO:0004370; GO:0005524; GO:0005829; GO:0019563	ATP-binding;Kinase;Nucleotide-binding;Reference proteome;Transferase
Q9I3N9	PA1473	GO:0009306; GO:0016020	Bacterial flagellum protein export;Protein transport;Reference proteome;Transport
Q9I3Q0	PA1451		Membrane;Reference proteome;Signal;Transmembrane;Transmembrane helix
Q9I3R5	PA1429	GO:0005388; GO:0005524; GO:0005886; GO:0016887	ATP-binding;Membrane;Nucleotide-binding;Reference proteome;Translocase;Transmembrane;Transmembrane helix
Q9I3R6	PA1428	GO:0061733	Acyltransferase;Reference proteome;Transferase
Q9I3S9	PA1415	GO:0008800	Reference proteome
Q9I3T3	PA1411	GO:0016020	Membrane;Reference proteome;Transmembrane;Transmembrane helix
Q9I3U1	PA1403	GO:0000976; GO:0003700; GO:0006355	3D-structure;DNA-binding;Reference proteome
Q9I3U2	PA1402	GO:0008171; GO:0032259	Methyltransferase;Reference proteome;S-adenosyl-L-methionine;Transferase
Q9I3U9	PA1395		Reference proteome
Q9I3V3	PA1391	GO:0016757; GO:1901135	Glycosyltransferase;Reference proteome;Transferase
Q9I3V9	PA1385	GO:0016757; GO:1901135	Reference proteome;Transferase
Q9I3W4	PA1380	GO:0001216; GO:0006351; GO:0006355; GO:0043565	Reference proteome;Transcription;Transcription regulation
Q9I3W6	PA1378		Reference proteome
Q9I3W7	PA1377	GO:0008080	3D-structure;Reference proteome
Q9I3X3	PA1371		Reference proteome
Q9I3X4	PA1370		Reference proteome
Q9I3X6	PA1368	GO:0003677; GO:0004803; GO:0006313	Reference proteome
Q9I3X9	PA1365	GO:0009279; GO:0015344; GO:0038023; GO:0044718	Cell outer membrane;Ion transport;Iron;Iron transport;Membrane;Receptor;Reference proteome;Signal;TonB box;Transmembrane;Transmembrane beta strand;Transport
Q9I3Y2	PA1362		Reference proteome
Q9I3Y5	PA1359	GO:0003677; GO:0003700; GO:0006351; GO:0006355	DNA-binding;Reference proteome;Transcription;Transcription regulation
Q9I3Y6	PA1358		3D-structure;Reference proteome
Q9I3Y8	PA1356	GO:0010411	Reference proteome
Q9I3Z2	PA1352	GO:0022857	Membrane;Reference proteome;Transmembrane;Transmembrane helix
Q9I414	PA1330	GO:0016491	Oxidoreductase;Reference proteome
Q9I416	PA1328	GO:0003700; GO:0006351; GO:0043565	DNA-binding;Reference proteome;Transcription;Transcription regulation
Q9I428	PA1316	GO:0016020; GO:0022857	Membrane;Reference proteome;Transmembrane;Transmembrane helix;Transport
Q9I442	PA1302	GO:0009279; GO:0015232; GO:0033214	Cell outer membrane;Ion transport;Iron;Iron transport;Membrane;Reference proteome;Signal;TonB box;Transmembrane;Transmembrane beta strand;Transport
Q9I443	PA1301	GO:0016989	Membrane;Reference proteome;Transmembrane
Q9I447	PA1297	GO:0005385; GO:0005886; GO:0071577	Ion transport;Membrane;Reference proteome;Transmembrane;Transmembrane helix;Transport;Zinc;Zinc transport
Q9I451	PA1293	GO:0016787	Glycoprotein;Phosphoprotein;Reference proteome
Q9I456	PA1288	GO:0009279; GO:0015483	Cell outer membrane;Membrane;Reference proteome;Signal;Transmembrane;Transmembrane beta strand
Q9I458	PA1286	GO:0005886; GO:0022857	Membrane;Reference proteome;Transmembrane;Transmembrane helix
Q9I464	PA1280	GO:0005737; GO:0016791	Reference proteome
Q9I493	PA1251	GO:0004888; GO:0005886; GO:0006935; GO:0007165	Cell membrane;Chemotaxis;Membrane;Methylation;Reference proteome;Transducer;Transmembrane;Transmembrane helix
Q9I497	PA1241	GO:0003677; GO:0006351	DNA-binding;Reference proteome;Transcription;Transcription regulation
Q9I4A0	PA1238	GO:0009279; GO:0015562; GO:0016020; GO:0022857; GO:0055085	Cell outer membrane;Lipoprotein;Membrane;Palmitate;Reference proteome;Transmembrane;Transmembrane beta strand
Q9I4A8	PA1230		Cell membrane;Membrane;Reference proteome;Transmembrane;Transmembrane helix
Q9I4B1	PA1227		Reference proteome
Q9I4B3	PA1225	GO:0003955; GO:0003960; GO:0005829	Oxidoreductase;Reference proteome
Q9I4C6	PA1212	GO:0005886; GO:0022857	Cell membrane;Membrane;Reference proteome;Transmembrane;Transmembrane helix;Transport
Q9I4D2	PA1206		3D-structure;Reference proteome
Q9I4E7	PA1191		Chaperone;Reference proteome
Q9I4F1	PA1187	GO:0003995; GO:0005737; GO:0033539; GO:0050660	FAD;Flavoprotein;Oxidoreductase;Reference proteome
Q9I4F3	PA1185	GO:0004364; GO:0005737	Reference proteome
Q9I4F6	PA1182	GO:0000976; GO:0003700; GO:0006351	DNA-binding;Reference proteome;Transcription;Transcription regulation
Q9I4I6	PA1149		Reference proteome;Signal
Q9I4J5	PA1140	GO:0006145; GO:0010136; GO:0071522	3D-structure;Reference proteome
Q9I4J9	PA1136	GO:0003677; GO:0006351; GO:0006355	DNA-binding;Reference proteome;Transcription;Transcription regulation
Q9I4K3	PA1132		Reference proteome
Q9I4K4	PA1131	GO:0005886; GO:0022857	Membrane;Reference proteome;Transmembrane;Transmembrane helix
Q9I4L3	PA1122	GO:0006412; GO:0042586; GO:0046872	Hydrolase;Iron;Metal-binding;Protein biosynthesis;Reference proteome
Q9I4L9	PA1116	GO:0003676	Reference proteome
Q9I4M1	PA1114		Reference proteome;Signal
Q9I4M4	PA1111		Reference proteome
Q9I4N5	PA1096	GO:0005829; GO:0044781	Bacterial flagellum biogenesis;Chaperone;Cytoplasm;Reference proteome
Q9I4N9	PA1090	GO:0061602; GO:1902760	Magnesium;Reference proteome
Q9I4R4	PA1060	GO:0005886	Cell membrane;Membrane;Reference proteome;Transmembrane;Transmembrane helix
Q9I4S3	PA1051	GO:0005886; GO:0015128	Membrane;Reference proteome;Transmembrane;Transmembrane helix
Q9I4S6	PA1048	GO:0071973; GO:0120101	Membrane;Reference proteome;Signal
Q9I4T0	PA1044	GO:0016020	Membrane;Reference proteome;Transmembrane;Transmembrane helix
Q9I4T6	PA1038		Reference proteome
Q9I4T7	PA1037	GO:0005886	Cell membrane;Membrane;Reference proteome;Transmembrane;Transmembrane helix
Q9I4V6	pauA PA1017	GO:0005524; GO:0046872; GO:0061733	ATP-binding;Nucleotide-binding;Reference proteome
Q9I4W2	PA1011		Reference proteome
Q9I4Y2	PA0987	GO:0003676; GO:0015074	Reference proteome
Q9I4Z8	PA0961	GO:0003676; GO:0005829; GO:0010468	Cytoplasm;Reference proteome
Q9I506	PA0952		Reference proteome
Q9I515	PA0943		Reference proteome;Signal
Q9I517	PA0941		Reference proteome
Q9I522	lpxO2 PA0936	GO:0051213	Dioxygenase;Membrane;Oxidoreductase;Reference proteome;Transmembrane;Transmembrane helix
Q9I548	PA0909	GO:0001896; GO:0006974	Membrane;Reference proteome;Transmembrane;Transmembrane helix
Q9I562	PA0883	GO:0000287; GO:0006107; GO:0016829	3D-structure;Lyase;Magnesium;Metal-binding;Reference proteome
Q9I565	PA0880	GO:0051213	Dioxygenase;Oxidoreductase;Reference proteome
Q9I570	PA0875	GO:0005886; GO:0022857	Cell membrane;Membrane;Reference proteome;Transmembrane;Transmembrane helix
Q9I571	PA0874		Reference proteome;Signal
Q9I584	bolA PA0857	GO:0005829; GO:0006351	Reference proteome
Q9I5A2	PA0838	GO:0004601; GO:0034599	Oxidoreductase;Peroxidase;Reference proteome
Q9I5B9	PA0820	GO:0003676; GO:0004519; GO:0008270	Reference proteome
Q9I5C1	PA0818		Reference proteome;Signal
Q9I5C3	PA0816	GO:0000976; GO:0003700; GO:0006351; GO:0006355	DNA-binding;Reference proteome;Transcription;Transcription regulation
Q9I5C4	PA0815	GO:0000976; GO:0003700; GO:0006351; GO:0006355	DNA-binding;Reference proteome;Transcription;Transcription regulation
Q9I5C6	PA0813	GO:0006534; GO:0031071	Pyridoxal phosphate;Reference proteome
Q9I5C7	PA0812	GO:0043720; GO:0046872	Coiled coil;Metal-binding;Reference proteome;Transferase;Zinc
Q9I5C8	PA0811	GO:0022857	Membrane;Reference proteome;Transmembrane;Transmembrane helix
Q9I5C9	PA0810	GO:0016791; GO:0019120	3D-structure;Hydrolase;Reference proteome
Q9I5D2	PA0806		Membrane;Reference proteome;Transmembrane;Transmembrane helix
Q9I5E1	PA0797	GO:0000987; GO:0003700; GO:0006351; GO:0006355; GO:0046872	3D-structure;DNA-binding;Metal-binding;Reference proteome;Transcription;Transcription regulation;Zinc
Q9I5F1	PA0787	GO:0000731; GO:0005524; GO:0006302; GO:0016887	Reference proteome
Q9I5F7	PA0781	GO:0009279; GO:0015344; GO:0044718	Cell outer membrane;Membrane;Reference proteome;TonB box;Transmembrane;Transmembrane beta strand;Transport
Q9I5I7	PA0742		Membrane;Reference proteome;Transmembrane;Transmembrane helix
Q9I5J0	PA0739	GO:0000976; GO:0003700; GO:0006351; GO:0006355	DNA-binding;Reference proteome;Transcription;Transcription regulation
Q9I5J4	PA0735		Reference proteome;Signal
Q9I5K3	PA0725		Membrane;Reference proteome;Transmembrane;Transmembrane helix
Q9I5K4	PA0724		Capsid protein;Membrane;Reference proteome;Signal;Transmembrane;Transmembrane helix;Virion
Q9I5K8	PA0720		Reference proteome
Q9I5L1	PA0717		Reference proteome
Q9I5M6	PA0700		Reference proteome
Q9I5M9	PA0697		Coiled coil;Reference proteome;Signal
Q9I5P1	PA0684	GO:0015627; GO:0015628	Reference proteome
Q9I5R4	PA0657	GO:0005524; GO:0016887	ATP-binding;Nucleotide-binding;Reference proteome
Q9I5S2	PA0644		Reference proteome
Q9I5S6	PA0640		Reference proteome
Q9I5T6	PA0602	GO:0015847; GO:0019809; GO:0019810; GO:0030288	Reference proteome;Signal
Q9I5W3	PA0573		Membrane;Reference proteome;Transmembrane;Transmembrane helix
Q9I5X3	PA0563	GO:0005886	Membrane;Reference proteome;Transmembrane;Transmembrane helix
Q9I5X4	PA0562	GO:0016787; GO:0046872	Hydrolase;Magnesium;Metal-binding;Reference proteome
Q9I5Y6	PA0550	GO:0008903; GO:0046487	Isomerase;Reference proteome
Q9I5Y9	PA0547	GO:0003700; GO:0008168; GO:0008757	Reference proteome
Q9I5Z3	PA0543	GO:0005576; GO:0016787	Hydrolase;Membrane;Reference proteome;Signal;Transmembrane;Transmembrane helix
Q9I5Z9	PA0537	GO:0016020	Membrane;Reference proteome;Signal;Transmembrane;Transmembrane helix
Q9I604	PA0532		Reference proteome
Q9I605	PA0531	GO:0005829	Glutamine amidotransferase;Reference proteome
Q9I606	PA0530	GO:0008483; GO:0030170; GO:0042802	Aminotransferase;Pyridoxal phosphate;Reference proteome;Transferase
Q9I608	PA0528	GO:0003677; GO:0003700; GO:0006351; GO:0006355; GO:0032993	DNA-binding;Reference proteome;Transcription;Transcription regulation
Q9I625	PA0493	GO:0003989; GO:0006633; GO:0009317	Biotin;Fatty acid biosynthesis;Fatty acid metabolism;Lipid biosynthesis;Lipid metabolism;Reference proteome
Q9I629	PA0489	GO:0016740	Reference proteome;Transferase
Q9I641	PA0477	GO:0003677; GO:0003700; GO:0006351; GO:0006355	3D-structure;DNA-binding;Reference proteome;Transcription;Transcription regulation
Q9I642	PA0476	GO:0005886; GO:0015205; GO:0015851	Membrane;Reference proteome;Transmembrane;Transmembrane helix
Q9I645	PA0473	GO:0004364; GO:0006559; GO:0006749; GO:0016034	Reference proteome
Q9I651	PA0467	GO:0004364; GO:0006559; GO:0006749; GO:0016034	Reference proteome
Q9I656	PA0462		3D-structure;Reference proteome
Q9I657	PA0461	GO:0016746	Membrane;Reference proteome;Transmembrane;Transmembrane helix
Q9I667	PA0451	GO:0016020	Membrane;Reference proteome;Signal;Transmembrane;Transmembrane helix
Q9I674	PA0443	GO:0005886; GO:0015205; GO:0015851	Membrane;Reference proteome;Transmembrane;Transmembrane helix
Q9I6B1	PA0384		Reference proteome
Q9I6B2	PA0383		Reference proteome;Signal
Q9I6B5	PA0380	GO:0052837; GO:0097163; GO:1902503	Reference proteome
Q9I6C5	PA0369		Reference proteome
Q9I6C9	PA0365		Reference proteome
Q9I6D4	PA0360		Reference proteome;Signal
Q9I6D6	PA0358	GO:0003841; GO:0006654	Acyltransferase;Reference proteome;Transferase
Q9I6D7	PA0356		Reference proteome
Q9I6H2	PA0319	GO:0005886	Cell membrane;Membrane;Reference proteome;Repeat;Transmembrane;Transmembrane helix
Q9I6H7	PA0314	GO:0030313	Reference proteome;Signal
Q9I6I3	PA0308	GO:0016020; GO:0016298	Reference proteome
Q9I6I5	PA0306	GO:0000976; GO:0003700; GO:0006351	DNA-binding;Reference proteome;Transcription;Transcription regulation
Q9I6K0	PA0290	GO:0005886; GO:0043709; GO:0052621; GO:1902201	Reference proteome
Q9I6K6	PA0284		Reference proteome
Q9I6L6	PA0274		Reference proteome;Signal
Q9I6L9	PA0271	GO:0005829; GO:0016491	Reference proteome
Q9I6M2	PA0268	GO:0003677; GO:0003700; GO:0006351; GO:0030170	DNA-binding;Pyridoxal phosphate;Reference proteome;Transcription;Transcription regulation
Q9I6N4	PA0255		Membrane;Reference proteome;Transmembrane;Transmembrane helix
Q9I6N6	PA0253	GO:0003677; GO:0003700; GO:0006351; GO:0006355; GO:0006950	DNA-binding;Reference proteome;Transcription;Transcription regulation
Q9I6Q0	PA0238		Reference proteome
Q9I6Q1	PA0237	GO:0000166	Reference proteome
Q9I6Q7	pcaD PA0231	GO:0042952; GO:0047570	Hydrolase;Reference proteome
Q9I6S6	mdcE PA0212	GO:0005975	3D-structure;Reference proteome
Q9I6S7	mdcD PA0211	GO:0005975; GO:0006633; GO:0016740; GO:0016831	3D-structure;Reference proteome;Transferase
Q9I6T0	mdcA PA0208	GO:0016740	3D-structure;Reference proteome
Q9I6T7	PA0201	GO:0016787	Reference proteome
Q9I6W1	PA0171	GO:0000166	3D-structure;Nucleotide-binding;Reference proteome
Q9I6W2	PA0170		3D-structure;Reference proteome
Q9I6W5	PA0167	GO:0000976; GO:0003700; GO:0006355; GO:0045892	DNA-binding;Reference proteome
Q9I6W7	PA0165	GO:0009279	Reference proteome;Signal
Q9I6W8	PA0164		Reference proteome
Q9I6X3	PA0159	GO:0000976; GO:0003700; GO:0006351; GO:0006355	DNA-binding;Reference proteome;Transcription;Transcription regulation
Q9I6X4	PA0158	GO:0005886; GO:0042910	3D-structure;Membrane;Reference proteome;Transmembrane;Transmembrane helix
Q9I6X9	pcaH PA0153	GO:0008199; GO:0018578; GO:0019619; GO:0051213	Dioxygenase;Oxidoreductase;Reference proteome
Q9I6Z4	PA0138	GO:0005886; GO:0022857	Cell membrane;Membrane;Reference proteome;Transmembrane;Transmembrane helix
Q9I707	PA0125	GO:0006355	3D-structure;Reference proteome
Q9I711	PA0121	GO:0000987; GO:0003700; GO:0006351; GO:0006355	DNA-binding;Reference proteome;Transcription;Transcription regulation
Q9I729	PA0103	GO:0005886; GO:0022857; GO:0055085	Membrane;Reference proteome;Transmembrane;Transmembrane helix
Q9I735	PA0097		Reference proteome
Q9I752	PA0080		3D-structure;Reference proteome;Signal
Q9I756	PA0076		3D-structure;Reference proteome
Q9I760	PA0072	GO:0044874; GO:0098797	Cell membrane;Membrane;Reference proteome;Transmembrane;Transmembrane helix
Q9I768	PA0064		Membrane;Reference proteome;Transmembrane;Transmembrane helix
Q9I769	PA0063		Reference proteome
Q9I776	PA0056	GO:0003700; GO:0006351; GO:0043565	DNA-binding;Reference proteome;Transcription;Transcription regulation
Q9I779	PA0053	GO:0016301	Reference proteome
Q9I785	PA0047		Reference proteome
Q9I7A1	PA0029	GO:0005886; GO:0022857; GO:0055085	Membrane;Reference proteome;Transmembrane;Transmembrane helix
Q9I7A7	PA0020		3D-structure;Reference proteome;Signal
