locus_tag	simbolo	alias	tipo	producto	es_tf	fuente_tf	fuente	sensible_mayusculas
PA0001	dnaA	PA0001	protein_coding	chromosome replication initiator DnaA	false		refseq|kegg|uniprot|uniprot_especie	false
PA0002	dnaN	PA0002	protein_coding	DNA polymerase III subunit beta	false		refseq|kegg|uniprot|uniprot_especie	false
PA0003	recF	PA0003	protein_coding	DNA replication and repair protein RecF	false		refseq|kegg|uniprot|uniprot_especie	false
PA0004	gyrB	PA0004	protein_coding	DNA gyrase subunit B	false		refseq|kegg|uniprot|uniprot_especie	false
PA0005	lptA	PA0005	protein_coding	lysophosphatidic acid acyltransferase	false		refseq|kegg|uniprot|uniprot_especie	false
PA0006	gmhB	PA0006	protein_coding	D-glycero-beta-D-manno-heptose-1,7-bisphosphate 7-phosphatase	false		refseq|kegg|uniprot|uniprot_especie	false
PA0007		PA0007	protein_coding	hypothetical protein	false		refseq|kegg|uniprot	false
PA0008	glyS	PA0008	protein_coding	glycine--tRNA ligase subunit beta	false		refseq|kegg|uniprot|uniprot_especie	false
PA0009	glyQ	PA0009	protein_coding	glycine--tRNA ligase subunit alpha	false		refseq|kegg|uniprot|uniprot_especie	false
PA0010	tag	PA0010	protein_coding	DNA-3-methyladenine glycosidase I	false		refseq|kegg|uniprot	true
PA0011		PA0011	protein_coding	lipid A biosynthesis lauroyl acyltransferase	false		refseq|kegg|uniprot	false
PA0012		PA0012	protein_coding	hypothetical protein	false		refseq|kegg|uniprot	false
PA0013		PA0013	protein_coding	hypothetical protein	false		refseq|kegg|uniprot	false
PA0014		PA0014	protein_coding	hypothetical protein	false		refseq|kegg|uniprot	false
PA0015		PA0015	protein_coding	hypothetical protein	false		refseq|kegg|uniprot|uniprot_especie	false
PA0016	trkA	PA0016	protein_coding	potassium transporter inner membrane associated protein	false		refseq|kegg|uniprot	false
PA0017	rsmB	PA0017|rrmB	protein_coding	Ribosomal RNA small subunit methyltransferase B	true	go_0006355	refseq|kegg|uniprot|uniprot_especie	false
PA0018	fmt	PA0018	protein_coding	methionyl-tRNA formyltransferase	false		refseq|kegg|uniprot|uniprot_especie	true
PA0019	def	PA0019	protein_coding	peptide deformylase	false		refseq|kegg|uniprot|uniprot_especie	true
PA0020		PA0020	protein_coding	hypothetical protein	false		refseq|kegg|uniprot	false
PA0021		PA0021	protein_coding	hypothetical protein	false		refseq|kegg|uniprot	false
PA0022	tsaC	PA0022|rimN	protein_coding	threonylcarbamoyl-AMP synthase	false		refseq|kegg|uniprot|uniprot_especie	false
PA0023	qor	PA0023	protein_coding	oxygen-dependent quinone oxidoreductase	false		refseq|kegg|uniprot|uniprot_especie	true
PA0024	hemF	PA0024	protein_coding	coproporphyrinogen III oxidase	false		refseq|kegg|uniprot|uniprot_especie	false
PA0025	aroE	PA0025	protein_coding	shikimate dehydrogenase	false		refseq|kegg|uniprot|uniprot_especie	false
PA0026	plcB	PA0026	protein_coding	phospholipase C	false		refseq|kegg|uniprot	false
PA0027		PA0027	protein_coding	hypothetical protein	false		refseq|kegg|uniprot	false
PA0028		PA0028	protein_coding	hypothetical protein	false		refseq|kegg|uniprot	false
PA0029		PA0029	protein_coding	sulfate transporter	false		refseq|kegg|uniprot	false
PA0030		PA0030	protein_coding	hypothetical protein	false		refseq|kegg|uniprot	false
PA0031	betC	PA0031	protein_coding	choline sulfatase	false		refseq|kegg|uniprot	false
PA0032		PA0032	protein_coding	transcriptional regulator	true	go_0003700|kw_transcription_regulation|producto_refseq	refseq|kegg|uniprot	false
PA0033		PA0033	protein_coding	hypothetical protein	true	kw_two_component	refseq|kegg|uniprot	false
PA0034		PA0034	protein_coding	two-component response regulator	true	go_0003700|go_0006355|kw_transcription_regulation|kw_two_component|producto_refseq	refseq|kegg|uniprot|uniprot_especie	false
PA0035	trpA	PA0035	protein_coding	tryptophan synthase subunit alpha	false		refseq|kegg|uniprot|uniprot_especie	false
PA0036	trpB	PA0036	protein_coding	tryptophan synthase subunit beta	false		refseq|kegg|uniprot|uniprot_especie	false
PA0037	trpI	PA0037	protein_coding	HTH-type transcriptional regulator TrpI	true	collectf|go_0003700|go_0006355|kw_transcription_regulation|producto_refseq	refseq|kegg|uniprot|uniprot_especie	false
PA0038		PA0038	protein_coding	hypothetical protein	false		refseq|kegg|uniprot	false
PA0039		PA0039	protein_coding	hypothetical protein	false		refseq|kegg|uniprot	false
PA0040		PA0040	protein_coding	hypothetical protein	false		refseq|kegg|uniprot	false
PA0041		PA0041	protein_coding	hemagglutinin	false		refseq|kegg|uniprot	false
PA0042		PA0042	protein_coding	hypothetical protein	false		refseq|kegg|uniprot	false
PA0043		PA0043	protein_coding	hypothetical protein	false		refseq|kegg|uniprot	false
PA0044	exoT	PA0044	protein_coding	exoenzyme T	false		refseq|kegg|uniprot|uniprot_especie	false
PA0045		PA0045	protein_coding	hypothetical protein	false		refseq|kegg|uniprot	false
PA0046		PA0046	protein_coding	hypothetical protein	false		refseq|kegg|uniprot	false
PA0047		PA0047	protein_coding	hypothetical protein	false		refseq|kegg|uniprot	false
PA0048		PA0048	protein_coding	transcriptional regulator	true	producto_refseq	refseq|kegg|uniprot	false
PA0049		PA0049	protein_coding	hypothetical protein	false		refseq|kegg|uniprot|uniprot_especie	false
PA0050		PA0050	protein_coding	hypothetical protein	false		refseq|kegg|uniprot	false
PA0051	phzH	PA0051	protein_coding	phenazine-modifying protein	false		refseq|kegg|uniprot	false
PA0052		PA0052	protein_coding	hypothetical protein	false		refseq|kegg|uniprot	false
PA0053		PA0053	pseudogene	pseudogene	false		refseq|kegg|uniprot	false
PA0054	kptA	PA0054	protein_coding	RNA 2'-phosphotransferase-like protein	false		refseq|kegg|uniprot|uniprot_especie	false
PA0055		PA0055	protein_coding	hypothetical protein	false		refseq|kegg|uniprot	false
PA0056		PA0056	protein_coding	transcriptional regulator	true	go_0003700|kw_transcription_regulation|producto_refseq	refseq|kegg|uniprot	false
PA0057		PA0057	protein_coding	hypothetical protein	false		refseq|kegg|uniprot	false
PA0058		PA0058	protein_coding	hypothetical protein	false		refseq|kegg|uniprot	false
PA0059	osmC	PA0059	protein_coding	osmotically inducible protein OsmC	false		refseq|kegg|uniprot	false
PA0060		PA0060	protein_coding	hypothetical protein	false		refseq|kegg|uniprot	false
PA0061		PA0061	protein_coding	hypothetical protein	false		refseq|kegg|uniprot	false
PA0062		PA0062	protein_coding	hypothetical protein	false		refseq|kegg|uniprot	false
PA0063		PA0063	protein_coding	hypothetical protein	false		refseq|kegg|uniprot	false
PA0064		PA0064	protein_coding	hypothetical protein	false		refseq|kegg|uniprot	false
PA0065		PA0065	protein_coding	5'-nucleotidase	false		refseq|kegg|uniprot|uniprot_especie	false
PA0066		PA0066	protein_coding	hypothetical protein	false		refseq|kegg|uniprot	false
PA0067	prlC	PA0067	protein_coding	oligopeptidase A	false		refseq|kegg|uniprot	false
PA0068		PA0068	protein_coding	hypothetical protein	false		refseq|kegg|uniprot	false
PA0069		PA0069	protein_coding	hypothetical protein	false		refseq|kegg|uniprot	false
PA0070		PA0070	protein_coding	hypothetical protein	false		refseq|kegg|uniprot	false
PA0071		PA0071	protein_coding	hypothetical protein	false		refseq|kegg|uniprot	false
PA0072		PA0072	protein_coding	hypothetical protein	false		refseq|kegg|uniprot	false
PA0073		PA0073	protein_coding	ABC transporter ATP-binding protein	false		refseq|kegg|uniprot	false
PA0074	ppkA	PA0074	protein_coding	serine/threonine protein kinase PpkA	false		refseq|kegg|uniprot	false
PA0075	pppA	PA0075	protein_coding	serine/threonine phosphatase	false		refseq|kegg|uniprot	false
PA0076		PA0076	protein_coding	hypothetical protein	false		refseq|kegg|uniprot	false
PA0077	icmF1	PA0077|tssM1	protein_coding	type VI secretion protein IcmF	false		refseq|kegg|uniprot|uniprot_especie	false
PA0078		PA0078	protein_coding	hypothetical protein	false		refseq|kegg|uniprot	false
PA0079	tssK1	PA0079	protein_coding	hypothetical protein	false		refseq|kegg|uniprot|uniprot_especie	false
PA0080		PA0080	protein_coding	hypothetical protein	false		refseq|kegg|uniprot	false
PA0081	fha1	PA0081	protein_coding	Fha domain-containing protein	false		refseq|kegg|uniprot	false
PA0082	tssA1	PA0082	protein_coding	hypothetical protein	false		refseq|kegg|uniprot|uniprot_especie	false
PA0083	tssB1	PA0083	protein_coding	hypothetical protein	false		refseq|kegg|uniprot|uniprot_especie	false
PA0084	tssC1	PA0084	protein_coding	hypothetical protein	false		refseq|kegg|uniprot|uniprot_especie	false
PA0085	hcp1	PA0085	protein_coding	protein secretion apparatus assembly protein	false		refseq|kegg|uniprot|uniprot_especie	false
PA0086	tagJ	PA0086	protein_coding	hypothetical protein	false		refseq|kegg|uniprot|uniprot_especie	false
PA0087	tssE1	PA0087	protein_coding	hypothetical protein	false		refseq|kegg|uniprot|uniprot_especie	false
PA0088	tssF1	PA0088	protein_coding	hypothetical protein	false		refseq|kegg|uniprot|uniprot_especie	false
PA0089		PA0089	protein_coding	hypothetical protein	false		refseq|kegg|uniprot	false
PA0090	clpV1	PA0090	protein_coding	secretion protein ClpV1	false		refseq|kegg|uniprot|uniprot_especie	false
PA0091	vgrG1	PA0091|vgrG1a	protein_coding	type VI secretion system protein VgrG	false		refseq|kegg|uniprot|uniprot_especie	false
PA0092	tsi6	PA0092	protein_coding	hypothetical protein	false		refseq|kegg|uniprot|uniprot_especie	false
PA0093	tse6	PA0093	protein_coding	hypothetical protein	false		refseq|kegg|uniprot|uniprot_especie	false
PA0094	eagT6	PA0094	protein_coding	hypothetical protein	false		refseq|kegg|uniprot|uniprot_especie	false
PA0095	vgrG1b	PA0095	protein_coding	hypothetical protein	false		refseq|kegg|uniprot|uniprot_especie	false
PA0096		PA0096	protein_coding	hypothetical protein	false		refseq|kegg|uniprot	false
PA0097		PA0097	protein_coding	hypothetical protein	false		refseq|kegg|uniprot	false
PA0098		PA0098	protein_coding	3-oxoacyl-ACP synthase	false		refseq|kegg|uniprot	false
PA0099	tse7	PA0099	protein_coding	hypothetical protein	false		refseq|kegg|uniprot|uniprot_especie	false
PA0100	tsi7	PA0100	protein_coding	hypothetical protein	false		refseq|kegg|uniprot|uniprot_especie	false
PA0101		PA0101	protein_coding	hypothetical protein	false		refseq|kegg|uniprot	false
PA0102		PA0102	protein_coding	carbonic anhydrase	false		refseq|kegg|uniprot	false
PA0103		PA0103	protein_coding	sulfate transporter	false		refseq|kegg|uniprot	false
PA0105	coxB	PA0105	protein_coding	cytochrome C oxidase subunit II	false		refseq|kegg|uniprot	false
PA0106	coxA	PA0106	protein_coding	cytochrome C oxidase subunit I	false		refseq|kegg|uniprot	false
PA0107		PA0107	protein_coding	cytochrome C oxidase assembly protein	false		refseq|kegg|uniprot	false
PA0108	coIII	PA0108	protein_coding	cytochrome C oxidase subunit III	false		refseq|kegg|uniprot	false
PA0109		PA0109	protein_coding	hypothetical protein	false		refseq|kegg|uniprot	false
PA0110		PA0110	protein_coding	hypothetical protein	false		refseq|kegg|uniprot	false
PA0111		PA0111	protein_coding	hypothetical protein	false		refseq|kegg|uniprot	false
PA0112		PA0112	protein_coding	hypothetical protein	false		refseq|kegg|uniprot	false
PA0113	cyoE1	PA0113	protein_coding	protoheme IX farnesyltransferase	false		refseq|kegg|uniprot|uniprot_especie	false
PA0114	senC	PA0114	protein_coding	cytochrome c oxidase assembly protein SenC	false		refseq|kegg|uniprot	false
PA0115		PA0115	protein_coding	hypothetical protein	false		refseq|kegg|uniprot	false
PA0116		PA0116	protein_coding	hypothetical protein	true	go_0003700|go_0006355|kw_transcription_regulation	refseq|kegg|uniprot	false
PA0117		PA0117	protein_coding	short-chain dehydrogenase	false		refseq|kegg|uniprot	false
PA0118		PA0118	protein_coding	hypothetical protein	false		refseq|kegg|uniprot	false
PA0119	dctA1	PA0119	protein_coding	C4-dicarboxylate transporter DctA	false		refseq|kegg|uniprot|uniprot_especie	false
PA0120		PA0120	protein_coding	transcriptional regulator	true	go_0003700|go_0006355|kw_transcription_regulation|producto_refseq	refseq|kegg|uniprot	false
PA0121		PA0121	protein_coding	hypothetical protein	true	go_0003700|go_0006355|kw_transcription_regulation	refseq|kegg|uniprot	false
PA0122		PA0122	protein_coding	hypothetical protein	false		refseq|kegg|uniprot	false
PA0123		PA0123	protein_coding	transcriptional regulator	true	go_0003700|kw_transcription_regulation|producto_refseq	refseq|kegg|uniprot	false
PA0124		PA0124	protein_coding	hypothetical protein	false		refseq|kegg|uniprot	false
PA0125		PA0125	protein_coding	hypothetical protein	true	go_0006355	refseq|kegg|uniprot	false
PA0126		PA0126	protein_coding	hypothetical protein	false		refseq|kegg|uniprot	false
PA0127		PA0127	protein_coding	hypothetical protein	false		refseq|kegg|uniprot	false
PA0128		PA0128	protein_coding	hypothetical protein	false		refseq|kegg|uniprot	false
PA0129	gabP	PA0129|bauD	protein_coding	gamma-aminobutyrate permease	false		refseq|kegg|uniprot|uniprot_especie	false
PA0130	bauC	PA0130	protein_coding	3-oxopropanoate dehydrogenase	false		refseq|kegg|uniprot|uniprot_especie	false
PA0131	bauB	PA0131	protein_coding	beta-alanine degradation protein BauB	false		refseq|kegg|uniprot|uniprot_especie	false
PA0132	bauA	PA0132	protein_coding	beta alanine--pyruvate transaminase	false		refseq|kegg|uniprot|uniprot_especie	false
PA0133	bauR	PA0133	protein_coding	HTH-type transcriptional activator BauR	true	go_0003700|go_0006355|kw_transcription_regulation|producto_refseq	refseq|kegg|uniprot|uniprot_especie	false
PA0134		PA0134	protein_coding	guanine deaminase	false		refseq|kegg|uniprot	false
PA0135		PA0135	protein_coding	hypothetical protein	false		refseq|kegg|uniprot	false
PA0136		PA0136	protein_coding	ABC transporter ATP-binding protein	false		refseq|kegg|uniprot	false
PA0137		PA0137	protein_coding	ABC transporter permease	false		refseq|kegg|uniprot	false
PA0138		PA0138	protein_coding	ABC transporter permease	false		refseq|kegg|uniprot	false
PA0139	ahpC	PA0139	protein_coding	alkyl hydroperoxide reductase	false		refseq|kegg|uniprot	false
PA0140	ahpF	PA0140	protein_coding	alkyl hydroperoxide reductase	false		refseq|kegg|uniprot|uniprot_especie	false
PA0141	ppk2	PA0141	protein_coding	hypothetical protein	false		refseq|kegg|uniprot|uniprot_especie	false
PA0142		PA0142	protein_coding	8-oxoguanine deaminase	false		refseq|kegg|uniprot|uniprot_especie	false
PA0143	nuh	PA0143	protein_coding	nonspecific ribonucleoside hydrolase	false		refseq|kegg|uniprot	true
PA0144		PA0144	protein_coding	hypothetical protein	false		refseq|kegg|uniprot	false
PA0145		PA0145	protein_coding	hypothetical protein	false		refseq|kegg|uniprot	false
PA0146		PA0146	protein_coding	hypothetical protein	false		refseq|kegg|uniprot	false
PA0147		PA0147	protein_coding	oxidoreductase	false		refseq|kegg|uniprot	false
PA0148		PA0148	protein_coding	adenosine deaminase	false		refseq|kegg|uniprot|uniprot_especie	false
PA0149		PA0149	protein_coding	ECF subfamily sigma-70 factor	true	go_0006355|kw_sigma_factor|kw_transcription_regulation|producto_refseq	refseq|kegg|uniprot	false
PA0150		PA0150	protein_coding	transmembrane sensor	false		refseq|kegg|uniprot	false
PA0151		PA0151	protein_coding	TonB-dependent receptor	false		refseq|kegg|uniprot	false
PA0152	pcaQ	PA0152	protein_coding	transcriptional regulator PcaQ	true	go_0003700|go_0006355|kw_transcription_regulation|producto_refseq	refseq|kegg|uniprot	false
PA0153	pcaH	PA0153	protein_coding	protocatechuate 3,4-dioxygenase subunit beta	false		refseq|kegg|uniprot	false
PA0154	pcaG	PA0154	protein_coding	protocatechuate 3,4-dioxygenase subunit alpha	false		refseq|kegg|uniprot	false
PA0155	pcaR	PA0155	protein_coding	transcriptional regulator PcaR	true	go_0003700|kw_transcription_regulation|producto_refseq	refseq|kegg|uniprot	false
PA0156		PA0156	protein_coding	resistance-nodulation-cell division (RND) efflux membrane fusion protein	false		refseq|kegg|uniprot	false
PA0157		PA0157	protein_coding	resistance-nodulation-cell division (RND) efflux membrane fusion protein	false		refseq|kegg|uniprot	false
PA0158		PA0158	protein_coding	resistance-nodulation-cell division (RND) efflux transporter	false		refseq|kegg|uniprot	false
PA0159		PA0159	protein_coding	transcriptional regulator	true	go_0003700|go_0006355|kw_transcription_regulation|producto_refseq	refseq|kegg|uniprot	false
PA0160		PA0160	protein_coding	hypothetical protein	false		refseq|kegg|uniprot	false
PA0162	opdC	PA0162	protein_coding	histidine porin OpdC	false		refseq|kegg|uniprot	false
PA0163		PA0163	protein_coding	transcriptional regulator	true	go_0003700|go_0006355|kw_transcription_regulation|producto_refseq	refseq|kegg|uniprot	false
PA0164		PA0164	protein_coding	gamma-glutamyltranspeptidase	false		refseq|kegg|uniprot	false
PA0165		PA0165	protein_coding	hypothetical protein	false		refseq|kegg|uniprot	false
PA0166		PA0166	protein_coding	transporter	false		refseq|kegg|uniprot	false
PA0167		PA0167	protein_coding	transcriptional regulator	true	go_0003700|go_0006355|producto_refseq	refseq|kegg|uniprot	false
PA0168		PA0168	protein_coding	hypothetical protein	false		refseq|kegg|uniprot	false
PA0169		PA0169	protein_coding	hypothetical protein	false		refseq|kegg|uniprot	false
PA0170		PA0170	protein_coding	hypothetical protein	false		refseq|kegg|uniprot	false
PA0171		PA0171	protein_coding	hypothetical protein	false		refseq|kegg|uniprot	false
PA0172		PA0172	protein_coding	hypothetical protein	false		refseq|kegg|uniprot	false
PA0173	cheB2	PA0173	protein_coding	chemotaxis response regulator protein-glutamate methylesterase	true	producto_refseq	refseq|kegg|uniprot|uniprot_especie	false
PA0174	cheD	PA0174	protein_coding	hypothetical protein	false		refseq|kegg|uniprot	false
PA0175	cheR2	PA0175	protein_coding	chemotaxis protein methyltransferase	false		refseq|kegg|uniprot|uniprot_especie	false
PA0176	aer2	PA0176|aer-2|mcpB|tlpG	protein_coding	aerotaxis transducer Aer2	false		refseq|kegg|uniprot|uniprot_especie	false
PA0177		PA0177	protein_coding	purine-binding chemotaxis protein	false		refseq|kegg|uniprot	false
PA0178		PA0178	protein_coding	two-component sensor	true	kw_two_component	refseq|kegg|uniprot	false
PA0179		PA0179	protein_coding	two-component response regulator	true	kw_transcription_regulation|kw_two_component|producto_refseq	refseq|kegg|uniprot	false
PA0180	cttP	PA0180|mcpA	protein_coding	trichloroethylene chemotactic transducer CttP	false		refseq|kegg|uniprot|uniprot_especie	false
PA0181		PA0181	protein_coding	transcriptional regulator	true	go_0003700|kw_transcription_regulation|producto_refseq	refseq|kegg|uniprot	false
PA0182		PA0182	protein_coding	3-ketoacyl-ACP reductase	false		refseq|kegg|uniprot	false
PA0183	atsA	PA0183	protein_coding	arylsulfatase	false		refseq|kegg|uniprot|uniprot_especie	false
PA0184		PA0184	protein_coding	ABC transporter ATP-binding protein	false		refseq|kegg|uniprot	false
PA0185		PA0185	protein_coding	ABC transporter permease	false		refseq|kegg|uniprot	false
PA0186		PA0186	protein_coding	ABC transporter	false		refseq|kegg|uniprot	false
PA0187		PA0187	protein_coding	hypothetical protein	false		refseq|kegg|uniprot	false
PA0188		PA0188	protein_coding	hypothetical protein	false		refseq|kegg|uniprot	false
PA0189		PA0189	protein_coding	porin	false		refseq|kegg|uniprot	false
PA0190		PA0190	protein_coding	acid phosphatase	false		refseq|kegg|uniprot	false
PA0191		PA0191	protein_coding	transcriptional regulator	true	go_0003700|go_0006355|kw_transcription_regulation|producto_refseq	refseq|kegg|uniprot	false
PA0192		PA0192	protein_coding	TonB-dependent receptor	false		refseq|kegg|uniprot	false
PA0193		PA0193	protein_coding	hypothetical protein	false		refseq|kegg|uniprot	false
PA0194		PA0194	protein_coding	hypothetical protein	false		refseq|kegg|uniprot	false
PA0195	pntAA	PA0195	protein_coding	NAD(P) transhydrogenase subunit alpha	false		refseq|kegg|uniprot	false
PA0195.1	pntAB	PA0195.1	protein_coding	NAD(P) transhydrogenase subunit alpha	false		refseq|kegg|uniprot	false
PA0196	pntB	PA0196	protein_coding	pyridine nucleotide transhydrogenase subunit beta	false		refseq|kegg|uniprot	false
PA0197	tonB2	PA0197	protein_coding	transporter TonB	false		refseq|kegg|uniprot|uniprot_especie	false
PA0198	exbB1	PA0198	protein_coding	transporter ExbB	false		refseq|kegg|uniprot	false
PA0199	exbD1	PA0199|exbD	protein_coding	biopolymer transport protein ExbD	false		refseq|kegg|uniprot|uniprot_especie	false
PA0200		PA0200	protein_coding	hypothetical protein	false		refseq|kegg|uniprot	false
PA0201		PA0201	protein_coding	hypothetical protein	false		refseq|kegg|uniprot	false
PA0202		PA0202	protein_coding	amidase	false		refseq|kegg|uniprot	false
PA0203		PA0203	protein_coding	ABC transporter	false		refseq|kegg|uniprot	false
PA0204		PA0204	protein_coding	ABC transporter permease	false		refseq|kegg|uniprot	false
PA0205		PA0205	protein_coding	ABC transporter permease	false		refseq|kegg|uniprot	false
PA0206	potA1	PA0206	protein_coding	spermidine/putrescine ABC transporter ATP-binding protein	false		refseq|kegg|uniprot|uniprot_especie	false
PA0207		PA0207	protein_coding	transcriptional regulator	true	go_0003700|kw_transcription_regulation|producto_refseq	refseq|kegg|uniprot	false
PA0208	mdcA	PA0208	protein_coding	malonate decarboxylase subunit alpha	false		refseq|kegg|uniprot	false
PA0209	mdcB	PA0209	protein_coding	2-(5''-triphosphoribosyl)-3'-dephosphocoenzyme-A synthase	false		refseq|kegg|uniprot|uniprot_especie	false
PA0210	mdcC	PA0210	protein_coding	malonate decarboxylase acyl carrier protein	false		refseq|kegg|uniprot|uniprot_especie	false
PA0211	mdcD	PA0211	protein_coding	malonate decarboxylase subunit beta	false		refseq|kegg|uniprot	false
PA0212	mdcE	PA0212	protein_coding	malonate decarboxylase subunit gamma	false		refseq|kegg|uniprot	false
PA0213	mdcG	PA0213	protein_coding	phosphoribosyl-dephospho-CoA transferase	false		refseq|kegg|uniprot|uniprot_especie	false
PA0214		PA0214	protein_coding	acyl transferase	false		refseq|kegg|uniprot	false
PA0215		PA0215	protein_coding	malonate transporter MadL	false		refseq|kegg|uniprot	false
PA0216		PA0216	protein_coding	malonate transporter MadM	false		refseq|kegg|uniprot	false
PA0217		PA0217	protein_coding	transcriptional regulator	true	go_0003700|go_0006355|kw_transcription_regulation|producto_refseq	refseq|kegg|uniprot	false
PA0218		PA0218	protein_coding	transcriptional regulator	true	go_0003700|go_0006355|kw_transcription_regulation|producto_refseq	refseq|kegg|uniprot	false
PA0219		PA0219	protein_coding	aldehyde dehydrogenase	false		refseq|kegg|uniprot	false
PA0220		PA0220	protein_coding	amino acid APC family transporter	false		refseq|kegg|uniprot	false
PA0221		PA0221	protein_coding	aminotransferase	false		refseq|kegg|uniprot	false
PA0222		PA0222	protein_coding	hypothetical protein	false		refseq|kegg|uniprot|uniprot_especie	false
PA0223		PA0223	protein_coding	dihydrodipicolinate synthetase	false		refseq|kegg|uniprot	false
PA0224		PA0224	protein_coding	class II aldolase/adducin domain-containing protein	false		refseq|kegg|uniprot	false
PA0225		PA0225	protein_coding	transcriptional regulator	true	go_0003700|go_0006355|producto_refseq	refseq|kegg|uniprot	false
PA0226		PA0226	protein_coding	CoA transferase subunit A	false		refseq|kegg|uniprot	false
PA0227		PA0227	protein_coding	CoA transferase subunit B	false		refseq|kegg|uniprot	false
PA0228	pcaF	PA0228	protein_coding	beta-ketoadipyl CoA thiolase	false		refseq|kegg|uniprot|uniprot_especie	false
PA0229	pcaT	PA0229	protein_coding	dicarboxylic acid transporter PcaT	false		refseq|kegg|uniprot	false
PA0230	pcaB	PA0230	protein_coding	3-carboxy-cis,cis-muconate cycloisomerase	false		refseq|kegg|uniprot|uniprot_especie	false
PA0231	pcaD	PA0231	protein_coding	3-oxoadipate enol-lactonase	false		refseq|kegg|uniprot	false
PA0232	pcaC	PA0232	protein_coding	4-carboxymuconolactone decarboxylase	false		refseq|kegg|uniprot	false
PA0233		PA0233	protein_coding	transcriptional regulator	true	go_0003700|go_0006355|kw_transcription_regulation|producto_refseq	refseq|kegg|uniprot	false
PA0234		PA0234	protein_coding	hypothetical protein	false		refseq|kegg|uniprot	false
PA0235	pcaK	PA0235	protein_coding	4-hydroxybenzoate transporter PcaK	false		refseq|kegg|uniprot|uniprot_especie	false
PA0236		PA0236	protein_coding	transcriptional regulator	true	go_0003700|kw_transcription_regulation|producto_refseq	refseq|kegg|uniprot	false
PA0237		PA0237	protein_coding	oxidoreductase	false		refseq|kegg|uniprot	false
PA0238		PA0238	protein_coding	hypothetical protein	false		refseq|kegg|uniprot	false
PA0239		PA0239	protein_coding	hypothetical protein	false		refseq|kegg|uniprot	false
PA0240		PA0240	protein_coding	porin	false		refseq|kegg|uniprot	false
PA0241		PA0241	protein_coding	major facilitator superfamily transporter	false		refseq|kegg|uniprot	false
PA0242	quiC1	PA0242	protein_coding	hypothetical protein	false		refseq|kegg|uniprot|uniprot_especie	false
PA0243		PA0243	protein_coding	transcriptional regulator	true	go_0003700|producto_refseq	refseq|kegg|uniprot	false
PA0244	aroE	PA0244	protein_coding	shikimate 5-dehydrogenase	false		refseq|kegg|uniprot	false
PA0245	aroQ2	PA0245	protein_coding	3-dehydroquinate dehydratase	false		refseq|kegg|uniprot|uniprot_especie	false
PA0246		PA0246	protein_coding	major facilitator superfamily transporter	false		refseq|kegg|uniprot	false
PA0247	pobA	PA0247	protein_coding	4-hydroxybenzoate 3-monooxygenase	false		refseq|kegg|uniprot|uniprot_especie	false
PA0248		PA0248	protein_coding	transcriptional regulator	true	go_0003700|go_0006355|kw_transcription_regulation|producto_refseq	refseq|kegg|uniprot	false
PA0249		PA0249	protein_coding	acetyltransferase	false		refseq|kegg|uniprot	false
PA0250		PA0250	protein_coding	hypothetical protein	false		refseq|kegg|uniprot	false
PA0251		PA0251	protein_coding	hypothetical protein	false		refseq|kegg|uniprot	false
PA0252		PA0252	protein_coding	hypothetical protein	false		refseq|kegg|uniprot	false
PA0253		PA0253	protein_coding	transcriptional regulator	true	go_0003700|go_0006355|kw_transcription_regulation|producto_refseq	refseq|kegg|uniprot	false
PA0254	hudA	PA0254	protein_coding	hypothetical protein	false		refseq|kegg|uniprot|uniprot_especie	false
PA0255		PA0255	protein_coding	hypothetical protein	false		refseq|kegg|uniprot	false
PA0256		PA0256	protein_coding	hypothetical protein	false		refseq|kegg|uniprot	false
PA0257		PA0257	protein_coding	hypothetical protein	false		refseq|kegg|uniprot	false
PA0258		PA0258	protein_coding	hypothetical protein	false		refseq|kegg|uniprot	false
PA0259	tla3	PA0259	protein_coding	hypothetical protein	false		refseq|kegg|uniprot|uniprot_especie	false
PA0260	tle3	PA0260	protein_coding	hypothetical protein	false		refseq|kegg|uniprot|uniprot_especie	false
PA0261	tli3	PA0261	protein_coding	hypothetical protein	false		refseq|kegg|uniprot|uniprot_especie	false
PA0262	vgrG2b	PA0262	protein_coding	hypothetical protein	false		refseq|kegg|uniprot|uniprot_especie	false
PA0263	hcpC	PA0263	protein_coding	secreted protein Hcp	false		refseq|kegg	false
PA0263.1		PA0263.1	tRNA	tRNA-Arg	false		refseq|kegg	false
PA0265	gabD	PA0265|davD	protein_coding	glutarate-semialdehyde dehydrogenase DavD	false		refseq|kegg|uniprot|uniprot_especie	false
PA0266	davT	PA0266	protein_coding	5-aminovalerate aminotransferase DavT	false		refseq|kegg|uniprot|uniprot_especie	false
PA0267		PA0267	protein_coding	hypothetical protein	true	go_0006355	refseq|kegg|uniprot	false
PA0268		PA0268	protein_coding	transcriptional regulator	true	go_0003700|kw_transcription_regulation|producto_refseq	refseq|kegg|uniprot	false
PA0269		PA0269	protein_coding	hypothetical protein	false		refseq|kegg|uniprot	false
PA0270		PA0270	protein_coding	hypothetical protein	false		refseq|kegg|uniprot	false
PA0271		PA0271	protein_coding	hypothetical protein	false		refseq|kegg|uniprot	false
PA0272		PA0272	protein_coding	transcriptional regulator	true	go_0003700|go_0006355|kw_transcription_regulation|producto_refseq	refseq|kegg|uniprot	false
PA0273		PA0273	protein_coding	major facilitator superfamily transporter	false		refseq|kegg|uniprot	false
PA0274		PA0274	protein_coding	hypothetical protein	false		refseq|kegg|uniprot	false
PA0275		PA0275	protein_coding	transcriptional regulator	true	go_0003700|kw_transcription_regulation|producto_refseq	refseq|kegg|uniprot	false
PA0276		PA0276	protein_coding	hypothetical protein	false		refseq|kegg|uniprot	false
PA0277		PA0277	protein_coding	hypothetical protein	false		refseq|kegg|uniprot	false
PA0278		PA0278	protein_coding	hypothetical protein	false		refseq|kegg|uniprot	false
PA0279		PA0279	protein_coding	transcriptional regulator	true	go_0003700|producto_refseq	refseq|kegg|uniprot	false
PA0280	cysA	PA0280	protein_coding	sulfate.thiosulfate ABC transporter ATP-binding protein CysA	false		refseq|kegg|uniprot|uniprot_especie	false
PA0281	cysW	PA0281	protein_coding	sulfate transporter CysW	false		refseq|kegg|uniprot	false
PA0282	cysT	PA0282	protein_coding	sulfate transporter CysT	false		refseq|kegg|uniprot	false
PA0283	sbp	PA0283	protein_coding	sulfate-binding protein	false		refseq|kegg|uniprot	true
PA0284		PA0284	protein_coding	hypothetical protein	false		refseq|kegg|uniprot	false
PA0285		PA0285	protein_coding	hypothetical protein	true	go_0006355	refseq|kegg|uniprot	false
PA0286	desA	PA0286	protein_coding	delta-9 fatty acid desaturase DesA	false		refseq|kegg|uniprot	false
PA0287	gpuP	PA0287	protein_coding	3-guanidinopropionate transporter	false		refseq|kegg|uniprot	false
PA0288	gpuA	PA0288	protein_coding	guanidinopropionase	false		refseq|kegg|uniprot|uniprot_especie	false
PA0289	gpuR	PA0289	protein_coding	transcriptional activator GpuR	true	go_0003700|go_0006355|kw_transcription_regulation|producto_refseq	refseq|kegg|uniprot	false
PA0290		PA0290	protein_coding	hypothetical protein	false		refseq|kegg|uniprot	false
PA0291	oprE	PA0291	protein_coding	anaerobically-induced outer membrane porin OprE	false		refseq|kegg|uniprot	false
PA0292	aguA	PA0292	protein_coding	agmatine deiminase	false		refseq|kegg|uniprot|uniprot_especie	false
PA0293	aguB	PA0293	protein_coding	N-carbamoylputrescine amidohydrolase	false		refseq|kegg|uniprot	false
PA0294	aguR	PA0294	protein_coding	transcriptional regulator AguR	true	go_0003700|go_0006355|producto_refseq	refseq|kegg|uniprot	false
PA0295		PA0295	protein_coding	polyamine binding protein	false		refseq|kegg|uniprot	false
PA0296	spuI	PA0296	protein_coding	glutamine synthetase	false		refseq|kegg|uniprot	false
PA0297	spuA	PA0297	protein_coding	glutamine amidotransferase	false		refseq|kegg|uniprot	false
PA0298	spuB	PA0298	protein_coding	glutamine synthetase	false		refseq|kegg|uniprot	false
PA0299	spuC	PA0299	protein_coding	aminotransferase	false		refseq|kegg|uniprot|uniprot_especie	false
PA0300	spuD	PA0300	protein_coding	putrescine ABC transporter substrate-binding protein SpuD	false		refseq|kegg|uniprot|uniprot_especie	false
PA0301	spuE	PA0301	protein_coding	spermidine ABC transporter substrate-binding protein SpuE	false		refseq|kegg|uniprot|uniprot_especie	false
PA0302	spuF	PA0302	protein_coding	polyamine transporter PotG	false		refseq|kegg|uniprot	false
PA0303	spuG	PA0303	protein_coding	polyamine transporter PotH	false		refseq|kegg|uniprot	false
PA0304	spuH	PA0304	protein_coding	polyamine transporter PotI	false		refseq|kegg|uniprot	false
PA0305		PA0305	protein_coding	hypothetical protein	false		refseq|kegg|uniprot	false
PA0306		PA0306	protein_coding	transcriptional regulator	true	go_0003700|kw_transcription_regulation|producto_refseq	refseq|kegg|uniprot	false
PA0307		PA0307	protein_coding	hypothetical protein	false		refseq|kegg|uniprot	false
PA0308		PA0308	protein_coding	hypothetical protein	false		refseq|kegg|uniprot	false
PA0309		PA0309	protein_coding	hypothetical protein	false		refseq|kegg|uniprot	false
PA0310		PA0310	protein_coding	hypothetical protein	false		refseq|kegg|uniprot	false
PA0311		PA0311	protein_coding	hypothetical protein	false		refseq|kegg|uniprot	false
PA0312		PA0312	protein_coding	hypothetical protein	false		refseq|kegg|uniprot	false
PA0313		PA0313	protein_coding	L-cysteine ABC transporter protein YecS	false		refseq|kegg|uniprot	false
PA0314		PA0314	protein_coding	L-cysteine ABC transporter protein FliY	false		refseq|kegg|uniprot	false
PA0315		PA0315	protein_coding	hypothetical protein	false		refseq|kegg|uniprot	false
PA0316	serA	PA0316	protein_coding	D-3-phosphoglycerate dehydrogenase	false		refseq|kegg|uniprot	false
PA0317		PA0317	protein_coding	hypothetical protein	false		refseq|kegg|uniprot	false
PA0318		PA0318	protein_coding	hypothetical protein	false		refseq|kegg|uniprot	false
PA0319		PA0319	protein_coding	hypothetical protein	false		refseq|kegg|uniprot	false
PA0320	carO	PA0320	protein_coding	hypothetical protein	false		refseq|kegg|uniprot|uniprot_especie	false
PA0321	aphB	PA0321	protein_coding	acetylpolyamine aminohydrolase	false		refseq|kegg|uniprot|uniprot_especie	false
PA0322		PA0322	protein_coding	transporter	false		refseq|kegg|uniprot	false
PA0323		PA0323	protein_coding	ABC transporter	false		refseq|kegg|uniprot	false
PA0324		PA0324	protein_coding	ABC transporter permease	false		refseq|kegg|uniprot	false
PA0325		PA0325	protein_coding	ABC transporter permease	false		refseq|kegg|uniprot	false
PA0326	potA	PA0326	protein_coding	ABC transporter ATP-binding protein	false		refseq|kegg|uniprot	false
PA0327	carP	PA0327	protein_coding	hypothetical protein	false		refseq|kegg|uniprot|uniprot_especie	false
PA0328		PA0328	protein_coding	hypothetical protein	false		refseq|kegg|uniprot	false
PA0329		PA0329	protein_coding	hypothetical protein	false		refseq|kegg|uniprot|uniprot_especie	false
PA0330	rpiA	PA0330	protein_coding	ribose-5-phosphate isomerase A	false		refseq|kegg|uniprot|uniprot_especie	false
PA0331	ilvA1	PA0331|ilvA	protein_coding	threonine dehydratase	false		refseq|kegg|uniprot	false
PA0332		PA0332	protein_coding	hypothetical protein	false		refseq|kegg|uniprot	false
PA0333		PA0333	protein_coding	hypothetical protein	false		refseq|kegg|uniprot	false
PA0334		PA0334	protein_coding	major facilitator superfamily transporter	false		refseq|kegg|uniprot	false
PA0335		PA0335	protein_coding	hypothetical protein	false		refseq|kegg|uniprot|uniprot_especie	false
PA0336	ygdP	PA0336|nudH|rppH	protein_coding	RNA pyrophosphohydrolase	false		refseq|kegg|uniprot|uniprot_especie	false
PA0337	ptsP	PA0337	protein_coding	phosphoenolpyruvate-protein phosphotransferase PtsP	false		refseq|kegg|uniprot	false
PA0338		PA0338	protein_coding	hypothetical protein	false		refseq|kegg|uniprot	false
PA0339		PA0339	protein_coding	hypothetical protein	false		refseq|kegg|uniprot	false
PA0340		PA0340	protein_coding	hypothetical protein	false		refseq|kegg|uniprot	false
PA0341	lgt	PA0341	protein_coding	prolipoprotein diacylglyceryl transferase	false		refseq|kegg|uniprot|uniprot_especie	true
PA0342	thyA	PA0342	protein_coding	thymidylate synthase	false		refseq|kegg|uniprot|uniprot_especie	false
PA0343		PA0343	protein_coding	hypothetical protein	false		refseq|kegg|uniprot	false
PA0344		PA0344	protein_coding	hypothetical protein	false		refseq|kegg|uniprot	false
PA0345		PA0345	protein_coding	hypothetical protein	false		refseq|kegg|uniprot	false
PA0346		PA0346	protein_coding	hypothetical protein	false		refseq|kegg|uniprot	false
PA0347	glpQ	PA0347	protein_coding	glycerophosphoryl diester phosphodiesterase	false		refseq|kegg|uniprot	false
PA0348		PA0348	protein_coding	hypothetical protein	false		refseq|kegg|uniprot	false
PA0349		PA0349	protein_coding	hypothetical protein	false		refseq|kegg|uniprot	false
PA0350	folA	PA0350	protein_coding	dihydrofolate reductase	false		refseq|kegg|uniprot	false
PA0351		PA0351	protein_coding	hypothetical protein	false		refseq|kegg|uniprot	false
PA0352		PA0352	protein_coding	transporter	false		refseq|kegg|uniprot	false
PA0353	ilvD	PA0353	protein_coding	dihydroxy-acid dehydratase	false		refseq|kegg|uniprot|uniprot_especie	false
PA0354		PA0354	protein_coding	hypothetical protein	false		refseq|kegg|uniprot	false
PA0355	pfpI	PA0355	protein_coding	protease PfpI	false		refseq|kegg|uniprot	false
PA0356		PA0356	protein_coding	hypothetical protein	false		refseq|kegg|uniprot	false
PA0357	mutM	PA0357|fpg	protein_coding	formamidopyrimidine-DNA glycosylase	false		refseq|kegg|uniprot|uniprot_especie	true
PA0358		PA0358	protein_coding	hypothetical protein	false		refseq|kegg|uniprot	false
PA0359		PA0359	protein_coding	hypothetical protein	false		refseq|kegg|uniprot	false
PA0360		PA0360	protein_coding	hypothetical protein	false		refseq|kegg|uniprot	false
PA0361		PA0361	protein_coding	gamma-glutamyltranspeptidase	false		refseq|kegg|uniprot	false
PA0362	fdx1	PA0362	protein_coding	4Fe-4S ferredoxin	false		refseq|kegg|uniprot	false
PA0363	coaD	PA0363	protein_coding	phosphopantetheine adenylyltransferase	false		refseq|kegg|uniprot|uniprot_especie	false
PA0364		PA0364	protein_coding	oxidoreductase	false		refseq|kegg|uniprot	false
PA0365		PA0365	protein_coding	hypothetical protein	false		refseq|kegg|uniprot	false
PA0366	calB	PA0366	protein_coding	coniferyl aldehyde dehydrogenase	false		refseq|kegg|uniprot|uniprot_especie	false
PA0367		PA0367	protein_coding	transcriptional regulator	true	go_0003700|go_0006355|producto_refseq	refseq|kegg|uniprot	false
PA0368		PA0368	protein_coding	hypothetical protein	false		refseq|kegg|uniprot	false
PA0369		PA0369	pseudogene	pseudogene	false		refseq|kegg|uniprot	false
PA0370		PA0370	protein_coding	hypothetical protein	false		refseq|kegg|uniprot	false
PA0371		PA0371	protein_coding	hypothetical protein	false		refseq|kegg|uniprot	false
PA0372		PA0372	protein_coding	zinc protease	false		refseq|kegg|uniprot	false
PA0373	ftsY	PA0373	protein_coding	signal recognition particle receptor FtsY	false		refseq|kegg|uniprot	false
PA0374	ftsE	PA0374	protein_coding	cell division protein FtsE	false		refseq|kegg|uniprot	false
PA0375	ftsX	PA0375	protein_coding	cell division protein FtsX	false		refseq|kegg|uniprot	false
PA0376	rpoH	PA0376	protein_coding	RNA polymerase sigma factor RpoH	true	kw_sigma_factor|kw_transcription_regulation|producto_refseq	refseq|kegg|uniprot|uniprot_especie	false
PA0377		PA0377	protein_coding	hypothetical protein	false		refseq|kegg|uniprot	false
PA0378	mtgA	PA0378	protein_coding	monofunctional biosynthetic peptidoglycan transglycosylase	false		refseq|kegg|uniprot|uniprot_especie	false
PA0379		PA0379	protein_coding	hypothetical protein	false		refseq|kegg|uniprot	false
PA0380		PA0380	protein_coding	sulfur carrier protein ThiS	false		refseq|kegg|uniprot	false
PA0381	thiG	PA0381	protein_coding	thiazole synthase	false		refseq|kegg|uniprot|uniprot_especie	false
PA0382	micA	PA0382|trmB	protein_coding	tRNA (guanine-N(7)-)-methyltransferase	false		refseq|kegg|uniprot|uniprot_especie	false
PA0383		PA0383	protein_coding	hypothetical protein	false		refseq|kegg|uniprot	false
PA0384		PA0384	protein_coding	hypothetical protein	false		refseq|kegg|uniprot	false
PA0385		PA0385	protein_coding	hypothetical protein	false		refseq|kegg|uniprot	false
PA0386		PA0386	protein_coding	coproporphyrinogen III oxidase	false		refseq|kegg|uniprot	false
PA0387		PA0387	protein_coding	non-canonical purine NTP pyrophosphatase	false		refseq|kegg|uniprot|uniprot_especie	false
PA0388		PA0388	protein_coding	hypothetical protein	false		refseq|kegg|uniprot	false
PA0389		PA0389	protein_coding	hypothetical protein	false		refseq|kegg|uniprot	false
PA0390	metX	PA0390|metXS	protein_coding	homoserine O-acetyltransferase	false		refseq|kegg|uniprot|uniprot_especie	false
PA0391		PA0391	protein_coding	hypothetical protein	false		refseq|kegg|uniprot	false
PA0392		PA0392	protein_coding	hypothetical protein	false		refseq|kegg|uniprot|uniprot_especie	false
PA0393	proC	PA0393	protein_coding	pyrroline-5-carboxylate reductase	false		refseq|kegg|uniprot|uniprot_especie	false
PA0394		PA0394	protein_coding	hypothetical protein	false		refseq|kegg|uniprot|uniprot_especie	false
PA0395	pilT	PA0395	protein_coding	twitching motility protein PilT	false		refseq|kegg|uniprot|uniprot_especie	false
PA0396	pilU	PA0396	protein_coding	twitching motility protein PilU	false		refseq|kegg|uniprot|uniprot_especie	false
PA0397		PA0397	protein_coding	cation efflux system protein	false		refseq|kegg|uniprot	false
PA0398		PA0398	protein_coding	hypothetical protein	false		refseq|kegg|uniprot	false
PA0399		PA0399	protein_coding	cystathionine beta-synthase	false		refseq|kegg|uniprot	false
PA0400		PA0400	protein_coding	cystathionine gamma-lyase	false		refseq|kegg|uniprot	false
PA0401	pyrC'	PA0401|pyrX	protein_coding	dihydroorotase	false		refseq|kegg|uniprot|uniprot_especie	false
PA0402	pyrB	PA0402	protein_coding	aspartate carbamoyltransferase	false		refseq|kegg|uniprot|uniprot_especie	false
PA0403	pyrR	PA0403	protein_coding	bifunctional pyrimidine regulatory protein PyrR/uracil phosphoribosyltransferase	true	go_0006355|kw_transcription_regulation	refseq|kegg|uniprot|uniprot_especie	false
PA0404		PA0404	protein_coding	Holliday junction resolvase	false		refseq|kegg|uniprot|uniprot_especie	false
PA0405	algH	PA0405	protein_coding	hypothetical protein	false		refseq|kegg|uniprot|uniprot_especie	false
PA0406	tonB3	PA0406	protein_coding	transporter TonB	false		refseq|kegg|uniprot	false
PA0407	gshB	PA0407	protein_coding	glutathione synthetase	false		refseq|kegg|uniprot|uniprot_especie	false
PA0408	pilG	PA0408	protein_coding	pilus biosynthesis/twitching motility protein PilG	true	kw_two_component	refseq|kegg|uniprot|uniprot_especie	false
PA0409	pilH	PA0409	protein_coding	twitching motility protein PilH	true	kw_two_component	refseq|kegg|uniprot|uniprot_especie	false
PA0410	pilI	PA0410	protein_coding	twitching motility protein PilI	false		refseq|kegg|uniprot|uniprot_especie	false
PA0411	pilJ	PA0411	protein_coding	twitching motility protein PilJ	false		refseq|kegg|uniprot|uniprot_especie	false
PA0412	pilK	PA0412	protein_coding	methyltransferase PilK	false		refseq|kegg|uniprot	false
PA0413	chpA	PA0413	protein_coding	chemotactic signal transduction system protein	true	kw_two_component	refseq|kegg|uniprot	false
PA0414	chpB	PA0414	protein_coding	methylesterase	false		refseq|kegg|uniprot	false
PA0415	chpC	PA0415	protein_coding	chemotaxis protein	false		refseq|kegg|uniprot	false
PA0416	chpD	PA0416	protein_coding	transcriptional regulator	true	go_0003700|go_0006355|kw_transcription_regulation|producto_refseq	refseq|kegg|uniprot	false
PA0417	chpE	PA0417	protein_coding	chemotactic transduction protein ChpE	false		refseq|kegg|uniprot|uniprot_especie	false
PA0418		PA0418	protein_coding	hypothetical protein	false		refseq|kegg|uniprot	false
PA0419		PA0419	protein_coding	16S ribosomal RNA methyltransferase RsmE	false		refseq|kegg|uniprot	false
PA0420	bioA	PA0420	protein_coding	adenosylmethionine--8-amino-7-oxononanoate aminotransferase BioA	false		refseq|kegg|uniprot	false
PA0421		PA0421	protein_coding	hypothetical protein	false		refseq|kegg|uniprot	false
PA0422		PA0422	protein_coding	hypothetical protein	false		refseq|kegg|uniprot	false
PA0423	pasP	PA0423	protein_coding	hypothetical protein	false		refseq|kegg|uniprot|uniprot_especie	false
PA0424	mexR	PA0424	protein_coding	multidrug resistance operon repressor MexR	true	kw_transcription_regulation	refseq|kegg|uniprot|uniprot_especie	false
PA0425	mexA	PA0425	protein_coding	multidrug resistance protein MexA	false		refseq|kegg|uniprot|uniprot_especie	false
PA0426	mexB	PA0426	protein_coding	multidrug resistance protein MexB	false		refseq|kegg|uniprot|uniprot_especie	false
PA0427	oprM	PA0427|oprK	protein_coding	outer membrane protein OprM	false		refseq|kegg|uniprot|uniprot_especie	false
PA0428	rhlE	PA0428	protein_coding	ATP-dependent RNA helicase	false		refseq|kegg|uniprot	false
PA0429		PA0429	protein_coding	hypothetical protein	false		refseq|kegg|uniprot	false
PA0430	metF	PA0430	protein_coding	5,10-methylenetetrahydrofolate reductase	false		refseq|kegg|uniprot	false
PA0431		PA0431	protein_coding	hypothetical protein	false		refseq|kegg|uniprot	false
PA0432	sahH	PA0432|ahcY	protein_coding	adenosylhomocysteinase	false		refseq|kegg|uniprot|uniprot_especie	false
PA0433		PA0433	protein_coding	hypothetical protein	false		refseq|kegg|uniprot	false
PA0434		PA0434	protein_coding	hypothetical protein	false		refseq|kegg|uniprot	false
PA0435		PA0435	protein_coding	hypothetical protein	false		refseq|kegg|uniprot	false
PA0436		PA0436	protein_coding	transcriptional regulator	true	go_0003700|go_0006355|kw_transcription_regulation|producto_refseq	refseq|kegg|uniprot	false
PA0437	codA	PA0437	protein_coding	cytosine deaminase	false		refseq|kegg|uniprot	false
PA0438	codB	PA0438	protein_coding	cytosine permease	false		refseq|kegg|uniprot	false
PA0439		PA0439	protein_coding	dihydropyrimidine dehydrogenase	false		refseq|kegg|uniprot	false
PA0440		PA0440	protein_coding	oxidoreductase	false		refseq|kegg|uniprot	false
PA0441	dht	PA0441	protein_coding	D-hydantoinase/dihydropyrimidinase	false		refseq|kegg|uniprot|uniprot_especie	true
PA0442		PA0442	protein_coding	hypothetical protein	false		refseq|kegg|uniprot	false
PA0443		PA0443	protein_coding	transporter	false		refseq|kegg|uniprot	false
PA0444		PA0444	protein_coding	allantoate amidohydrolase	false		refseq|kegg|uniprot	false
PA0445		PA0445	protein_coding	transposase	false		refseq|kegg	false
PA0446		PA0446	protein_coding	hypothetical protein	false		refseq|kegg|uniprot	false
PA0447	gcdH	PA0447	protein_coding	glutaryl-CoA dehydrogenase	false		refseq|kegg|uniprot	false
PA0448		PA0448	protein_coding	transcriptional regulator	true	go_0003700|kw_transcription_regulation|producto_refseq	refseq|kegg|uniprot	false
PA0449		PA0449	protein_coding	acyl-CoA thioesterase	false		refseq|kegg|uniprot	false
PA0450		PA0450	protein_coding	phosphate transporter	false		refseq|kegg|uniprot	false
PA0451		PA0451	protein_coding	hypothetical protein	false		refseq|kegg|uniprot	false
PA0452		PA0452	protein_coding	hypothetical protein	false		refseq|kegg|uniprot	false
PA0454		PA0454	protein_coding	hypothetical protein	false		refseq|kegg|uniprot	false
PA0455	dbpA	PA0455	protein_coding	ATP-dependent RNA helicase DbpA	false		refseq|kegg|uniprot	false
PA0456		PA0456	protein_coding	cold-shock protein	false		refseq|kegg|uniprot	false
PA0457		PA0457	protein_coding	hypothetical protein	false		refseq|kegg|uniprot	false
PA0457.1		PA0457.1	protein_coding	hypothetical protein	false		refseq|kegg|uniprot	false
PA0458		PA0458	protein_coding	major facilitator superfamily transporter	false		refseq|kegg|uniprot	false
PA0459		PA0459	protein_coding	chaperone protein ClpB	false		refseq|kegg|uniprot	false
PA0460		PA0460	protein_coding	hypothetical protein	false		refseq|kegg|uniprot	false
PA0461		PA0461	protein_coding	acyltransferase	false		refseq|kegg|uniprot	false
PA0462		PA0462	protein_coding	hypothetical protein	false		refseq|kegg|uniprot	false
PA0463	creB	PA0463	protein_coding	DNA-binding response regulator CreB	true	go_0006355|kw_transcription_regulation|kw_two_component|producto_refseq	refseq|kegg|uniprot	false
PA0464	creC	PA0464	protein_coding	sensory histidine kinase CreC	true	kw_two_component	refseq|kegg|uniprot	false
PA0465	creD	PA0465	protein_coding	hypothetical protein	false		refseq|kegg|uniprot	false
PA0466		PA0466	protein_coding	hypothetical protein	false		refseq|kegg|uniprot	false
PA0467		PA0467	protein_coding	hypothetical protein	false		refseq|kegg|uniprot	false
PA0468		PA0468	protein_coding	hypothetical protein	false		refseq|kegg|uniprot	false
PA0469		PA0469	protein_coding	hypothetical protein	false		refseq|kegg|uniprot	false
PA0470	fiuA	PA0470	protein_coding	ferrichrome receptor FiuA	false		refseq|kegg|uniprot	false
PA0471		PA0471	protein_coding	transmembrane sensor	false		refseq|kegg|uniprot	false
PA0472		PA0472	protein_coding	RNA polymerase sigma factor	true	go_0006355|kw_sigma_factor|kw_transcription_regulation|producto_refseq	refseq|kegg|uniprot	false
PA0473		PA0473	protein_coding	glutathione S-transferase	false		refseq|kegg|uniprot	false
PA0474		PA0474	protein_coding	esterase	false		refseq|kegg|uniprot|uniprot_especie	false
PA0475		PA0475	protein_coding	transcriptional regulator	true	kw_transcription_regulation|producto_refseq	refseq|kegg|uniprot	false
PA0476		PA0476	protein_coding	permease	false		refseq|kegg|uniprot	false
PA0477		PA0477	protein_coding	transcriptional regulator	true	go_0003700|go_0006355|kw_transcription_regulation|producto_refseq	refseq|kegg|uniprot	false
PA0478		PA0478	protein_coding	N-acetyltransferase	false		refseq|kegg|uniprot	false
PA0479		PA0479	protein_coding	transcriptional regulator	true	go_0003700|go_0006355|kw_transcription_regulation|producto_refseq	refseq|kegg|uniprot	false
PA0480		PA0480	protein_coding	3-oxoadipate enol-lactonase	false		refseq|kegg|uniprot	false
PA0481		PA0481	protein_coding	hypothetical protein	false		refseq|kegg|uniprot	false
PA0482	glcB	PA0482	protein_coding	malate synthase G	false		refseq|kegg|uniprot|uniprot_especie	false
PA0483		PA0483	protein_coding	acetyltransferase	false		refseq|kegg|uniprot	false
PA0484		PA0484	protein_coding	hypothetical protein	true	go_0006355	refseq|kegg|uniprot	false
PA0485		PA0485	protein_coding	hypothetical protein	false		refseq|kegg|uniprot|uniprot_especie	false
PA0486	srkA	PA0486	protein_coding	serine/threonine protein kinase	false		refseq|kegg|uniprot	false
PA0487		PA0487	protein_coding	molybdenum transport regulator	true	go_0003700|go_0006355	refseq|kegg|uniprot	false
PA0488		PA0488	protein_coding	hypothetical protein	false		refseq|kegg|uniprot	false
PA0489		PA0489	protein_coding	phosphoribosyl transferase	false		refseq|kegg|uniprot	false
PA0490		PA0490	protein_coding	hypothetical protein	false		refseq|kegg|uniprot	false
PA0491		PA0491	protein_coding	transcriptional regulator	true	go_0003700|go_0006355|kw_transcription_regulation|producto_refseq	refseq|kegg|uniprot	false
PA0492	pxpA1	PA0492	protein_coding	hypothetical protein	false		refseq|kegg|uniprot|uniprot_especie	false
PA0493		PA0493	protein_coding	acetyl-CoA carboxylase biotin carboxyl carrier protein subunit	false		refseq|kegg|uniprot	false
PA0494		PA0494	protein_coding	acetyl-CoA carboxylase biotin carboxylase subunit	false		refseq|kegg|uniprot	false
PA0495		PA0495	protein_coding	hypothetical protein	false		refseq|kegg|uniprot	false
PA0496		PA0496	protein_coding	hypothetical protein	false		refseq|kegg|uniprot	false
PA0497		PA0497	protein_coding	hypothetical protein	false		refseq|kegg|uniprot	false
PA0498		PA0498	protein_coding	hypothetical protein	false		refseq|kegg|uniprot	false
PA0499		PA0499	protein_coding	pili assembly chaperone	false		refseq|kegg|uniprot	false
PA0500	bioB	PA0500	protein_coding	biotin synthase	false		refseq|kegg|uniprot|uniprot_especie	false
PA0501	bioF	PA0501	protein_coding	8-amino-7-oxononanoate synthase	false		refseq|kegg|uniprot|uniprot_especie	false
PA0502		PA0502	protein_coding	biotin biosynthesis protein BioH	false		refseq|kegg|uniprot	false
PA0503	bioC	PA0503	protein_coding	biotin synthesis protein BioC	false		refseq|kegg|uniprot	false
PA0504	bioD	PA0504	protein_coding	ATP-dependent dethiobiotin synthetase BioD	false		refseq|kegg|uniprot|uniprot_especie	false
PA0505		PA0505	protein_coding	hypothetical protein	false		refseq|kegg|uniprot	false
PA0506		PA0506	protein_coding	acyl-CoA dehydrogenase	false		refseq|kegg|uniprot	false
PA0507		PA0507	protein_coding	acyl-CoA dehydrogenase	false		refseq|kegg|uniprot	false
PA0508		PA0508	protein_coding	acyl-CoA dehydrogenase	false		refseq|kegg|uniprot	false
PA0509	nirN	PA0509	protein_coding	cytochrome C	false		refseq|kegg|uniprot|uniprot_especie	false
PA0510		PA0510	protein_coding	uroporphyrin-III C-methyltransferase	false		refseq|kegg|uniprot	false
PA0511	nirJ	PA0511	protein_coding	heme d1 biosynthesis protein NirJ	false		refseq|kegg|uniprot	false
PA0512	nirH	PA0512	protein_coding	heme d1 biosynthesis protein NirH	false		refseq|kegg|uniprot|uniprot_especie	false
PA0513	nirG	PA0513	protein_coding	heme d1 biosynthesis protein NirG	true	go_0003700|go_0006355	refseq|kegg|uniprot|uniprot_especie	false
PA0514	nirL	PA0514	protein_coding	heme d1 biosynthesis protein NirL	true	go_0003700|go_0006355	refseq|kegg|uniprot|uniprot_especie	false
PA0515	nirD	PA0515	protein_coding	heme d1 biosynthesis protein NirD	true	go_0003700|go_0006355	refseq|kegg|uniprot|uniprot_especie	false
PA0516	nirF	PA0516	protein_coding	heme d1 biosynthesis protein NirF	false		refseq|kegg|uniprot|uniprot_especie	false
PA0517	nirC	PA0517	protein_coding	cytochrome c55X	false		refseq|kegg|uniprot|uniprot_especie	false
PA0518	nirM	PA0518	protein_coding	cytochrome C-551	false		refseq|kegg|uniprot|uniprot_especie	false
PA0519	nirS	PA0519	protein_coding	nitrite reductase	false		refseq|kegg|uniprot|uniprot_especie	false
PA0520	nirQ	PA0520	protein_coding	denitrification regulatory protein NirQ	true	kw_transcription_regulation	refseq|kegg|uniprot|uniprot_especie	false
PA0521		PA0521	protein_coding	cytochrome C oxidase subunit	false		refseq|kegg|uniprot	false
PA0522		PA0522	protein_coding	hypothetical protein	false		refseq|kegg|uniprot|uniprot_especie	false
PA0523	norC	PA0523	protein_coding	nitric oxide reductase subunit C	false		refseq|kegg|uniprot|uniprot_especie	false
PA0524	norB	PA0524	protein_coding	nitric oxide reductase subunit B	false		refseq|kegg|uniprot|uniprot_especie	false
PA0525		PA0525	protein_coding	denitrification protein NorD	false		refseq|kegg|uniprot|uniprot_especie	false
PA0526		PA0526	protein_coding	hypothetical protein	false		refseq|kegg|uniprot	false
PA0527	dnr	Dnr|PA0527	protein_coding	transcriptional regulator Dnr	true	go_0003700|kw_transcription_regulation|producto_refseq	refseq|kegg|uniprot|manual	true
PA0527.1	rsmY	PA0527.1	ncRNA	regulatory RNA RsmY	false		refseq|kegg	false
PA0528		PA0528	protein_coding	transcriptional regulator	true	go_0003700|go_0006355|kw_transcription_regulation|producto_refseq	refseq|kegg|uniprot	false
PA0529		PA0529	protein_coding	hypothetical protein	false		refseq|kegg|uniprot	false
PA0530		PA0530	protein_coding	class III pyridoxal phosphate-dependent aminotransferase	false		refseq|kegg|uniprot	false
PA0531		PA0531	protein_coding	glutamine amidotransferase	false		refseq|kegg|uniprot	false
PA0532		PA0532	protein_coding	hypothetical protein	false		refseq|kegg|uniprot	false
PA0533		PA0533	protein_coding	transcriptional regulator	true	go_0003700|go_0006355|producto_refseq	refseq|kegg|uniprot	false
PA0534		PA0534	protein_coding	hypothetical protein	false		refseq|kegg|uniprot	false
PA0535		PA0535	protein_coding	transcriptional regulator	true	go_0003700|go_0006355|producto_refseq	refseq|kegg|uniprot	false
PA0536		PA0536	protein_coding	hypothetical protein	false		refseq|kegg|uniprot	false
PA0537		PA0537	protein_coding	hypothetical protein	false		refseq|kegg|uniprot	false
PA0538	dsbB	PA0538|dsbB2	protein_coding	disulfide bond formation protein	false		refseq|kegg|uniprot|uniprot_especie	false
PA0539		PA0539	protein_coding	hypothetical protein	false		refseq|kegg|uniprot	false
PA0540		PA0540	protein_coding	hypothetical protein	false		refseq|kegg|uniprot	false
PA0541		PA0541	protein_coding	hypothetical protein	false		refseq|kegg|uniprot	false
PA0542		PA0542	protein_coding	hypothetical protein	false		refseq|kegg|uniprot	false
PA0543		PA0543	protein_coding	hypothetical protein	false		refseq|kegg|uniprot	false
PA0544		PA0544	protein_coding	hypothetical protein	false		refseq|kegg|uniprot	false
PA0545		PA0545	protein_coding	hypothetical protein	false		refseq|kegg|uniprot	false
PA0546	metK	PA0546	protein_coding	S-adenosylmethionine synthetase	false		refseq|kegg|uniprot|uniprot_especie	false
PA0547		PA0547	protein_coding	transcriptional regulator	true	go_0003700|producto_refseq	refseq|kegg|uniprot	false
PA0548	tktA	PA0548	protein_coding	transketolase	false		refseq|kegg|uniprot	false
PA0549		PA0549	protein_coding	hypothetical protein	false		refseq|kegg|uniprot	false
PA0550		PA0550	protein_coding	hypothetical protein	false		refseq|kegg|uniprot	false
PA0551	epd	PA0551	protein_coding	D-erythrose 4-phosphate dehydrogenase	false		refseq|kegg|uniprot	true
PA0552	pgk	PA0552	protein_coding	phosphoglycerate kinase	false		refseq|kegg|uniprot|uniprot_especie	true
PA0553		PA0553	protein_coding	hypothetical protein	false		refseq|kegg|uniprot	false
PA0554		PA0554	protein_coding	hypothetical protein	false		refseq|kegg|uniprot	false
PA0555	fda	PA0555|fba	protein_coding	fructose-1,6-bisphosphate aldolase	false		refseq|kegg|uniprot|uniprot_especie	true
PA0556		PA0556	protein_coding	hypothetical protein	false		refseq|kegg|uniprot	false
PA0557		PA0557	protein_coding	hypothetical protein	false		refseq|kegg|uniprot	false
PA0558		PA0558	protein_coding	hypothetical protein	false		refseq|kegg|uniprot	false
PA0559		PA0559	protein_coding	hypothetical protein	false		refseq|kegg|uniprot	false
PA0560		PA0560	protein_coding	hypothetical protein	false		refseq|kegg|uniprot	false
PA0561		PA0561	protein_coding	hypothetical protein	false		refseq|kegg|uniprot	false
PA0562		PA0562	protein_coding	hydrolase	false		refseq|kegg|uniprot	false
PA0563		PA0563	protein_coding	hypothetical protein	false		refseq|kegg|uniprot	false
PA0564		PA0564	protein_coding	transcriptional regulator	true	go_0003700|go_0006355|kw_transcription_regulation|producto_refseq	refseq|kegg|uniprot	false
PA0565		PA0565	protein_coding	hypothetical protein	false		refseq|kegg|uniprot	false
PA0566		PA0566	protein_coding	hypothetical protein	false		refseq|kegg|uniprot	false
PA0567		PA0567	protein_coding	hypothetical protein	false		refseq|kegg|uniprot|uniprot_especie	false
PA0568		PA0568	protein_coding	hypothetical protein	false		refseq|kegg|uniprot	false
PA0569		PA0569	protein_coding	hypothetical protein	false		refseq|kegg|uniprot	false
PA0570		PA0570	protein_coding	hypothetical protein	false		refseq|kegg|uniprot	false
PA0571		PA0571	protein_coding	hypothetical protein	false		refseq|kegg|uniprot	false
PA0572	impA	PA0572	protein_coding	hypothetical protein	false		refseq|kegg|uniprot|uniprot_especie	false
PA0573		PA0573	protein_coding	hypothetical protein	false		refseq|kegg|uniprot	false
PA0574		PA0574	protein_coding	hypothetical protein	false		refseq|kegg|uniprot	false
PA0574.1		PA0574.1	tRNA	tRNA-Met	false		refseq|kegg	false
PA0575		PA0575	protein_coding	hypothetical protein	false		refseq|kegg|uniprot	false
PA0576	rpoD	PA0576|rpoDA	protein_coding	RNA polymerase sigma factor RpoD	true	go_0006355|kw_sigma_factor|kw_transcription_regulation|producto_refseq	refseq|kegg|uniprot|uniprot_especie	false
PA0577	dnaG	PA0577	protein_coding	DNA primase	false		refseq|kegg|uniprot|uniprot_especie	false
PA0578		PA0578	protein_coding	hypothetical protein	false		refseq|kegg|uniprot	false
PA0579	rpsU	PA0579	protein_coding	30S ribosomal protein S21	false		refseq|kegg|uniprot|uniprot_especie	false
PA0580	gcp	PA0580|tsaD	protein_coding	tRNA N6-adenosine threonylcarbamoyltransferase	false		refseq|kegg|uniprot|uniprot_especie	true
PA0581	plsY	PA0581	protein_coding	glycerol-3-phosphate acyltransferase PlsY	false		refseq|kegg|uniprot|uniprot_especie	false
PA0582	folB	PA0582	protein_coding	dihydroneopterin aldolase	false		refseq|kegg|uniprot	false
PA0583		PA0583	protein_coding	hypothetical protein	false		refseq|kegg|uniprot	false
PA0584	cca	PA0584	protein_coding	multifunctional tRNA nucleotidyl transferase/2'3'-cyclic phosphodiesterase/2'nucleotidase/phosphatase	false		refseq|kegg|uniprot|uniprot_especie	true
PA0585		PA0585	protein_coding	hypothetical protein	false		refseq|kegg|uniprot	false
PA0586		PA0586	protein_coding	hypothetical protein	false		refseq|kegg|uniprot	false
PA0587		PA0587	protein_coding	hypothetical protein	false		refseq|kegg|uniprot|uniprot_especie	false
PA0588		PA0588	protein_coding	hypothetical protein	false		refseq|kegg|uniprot	false
PA0589	glpE	PA0589	protein_coding	thiosulfate sulfurtransferase	false		refseq|kegg|uniprot|uniprot_especie	false
PA0590	apaH	PA0590	protein_coding	bis(5'-nucleosyl)-tetraphosphatase	false		refseq|kegg|uniprot|uniprot_especie	false
PA0591	apaG	PA0591	protein_coding	protein ApaG	false		refseq|kegg|uniprot|uniprot_especie	false
PA0592	ksgA	PA0592	protein_coding	ribosomal RNA small subunit methyltransferase A	false		refseq|kegg|uniprot|uniprot_especie	false
PA0593	pdxA	PA0593	protein_coding	4-hydroxythreonine-4-phosphate dehydrogenase	false		refseq|kegg|uniprot|uniprot_especie	false
PA0594	surA	PA0594	protein_coding	chaperone SurA	false		refseq|kegg|uniprot|uniprot_especie	false
PA0595	ostA	PA0595|imp|lptD	protein_coding	organic solvent tolerance protein OstA	false		refseq|kegg|uniprot|uniprot_especie	true
PA0596	amgK	PA0596	protein_coding	hypothetical protein	false		refseq|kegg|uniprot|uniprot_especie	false
PA0597	murU	PA0597	protein_coding	nucleotidyl transferase	false		refseq|kegg|uniprot|uniprot_especie	false
PA0598		PA0598	protein_coding	hypothetical protein	false		refseq|kegg|uniprot	false
PA0599		PA0599	protein_coding	hypothetical protein	false		refseq|kegg|uniprot	false
PA0600		PA0600	protein_coding	two-component sensor	true	kw_two_component	refseq|kegg|uniprot	false
PA0601		PA0601	protein_coding	two-component response regulator	true	go_0003700|go_0006355|kw_transcription_regulation|producto_refseq	refseq|kegg|uniprot	false
PA0602		PA0602	protein_coding	ABC transporter	false		refseq|kegg|uniprot	false
PA0603	potA	PA0603	protein_coding	ABC transporter ATP-binding protein	false		refseq|kegg|uniprot	false
PA0604		PA0604	protein_coding	ABC transporter	false		refseq|kegg|uniprot	false
PA0605		PA0605	protein_coding	ABC transporter permease	false		refseq|kegg|uniprot	false
PA0606		PA0606	protein_coding	ABC transporter permease	false		refseq|kegg|uniprot	false
PA0607	rpe	PA0607	protein_coding	ribulose-phosphate 3-epimerase	false		refseq|kegg|uniprot	true
PA0608	gph1	PA0608	protein_coding	phosphoglycolate phosphatase	false		refseq|kegg|uniprot|uniprot_especie	false
PA0609	trpE	PA0609	protein_coding	anthranilate synthase component I	false		refseq|kegg|uniprot|uniprot_especie	false
PA0610	prtN	PA0610	protein_coding	transcriptional regulator PrtN	true	go_0006355|kw_transcription_regulation|producto_refseq	refseq|kegg|uniprot|uniprot_especie	false
PA0611	prtR	PA0611	protein_coding	HTH-type transcriptional regulator PrtR	true	go_0006355|kw_transcription_regulation|producto_refseq	refseq|kegg|uniprot|uniprot_especie	false
PA0612	ptrB	PA0612	protein_coding	repressor PtrB	false		refseq|kegg|uniprot	false
PA0613		PA0613	protein_coding	hypothetical protein	false		refseq|kegg|uniprot	false
PA0614		PA0614	protein_coding	hypothetical protein	false		refseq|kegg|uniprot	false
PA0615		PA0615	protein_coding	hypothetical protein	false		refseq|kegg|uniprot	false
PA0616		PA0616	protein_coding	hypothetical protein	false		refseq|kegg|uniprot	false
PA0617		PA0617	protein_coding	bacteriophage protein	false		refseq|kegg|uniprot	false
PA0618		PA0618	protein_coding	bacteriophage protein	false		refseq|kegg|uniprot	false
PA0619		PA0619	protein_coding	bacteriophage protein	false		refseq|kegg|uniprot	false
PA0620		PA0620	protein_coding	bacteriophage protein	false		refseq|kegg|uniprot	false
PA0621		PA0621	protein_coding	hypothetical protein	false		refseq|kegg|uniprot	false
PA0622		PA0622	protein_coding	bacteriophage protein	false		refseq|kegg|uniprot	false
PA0623		PA0623	protein_coding	bacteriophage protein	false		refseq|kegg|uniprot	false
PA0624		PA0624	protein_coding	hypothetical protein	false		refseq|kegg|uniprot	false
PA0625		PA0625	protein_coding	hypothetical protein	false		refseq|kegg|uniprot	false
PA0626		PA0626	protein_coding	hypothetical protein	false		refseq|kegg|uniprot	false
PA0627		PA0627	protein_coding	hypothetical protein	false		refseq|kegg|uniprot	false
PA0628		PA0628	protein_coding	hypothetical protein	false		refseq|kegg|uniprot	false
PA0629		PA0629	protein_coding	hypothetical protein	false		refseq|kegg|uniprot	false
PA0630		PA0630	protein_coding	hypothetical protein	false		refseq|kegg|uniprot	false
PA0631		PA0631	protein_coding	hypothetical protein	false		refseq|kegg|uniprot	false
PA0633		PA0633	protein_coding	hypothetical protein	false		refseq|kegg|uniprot	false
PA0634		PA0634	protein_coding	hypothetical protein	false		refseq|kegg|uniprot	false
PA0635		PA0635	protein_coding	hypothetical protein	false		refseq|kegg|uniprot	false
PA0636		PA0636	protein_coding	hypothetical protein	false		refseq|kegg|uniprot	false
PA0637		PA0637	protein_coding	hypothetical protein	false		refseq|kegg|uniprot	false
PA0638		PA0638	protein_coding	bacteriophage protein	false		refseq|kegg|uniprot	false
PA0639		PA0639	protein_coding	hypothetical protein	false		refseq|kegg|uniprot	false
PA0640		PA0640	protein_coding	bacteriophage protein	false		refseq|kegg|uniprot	false
PA0641		PA0641	protein_coding	bacteriophage protein	false		refseq|kegg|uniprot	false
PA0643		PA0643	protein_coding	hypothetical protein	false		refseq|kegg|uniprot	false
PA0644		PA0644	protein_coding	hypothetical protein	false		refseq|kegg|uniprot	false
PA0645		PA0645	protein_coding	hypothetical protein	false		refseq|kegg|uniprot	false
PA0646		PA0646	protein_coding	hypothetical protein	false		refseq|kegg|uniprot	false
PA0647		PA0647	protein_coding	hypothetical protein	false		refseq|kegg|uniprot	false
PA0648		PA0648	protein_coding	hypothetical protein	false		refseq|kegg|uniprot	false
PA0649	trpG	PA0649	protein_coding	anthranilate synthase component II	false		refseq|kegg|uniprot|uniprot_especie	false
PA0650	trpD	PA0650	protein_coding	anthranilate phosphoribosyltransferase	false		refseq|kegg|uniprot|uniprot_especie	false
PA0651	trpC	PA0651	protein_coding	indole-3-glycerol phosphate synthase	false		refseq|kegg|uniprot|uniprot_especie	false
PA0652	vfr	PA0652|Vfr	protein_coding	cAMP-regulatory protein	true	collectf|go_0003700|kw_transcription_regulation	refseq|kegg|uniprot|uniprot_especie|manual	true
PA0653		PA0653	protein_coding	hypothetical protein	false		refseq|kegg|uniprot	false
PA0654	speD	PA0654	protein_coding	S-adenosylmethionine decarboxylase	false		refseq|kegg|uniprot|uniprot_especie	false
PA0655	coq7	PA0655	protein_coding	2-nonaprenyl-3-methyl-6-methoxy-1,4-benzoquinol hydroxylase	false		refseq|kegg|uniprot|uniprot_especie	false
PA0656		PA0656	protein_coding	HIT family protein	false		refseq|kegg|uniprot	false
PA0657		PA0657	protein_coding	ATPase	false		refseq|kegg|uniprot	false
PA0658		PA0658	protein_coding	short-chain dehydrogenase	false		refseq|kegg|uniprot	false
PA0659		PA0659	protein_coding	hypothetical protein	false		refseq|kegg|uniprot	false
PA0660		PA0660	protein_coding	hypothetical protein	false		refseq|kegg|uniprot	false
PA0661		PA0661	protein_coding	hypothetical protein	false		refseq|kegg|uniprot	false
PA0662	argC	PA0662	protein_coding	N-acetyl-gamma-glutamyl-phosphate reductase	false		refseq|kegg|uniprot|uniprot_especie	false
PA0663		PA0663	protein_coding	hypothetical protein	false		refseq|kegg|uniprot	false
PA0664		PA0664	protein_coding	hypothetical protein	false		refseq|kegg|uniprot	false
PA0665	erpA	PA0665	protein_coding	iron-sulfur cluster insertion protein ErpA	false		refseq|kegg|uniprot|uniprot_especie	false
PA0666	anmK	PA0666	protein_coding	anhydro-N-acetylmuramic acid kinase	false		refseq|kegg|uniprot|uniprot_especie	false
PA0667		PA0667	protein_coding	hypothetical protein	false		refseq|kegg|uniprot	false
PA0668	tyrZ	PA0668|tyrS2	protein_coding	tyrosine--tRNA ligase	false		refseq|kegg|uniprot|uniprot_especie	false
PA0668.1		PA0668.1	rRNA	16S ribosomal RNA	false		refseq|kegg	false
PA0668.2		PA0668.2	tRNA	tRNA-Ile	false		refseq|kegg	false
PA0668.3		PA0668.3	tRNA	tRNA-Ala	false		refseq|kegg	false
PA0668.4		PA0668.4	rRNA	23S ribosomal RNA	false		refseq|kegg	false
PA0668.5		PA0668.5	rRNA	5S ribosomal RNA	false		refseq|kegg	false
PA0669	dnaE2	PA0669	protein_coding	error-prone DNA polymerase	false		refseq|kegg|uniprot|uniprot_especie	false
PA0670		PA0670	protein_coding	hypothetical protein	false		refseq|kegg|uniprot	false
PA0671		PA0671	protein_coding	hypothetical protein	false		refseq|kegg|uniprot	false
PA0672	hemO	PA0672|pigA	protein_coding	heme oxygenase	false		refseq|kegg|uniprot|uniprot_especie	false
PA0673		PA0673	protein_coding	hypothetical protein	false		refseq|kegg|uniprot	false
PA0674	vreA	PA0674	protein_coding	hypothetical protein	false		refseq|kegg|uniprot	false
PA0675	vreI	PA0675	protein_coding	ECF sigma factor VreI	true	go_0006355|kw_sigma_factor|kw_transcription_regulation|producto_refseq	refseq|kegg|uniprot	false
PA0676	vreR	PA0676	protein_coding	sigma factor regulator VreR	true	producto_refseq	refseq|kegg|uniprot	false
PA0677		PA0677	protein_coding	HxcW pseudopilin	false		refseq|kegg|uniprot	false
PA0678		PA0678	protein_coding	HxcU pseudopilin	false		refseq|kegg|uniprot	false
PA0679		PA0679	protein_coding	hypothetical protein	false		refseq|kegg|uniprot	false
PA0680		PA0680	protein_coding	HxcV pseudopilin	false		refseq|kegg|uniprot	false
PA0681		PA0681	protein_coding	HxcT pseudopilin	false		refseq|kegg|uniprot	false
PA0682		PA0682	protein_coding	HxcX atypical pseudopilin	false		refseq|kegg|uniprot	false
PA0683		PA0683	protein_coding	type II secretion system protein	false		refseq|kegg|uniprot	false
PA0684		PA0684	protein_coding	type II secretion system protein	false		refseq|kegg|uniprot	false
PA0685		PA0685	protein_coding	type II secretion system protein	false		refseq|kegg|uniprot	false
PA0686	hxcR	PA0686	protein_coding	type II secretion system protein HxcR	false		refseq|kegg|uniprot|uniprot_especie	false
PA0687		PA0687	protein_coding	type II secretion system protein	false		refseq|kegg|uniprot	false
PA0688	lapA	PA0688|phoA2	protein_coding	alkaline phosphatase L	false		refseq|kegg|uniprot|uniprot_especie	false
PA0689		PA0689	protein_coding	hypothetical protein	false		refseq|kegg|uniprot	false
PA0690		PA0690	protein_coding	hypothetical protein	false		refseq|kegg|uniprot	false
PA0691		PA0691	protein_coding	hypothetical protein	false		refseq|kegg|uniprot	false
PA0692		PA0692	protein_coding	hypothetical protein	false		refseq|kegg|uniprot	false
PA0693	exbB2	PA0693	protein_coding	transporter ExbB	false		refseq|kegg|uniprot	false
PA0694	exbD2	PA0694	protein_coding	transporter ExbD	false		refseq|kegg|uniprot	false
PA0695		PA0695	protein_coding	hypothetical protein	false		refseq|kegg|uniprot	false
PA0696		PA0696	protein_coding	hypothetical protein	false		refseq|kegg|uniprot	false
PA0697		PA0697	protein_coding	hypothetical protein	false		refseq|kegg|uniprot	false
PA0698		PA0698	protein_coding	hypothetical protein	false		refseq|kegg|uniprot	false
PA0699		PA0699	protein_coding	PpiC-type peptidyl-prolyl cis-trans isomerase	false		refseq|kegg|uniprot	false
PA0700		PA0700	protein_coding	hypothetical protein	false		refseq|kegg|uniprot	false
PA0701		PA0701	protein_coding	transcriptional regulator	true	go_0003700|go_0006355|kw_transcription_regulation|producto_refseq	refseq|kegg|uniprot	false
PA0702		PA0702	protein_coding	hypothetical protein	false		refseq|kegg|uniprot	false
PA0703		PA0703	protein_coding	major facilitator superfamily transporter	false		refseq|kegg|uniprot	false
PA0704		PA0704	protein_coding	amidase	false		refseq|kegg|uniprot	false
PA0705	migA	PA0705	protein_coding	alpha-1,6-rhamnosyltransferase MigA	false		refseq|kegg|uniprot	false
PA0706	cat	PA0706|catB7	protein_coding	chloramphenicol acetyltransferase	false		refseq|kegg|uniprot|uniprot_especie	true
PA0707	toxR	PA0707|regA	protein_coding	transcriptional regulator ToxR	true	kw_transcription_regulation|producto_refseq	refseq|kegg|uniprot|uniprot_especie	false
PA0708		PA0708	protein_coding	transcriptional regulator	true	go_0003700|go_0006355|kw_transcription_regulation|producto_refseq	refseq|kegg|uniprot	false
PA0709		PA0709	protein_coding	hypothetical protein	false		refseq|kegg|uniprot	false
PA0710	gloA2	PA0710	protein_coding	lactoylglutathione lyase	false		refseq|kegg|uniprot	false
PA0711		PA0711	protein_coding	hypothetical protein	false		refseq|kegg|uniprot	false
PA0712		PA0712	protein_coding	hypothetical protein	false		refseq|kegg|uniprot|uniprot_especie	false
PA0713		PA0713	protein_coding	hypothetical protein	false		refseq|kegg|uniprot	false
PA0714		PA0714	protein_coding	hypothetical protein	false		refseq|kegg|uniprot	false
PA0714.1	phrD	PA0714.1	ncRNA	PhrD	false		refseq|kegg	false
PA0715		PA0715	protein_coding	hypothetical protein	false		refseq|kegg|uniprot	false
PA0716		PA0716	protein_coding	hypothetical protein	false		refseq|kegg|uniprot	false
PA0718		PA0718	protein_coding	hypothetical protein	false		refseq|kegg|uniprot	false
PA0719		PA0719	protein_coding	hypothetical protein	false		refseq|kegg|uniprot	false
PA0720		PA0720	protein_coding	helix destabilizing protein of bacteriophage Pf1	false		refseq|kegg|uniprot	false
PA0721		PA0721	protein_coding	hypothetical protein	false		refseq|kegg|uniprot	false
PA0722		PA0722	protein_coding	hypothetical protein	false		refseq|kegg|uniprot	false
PA0723	coaB	PA0723	protein_coding	phage coat protein B	false		refseq|kegg|uniprot	false
PA0724		PA0724	protein_coding	phage coat protein A	false		refseq|kegg|uniprot	false
PA0725		PA0725	protein_coding	hypothetical protein	false		refseq|kegg|uniprot	false
PA0726		PA0726	protein_coding	hypothetical protein	false		refseq|kegg|uniprot	false
PA0727		PA0727	protein_coding	hypothetical protein	false		refseq|kegg|uniprot	false
PA0728		PA0728	protein_coding	bacteriophage integrase	false		refseq|kegg|uniprot	false
PA0729		PA0729	protein_coding	hypothetical protein	false		refseq|kegg|uniprot	false
PA0729.1		PA0729.1	tRNA	tRNA-Gly	false		refseq|kegg	false
PA0730	phaG	PA0730|qin	protein_coding	(R)-3-hydroxydecanoyl-ACP:CoA transacylase	false		refseq|kegg|uniprot|uniprot_especie	true
PA0731		PA0731	protein_coding	hypothetical protein	false		refseq|kegg|uniprot	false
PA0732		PA0732	protein_coding	hypothetical protein	false		refseq|kegg|uniprot	false
PA0733	rsuA	PA0733	protein_coding	16S rRNA pseudouridine(516) synthase	false		refseq|kegg|uniprot|uniprot_especie	false
PA0734		PA0734	protein_coding	hypothetical protein	false		refseq|kegg|uniprot	false
PA0735		PA0735	protein_coding	hypothetical protein	false		refseq|kegg|uniprot	false
PA0736		PA0736	protein_coding	hypothetical protein	false		refseq|kegg|uniprot	false
PA0737		PA0737	protein_coding	hypothetical protein	false		refseq|kegg|uniprot	false
PA0738		PA0738	protein_coding	hypothetical protein	false		refseq|kegg|uniprot	false
PA0739		PA0739	protein_coding	transcriptional regulator	true	go_0003700|go_0006355|kw_transcription_regulation|producto_refseq	refseq|kegg|uniprot	false
PA0740	sdsA1	PA0740	protein_coding	SDS hydrolase SdsA1	false		refseq|kegg|uniprot|uniprot_especie	false
PA0741		PA0741	protein_coding	hypothetical protein	false		refseq|kegg|uniprot	false
PA0742		PA0742	protein_coding	hypothetical protein	false		refseq|kegg|uniprot	false
PA0743		PA0743	protein_coding	NAD-dependent L-serine dehydrogenase	false		refseq|kegg|uniprot|uniprot_especie	false
PA0744		PA0744	protein_coding	enoyl-CoA hydratase	false		refseq|kegg|uniprot	false
PA0745		PA0745	protein_coding	enoyl-CoA hydratase	false		refseq|kegg|uniprot	false
PA0746		PA0746	protein_coding	acyl-CoA dehydrogenase	false		refseq|kegg|uniprot	false
PA0747		PA0747	protein_coding	aldehyde dehydrogenase	false		refseq|kegg|uniprot	false
PA0748		PA0748	pseudogene	pseudogene	false		refseq|kegg	false
PA0749		PA0749	protein_coding	hypothetical protein	false		refseq|kegg|uniprot	false
PA0750	ung	PA0750	protein_coding	uracil-DNA glycosylase	false		refseq|kegg|uniprot|uniprot_especie	true
PA0751		PA0751	protein_coding	hypothetical protein	false		refseq|kegg|uniprot	false
PA0752		PA0752	protein_coding	hypothetical protein	false		refseq|kegg|uniprot	false
PA0753		PA0753	protein_coding	hypothetical protein	false		refseq|kegg|uniprot	false
PA0754		PA0754	protein_coding	hypothetical protein	false		refseq|kegg|uniprot	false
PA0755	opdH	PA0755	protein_coding	cis-aconitate porin OpdH	false		refseq|kegg|uniprot	false
PA0756		PA0756	protein_coding	two-component response regulator	true	go_0006355|kw_transcription_regulation|kw_two_component|producto_refseq	refseq|kegg|uniprot	false
PA0757		PA0757	protein_coding	two-component sensor	true	kw_two_component	refseq|kegg|uniprot	false
PA0758		PA0758	protein_coding	hypothetical protein	false		refseq|kegg|uniprot	false
PA0759		PA0759	protein_coding	hypothetical protein	false		refseq|kegg|uniprot	false
PA0760	sdhE	PA0760	protein_coding	hypothetical protein	false		refseq|kegg|uniprot|uniprot_especie	false
PA0761	nadB	PA0761	protein_coding	L-aspartate oxidase	false		refseq|kegg|uniprot|uniprot_especie	false
PA0762	algU	PA0762|algT	protein_coding	RNA polymerase sigma factor AlgU	true	go_0006355|kw_sigma_factor|kw_transcription_regulation|producto_refseq	refseq|kegg|uniprot|uniprot_especie	false
PA0763	mucA	PA0763	protein_coding	sigma factor AlgU negative regulator MucA	true	producto_refseq	refseq|kegg|uniprot|uniprot_especie	false
PA0764	mucB	PA0764|algN	protein_coding	sigma factor AlgU regulator MucB	true	producto_refseq	refseq|kegg|uniprot|uniprot_especie	false
PA0765	mucC	PA0765	protein_coding	positive regulator for alginate biosynthesis MucC	false		refseq|kegg|uniprot	false
PA0766	mucD	PA0766	protein_coding	serine protease MucD	false		refseq|kegg|uniprot	false
PA0767	lepA	PA0767|le	protein_coding	elongation factor 4	false		refseq|kegg|uniprot|uniprot_especie	true
PA0768	lepB	PA0768	protein_coding	signal peptidase I	false		refseq|kegg|uniprot|uniprot_especie	false
PA0769		PA0769	protein_coding	hypothetical protein	false		refseq|kegg|uniprot	false
PA0770	rnc	PA0770	protein_coding	ribonuclease III	false		refseq|kegg|uniprot|uniprot_especie	true
PA0771	era	PA0771	protein_coding	GTPase Era	false		refseq|kegg|uniprot|uniprot_especie	true
PA0772	recO	PA0772	protein_coding	DNA repair protein RecO	false		refseq|kegg|uniprot|uniprot_especie	false
PA0773	pdxJ	PA0773	protein_coding	pyridoxine 5'-phosphate synthase	false		refseq|kegg|uniprot|uniprot_especie	false
PA0774	cmoB	PA0774	protein_coding	tRNA (mo5U34)-methyltransferase	false		refseq|kegg|uniprot|uniprot_especie	false
PA0775	cmoA	PA0775	protein_coding	tRNA (cmo5U34)-methyltransferase	false		refseq|kegg|uniprot|uniprot_especie	false
PA0776		PA0776	protein_coding	hypothetical protein	false		refseq|kegg|uniprot	false
PA0777		PA0777	protein_coding	hypothetical protein	false		refseq|kegg|uniprot	false
PA0778	icp	PA0778	protein_coding	inhibitor of cysteine peptidase	false		refseq|kegg|uniprot	true
PA0779	lon	PA0779	protein_coding	ATP-dependent protease	false		refseq|kegg|uniprot	true
PA0780	pruR	PA0780	protein_coding	proline utilization regulator	true	go_0003700|go_0006355|kw_transcription_regulation	refseq|kegg|uniprot	false
PA0781		PA0781	protein_coding	hypothetical protein	false		refseq|kegg|uniprot	false
PA0782	putA	PA0782	protein_coding	bifunctional proline dehydrogenase/pyrroline-5-carboxylate dehydrogenase	true	go_0003700|kw_transcription_regulation	refseq|kegg|uniprot	false
PA0783	putP	PA0783	protein_coding	sodium/proline symporter PutP	false		refseq|kegg|uniprot	false
PA0784		PA0784	protein_coding	transcriptional regulator	true	go_0003700|kw_transcription_regulation|producto_refseq	refseq|kegg|uniprot	false
PA0785	azoR1	PA0785	protein_coding	FMN-dependent NADH-azoreductase AzoR	false		refseq|kegg|uniprot|uniprot_especie	false
PA0786		PA0786	protein_coding	transporter	false		refseq|kegg|uniprot	false
PA0787		PA0787	protein_coding	hypothetical protein	false		refseq|kegg|uniprot	false
PA0788		PA0788	protein_coding	hypothetical protein	false		refseq|kegg|uniprot	false
PA0789		PA0789	protein_coding	amino acid permease	false		refseq|kegg|uniprot	false
PA0790		PA0790	protein_coding	hypothetical protein	false		refseq|kegg|uniprot	false
PA0791		PA0791	protein_coding	transcriptional regulator	true	go_0003700|go_0006355|kw_transcription_regulation|producto_refseq	refseq|kegg|uniprot	false
PA0792	prpD	PA0792	protein_coding	2-methylcitrate dehydratase	false		refseq|kegg|uniprot	false
PA0793		PA0793	protein_coding	hypothetical protein	false		refseq|kegg|uniprot	false
PA0794		PA0794	protein_coding	aconitate hydratase	false		refseq|kegg|uniprot	false
PA0795	prpC	PA0795	protein_coding	methylcitrate synthase	false		refseq|kegg|uniprot	false
PA0796	prpB	PA0796	protein_coding	2-methylisocitrate lyase	false		refseq|kegg|uniprot	false
PA0797		PA0797	protein_coding	transcriptional regulator	true	go_0003700|go_0006355|kw_transcription_regulation|producto_refseq	refseq|kegg|uniprot	false
PA0798	pmtA	PA0798	protein_coding	phospholipid methyltransferase	false		refseq|kegg|uniprot	false
PA0799		PA0799	protein_coding	helicase	false		refseq|kegg|uniprot	false
PA0800		PA0800	protein_coding	hypothetical protein	false		refseq|kegg|uniprot	false
PA0801		PA0801	protein_coding	hypothetical protein	false		refseq|kegg|uniprot	false
PA0802		PA0802	protein_coding	hypothetical protein	false		refseq|kegg|uniprot	false
PA0803		PA0803	protein_coding	hypothetical protein	false		refseq|kegg|uniprot	false
PA0804		PA0804	protein_coding	oxidoreductase	false		refseq|kegg|uniprot	false
PA0805		PA0805	protein_coding	hypothetical protein	false		refseq|kegg|uniprot	false
PA0806		PA0806	protein_coding	hypothetical protein	false		refseq|kegg|uniprot	false
PA0807	ampDh3	PA0807	protein_coding	protein AmpDh3	false		refseq|kegg|uniprot	false
PA0808		PA0808	protein_coding	hypothetical protein	false		refseq|kegg|uniprot	false
PA0809	mntH2	PA0809	protein_coding	divalent metal cation transporter MntH	false		refseq|kegg|uniprot|uniprot_especie	false
PA0810		PA0810	protein_coding	haloacid dehalogenase	false		refseq|kegg|uniprot	false
PA0811		PA0811	protein_coding	major facilitator superfamily transporter	false		refseq|kegg|uniprot	false
PA0812		PA0812	protein_coding	hypothetical protein	false		refseq|kegg|uniprot	false
PA0813		PA0813	protein_coding	hypothetical protein	false		refseq|kegg|uniprot	false
PA0814		PA0814	protein_coding	hypothetical protein	false		refseq|kegg|uniprot	false
PA0815		PA0815	protein_coding	transcriptional regulator	true	go_0003700|go_0006355|kw_transcription_regulation|producto_refseq	refseq|kegg|uniprot	false
PA0816		PA0816	protein_coding	transcriptional regulator	true	go_0003700|go_0006355|kw_transcription_regulation|producto_refseq	refseq|kegg|uniprot	false
PA0817		PA0817	protein_coding	ring-cleaving dioxygenase	false		refseq|kegg|uniprot	false
PA0818		PA0818	protein_coding	hypothetical protein	false		refseq|kegg|uniprot	false
PA0819		PA0819	protein_coding	hypothetical protein	false		refseq|kegg|uniprot	false
PA0820		PA0820	protein_coding	hypothetical protein	false		refseq|kegg|uniprot	false
PA0821		PA0821	protein_coding	hypothetical protein	false		refseq|kegg|uniprot	false
PA0823		PA0823	protein_coding	hypothetical protein	false		refseq|kegg|uniprot	false
PA0824		PA0824	protein_coding	hypothetical protein	false		refseq|kegg|uniprot	false
PA0825		PA0825	protein_coding	hypothetical protein	false		refseq|kegg|uniprot	false
PA0826		PA0826	protein_coding	hypothetical protein	false		refseq|kegg|uniprot	false
PA0826.2	ssrA	PA0826.2	ncRNA	ssrA	false		refseq|kegg	false
PA0827		PA0827	protein_coding	hypothetical protein	false		refseq|kegg|uniprot	false
PA0828		PA0828	protein_coding	transcriptional regulator	true	go_0003700|go_0006355|producto_refseq	refseq|kegg|uniprot	false
PA0829		PA0829	protein_coding	hydrolase	false		refseq|kegg|uniprot	false
PA0830		PA0830	protein_coding	hypothetical protein	false		refseq|kegg|uniprot	false
PA0831	oruR	PA0831	protein_coding	ornithine utilization transcriptional regulator OruR	true	go_0003700|kw_transcription_regulation|producto_refseq	refseq|kegg|uniprot|uniprot_especie	false
PA0832		PA0832	protein_coding	hypothetical protein	false		refseq|kegg|uniprot	false
PA0833		PA0833	protein_coding	hypothetical protein	false		refseq|kegg|uniprot	false
PA0834		PA0834	protein_coding	acyltransferase	false		refseq|kegg|uniprot	false
PA0835	pta	PA0835	protein_coding	phosphate acetyltransferase	false		refseq|kegg|uniprot|uniprot_especie	true
PA0836	ackA	PA0836	protein_coding	acetate kinase	false		refseq|kegg|uniprot|uniprot_especie	false
PA0836.1		PA0836.1	ncRNA	P5	false		refseq|kegg	false
PA0837	slyD	PA0837	protein_coding	peptidyl-prolyl cis-trans isomerase SlyD	false		refseq|kegg|uniprot	false
PA0838		PA0838	protein_coding	glutathione peroxidase	false		refseq|kegg|uniprot	false
PA0839		PA0839	protein_coding	transcriptional regulator	true	go_0003700|kw_transcription_regulation|producto_refseq	refseq|kegg|uniprot	false
PA0840		PA0840	protein_coding	oxidoreductase	false		refseq|kegg|uniprot	false
PA0841		PA0841	protein_coding	hypothetical protein	false		refseq|kegg|uniprot	false
PA0842		PA0842	protein_coding	glycosyl transferase family protein	false		refseq|kegg|uniprot	false
PA0843	plcR	PA0843	protein_coding	phospholipase C accessory protein PlcR	false		refseq|kegg|uniprot|uniprot_especie	false
PA0844	plcH	PA0844	protein_coding	hemolytic phospholipase C	false		refseq|kegg|uniprot|uniprot_especie	false
PA0845		PA0845	protein_coding	neutral ceramidase	false		refseq|kegg|uniprot|uniprot_especie	false
PA0846	cysZ	PA0846	protein_coding	sulfate transporter CysZ	false		refseq|kegg|uniprot|uniprot_especie	false
PA0847		PA0847	protein_coding	hypothetical protein	true	go_0006355	refseq|kegg|uniprot	false
PA0848		PA0848	protein_coding	alkyl hydroperoxide reductase	false		refseq|kegg|uniprot	false
PA0849	trxB2	PA0849	protein_coding	thioredoxin reductase	false		refseq|kegg|uniprot	false
PA0850		PA0850	protein_coding	hypothetical protein	false		refseq|kegg|uniprot	false
PA0851		PA0851	protein_coding	hypothetical protein	false		refseq|kegg|uniprot	false
PA0852	cbpD	PA0852|lasD	protein_coding	chitin-binding protein CbpD	false		refseq|kegg|uniprot|uniprot_especie	false
PA0853		PA0853	protein_coding	oxidoreductase	false		refseq|kegg|uniprot	false
PA0854	fumC2	PA0854	protein_coding	fumarate hydratase	false		refseq|kegg|uniprot|uniprot_especie	false
PA0855		PA0855	protein_coding	hypothetical protein	false		refseq|kegg|uniprot	false
PA0856		PA0856	protein_coding	hypothetical protein	false		refseq|kegg|uniprot	false
PA0857	bolA	PA0857	protein_coding	morphogene protein BolA	false		refseq|kegg|uniprot	false
PA0858	trhO	PA0858	protein_coding	hypothetical protein	false		refseq|kegg|uniprot|uniprot_especie	false
PA0859		PA0859	protein_coding	hypothetical protein	false		refseq|kegg|uniprot	false
PA0860		PA0860	protein_coding	ABC transporter ATP-binding protein/permease	false		refseq|kegg|uniprot	false
PA0861		PA0861	protein_coding	hypothetical protein	true	go_0006355	refseq|kegg|uniprot	false
PA0862		PA0862	protein_coding	hypothetical protein	false		refseq|kegg|uniprot	false
PA0863		PA0863	protein_coding	oxidoreductase	false		refseq|kegg|uniprot	false
PA0864		PA0864	protein_coding	transcriptional regulator	true	go_0003700|go_0006355|kw_transcription_regulation|producto_refseq	refseq|kegg|uniprot	false
PA0865	hpd	PA0865	protein_coding	4-hydroxyphenylpyruvate dioxygenase	false		refseq|kegg|uniprot|uniprot_especie	true
PA0866	aroP2	PA0866	protein_coding	aromatic amino acid transporter AroP	false		refseq|kegg|uniprot	false
PA0867	mliC	PA0867	protein_coding	lysozyme inhibitor	false		refseq|kegg|uniprot|uniprot_especie	false
PA0868		PA0868	protein_coding	peptidyl-tRNA hydrolase	false		refseq|kegg|uniprot	false
PA0869	pbpG	PA0869	protein_coding	D-alanyl-D-alanine endopeptidase	false		refseq|kegg|uniprot|uniprot_especie	false
PA0870	phhC	PA0870	protein_coding	aromatic amino acid aminotransferase	false		refseq|kegg|uniprot|uniprot_especie	false
PA0871	phhB	PA0871	protein_coding	pterin-4-alpha-carbinolamine dehydratase	false		refseq|kegg|uniprot|uniprot_especie	false
PA0872	phhA	PA0872	protein_coding	phenylalanine 4-monooxygenase	false		refseq|kegg|uniprot|uniprot_especie	false
PA0873	phhR	PA0873	protein_coding	transcriptional regulator PhhR	true	kw_transcription_regulation|producto_refseq	refseq|kegg|uniprot	false
PA0874		PA0874	protein_coding	hypothetical protein	false		refseq|kegg|uniprot	false
PA0875		PA0875	protein_coding	hypothetical protein	false		refseq|kegg|uniprot	false
PA0876		PA0876	protein_coding	transcriptional regulator	true	go_0003700|go_0006355|kw_transcription_regulation|producto_refseq	refseq|kegg|uniprot	false
PA0877		PA0877	protein_coding	transcriptional regulator	true	go_0003700|go_0006355|kw_transcription_regulation|producto_refseq	refseq|kegg|uniprot	false
PA0878		PA0878	protein_coding	hypothetical protein	false		refseq|kegg|uniprot	false
PA0879		PA0879	protein_coding	acyl-CoA dehydrogenase	false		refseq|kegg|uniprot	false
PA0880		PA0880	protein_coding	ring-cleaving dioxygenase	false		refseq|kegg|uniprot	false
PA0881		PA0881	protein_coding	hypothetical protein	false		refseq|kegg|uniprot	false
PA0882		PA0882	protein_coding	hypothetical protein	false		refseq|kegg|uniprot	false
PA0883		PA0883	protein_coding	acyl-CoA lyase subunit beta	false		refseq|kegg|uniprot	false
PA0884		PA0884	protein_coding	C4-dicarboxylate-binding protein	false		refseq|kegg|uniprot	false
PA0885		PA0885	protein_coding	C4-dicarboxylate transporter	false		refseq|kegg|uniprot	false
PA0886		PA0886	protein_coding	C4-dicarboxylate transporter	false		refseq|kegg|uniprot	false
PA0887	acsA	PA0887|acsA1	protein_coding	acetyl-CoA synthetase	false		refseq|kegg|uniprot|uniprot_especie	false
PA0887.1		PA0887.1	ncRNA	P7	false		refseq|kegg	false
PA0888	aotJ	PA0888	protein_coding	arginine/ornithine ABC transporter substrate-binding protein AotJ	false		refseq|kegg|uniprot|uniprot_especie	false
PA0889	aotQ	PA0889	protein_coding	arginine/ornithine ABC transporter permease AotQ	false		refseq|kegg|uniprot	false
PA0890	aotM	PA0890	protein_coding	arginine/ornithine ABC transporter permease AotM	false		refseq|kegg|uniprot	false
PA0891		PA0891	protein_coding	hypothetical protein	false		refseq|kegg|uniprot	false
PA0892	aotP	PA0892	protein_coding	arginine/ornithine ABC transporter ATP-binding protein AotP	false		refseq|kegg|uniprot|uniprot_especie	false
PA0893	argR	PA0893	protein_coding	transcriptional regulator ArgR	true	collectf|go_0006355|kw_transcription_regulation|producto_refseq	refseq|kegg|uniprot|uniprot_especie	false
PA0894		PA0894	protein_coding	hypothetical protein	false		refseq|kegg|uniprot	false
PA0895	aruC	PA0895|argD|astC	protein_coding	acetylornithine aminotransferase	false		refseq|kegg|uniprot|uniprot_especie	false
PA0896	aruF	PA0896|astA	protein_coding	arginine N-succinyltransferase subunit alpha	false		refseq|kegg|uniprot|uniprot_especie	false
PA0897	aruG	PA0897	protein_coding	arginine N-succinyltransferase subunit beta	false		refseq|kegg|uniprot|uniprot_especie	false
PA0898	aruD	PA0898|astD	protein_coding	N-succinylglutamate 5-semialdehyde dehydrogenase	false		refseq|kegg|uniprot|uniprot_especie	false
PA0899	aruB	PA0899|astB	protein_coding	N-succinylarginine dihydrolase	false		refseq|kegg|uniprot|uniprot_especie	false
PA0900		PA0900	protein_coding	hypothetical protein	false		refseq|kegg|uniprot	false
PA0901	aruE	PA0901|astE	protein_coding	succinylglutamate desuccinylase	false		refseq|kegg|uniprot|uniprot_especie	false
PA0902		PA0902	protein_coding	hypothetical protein	false		refseq|kegg|uniprot	false
PA0903	alaS	PA0903	protein_coding	alanine--tRNA ligase	false		refseq|kegg|uniprot|uniprot_especie	false
PA0904	lysC	PA0904	protein_coding	aspartokinase	false		refseq|kegg|uniprot|uniprot_especie	false
PA0905	rsmA	PA0905|csrA	protein_coding	carbon storage regulator	false		refseq|kegg|uniprot|uniprot_especie	false
PA0905.1		PA0905.1	tRNA	tRNA-Ser	false		refseq|kegg	false
PA0905.2		PA0905.2	tRNA	tRNA-Arg	false		refseq|kegg	false
PA0905.3		PA0905.3	tRNA	tRNA-Arg	false		refseq|kegg	false
PA0906		PA0906	protein_coding	transcriptional regulator	true	go_0006355|kw_transcription_regulation|producto_refseq	refseq|kegg|uniprot	false
PA0907		PA0907	protein_coding	hypothetical protein	false		refseq|kegg|uniprot	false
PA0908		PA0908	protein_coding	hypothetical protein	false		refseq|kegg|uniprot	false
PA0909		PA0909	protein_coding	hypothetical protein	false		refseq|kegg|uniprot	false
PA0910		PA0910	protein_coding	hypothetical protein	false		refseq|kegg|uniprot	false
PA0911		PA0911	protein_coding	hypothetical protein	false		refseq|kegg|uniprot	false
PA0912		PA0912	protein_coding	hypothetical protein	false		refseq|kegg|uniprot	false
PA0913	mgtE	PA0913	protein_coding	Mg transporter MgtE	false		refseq|kegg|uniprot	false
PA0914		PA0914	protein_coding	hypothetical protein	false		refseq|kegg|uniprot	false
PA0915		PA0915	protein_coding	hypothetical protein	false		refseq|kegg|uniprot	false
PA0916	rimO	PA0916	protein_coding	ribosomal protein S12 methylthiotransferase RimO	false		refseq|kegg|uniprot|uniprot_especie	false
PA0917	kup	PA0917	protein_coding	potassium transport system protein kup	false		refseq|kegg|uniprot|uniprot_especie	true
PA0918		PA0918	protein_coding	cytochrome b561	false		refseq|kegg|uniprot	false
PA0919		PA0919	protein_coding	hypothetical protein	false		refseq|kegg|uniprot	false
PA0920		PA0920	protein_coding	hypothetical protein	false		refseq|kegg|uniprot	false
PA0921		PA0921	protein_coding	hypothetical protein	false		refseq|kegg|uniprot	false
PA0922		PA0922	protein_coding	hypothetical protein	false		refseq|kegg|uniprot	false
PA0922.1		PA0922.1	tRNA	tRNA-Met	false		refseq|kegg	false
PA0923	dinB	PA0923	protein_coding	DNA polymerase IV	false		refseq|kegg|uniprot|uniprot_especie	false
PA0924		PA0924	protein_coding	hypothetical protein	false		refseq|kegg|uniprot	false
PA0925		PA0925	protein_coding	hypothetical protein	false		refseq|kegg|uniprot	false
PA0926		PA0926	protein_coding	hypothetical protein	false		refseq|kegg|uniprot	false
PA0927	ldhA	PA0927	protein_coding	D-lactate dehydrogenase	false		refseq|kegg|uniprot	false
PA0928	gacS	PA0928	protein_coding	sensor/response regulator hybrid protein	true	kw_two_component|producto_refseq	refseq|kegg|uniprot	false
PA0929		PA0929	protein_coding	two-component response regulator	true	go_0006355|kw_transcription_regulation|kw_two_component|producto_refseq	refseq|kegg|uniprot	false
PA0930		PA0930	protein_coding	two-component sensor	true	kw_two_component	refseq|kegg|uniprot	false
PA0931	pirA	PA0931	protein_coding	outer membrane receptor FepA	false		refseq|kegg|uniprot|uniprot_especie	false
PA0932	cysM	PA0932	protein_coding	cysteine synthase B	false		refseq|kegg|uniprot|uniprot_especie	false
PA0933	ygcA	PA0933|rlmD|rumA	protein_coding	23S rRNA (uracil(1939)-C(5))-methyltransferase RlmD	false		refseq|kegg|uniprot|uniprot_especie	false
PA0934	relA	PA0934	protein_coding	GTP pyrophosphokinase	false		refseq|kegg|uniprot	false
PA0935		PA0935	protein_coding	nucleoside triphosphate pyrophosphohydrolase	false		refseq|kegg|uniprot	false
PA0936	lpxO2	PA0936	protein_coding	lipopolysaccharide biosynthetic protein LpxO	false		refseq|kegg|uniprot	false
PA0937		PA0937	protein_coding	hypothetical protein	false		refseq|kegg|uniprot	false
PA0938		PA0938	protein_coding	hypothetical protein	false		refseq|kegg|uniprot	false
PA0939		PA0939	protein_coding	hypothetical protein	false		refseq|kegg|uniprot	false
PA0940		PA0940	protein_coding	hypothetical protein	false		refseq|kegg|uniprot	false
PA0941		PA0941	protein_coding	hypothetical protein	false		refseq|kegg|uniprot	false
PA0942		PA0942	protein_coding	transcriptional regulator	true	go_0006355|kw_transcription_regulation|producto_refseq	refseq|kegg|uniprot	false
PA0943		PA0943	protein_coding	hypothetical protein	false		refseq|kegg|uniprot	false
PA0944	purN	PA0944	protein_coding	phosphoribosylglycinamide formyltransferase	false		refseq|kegg|uniprot	false
PA0945	purM	PA0945	protein_coding	phosphoribosylformylglycinamidine cyclo-ligase	false		refseq|kegg|uniprot|uniprot_especie	false
PA0946		PA0946	protein_coding	hypothetical protein	false		refseq|kegg|uniprot	false
PA0947		PA0947	protein_coding	DNA replication initiation factor	false		refseq|kegg|uniprot	false
PA0948		PA0948	protein_coding	hypothetical protein	false		refseq|kegg|uniprot	false
PA0949	wrbA	PA0949	protein_coding	NAD(P)H dehydrogenase	false		refseq|kegg|uniprot|uniprot_especie	false
PA0950		PA0950	protein_coding	arsenate reductase	false		refseq|kegg|uniprot	false
PA0951		PA0951	protein_coding	hypothetical protein	false		refseq|kegg|uniprot|uniprot_especie	false
PA0952		PA0952	protein_coding	hypothetical protein	false		refseq|kegg|uniprot	false
PA0953		PA0953	protein_coding	thioredoxin	false		refseq|kegg|uniprot	false
PA0954	acyP	PA0954	protein_coding	acylphosphatase	false		refseq|kegg|uniprot|uniprot_especie	false
PA0955		PA0955	protein_coding	hypothetical protein	false		refseq|kegg|uniprot	false
PA0956	proS	PA0956	protein_coding	proline--tRNA ligase	false		refseq|kegg|uniprot|uniprot_especie	false
PA0957		PA0957	protein_coding	hypothetical protein	false		refseq|kegg|uniprot	false
PA0958	oprD	PA0958|occD1	protein_coding	porin D	false		refseq|kegg|uniprot|uniprot_especie	false
PA0959		PA0959	protein_coding	hypothetical protein	false		refseq|kegg|uniprot	false
PA0960	slyX	PA0960	protein_coding	hypothetical protein	false		refseq|kegg|uniprot|uniprot_especie	false
PA0961		PA0961	protein_coding	cold-shock protein	false		refseq|kegg|uniprot	false
PA0962		PA0962	protein_coding	DNA-binding stress protein	false		refseq|kegg|uniprot	false
PA0963	aspS	PA0963	protein_coding	aspartate--tRNA ligase	false		refseq|kegg|uniprot|uniprot_especie	false
PA0964	pmpR	PA0964	protein_coding	transcriptional regulator PmpR	true	go_0006355|kw_transcription_regulation|producto_refseq	refseq|kegg|uniprot|uniprot_especie	false
PA0965	ruvC	PA0965	protein_coding	crossover junction endodeoxyribonuclease RuvC	false		refseq|kegg|uniprot|uniprot_especie	false
PA0966	ruvA	PA0966	protein_coding	Holliday junction ATP-dependent DNA helicase RuvA	false		refseq|kegg|uniprot|uniprot_especie	false
PA0967	ruvB	PA0967	protein_coding	Holliday junction ATP-dependent DNA helicase RuvB	false		refseq|kegg|uniprot|uniprot_especie	false
PA0968		PA0968	protein_coding	hypothetical protein	false		refseq|kegg|uniprot	false
PA0969	tolQ	PA0969	protein_coding	translocation protein TolQ	false		refseq|kegg|uniprot|uniprot_especie	false
PA0970	tolR	PA0970	protein_coding	translocation protein TolR	false		refseq|kegg|uniprot|uniprot_especie	false
PA0971	tolA	PA0971	protein_coding	translocation protein TolA	false		refseq|kegg|uniprot|uniprot_especie	false
PA0972	tolB	PA0972	protein_coding	translocation protein TolB	false		refseq|kegg|uniprot|uniprot_especie	false
PA0973	oprL	PA0973|pal	protein_coding	peptidoglycan associated lipoprotein OprL	false		refseq|kegg|uniprot|uniprot_especie	true
PA0974	cpoB	PA0974	protein_coding	hypothetical protein	false		refseq|kegg|uniprot	false
PA0975	queE	PA0975	protein_coding	radical activating enzyme	false		refseq|kegg|uniprot	false
PA0976	queC	PA0976	protein_coding	7-cyano-7-deazaguanine synthase	false		refseq|kegg|uniprot|uniprot_especie	false
PA0976.1		PA0976.1	tRNA	tRNA-Lys	false		refseq|kegg	false
PA0978		PA0978	protein_coding	hypothetical protein	false		refseq|kegg|uniprot	false
PA0979		PA0979	protein_coding	hypothetical protein	false		refseq|kegg|uniprot	false
PA0981		PA0981	protein_coding	hypothetical protein	false		refseq|kegg|uniprot	false
PA0982		PA0982	protein_coding	hypothetical protein	false		refseq|kegg|uniprot	false
PA0983		PA0983	protein_coding	hypothetical protein	false		refseq|kegg|uniprot	false
PA0984		PA0984	protein_coding	colicin immunity protein	false		refseq|kegg|uniprot	false
PA0985	pyoS5	PA0985	protein_coding	pyocin S5	false		refseq|kegg|uniprot	false
PA0986		PA0986	protein_coding	hypothetical protein	false		refseq|kegg|uniprot	false
PA0987		PA0987	protein_coding	hypothetical protein	false		refseq|kegg|uniprot	false
PA0988		PA0988	protein_coding	hypothetical protein	false		refseq|kegg|uniprot	false
PA0989		PA0989	protein_coding	hypothetical protein	false		refseq|kegg|uniprot	false
PA0990		PA0990	protein_coding	hypothetical protein	false		refseq|kegg|uniprot	false
PA0992	cupC1	PA0992	protein_coding	fimbrial subunit CupC1	false		refseq|kegg|uniprot	false
PA0993	cupC2	PA0993	protein_coding	chaperone CupC2	false		refseq|kegg|uniprot	false
PA0994	cupC3	PA0994	protein_coding	usher CupC3	false		refseq|kegg|uniprot	false
PA0995	ogt	PA0995	protein_coding	methylated-DNA--protein-cysteine methyltransferase	false		refseq|kegg|uniprot	true
PA0996	pqsA	PA0996	protein_coding	anthranilate--CoA ligase	false		refseq|kegg|uniprot|uniprot_especie	false
PA0997	pqsB	PA0997	protein_coding	hypothetical protein	false		refseq|kegg|uniprot|uniprot_especie	false
PA0998	pqsC	PA0998	protein_coding	hypothetical protein	false		refseq|kegg|uniprot|uniprot_especie	false
PA0999	pqsD	PA0999	protein_coding	3-oxoacyl-ACP synthase	false		refseq|kegg|uniprot|uniprot_especie	false
PA1000	pqsE	PA1000	protein_coding	thioesterase PqsE	false		refseq|kegg|uniprot|uniprot_especie	false
PA1001	phnA	PA1001	protein_coding	anthranilate synthase component I	false		refseq|kegg|uniprot|uniprot_especie	false
PA1002	phnB	PA1002	protein_coding	anthranilate synthase component II	false		refseq|kegg|uniprot|uniprot_especie	false
PA1003	mvfR	PA1003|PqsR|pqsR	protein_coding	transcriptional regulator MvfR	true	go_0003700|go_0006355|kw_transcription_regulation|producto_refseq	refseq|kegg|uniprot|uniprot_especie|manual	false
PA1004	nadA	PA1004	protein_coding	quinolinate synthetase	false		refseq|kegg|uniprot|uniprot_especie	false
PA1005		PA1005	protein_coding	hypothetical protein	false		refseq|kegg|uniprot	false
PA1006		PA1006	protein_coding	hypothetical protein	false		refseq|kegg|uniprot	false
PA1007		PA1007	protein_coding	hypothetical protein	false		refseq|kegg|uniprot	false
PA1008	bcp	PA1008	protein_coding	bacterioferritin comigratory protein	false		refseq|kegg|uniprot	true
PA1009		PA1009	protein_coding	hypothetical protein	true	go_0006355	refseq|kegg|uniprot	false
PA1010	dapA	PA1010	protein_coding	4-hydroxy-tetrahydrodipicolinate synthase	false		refseq|kegg|uniprot|uniprot_especie	false
PA1011		PA1011	protein_coding	hypothetical protein	false		refseq|kegg|uniprot	false
PA1012		PA1012	protein_coding	hypothetical protein	false		refseq|kegg|uniprot	false
PA1013	purC	PA1013	protein_coding	phosphoribosylaminoimidazole-succinocarboxamide synthase	false		refseq|kegg|uniprot|uniprot_especie	false
PA1013.1		PA1013.1	tRNA	tRNA-Ser	false		refseq|kegg	false
PA1014		PA1014	protein_coding	glycosyl transferase family protein	false		refseq|kegg|uniprot	false
PA1015		PA1015	protein_coding	transcriptional regulator	true	go_0003700|kw_transcription_regulation|producto_refseq	refseq|kegg|uniprot	false
PA1016		PA1016	protein_coding	thiolase	false		refseq|kegg|uniprot	false
PA1017	pauA	PA1017	protein_coding	pimeloyl-CoA synthetase	false		refseq|kegg|uniprot	false
PA1018		PA1018	protein_coding	hypothetical protein	false		refseq|kegg|uniprot	false
PA1019	mucK	PA1019	protein_coding	cis,cis-muconate transporter MucK	false		refseq|kegg|uniprot	false
PA1020		PA1020	protein_coding	acyl-CoA dehydrogenase	false		refseq|kegg|uniprot	false
PA1021		PA1021	protein_coding	enoyl-CoA hydratase	false		refseq|kegg|uniprot	false
PA1022		PA1022	protein_coding	acyl-CoA dehydrogenase	false		refseq|kegg|uniprot	false
PA1023		PA1023	protein_coding	short-chain dehydrogenase	false		refseq|kegg|uniprot	false
PA1024		PA1024	protein_coding	nitronate monooxygenase	false		refseq|kegg|uniprot|uniprot_especie	false
PA1025		PA1025	protein_coding	porin	false		refseq|kegg|uniprot	false
PA1026		PA1026	protein_coding	hypothetical protein	false		refseq|kegg|uniprot	false
PA1027		PA1027	protein_coding	aldehyde dehydrogenase	false		refseq|kegg|uniprot	false
PA1028		PA1028	protein_coding	oxidoreductase	false		refseq|kegg|uniprot	false
PA1029		PA1029	pseudogene	pseudogene	false		refseq|kegg|uniprot	false
PA1030		PA1030	protein_coding	hypothetical protein	false		refseq|kegg|uniprot	false
PA1030.1		PA1030.1	ncRNA	P8	false		refseq|kegg	false
PA1031	rmuC	PA1031	protein_coding	DNA recombination protein RmuC	false		refseq|kegg|uniprot|uniprot_especie	false
PA1032	quiP	PA1032	protein_coding	acyl-homoserine lactone acylase QuiP	false		refseq|kegg|uniprot|uniprot_especie	false
PA1033		PA1033	protein_coding	glutathione S-transferase	false		refseq|kegg|uniprot	false
PA1034		PA1034	protein_coding	hypothetical protein	false		refseq|kegg|uniprot	false
PA1035		PA1035	protein_coding	hypothetical protein	false		refseq|kegg|uniprot	false
PA1036		PA1036	protein_coding	hypothetical protein	false		refseq|kegg|uniprot	false
PA1037		PA1037	protein_coding	hypothetical protein	false		refseq|kegg|uniprot	false
PA1038		PA1038	protein_coding	hypothetical protein	false		refseq|kegg|uniprot	false
PA1039		PA1039	protein_coding	hypothetical protein	false		refseq|kegg|uniprot|uniprot_especie	false
PA1040		PA1040	protein_coding	hypothetical protein	false		refseq|kegg|uniprot	false
PA1041		PA1041	protein_coding	hypothetical protein	false		refseq|kegg|uniprot	false
PA1042		PA1042	protein_coding	hypothetical protein	false		refseq|kegg|uniprot	false
PA1043		PA1043	protein_coding	hypothetical protein	false		refseq|kegg|uniprot	false
PA1044		PA1044	protein_coding	hypothetical protein	false		refseq|kegg|uniprot	false
PA1045	dinG	PA1045	protein_coding	ATP-dependent DNA helicase DinG	false		refseq|kegg|uniprot	false
PA1046		PA1046	protein_coding	hypothetical protein	false		refseq|kegg|uniprot	false
PA1047		PA1047	protein_coding	esterase	false		refseq|kegg|uniprot	false
PA1048		PA1048	protein_coding	hypothetical protein	false		refseq|kegg|uniprot	false
PA1049	pdxH	PA1049	protein_coding	pyridoxine/pyridoxamine 5'-phosphate oxidase	false		refseq|kegg|uniprot|uniprot_especie	false
PA1050		PA1050	protein_coding	hypothetical protein	true	go_0003700	refseq|kegg|uniprot	false
PA1051		PA1051	protein_coding	transporter	false		refseq|kegg|uniprot	false
PA1052		PA1052	protein_coding	hypothetical protein	false		refseq|kegg|uniprot	false
PA1053		PA1053	protein_coding	hypothetical protein	false		refseq|kegg|uniprot	false
PA1054		PA1054	protein_coding	monovalent cation/H+ antiporter subunit A	false		refseq|kegg|uniprot	false
PA1055		PA1055	protein_coding	monovalent cation/H+ antiporter subunit C	false		refseq|kegg|uniprot	false
PA1056		PA1056	protein_coding	monovalent cation/H+ antiporter subunit D	false		refseq|kegg|uniprot	false
PA1057		PA1057	protein_coding	monovalent cation/H+ antiporter subunit E	false		refseq|kegg|uniprot	false
PA1058		PA1058	protein_coding	monovalent cation/H+ antiporter subunit F	false		refseq|kegg|uniprot	false
PA1059		PA1059	protein_coding	monovalent cation/H+ antiporter subunit G	false		refseq|kegg|uniprot	false
PA1060		PA1060	protein_coding	hypothetical protein	false		refseq|kegg|uniprot	false
PA1061	cds1	PA1061	protein_coding	hypothetical protein	false		refseq|kegg|uniprot	false
PA1062		PA1062	protein_coding	hypothetical protein	false		refseq|kegg|uniprot	false
PA1063		PA1063	protein_coding	hypothetical protein	false		refseq|kegg|uniprot	false
PA1064		PA1064	protein_coding	hypothetical protein	false		refseq|kegg|uniprot	false
PA1065		PA1065	protein_coding	hypothetical protein	false		refseq|kegg|uniprot	false
PA1066		PA1066	protein_coding	short-chain dehydrogenase	false		refseq|kegg|uniprot	false
PA1067		PA1067	protein_coding	transcriptional regulator	true	go_0003700|kw_transcription_regulation|producto_refseq	refseq|kegg|uniprot	false
PA1068		PA1068	protein_coding	heat shock protein	false		refseq|kegg|uniprot	false
PA1069		PA1069	protein_coding	hypothetical protein	false		refseq|kegg|uniprot	false
PA1070	braG	PA1070	protein_coding	ABC transporter ATP-binding protein	false		refseq|kegg|uniprot|uniprot_especie	false
PA1071	braF	PA1071	protein_coding	ABC transporter ATP-binding protein	false		refseq|kegg|uniprot|uniprot_especie	false
PA1072	braE	PA1072	protein_coding	branched-chain amino acid ABC transporter permease BraE	false		refseq|kegg|uniprot|uniprot_especie	false
PA1073	braD	PA1073	protein_coding	branched-chain amino acid ABC transporter permease BraD	false		refseq|kegg|uniprot|uniprot_especie	false
PA1074	braC	PA1074	protein_coding	branched-chain amino acid ABC transporter substrate-binding protein BraC	false		refseq|kegg|uniprot|uniprot_especie	false
PA1075		PA1075	protein_coding	hypothetical protein	false		refseq|kegg|uniprot	false
PA1076		PA1076	protein_coding	hypothetical protein	false		refseq|kegg|uniprot	false
PA1077	flgB	PA1077	protein_coding	flagellar basal-body rod protein FlgB	false		refseq|kegg|uniprot	false
PA1078	flgC	PA1078	protein_coding	flagellar basal body rod protein FlgC	false		refseq|kegg|uniprot	false
PA1079	flgD	PA1079	protein_coding	flagellar basal body rod modification protein	false		refseq|kegg|uniprot	false
PA1080	flgE	PA1080	protein_coding	flagellar hook protein FlgE	false		refseq|kegg|uniprot	false
PA1081	flgF	PA1081	protein_coding	flagellar basal body rod protein FlgF	false		refseq|kegg|uniprot	false
PA1082	flgG	PA1082	protein_coding	flagellar basal body rod protein FlgG	false		refseq|kegg|uniprot	false
PA1083	flgH	PA1083	protein_coding	flagellar basal body L-ring protein	false		refseq|kegg|uniprot|uniprot_especie	false
PA1084	flgI	PA1084	protein_coding	flagellar basal body P-ring protein	false		refseq|kegg|uniprot|uniprot_especie	false
PA1085	flgJ	PA1085	protein_coding	peptidoglycan hydrolase FlgJ	false		refseq|kegg|uniprot|uniprot_especie	false
PA1086	flgK	PA1086	protein_coding	flagellar hook-associated protein FlgK	false		refseq|kegg|uniprot	false
PA1087	flgL	PA1087	protein_coding	flagellar hook-associated protein FlgL	false		refseq|kegg|uniprot	false
PA1088		PA1088	protein_coding	hypothetical protein	false		refseq|kegg|uniprot	false
PA1089		PA1089	protein_coding	hypothetical protein	false		refseq|kegg|uniprot	false
PA1090		PA1090	protein_coding	hypothetical protein	false		refseq|kegg|uniprot	false
PA1091	fgtA	PA1091	protein_coding	flagellar glycosyl transferase FgtA	false		refseq|kegg|uniprot	false
PA1092	fliC	PA1092	protein_coding	B-type flagellin	false		refseq|kegg|uniprot|uniprot_especie	false
PA1093		PA1093	protein_coding	hypothetical protein	false		refseq|kegg|uniprot	false
PA1094	fliD	PA1094	protein_coding	B-type flagellar hook-associated protein	false		refseq|kegg|uniprot|uniprot_especie	false
PA1095	fliS	PA1095	protein_coding	B-type flagellar protein FliS	false		refseq|kegg|uniprot|uniprot_especie	false
PA1096		PA1096	protein_coding	hypothetical protein	false		refseq|kegg|uniprot	false
PA1097	fleQ	PA1097	protein_coding	transcriptional regulator FleQ	true	collectf|go_0006355|kw_transcription_regulation|producto_refseq	refseq|kegg|uniprot|uniprot_especie	false
PA1098	fleS	PA1098	protein_coding	two-component sensor	true	kw_two_component	refseq|kegg|uniprot|uniprot_especie	false
PA1099	fleR	PA1099	protein_coding	two-component response regulator	true	kw_transcription_regulation|kw_two_component|producto_refseq	refseq|kegg|uniprot|uniprot_especie	false
PA1100	fliE	PA1100	protein_coding	flagellar hook-basal body complex protein FliE	false		refseq|kegg|uniprot|uniprot_especie	false
PA1101	fliF	PA1101	protein_coding	flagellar MS-ring protein	false		refseq|kegg|uniprot|uniprot_especie	false
PA1102	fliG	PA1102	protein_coding	flagellar motor switch protein FliG	false		refseq|kegg|uniprot|uniprot_especie	false
PA1103		PA1103	protein_coding	flagellar assembly protein FliH	false		refseq|kegg|uniprot	false
PA1104	fliI	PA1104	protein_coding	flagellum-specific ATP synthase	false		refseq|kegg|uniprot|uniprot_especie	false
PA1105	fliJ	PA1105	protein_coding	flagellar biosynthesis chaperone	false		refseq|kegg|uniprot	false
PA1106		PA1106	protein_coding	hypothetical protein	false		refseq|kegg|uniprot	false
PA1107		PA1107	protein_coding	hypothetical protein	false		refseq|kegg|uniprot	false
PA1108		PA1108	protein_coding	major facilitator superfamily transporter	false		refseq|kegg|uniprot	false
PA1109		PA1109	protein_coding	transcriptional regulator	true	go_0003700|go_0006355|kw_transcription_regulation|producto_refseq	refseq|kegg|uniprot	false
PA1110		PA1110	protein_coding	hypothetical protein	false		refseq|kegg|uniprot	false
PA1111		PA1111	protein_coding	hypothetical protein	false		refseq|kegg|uniprot	false
PA1112		PA1112	protein_coding	hypothetical protein	false		refseq|kegg|uniprot	false
PA1112.1		PA1112.1	ncRNA	Product name confidence: class 1: Function experimentally demonstrated in P. aeruginosa.	false		refseq|kegg	false
PA1113		PA1113	protein_coding	ABC transporter ATP-binding protein/permease	false		refseq|kegg|uniprot	false
PA1114		PA1114	protein_coding	hypothetical protein	false		refseq|kegg|uniprot	false
PA1115		PA1115	protein_coding	hypothetical protein	false		refseq|kegg|uniprot	false
PA1116		PA1116	protein_coding	hypothetical protein	false		refseq|kegg|uniprot	false
PA1117		PA1117	protein_coding	hypothetical protein	false		refseq|kegg|uniprot	false
PA1118		PA1118	protein_coding	hypothetical protein	false		refseq|kegg|uniprot	false
PA1119	yfiB	PA1119	protein_coding	hypothetical protein	false		refseq|kegg|uniprot|uniprot_especie	false
PA1120	tpbB	PA1120|yfiN	protein_coding	diguanylate cyclase	false		refseq|kegg|uniprot|uniprot_especie	false
PA1121	yfiR	PA1121	protein_coding	hypothetical protein	false		refseq|kegg|uniprot|uniprot_especie	false
PA1122		PA1122	pseudogene	pseudogene	false		refseq|kegg|uniprot	false
PA1123		PA1123	protein_coding	hypothetical protein	false		refseq|kegg|uniprot	false
PA1124	dgt	PA1124	protein_coding	deoxyguanosinetriphosphate triphosphohydrolase	false		refseq|kegg|uniprot|uniprot_especie	true
PA1125	cobB1	PA1125	protein_coding	NAD-dependent protein deacylase	false		refseq|kegg|uniprot|uniprot_especie	false
PA1126		PA1126	protein_coding	hypothetical protein	false		refseq|kegg|uniprot	false
PA1127		PA1127	protein_coding	oxidoreductase	false		refseq|kegg|uniprot	false
PA1128		PA1128	protein_coding	transcriptional regulator	true	go_0003700|kw_transcription_regulation|producto_refseq	refseq|kegg|uniprot	false
PA1129	fosA	PA1129	protein_coding	glutathione transferase FosA	false		refseq|kegg|uniprot|uniprot_especie	false
PA1130	rhlC	PA1130	protein_coding	rhamnosyltransferase	false		refseq|kegg|uniprot	false
PA1131		PA1131	protein_coding	major facilitator superfamily transporter	false		refseq|kegg|uniprot	false
PA1132		PA1132	protein_coding	hypothetical protein	false		refseq|kegg|uniprot	false
PA1133		PA1133	protein_coding	hypothetical protein	false		refseq|kegg|uniprot	false
PA1134		PA1134	protein_coding	hypothetical protein	false		refseq|kegg|uniprot	false
PA1135	hchA	PA1135	protein_coding	molecular chaperone Hsp31/glyoxalase	false		refseq|kegg|uniprot|uniprot_especie	false
PA1136		PA1136	protein_coding	transcriptional regulator	true	go_0006355|kw_transcription_regulation|producto_refseq	refseq|kegg|uniprot	false
PA1137		PA1137	protein_coding	oxidoreductase	false		refseq|kegg|uniprot	false
PA1138		PA1138	protein_coding	transcriptional regulator	true	go_0003700|kw_transcription_regulation|producto_refseq	refseq|kegg|uniprot	false
PA1139		PA1139	protein_coding	hypothetical protein	false		refseq|kegg|uniprot	false
PA1140		PA1140	protein_coding	hypothetical protein	false		refseq|kegg|uniprot	false
PA1141		PA1141	protein_coding	transcriptional regulator	true	go_0003700|go_0006355|kw_transcription_regulation|producto_refseq	refseq|kegg|uniprot	false
PA1142		PA1142	protein_coding	transcriptional regulator	true	go_0003700|kw_transcription_regulation|producto_refseq	refseq|kegg|uniprot	false
PA1143		PA1143	protein_coding	hypothetical protein	false		refseq|kegg|uniprot	false
PA1144		PA1144	protein_coding	major facilitator superfamily transporter	false		refseq|kegg|uniprot	false
PA1145		PA1145	protein_coding	transcriptional regulator	true	go_0003700|go_0006355|kw_transcription_regulation|producto_refseq	refseq|kegg|uniprot	false
PA1146		PA1146	protein_coding	iron-containing alcohol dehydrogenase	false		refseq|kegg|uniprot	false
PA1147		PA1147	protein_coding	amino acid permease	false		refseq|kegg|uniprot	false
PA1148	toxA	PA1148|eta	protein_coding	exotoxin A	false		refseq|kegg|uniprot|uniprot_especie	true
PA1149		PA1149	protein_coding	hypothetical protein	false		refseq|kegg|uniprot	false
PA1150	pys2	PA1150	protein_coding	pyocin-S2	false		refseq|kegg|uniprot|uniprot_especie	false
PA1151	imm2	PA1151	protein_coding	pyocin-S2 immunity protein	false		refseq|kegg|uniprot|uniprot_especie	false
PA1153		PA1153	protein_coding	hypothetical protein	false		refseq|kegg|uniprot	false
PA1154		PA1154	protein_coding	hypothetical protein	false		refseq|kegg|uniprot	false
PA1155	nrdB	PA1155	protein_coding	ribonucleotide-diphosphate reductase subunit beta	false		refseq|kegg|uniprot	false
PA1156	nrdA	PA1156	protein_coding	ribonucleotide-diphosphate reductase subunit alpha	false		refseq|kegg|uniprot	false
PA1157		PA1157	protein_coding	two-component response regulator	true	go_0006355|kw_transcription_regulation|kw_two_component|producto_refseq	refseq|kegg|uniprot	false
PA1158		PA1158	protein_coding	two-component sensor	false		refseq|kegg|uniprot	false
PA1159		PA1159	protein_coding	cold-shock protein	false		refseq|kegg|uniprot	false
PA1160		PA1160	protein_coding	hypothetical protein	false		refseq|kegg|uniprot	false
PA1161	rrmA	PA1161	protein_coding	rRNA methyltransferase	false		refseq|kegg|uniprot	false
PA1162	dapE	PA1162	protein_coding	succinyl-diaminopimelate desuccinylase	false		refseq|kegg|uniprot|uniprot_especie	false
PA1163	ndvB	PA1163	protein_coding	glycosyl transferase	false		refseq|kegg|uniprot	false
PA1164		PA1164	protein_coding	hypothetical protein	false		refseq|kegg|uniprot	false
PA1165	pcpS	PA1165	protein_coding	4'-phosphopantetheinyl transferase	false		refseq|kegg|uniprot	false
PA1166		PA1166	protein_coding	hypothetical protein	false		refseq|kegg|uniprot	false
PA1167		PA1167	protein_coding	hypothetical protein	false		refseq|kegg|uniprot	false
PA1168		PA1168	protein_coding	hypothetical protein	false		refseq|kegg|uniprot	false
PA1169	loxA	PA1169	protein_coding	arachidonate 15-lipoxygenase	false		refseq|kegg|uniprot|uniprot_especie	false
PA1170		PA1170	protein_coding	hypothetical protein	false		refseq|kegg|uniprot	false
PA1171		PA1171	protein_coding	transglycosylase	false		refseq|kegg|uniprot	false
PA1172	napC	PA1172	protein_coding	cytochrome C protein NapC	false		refseq|kegg|uniprot	false
PA1173	napB	PA1173	protein_coding	cytochrome C protein NapB	false		refseq|kegg|uniprot	false
PA1174	napA	PA1174	protein_coding	nitrate reductase catalytic subunit	false		refseq|kegg|uniprot|uniprot_especie	false
PA1175	napD	PA1175	protein_coding	nitrate reductase biosynthesis protein NapD	false		refseq|kegg|uniprot	false
PA1176	napF	PA1176	protein_coding	ferredoxin protein NapF	false		refseq|kegg|uniprot	false
PA1177	napE	PA1177	protein_coding	nitrate reductase protein NapE	false		refseq|kegg|uniprot	false
PA1178	oprH	PA1178	protein_coding	PhoP/Q and low Mg2+ inducible outer membrane protein H1	false		refseq|kegg|uniprot	false
PA1179	phoP	PA1179	protein_coding	two-component response regulator PhoP	true	go_0006355|kw_transcription_regulation|kw_two_component|producto_refseq	refseq|kegg|uniprot|uniprot_especie	false
PA1180	phoQ	PA1180	protein_coding	two-component sensor PhoQ	true	kw_two_component	refseq|kegg|uniprot|uniprot_especie	false
PA1181		PA1181	protein_coding	sensor protein	false		refseq|kegg|uniprot	false
PA1182		PA1182	protein_coding	transcriptional regulator	true	go_0003700|kw_transcription_regulation|producto_refseq	refseq|kegg|uniprot	false
PA1183	dctA	PA1183|dctA2	protein_coding	C4-dicarboxylate transport protein	false		refseq|kegg|uniprot|uniprot_especie	false
PA1184		PA1184	protein_coding	transcriptional regulator	true	go_0003700|kw_transcription_regulation|producto_refseq	refseq|kegg|uniprot	false
PA1185		PA1185	protein_coding	glutathione S-transferase	false		refseq|kegg|uniprot	false
PA1186		PA1186	protein_coding	hypothetical protein	false		refseq|kegg|uniprot	false
PA1187		PA1187	protein_coding	acyl-CoA dehydrogenase	false		refseq|kegg|uniprot	false
PA1188		PA1188	protein_coding	hypothetical protein	false		refseq|kegg|uniprot	false
PA1189	sprT	PA1189	protein_coding	Zn-dependent metalloprotease	false		refseq|kegg|uniprot|uniprot_especie	false
PA1190		PA1190	protein_coding	hypothetical protein	false		refseq|kegg|uniprot	false
PA1191		PA1191	protein_coding	hypothetical protein	false		refseq|kegg|uniprot	false
PA1192	ttcA	PA1192	protein_coding	tRNA 2-thiocytidine biosynthesis protein TtcA	false		refseq|kegg|uniprot|uniprot_especie	false
PA1193		PA1193	protein_coding	hypothetical protein	false		refseq|kegg|uniprot	false
PA1194		PA1194	protein_coding	amino acid permease	false		refseq|kegg|uniprot	false
PA1195		PA1195	protein_coding	hypothetical protein	false		refseq|kegg|uniprot|uniprot_especie	false
PA1196		PA1196	protein_coding	transcriptional regulator	true	kw_transcription_regulation|producto_refseq	refseq|kegg|uniprot	false
PA1197	cobB2	PA1197	protein_coding	NAD-dependent protein deacylase	false		refseq|kegg|uniprot|uniprot_especie	false
PA1198		PA1198	protein_coding	hypothetical protein	false		refseq|kegg|uniprot	false
PA1199		PA1199	protein_coding	lipoprotein	false		refseq|kegg|uniprot	false
PA1200		PA1200	protein_coding	hypothetical protein	false		refseq|kegg|uniprot	false
PA1201		PA1201	protein_coding	transcriptional regulator	true	go_0003700|kw_transcription_regulation|producto_refseq	refseq|kegg|uniprot	false
PA1202		PA1202	protein_coding	hydrolase	false		refseq|kegg|uniprot	false
PA1203		PA1203	protein_coding	hypothetical protein	false		refseq|kegg|uniprot	false
PA1204		PA1204	protein_coding	NAD(P)H-dependent FMN reductase	false		refseq|kegg|uniprot|uniprot_especie	false
PA1205		PA1205	protein_coding	quercetin 2,3-dioxygenase	false		refseq|kegg|uniprot|uniprot_especie	false
PA1206		PA1206	protein_coding	hypothetical protein	false		refseq|kegg|uniprot	false
PA1207	kefB	PA1207	protein_coding	glutathione-regulated potassium-efflux system protein KefB	false		refseq|kegg|uniprot	false
PA1208		PA1208	protein_coding	hypothetical protein	false		refseq|kegg|uniprot	false
PA1209		PA1209	protein_coding	hypothetical protein	false		refseq|kegg|uniprot	false
PA1210		PA1210	protein_coding	quercetin 2,3-dioxygenase	false		refseq|kegg|uniprot|uniprot_especie	false
PA1211		PA1211	protein_coding	hypothetical protein	false		refseq|kegg|uniprot	false
PA1212		PA1212	protein_coding	major facilitator superfamily transporter	false		refseq|kegg|uniprot	false
PA1213		PA1213	protein_coding	hypothetical protein	false		refseq|kegg|uniprot	false
PA1214		PA1214	protein_coding	hypothetical protein	false		refseq|kegg|uniprot	false
PA1215		PA1215	protein_coding	hypothetical protein	false		refseq|kegg|uniprot	false
PA1216		PA1216	protein_coding	hypothetical protein	false		refseq|kegg|uniprot	false
PA1217		PA1217	protein_coding	2-isopropylmalate synthase	false		refseq|kegg|uniprot	false
PA1218		PA1218	protein_coding	hypothetical protein	false		refseq|kegg|uniprot	false
PA1219		PA1219	protein_coding	hypothetical protein	false		refseq|kegg|uniprot	false
PA1220		PA1220	protein_coding	hypothetical protein	false		refseq|kegg|uniprot	false
PA1221		PA1221	protein_coding	hypothetical protein	false		refseq|kegg|uniprot	false
PA1222		PA1222	protein_coding	membrane-bound lytic murein transglycosylase A	false		refseq|kegg|uniprot	false
PA1223		PA1223	protein_coding	transcriptional regulator	true	go_0003700|go_0006355|kw_transcription_regulation|producto_refseq	refseq|kegg|uniprot	false
PA1224		PA1224	protein_coding	NAD(P)H dehydrogenase	false		refseq|kegg|uniprot	false
PA1225		PA1225	protein_coding	NAD(P)H dehydrogenase	false		refseq|kegg|uniprot	false
PA1226		PA1226	protein_coding	transcriptional regulator	true	go_0003700|go_0006355|producto_refseq	refseq|kegg|uniprot	false
PA1227		PA1227	protein_coding	hypothetical protein	false		refseq|kegg|uniprot	false
PA1228		PA1228	protein_coding	hypothetical protein	false		refseq|kegg|uniprot	false
PA1229		PA1229	protein_coding	transcriptional regulator	true	go_0003700|go_0006355|kw_transcription_regulation|producto_refseq	refseq|kegg|uniprot	false
PA1230		PA1230	protein_coding	hypothetical protein	false		refseq|kegg|uniprot	false
PA1231		PA1231	protein_coding	hypothetical protein	false		refseq|kegg|uniprot	false
PA1232		PA1232	protein_coding	hypothetical protein	false		refseq|kegg|uniprot	false
PA1233		PA1233	protein_coding	hypothetical protein	false		refseq|kegg|uniprot	false
PA1234		PA1234	protein_coding	hypothetical protein	false		refseq|kegg|uniprot	false
PA1235		PA1235	protein_coding	transcriptional regulator	true	go_0003700|go_0006355|kw_transcription_regulation|producto_refseq	refseq|kegg|uniprot	false
PA1236		PA1236	protein_coding	major facilitator superfamily transporter	false		refseq|kegg|uniprot	false
PA1237		PA1237	protein_coding	multidrug resistance efflux pump	false		refseq|kegg|uniprot	false
PA1238		PA1238	protein_coding	multidrug efflux pump outer membrane protein	false		refseq|kegg|uniprot	false
PA1239		PA1239	protein_coding	hypothetical protein	false		refseq|kegg|uniprot	false
PA1240		PA1240	protein_coding	enoyl-CoA hydratase	false		refseq|kegg|uniprot	false
PA1241		PA1241	protein_coding	transcriptional regulator	true	kw_transcription_regulation|producto_refseq	refseq|kegg|uniprot	false
PA1242		PA1242	protein_coding	hypothetical protein	false		refseq|kegg|uniprot	false
PA1243		PA1243	protein_coding	sensor/response regulator hybrid protein	true	producto_refseq	refseq|kegg|uniprot	false
PA1244		PA1244	protein_coding	hypothetical protein	false		refseq|kegg|uniprot	false
PA1245		PA1245	protein_coding	hypothetical protein	false		refseq|kegg|uniprot	false
PA1246	aprD	PA1246	protein_coding	alkaline protease secretion ATP-binding protein AprD	false		refseq|kegg|uniprot|uniprot_especie	false
PA1247	aprE	PA1247	protein_coding	alkaline protease secretion protein AprE	false		refseq|kegg|uniprot|uniprot_especie	false
PA1248	aprF	PA1248	protein_coding	alkaline protease secretion protein AprF	false		refseq|kegg|uniprot|uniprot_especie	false
PA1249	aprA	PA1249	protein_coding	alkaline metalloproteinase	false		refseq|kegg|uniprot|uniprot_especie	false
PA1250	aprI	PA1250|inh	protein_coding	alkaline proteinase inhibitor AprI	false		refseq|kegg|uniprot|uniprot_especie	true
PA1251		PA1251	protein_coding	chemotaxis transducer	false		refseq|kegg|uniprot	false
PA1252	lhpD	PA1252|lhpH	protein_coding	bifunctional Delta(1)-pyrroline-2-carboxylate/Delta(1)-piperideine-2-carboxylate reductase	false		refseq|kegg|uniprot|uniprot_especie	false
PA1253		PA1253	protein_coding	semialdehyde dehydrogenase	false		refseq|kegg|uniprot	false
PA1254		PA1254	protein_coding	dihydrodipicolinate synthetase	false		refseq|kegg|uniprot	false
PA1255	lhpL	PA1255	protein_coding	trans-3-hydroxy-L-proline dehydratase	false		refseq|kegg|uniprot|uniprot_especie	false
PA1256		PA1256	protein_coding	amino acid ABC transporter ATP binding protein	false		refseq|kegg|uniprot	false
PA1257		PA1257	protein_coding	amino acid ABC transporter permease	false		refseq|kegg|uniprot	false
PA1258		PA1258	protein_coding	ABC transporter permease	false		refseq|kegg|uniprot	false
PA1259	lhpI	PA1259	protein_coding	hypothetical protein	false		refseq|kegg|uniprot|uniprot_especie	false
PA1260		PA1260	protein_coding	amino acid ABC transporter substrate-binding protein	false		refseq|kegg|uniprot	false
PA1261		PA1261	protein_coding	transcriptional regulator	true	go_0003700|go_0006355|kw_transcription_regulation|producto_refseq	refseq|kegg|uniprot	false
PA1262		PA1262	protein_coding	major facilitator superfamily transporter	false		refseq|kegg|uniprot	false
PA1263		PA1263	protein_coding	hypothetical protein	false		refseq|kegg|uniprot	false
PA1264		PA1264	protein_coding	transcriptional regulator	true	go_0003700|go_0006355|kw_transcription_regulation|producto_refseq	refseq|kegg|uniprot	false
PA1265		PA1265	protein_coding	hypothetical protein	false		refseq|kegg|uniprot	false
PA1266		PA1266	protein_coding	oxidoreductase	false		refseq|kegg|uniprot	false
PA1267		PA1267	protein_coding	hypothetical protein	false		refseq|kegg|uniprot	false
PA1268		PA1268	protein_coding	4-hydroxyproline 2-epimerase	false		refseq|kegg|uniprot|uniprot_especie	false
PA1269		PA1269	protein_coding	transcriptional regulator	true	go_0003700|go_0006355|kw_transcription_regulation|producto_refseq	refseq|kegg|uniprot	false
PA1270		PA1270	protein_coding	hypothetical protein	false		refseq|kegg|uniprot	false
PA1271		PA1271	protein_coding	tonB-dependent receptor	false		refseq|kegg|uniprot	false
PA1272	cobO	PA1272	protein_coding	cob(I)yrinic acid a,c-diamide adenosyltransferase	false		refseq|kegg|uniprot|uniprot_especie	false
PA1273	cobB	PA1273	protein_coding	hydrogenobyrinate a,c-diamide synthase	false		refseq|kegg|uniprot|uniprot_especie	false
PA1274		PA1274	protein_coding	5,6-dimethylbenzimidazole synthase	false		refseq|kegg|uniprot	false
PA1275	cobD	PA1275	protein_coding	cobalamin biosynthesis protein CobD	false		refseq|kegg|uniprot|uniprot_especie	false
PA1276	cobC	PA1276	protein_coding	threonine-phosphate decarboxylase	false		refseq|kegg|uniprot|uniprot_especie	false
PA1277	cobQ	PA1277	protein_coding	cobyric acid synthase	false		refseq|kegg|uniprot|uniprot_especie	false
PA1278	cobP	PA1278	protein_coding	bifunctional adenosylcobinamide kinase/adenosylcobinamide-phosphate guanylyltransferase	false		refseq|kegg|uniprot|uniprot_especie	false
PA1279	cobU	PA1279|cobT	protein_coding	nicotinate-nucleotide--dimethylbenzimidazole phosphoribosyltransferase	false		refseq|kegg|uniprot|uniprot_especie	false
PA1280		PA1280	protein_coding	hypothetical protein	false		refseq|kegg|uniprot	false
PA1281	cobV	PA1281|cobS	protein_coding	adenosylcobinamide-GDP ribazoletransferase	false		refseq|kegg|uniprot|uniprot_especie	false
PA1282		PA1282	protein_coding	major facilitator superfamily transporter	false		refseq|kegg|uniprot	false
PA1283		PA1283	protein_coding	transcriptional regulator	true	go_0003700|go_0006355|kw_transcription_regulation|producto_refseq	refseq|kegg|uniprot	false
PA1284		PA1284	protein_coding	acyl-CoA dehydrogenase	false		refseq|kegg|uniprot	false
PA1285		PA1285	protein_coding	transcriptional regulator	true	go_0003700|go_0006355|producto_refseq	refseq|kegg|uniprot	false
PA1286		PA1286	protein_coding	major facilitator superfamily transporter	false		refseq|kegg|uniprot	false
PA1287		PA1287	protein_coding	glutathione peroxidase	false		refseq|kegg|uniprot	false
PA1288		PA1288	protein_coding	hypothetical protein	false		refseq|kegg|uniprot	false
PA1289		PA1289	protein_coding	hypothetical protein	false		refseq|kegg|uniprot	false
PA1290		PA1290	protein_coding	transcriptional regulator	true	go_0003700|go_0006355|kw_transcription_regulation|producto_refseq	refseq|kegg|uniprot	false
PA1291		PA1291	protein_coding	hypothetical protein	false		refseq|kegg|uniprot	false
PA1292	sseA	PA1292	protein_coding	3-mercaptopyruvate sulfurtransferase	false		refseq|kegg|uniprot|uniprot_especie	false
PA1293		PA1293	protein_coding	hypothetical protein	false		refseq|kegg|uniprot	false
PA1294	rnd	PA1294	protein_coding	ribonuclease D	false		refseq|kegg|uniprot	true
PA1295		PA1295	protein_coding	hypothetical protein	false		refseq|kegg|uniprot|uniprot_especie	false
PA1296		PA1296	protein_coding	2-hydroxyacid dehydrogenase	false		refseq|kegg|uniprot	false
PA1297		PA1297	protein_coding	metal transporter	false		refseq|kegg|uniprot	false
PA1298		PA1298	protein_coding	hypothetical protein	false		refseq|kegg|uniprot	false
PA1299		PA1299	protein_coding	hypothetical protein	false		refseq|kegg|uniprot|uniprot_especie	false
PA1300		PA1300	protein_coding	ECF subfamily sigma-70 factor	true	go_0006355|kw_sigma_factor|kw_transcription_regulation|producto_refseq	refseq|kegg|uniprot	false
PA1301		PA1301	protein_coding	transmembrane sensor	false		refseq|kegg|uniprot	false
PA1302		PA1302	protein_coding	heme utilization protein	false		refseq|kegg|uniprot	false
PA1303		PA1303	protein_coding	signal peptidase	false		refseq|kegg|uniprot	false
PA1304		PA1304	protein_coding	oligopeptidase	false		refseq|kegg|uniprot	false
PA1305		PA1305	protein_coding	hypothetical protein	false		refseq|kegg|uniprot	false
PA1306		PA1306	protein_coding	HIT family protein	false		refseq|kegg|uniprot	false
PA1307		PA1307	protein_coding	hypothetical protein	false		refseq|kegg|uniprot	false
PA1308		PA1308	protein_coding	hypothetical protein	false		refseq|kegg|uniprot	false
PA1309		PA1309	protein_coding	transcriptional regulator	true	go_0003700|go_0006355|kw_transcription_regulation|producto_refseq	refseq|kegg|uniprot	false
PA1310	phnW	PA1310	protein_coding	2-aminoethylphosphonate--pyruvate transaminase	false		refseq|kegg|uniprot|uniprot_especie	false
PA1311	phnX	PA1311	protein_coding	phosphonoacetaldehyde hydrolase	false		refseq|kegg|uniprot|uniprot_especie	false
PA1312		PA1312	protein_coding	transcriptional regulator	true	go_0003700|kw_transcription_regulation|producto_refseq	refseq|kegg|uniprot	false
PA1313		PA1313	protein_coding	major facilitator superfamily transporter	false		refseq|kegg|uniprot	false
PA1314		PA1314	protein_coding	hypothetical protein	false		refseq|kegg|uniprot	false
PA1315		PA1315	protein_coding	transcriptional regulator	true	go_0003700|go_0006355|producto_refseq	refseq|kegg|uniprot	false
PA1316		PA1316	protein_coding	major facilitator superfamily transporter	false		refseq|kegg|uniprot	false
PA1317	cyoA	PA1317	protein_coding	cytochrome o ubiquinol oxidase subunit II	false		refseq|kegg|uniprot|uniprot_especie	false
PA1318	cyoB	PA1318	protein_coding	cytochrome o ubiquinol oxidase subunit I	false		refseq|kegg|uniprot|uniprot_especie	false
PA1319	cyoC	PA1319	protein_coding	cytochrome o ubiquinol oxidase subunit III	false		refseq|kegg|uniprot|uniprot_especie	false
PA1320	cyoD	PA1320	protein_coding	cytochrome o ubiquinol oxidase subunit IV	false		refseq|kegg|uniprot|uniprot_especie	false
PA1321	cyoE	PA1321|cyoE2	protein_coding	protoheme IX farnesyltransferase	false		refseq|kegg|uniprot|uniprot_especie	false
PA1322		PA1322	protein_coding	TonB-dependent receptor	false		refseq|kegg|uniprot	false
PA1323		PA1323	protein_coding	hypothetical protein	false		refseq|kegg|uniprot	false
PA1324		PA1324	protein_coding	hypothetical protein	false		refseq|kegg|uniprot	false
PA1324.1		PA1324.1	ncRNA	P9	false		refseq|kegg	false
PA1325		PA1325	protein_coding	hypothetical protein	false		refseq|kegg|uniprot	false
PA1326	ilvA2	PA1326|ilvA	protein_coding	threonine dehydratase	false		refseq|kegg|uniprot	false
PA1327		PA1327	protein_coding	protease	false		refseq|kegg|uniprot	false
PA1328		PA1328	protein_coding	transcriptional regulator	true	go_0003700|kw_transcription_regulation|producto_refseq	refseq|kegg|uniprot	false
PA1329		PA1329	protein_coding	hypothetical protein	false		refseq|kegg|uniprot	false
PA1330		PA1330	protein_coding	short-chain dehydrogenase	false		refseq|kegg|uniprot	false
PA1331		PA1331	protein_coding	hypothetical protein	false		refseq|kegg|uniprot	false
PA1332		PA1332	protein_coding	hypothetical protein	false		refseq|kegg|uniprot	false
PA1333		PA1333	protein_coding	hypothetical protein	false		refseq|kegg|uniprot	false
PA1334		PA1334	protein_coding	oxidoreductase	false		refseq|kegg|uniprot	false
PA1335		PA1335	protein_coding	two-component response regulator	true	kw_transcription_regulation|kw_two_component|producto_refseq	refseq|kegg|uniprot	false
PA1336		PA1336	protein_coding	two-component sensor	true	kw_two_component	refseq|kegg|uniprot	false
PA1337	ansB	PA1337	protein_coding	glutaminase-asparaginase	false		refseq|kegg|uniprot|uniprot_especie	false
PA1338	ggt	PA1338	protein_coding	gamma-glutamyltranspeptidase	false		refseq|kegg|uniprot|uniprot_especie	true
PA1339		PA1339	protein_coding	amino acid ABC transporter ATP binding protein	false		refseq|kegg|uniprot	false
PA1340		PA1340	protein_coding	amino acid ABC transporter permease	false		refseq|kegg|uniprot	false
PA1341		PA1341	protein_coding	amino acid ABC transporter permease	false		refseq|kegg|uniprot	false
PA1342		PA1342	protein_coding	ABC transporter	false		refseq|kegg|uniprot|uniprot_especie	false
PA1343		PA1343	protein_coding	hypothetical protein	false		refseq|kegg|uniprot	false
PA1344		PA1344	protein_coding	short-chain dehydrogenase	false		refseq|kegg|uniprot	false
PA1345		PA1345	protein_coding	hypothetical protein	false		refseq|kegg|uniprot	false
PA1346		PA1346	protein_coding	hypothetical protein	false		refseq|kegg|uniprot	false
PA1347		PA1347	protein_coding	transcriptional regulator	true	go_0006355|kw_transcription_regulation|producto_refseq	refseq|kegg|uniprot	false
PA1348		PA1348	protein_coding	hypothetical protein	false		refseq|kegg|uniprot	false
PA1349		PA1349	protein_coding	hypothetical protein	false		refseq|kegg|uniprot	false
PA1350		PA1350	protein_coding	hypothetical protein	false		refseq|kegg|uniprot	false
PA1351		PA1351	protein_coding	ECF subfamily sigma-70 factor	true	producto_refseq	refseq|kegg|uniprot	false
PA1352		PA1352	protein_coding	hypothetical protein	false		refseq|kegg|uniprot	false
PA1353		PA1353	protein_coding	hypothetical protein	false		refseq|kegg|uniprot	false
PA1354		PA1354	protein_coding	hypothetical protein	false		refseq|kegg|uniprot	false
PA1355		PA1355	protein_coding	hypothetical protein	false		refseq|kegg|uniprot	false
PA1356		PA1356	protein_coding	hypothetical protein	false		refseq|kegg|uniprot	false
PA1357		PA1357	protein_coding	hypothetical protein	false		refseq|kegg|uniprot	false
PA1358		PA1358	protein_coding	hypothetical protein	false		refseq|kegg|uniprot	false
PA1359		PA1359	protein_coding	transcriptional regulator	true	go_0003700|go_0006355|kw_transcription_regulation|producto_refseq	refseq|kegg|uniprot	false
PA1360		PA1360	protein_coding	hypothetical protein	false		refseq|kegg|uniprot	false
PA1361	pmpM	PA1361	protein_coding	multidrug resistance protein PmpM	false		refseq|kegg|uniprot|uniprot_especie	false
PA1362		PA1362	protein_coding	hypothetical protein	false		refseq|kegg|uniprot	false
PA1363		PA1363	protein_coding	ECF subfamily sigma-70 factor	true	go_0006355|kw_sigma_factor|kw_transcription_regulation|producto_refseq	refseq|kegg|uniprot	false
PA1364		PA1364	protein_coding	transmembrane sensor	false		refseq|kegg|uniprot	false
PA1365		PA1365	protein_coding	siderophore receptor	false		refseq|kegg|uniprot	false
PA1366		PA1366	protein_coding	hypothetical protein	false		refseq|kegg|uniprot	false
PA1367		PA1367	protein_coding	hypothetical protein	false		refseq|kegg|uniprot	false
PA1368		PA1368	protein_coding	hypothetical protein	false		refseq|kegg|uniprot	false
PA1369		PA1369	protein_coding	hypothetical protein	false		refseq|kegg|uniprot	false
PA1370		PA1370	protein_coding	hypothetical protein	false		refseq|kegg|uniprot	false
PA1371		PA1371	protein_coding	hypothetical protein	false		refseq|kegg|uniprot	false
PA1372		PA1372	protein_coding	hypothetical protein	false		refseq|kegg|uniprot	false
PA1373	fabF2	PA1373	protein_coding	3-oxoacyl-ACP synthase	false		refseq|kegg|uniprot	false
PA1374		PA1374	protein_coding	hypothetical protein	true	go_0003700|go_0006355|kw_transcription_regulation	refseq|kegg|uniprot	false
PA1375	pdxB	PA1375	protein_coding	erythronate-4-phosphate dehydrogenase	false		refseq|kegg|uniprot|uniprot_especie	false
PA1376	aceK	PA1376	protein_coding	bifunctional isocitrate dehydrogenase kinase/phosphatase	false		refseq|kegg|uniprot|uniprot_especie	false
PA1377		PA1377	protein_coding	hypothetical protein	false		refseq|kegg|uniprot	false
PA1378		PA1378	protein_coding	hypothetical protein	false		refseq|kegg|uniprot	false
PA1379		PA1379	protein_coding	short-chain dehydrogenase	false		refseq|kegg|uniprot	false
PA1380		PA1380	protein_coding	transcriptional regulator	true	go_0006355|kw_transcription_regulation|producto_refseq	refseq|kegg|uniprot	false
PA1381		PA1381	protein_coding	hypothetical protein	false		refseq|kegg|uniprot	false
PA1382		PA1382	protein_coding	type II secretion system protein	false		refseq|kegg|uniprot	false
PA1383		PA1383	protein_coding	hypothetical protein	false		refseq|kegg|uniprot	false
PA1384	galE	PA1384	protein_coding	UDP-glucose 4-epimerase	false		refseq|kegg|uniprot	false
PA1385		PA1385	protein_coding	glycosyl transferase family protein	false		refseq|kegg|uniprot	false
PA1386		PA1386	protein_coding	ABC transporter ATP-binding protein	false		refseq|kegg|uniprot	false
PA1387		PA1387	protein_coding	hypothetical protein	false		refseq|kegg|uniprot	false
PA1388		PA1388	protein_coding	hypothetical protein	false		refseq|kegg|uniprot	false
PA1389		PA1389	protein_coding	glycosyl transferase family protein	false		refseq|kegg|uniprot	false
PA1390		PA1390	protein_coding	glycosyl transferase family protein	false		refseq|kegg|uniprot	false
PA1391		PA1391	protein_coding	glycosyl transferase family protein	false		refseq|kegg|uniprot	false
PA1392		PA1392	protein_coding	hypothetical protein	false		refseq|kegg|uniprot	false
PA1393	cysC	PA1393	protein_coding	adenylyl-sulfate kinase	false		refseq|kegg|uniprot|uniprot_especie	false
PA1394		PA1394	protein_coding	hypothetical protein	false		refseq|kegg|uniprot	false
PA1395		PA1395	protein_coding	hypothetical protein	false		refseq|kegg|uniprot	false
PA1396		PA1396	protein_coding	two-component sensor	true	kw_two_component	refseq|kegg|uniprot	false
PA1397		PA1397	protein_coding	two-component response regulator	true	go_0006355|producto_refseq	refseq|kegg|uniprot	false
PA1398		PA1398	protein_coding	hypothetical protein	false		refseq|kegg|uniprot	false
PA1399		PA1399	protein_coding	transcriptional regulator	true	go_0003700|go_0006355|kw_transcription_regulation|producto_refseq	refseq|kegg|uniprot	false
PA1400		PA1400	protein_coding	pyruvate carboxylase	false		refseq|kegg|uniprot	false
PA1401		PA1401	protein_coding	hypothetical protein	false		refseq|kegg|uniprot	false
PA1402		PA1402	protein_coding	hypothetical protein	false		refseq|kegg|uniprot	false
PA1403		PA1403	protein_coding	transcriptional regulator	true	go_0003700|go_0006355|producto_refseq	refseq|kegg|uniprot	false
PA1404		PA1404	protein_coding	hypothetical protein	false		refseq|kegg|uniprot	false
PA1405		PA1405	protein_coding	helicase	false		refseq|kegg|uniprot	false
PA1406		PA1406	protein_coding	hypothetical protein	false		refseq|kegg|uniprot	false
PA1407		PA1407	protein_coding	hypothetical protein	false		refseq|kegg|uniprot	false
PA1408		PA1408	protein_coding	hypothetical protein	false		refseq|kegg|uniprot	false
PA1409	aphA	PA1409	protein_coding	acetylpolyamine aminohydrolase	false		refseq|kegg|uniprot|uniprot_especie	false
PA1410		PA1410	protein_coding	spermidine/putrescine-binding protein	false		refseq|kegg|uniprot	false
PA1411		PA1411	protein_coding	hypothetical protein	false		refseq|kegg|uniprot	false
PA1412		PA1412	protein_coding	hypothetical protein	false		refseq|kegg|uniprot	false
PA1413		PA1413	protein_coding	transcriptional regulator	true	go_0003700|go_0006355|kw_transcription_regulation|producto_refseq	refseq|kegg|uniprot	false
PA1414		PA1414	protein_coding	hypothetical protein	false		refseq|kegg	false
PA1415		PA1415	protein_coding	hypothetical protein	false		refseq|kegg|uniprot	false
PA1416		PA1416	protein_coding	hypothetical protein	false		refseq|kegg|uniprot	false
PA1417		PA1417	protein_coding	hypothetical protein	false		refseq|kegg|uniprot	false
PA1418		PA1418	protein_coding	sodium:solute symport protein	false		refseq|kegg|uniprot	false
PA1419		PA1419	protein_coding	transporter	false		refseq|kegg|uniprot	false
PA1420		PA1420	protein_coding	hypothetical protein	false		refseq|kegg|uniprot	false
PA1421	gbuA	PA1421	protein_coding	guanidinobutyrase	false		refseq|kegg|uniprot|uniprot_especie	false
PA1422	gbuR	PA1422	protein_coding	protein GbuR	true	go_0003700|go_0006355|kw_transcription_regulation	refseq|kegg|uniprot	false
PA1423	bdlA	PA1423	protein_coding	biofilm dispersion protein	false		refseq|kegg|uniprot|uniprot_especie	false
PA1424		PA1424	protein_coding	hypothetical protein	false		refseq|kegg|uniprot	false
PA1425		PA1425	protein_coding	ABC transporter ATP-binding protein	false		refseq|kegg|uniprot	false
PA1428		PA1428	protein_coding	hypothetical protein	false		refseq|kegg|uniprot	false
PA1429		PA1429	protein_coding	cation-transporting P-type ATPase	false		refseq|kegg|uniprot	false
PA1430	lasR	PA1430	protein_coding	transcriptional regulator LasR	true	collectf|go_0003700|go_0006355|kw_transcription_regulation|producto_refseq	refseq|kegg|uniprot|uniprot_especie	false
PA1431	rsaL	PA1431	protein_coding	regulatory protein RsaL	true	collectf|go_0006355	refseq|kegg|uniprot	false
PA1432	lasI	PA1432	protein_coding	acyl-homoserine-lactone synthase	false		refseq|kegg|uniprot|uniprot_especie	false
PA1433		PA1433	protein_coding	hypothetical protein	false		refseq|kegg|uniprot	false
PA1434		PA1434	protein_coding	hypothetical protein	false		refseq|kegg|uniprot	false
PA1435		PA1435	protein_coding	resistance-nodulation-cell division (RND) efflux membrane fusion protein	false		refseq|kegg|uniprot	false
PA1436		PA1436	protein_coding	resistance-nodulation-cell division (RND) efflux transporter	false		refseq|kegg|uniprot	false
PA1437		PA1437	protein_coding	two-component response regulator	true	go_0006355|kw_transcription_regulation|kw_two_component|producto_refseq	refseq|kegg|uniprot	false
PA1438		PA1438	protein_coding	two-component sensor	true	kw_two_component	refseq|kegg|uniprot	false
PA1439		PA1439	protein_coding	hypothetical protein	false		refseq|kegg|uniprot	false
PA1440		PA1440	protein_coding	hypothetical protein	false		refseq|kegg|uniprot	false
PA1441		PA1441	protein_coding	hypothetical protein	false		refseq|kegg|uniprot	false
PA1442		PA1442	protein_coding	flagellar basal body protein FliL	false		refseq|kegg|uniprot	false
PA1443	fliM	PA1443	protein_coding	flagellar motor switch protein FliM	false		refseq|kegg|uniprot|uniprot_especie	false
PA1444	fliN	PA1444	protein_coding	flagellar motor switch protein FliN	false		refseq|kegg|uniprot|uniprot_especie	false
PA1445	fliO	PA1445	protein_coding	flagellar protein FliO	false		refseq|kegg|uniprot|uniprot_especie	false
PA1446	fliP	PA1446	protein_coding	flagellar biosynthesis protein FliP	false		refseq|kegg|uniprot|uniprot_especie	false
PA1447	fliQ	PA1447	protein_coding	flagellar biosynthesis protein FliQ	false		refseq|kegg|uniprot	false
PA1448	fliR	PA1448	protein_coding	flagellar biosynthesis protein FliR	false		refseq|kegg|uniprot	false
PA1449	flhB	PA1449	protein_coding	flagellar biosynthesis protein FlhB	false		refseq|kegg|uniprot	false
PA1450		PA1450	protein_coding	hypothetical protein	false		refseq|kegg|uniprot	false
PA1451		PA1451	protein_coding	hypothetical protein	false		refseq|kegg|uniprot	false
PA1452	flhA	PA1452	protein_coding	flagellar biosynthesis protein FlhA	false		refseq|kegg|uniprot	false
PA1453	flhF	PA1453	protein_coding	flagellar biosynthesis regulator FlhF	false		refseq|kegg|uniprot|uniprot_especie	false
PA1454	fleN	PA1454	protein_coding	flagellar synthesis regulator FleN	false		refseq|kegg|uniprot|uniprot_especie	false
PA1455	fliA	PA1455|rpoF	protein_coding	flagellar biosynthesis sigma factor FliA	true	go_0006355|kw_sigma_factor|kw_transcription_regulation|producto_refseq	refseq|kegg|uniprot|uniprot_especie	false
PA1456	cheY	PA1456	protein_coding	chemotaxis protein CheY	true	kw_two_component	refseq|kegg|uniprot|uniprot_especie	false
PA1457	cheZ	PA1457	protein_coding	protein phosphatase CheZ	false		refseq|kegg|uniprot|uniprot_especie	false
PA1458		PA1458	protein_coding	two-component sensor	true	kw_two_component	refseq|kegg|uniprot	false
PA1459	cheB1	PA1459|cheB	protein_coding	chemotaxis-specific methylesterase	false		refseq|kegg|uniprot|uniprot_especie	false
PA1460	motC	PA1460	protein_coding	flagellar motor protein	false		refseq|kegg|uniprot	false
PA1461	motD	PA1461	protein_coding	flagellar motor protein MotD	false		refseq|kegg|uniprot	false
PA1462		PA1462	protein_coding	plasmid partitioning protein	false		refseq|kegg|uniprot	false
PA1463		PA1463	protein_coding	hypothetical protein	false		refseq|kegg|uniprot	false
PA1464		PA1464	protein_coding	purine-binding chemotaxis protein	false		refseq|kegg|uniprot	false
PA1465		PA1465	protein_coding	hypothetical protein	false		refseq|kegg|uniprot	false
PA1466		PA1466	protein_coding	hypothetical protein	false		refseq|kegg|uniprot	false
PA1467		PA1467	protein_coding	hypothetical protein	true	go_0003700|kw_transcription_regulation	refseq|kegg|uniprot	false
PA1468		PA1468	protein_coding	hypothetical protein	false		refseq|kegg|uniprot	false
PA1469		PA1469	protein_coding	hypothetical protein	false		refseq|kegg|uniprot	false
PA1470		PA1470	protein_coding	short-chain dehydrogenase	false		refseq|kegg|uniprot	false
PA1471		PA1471	protein_coding	hypothetical protein	false		refseq|kegg|uniprot	false
PA1472		PA1472	protein_coding	hypothetical protein	false		refseq|kegg|uniprot	false
PA1473		PA1473	protein_coding	hypothetical protein	false		refseq|kegg|uniprot	false
PA1474		PA1474	protein_coding	hypothetical protein	false		refseq|kegg|uniprot	false
PA1475	ccmA	PA1475	protein_coding	cytochrome c biogenesis ATP-binding export protein CcmA	false		refseq|kegg|uniprot|uniprot_especie	false
PA1476	ccmB	PA1476	protein_coding	heme exporter protein CcmB	false		refseq|kegg|uniprot|uniprot_especie	false
PA1477	ccmC	PA1477	protein_coding	heme exporter protein CcmC	false		refseq|kegg|uniprot|uniprot_especie	false
PA1478	ccmD	PA1478	protein_coding	heme exporter protein CcmD	false		refseq|kegg|uniprot|uniprot_especie	false
PA1479	ccmE	PA1479|cycJ	protein_coding	cytochrome c-type biogenesis protein CcmE	false		refseq|kegg|uniprot|uniprot_especie	false
PA1480	ccmF	PA1480	protein_coding	cytochrome c-type biogenesis protein CcmF	false		refseq|kegg|uniprot|uniprot_especie	false
PA1481	ccmG	PA1481|dsbE	protein_coding	cytochrome c-type biogenesis protein CcmG	false		refseq|kegg|uniprot|uniprot_especie	false
PA1482	ccmH	PA1482	protein_coding	cytochrome c-type biogenesis protein CcmH	false		refseq|kegg|uniprot|uniprot_especie	false
PA1483	cycH	PA1483	protein_coding	cytochrome c-type biogenesis protein CycH	false		refseq|kegg|uniprot|uniprot_especie	false
PA1484		PA1484	protein_coding	transcriptional regulator	true	go_0003700|go_0006355|kw_transcription_regulation|producto_refseq	refseq|kegg|uniprot	false
PA1485		PA1485	protein_coding	amino acid permease	false		refseq|kegg|uniprot	false
PA1486		PA1486	protein_coding	hypothetical protein	false		refseq|kegg|uniprot	false
PA1487		PA1487	protein_coding	carbohydrate kinase	false		refseq|kegg|uniprot	false
PA1488		PA1488	protein_coding	hypothetical protein	false		refseq|kegg|uniprot	false
PA1489		PA1489	protein_coding	hypothetical protein	false		refseq|kegg|uniprot	false
PA1490		PA1490	protein_coding	transcriptional regulator	true	go_0006355|kw_transcription_regulation|producto_refseq	refseq|kegg|uniprot	false
PA1491		PA1491	protein_coding	transporter	false		refseq|kegg|uniprot	false
PA1492		PA1492	protein_coding	hypothetical protein	false		refseq|kegg|uniprot	false
PA1493	cysP	PA1493	protein_coding	sulfate ABC transporter substrate-binding protein	false		refseq|kegg|uniprot|uniprot_especie	false
PA1494		PA1494	protein_coding	hypothetical protein	false		refseq|kegg|uniprot	false
PA1495		PA1495	protein_coding	hypothetical protein	false		refseq|kegg|uniprot	false
PA1496		PA1496	protein_coding	potassium channel	false		refseq|kegg|uniprot	false
PA1497		PA1497	protein_coding	transporter	false		refseq|kegg|uniprot	false
PA1498	pykF	PA1498	protein_coding	pyruvate kinase	false		refseq|kegg|uniprot	false
PA1499		PA1499	protein_coding	hypothetical protein	false		refseq|kegg|uniprot	false
PA1500		PA1500	protein_coding	2-hydroxy-3-oxopropionate reductase	false		refseq|kegg|uniprot	false
PA1501		PA1501	protein_coding	hypothetical protein	false		refseq|kegg|uniprot	false
PA1502	gcl	PA1502	protein_coding	glyoxylate carboligase	false		refseq|kegg|uniprot	true
PA1503		PA1503	protein_coding	hypothetical protein	false		refseq|kegg|uniprot	false
PA1504		PA1504	protein_coding	transcriptional regulator	true	go_0003700|go_0006355|producto_refseq	refseq|kegg|uniprot	false
PA1505	moaA2	PA1505	protein_coding	cyclic pyranopterin monophosphate synthase	false		refseq|kegg|uniprot|uniprot_especie	false
PA1506		PA1506	protein_coding	hypothetical protein	false		refseq|kegg|uniprot	false
PA1507		PA1507	protein_coding	transporter	false		refseq|kegg|uniprot	false
PA1508		PA1508	protein_coding	hypothetical protein	false		refseq|kegg|uniprot	false
PA1509		PA1509	protein_coding	hypothetical protein	false		refseq|kegg|uniprot	false
PA1510		PA1510	protein_coding	hypothetical protein	false		refseq|kegg|uniprot	false
PA1511	vgrG2a	PA1511	protein_coding	hypothetical protein	false		refseq|kegg|uniprot|uniprot_especie	false
PA1512	hcpA	PA1512	protein_coding	secreted protein Hcp	false		refseq|kegg	false
PA1513		PA1513	protein_coding	hypothetical protein	false		refseq|kegg|uniprot	false
PA1514	allA	PA1514	protein_coding	ureidoglycolate hydrolase	false		refseq|kegg|uniprot|uniprot_especie	false
PA1515	alc	PA1515	protein_coding	allantoicase	false		refseq|kegg|uniprot|uniprot_especie	true
PA1516		PA1516	protein_coding	hypothetical protein	false		refseq|kegg|uniprot	false
PA1517		PA1517	protein_coding	hypothetical protein	false		refseq|kegg|uniprot	false
PA1518		PA1518	protein_coding	5-hydroxyisourate hydrolase	false		refseq|kegg|uniprot|uniprot_especie	false
PA1519		PA1519	protein_coding	transporter	false		refseq|kegg|uniprot	false
PA1520		PA1520	protein_coding	transcriptional regulator	true	go_0003700|go_0006355|kw_transcription_regulation|producto_refseq	refseq|kegg|uniprot	false
PA1521		PA1521	protein_coding	guanine deaminase	false		refseq|kegg|uniprot	false
PA1522		PA1522	protein_coding	hypothetical protein	false		refseq|kegg|uniprot	false
PA1523	xdhB	PA1523	protein_coding	xanthine dehydrogenase	false		refseq|kegg|uniprot	false
PA1524	xdhA	PA1524	protein_coding	xanthine dehydrogenase	false		refseq|kegg|uniprot	false
PA1525	alkB2	PA1525	protein_coding	alkane-1 monooxygenase	false		refseq|kegg|uniprot|uniprot_especie	false
PA1526		PA1526	protein_coding	transcriptional regulator	true	go_0003700|go_0006355|kw_transcription_regulation|producto_refseq	refseq|kegg|uniprot	false
PA1527	smc	PA1527	protein_coding	hypothetical protein	false		refseq|kegg|uniprot	true
PA1528	zipA	PA1528	protein_coding	cell division protein ZipA	false		refseq|kegg|uniprot|uniprot_especie	false
PA1529	lig	PA1529|ligA	protein_coding	NAD-dependent DNA ligase LigA	false		refseq|kegg|uniprot|uniprot_especie	true
PA1530		PA1530	protein_coding	hypothetical protein	false		refseq|kegg|uniprot	false
PA1530.1	ffs	PA1530.1	rRNA	4.5S ribosomal RNA	false		refseq|kegg	true
PA1531		PA1531	protein_coding	hypothetical protein	false		refseq|kegg|uniprot	false
PA1532	dnaX	PA1532	protein_coding	DNA polymerase III subunits gamma/tau	false		refseq|kegg|uniprot	false
PA1533		PA1533	protein_coding	nucleoid-associated protein	false		refseq|kegg|uniprot|uniprot_especie	false
PA1534	recR	PA1534	protein_coding	recombination protein RecR	false		refseq|kegg|uniprot|uniprot_especie	false
PA1535		PA1535	protein_coding	acyl-CoA dehydrogenase	false		refseq|kegg|uniprot	false
PA1536		PA1536	protein_coding	hypothetical protein	false		refseq|kegg|uniprot|uniprot_especie	false
PA1537		PA1537	protein_coding	Baeyer-Villiger monooxygenase	false		refseq|kegg|uniprot	false
PA1538		PA1538	protein_coding	flavin-containing monooxygenase	false		refseq|kegg|uniprot|uniprot_especie	false
PA1539		PA1539	protein_coding	hypothetical protein	false		refseq|kegg|uniprot	false
PA1540		PA1540	protein_coding	multidrug efflux system protein MdtI	false		refseq|kegg|uniprot	false
PA1541		PA1541	protein_coding	drug efflux transporter	false		refseq|kegg|uniprot	false
PA1542		PA1542	protein_coding	hypothetical protein	false		refseq|kegg|uniprot	false
PA1543	apt	PA1543	protein_coding	adenine phosphoribosyltransferase	false		refseq|kegg|uniprot|uniprot_especie	true
PA1544	anr	Anr|PA1544	protein_coding	transcriptional regulator Anr	true	go_0003700|go_0006355|kw_transcription_regulation|producto_refseq	refseq|kegg|uniprot|uniprot_especie|manual	true
PA1545		PA1545	protein_coding	hypothetical protein	false		refseq|kegg|uniprot|uniprot_especie	false
PA1546	hemN	PA1546	protein_coding	oxygen-independent coproporphyrinogen-III oxidase	false		refseq|kegg|uniprot|uniprot_especie	false
PA1547		PA1547	protein_coding	hypothetical protein	false		refseq|kegg|uniprot	false
PA1548		PA1548	protein_coding	hypothetical protein	false		refseq|kegg|uniprot	false
PA1549		PA1549	protein_coding	cation-transporting P-type ATPase	false		refseq|kegg|uniprot	false
PA1550		PA1550	protein_coding	hypothetical protein	false		refseq|kegg|uniprot	false
PA1551		PA1551	protein_coding	ferredoxin	false		refseq|kegg|uniprot	false
PA1552	ccoP1	PA1552	protein_coding	cytochrome C oxidase cbb3-type subunit CcoP	false		refseq|kegg|uniprot	false
PA1552.1	ccoQ1	PA1552.1	protein_coding	cytochrome C oxidase cbb3-type subunit CcoQ	false		refseq|kegg|uniprot	false
PA1553	ccoO1	PA1553	protein_coding	cbb3-type cytochrome C oxidase subunit II	false		refseq|kegg|uniprot	false
PA1554	ccoN1	PA1554	protein_coding	cbb3-type cytochrome C oxidase subunit I	false		refseq|kegg|uniprot	false
PA1555	ccoP2	PA1555	protein_coding	cytochrome C oxidase cbb3-type subunit CcoP	false		refseq|kegg|uniprot	false
PA1555.1	ccoQ2	PA1555.1	protein_coding	cytochrome C oxidase cbb3-type subunit CcoQ	false		refseq|kegg|uniprot	false
PA1556	ccoO2	PA1556	protein_coding	cbb3-type cytochrome C oxidase subunit II	false		refseq|kegg|uniprot	false
PA1557	ccoN2	PA1557	protein_coding	cbb3-type cytochrome C oxidase subunit I	false		refseq|kegg|uniprot	false
PA1558		PA1558	protein_coding	hypothetical protein	false		refseq|kegg|uniprot	false
PA1559		PA1559	pseudogene	pseudogene	false		refseq|kegg|uniprot	false
PA1561	aer	PA1561|tlpC	protein_coding	aerotaxis receptor Aer	false		refseq|kegg|uniprot|uniprot_especie	true
PA1562	acnA	PA1562	protein_coding	aconitate hydratase	false		refseq|kegg|uniprot|uniprot_especie	false
PA1563	rlmM	PA1563	protein_coding	23S rRNA (cytidine(2498)-2'-O)-methyltransferase RlmM	false		refseq|kegg|uniprot|uniprot_especie	false
PA1564	tusA	PA1564	protein_coding	sulfurtransferase TusA	false		refseq|kegg|uniprot|uniprot_especie	false
PA1565		PA1565	protein_coding	oxidoreductase	false		refseq|kegg|uniprot	false
PA1566		PA1566	protein_coding	hypothetical protein	false		refseq|kegg|uniprot	false
PA1567		PA1567	protein_coding	hypothetical protein	false		refseq|kegg|uniprot	false
PA1568		PA1568	protein_coding	hypothetical protein	false		refseq|kegg|uniprot	false
PA1569		PA1569	protein_coding	major facilitator superfamily transporter	false		refseq|kegg|uniprot	false
PA1570		PA1570	protein_coding	transcriptional regulator	true	go_0003700|go_0006355|kw_transcription_regulation|producto_refseq	refseq|kegg|uniprot	false
PA1571		PA1571	protein_coding	hypothetical protein	false		refseq|kegg|uniprot	false
PA1572		PA1572	protein_coding	hypothetical protein	false		refseq|kegg|uniprot	false
PA1573		PA1573	protein_coding	hypothetical protein	false		refseq|kegg|uniprot	false
PA1574	ppnP	PA1574	protein_coding	hypothetical protein	false		refseq|kegg|uniprot|uniprot_especie	false
PA1575		PA1575	protein_coding	hypothetical protein	false		refseq|kegg|uniprot	false
PA1576		PA1576	protein_coding	3-hydroxyisobutyrate dehydrogenase	false		refseq|kegg|uniprot	false
PA1577		PA1577	protein_coding	hypothetical protein	false		refseq|kegg|uniprot	false
PA1578		PA1578	protein_coding	hypothetical protein	false		refseq|kegg|uniprot	false
PA1579		PA1579	protein_coding	hypothetical protein	false		refseq|kegg|uniprot|uniprot_especie	false
PA1580	gltA	PA1580	protein_coding	citrate synthase	false		refseq|kegg|uniprot|uniprot_especie	false
PA1581	sdhC	PA1581	protein_coding	succinate dehydrogenase subunit C	false		refseq|kegg|uniprot	false
PA1582	sdhD	PA1582	protein_coding	succinate dehydrogenase subunit D	false		refseq|kegg|uniprot	false
PA1583	sdhA	PA1583	protein_coding	succinate dehydrogenase flavoprotein subunit	false		refseq|kegg|uniprot	false
PA1584	sdhB	PA1584	protein_coding	succinate dehydrogenase iron-sulfur subunit	false		refseq|kegg|uniprot	false
PA1585	sucA	PA1585	protein_coding	2-oxoglutarate dehydrogenase subunit E1	false		refseq|kegg|uniprot	false
PA1586	sucB	PA1586	protein_coding	2-oxoglutarate dehydrogenase complex dihydrolipoyllysine-residue succinyltransferase	false		refseq|kegg|uniprot|uniprot_especie	false
PA1587	lpdG	PA1587	protein_coding	2-oxoglutarate dehydrogenase complex dihydrolipoyl dehydrogenase	false		refseq|kegg|uniprot|uniprot_especie	false
PA1588	sucC	PA1588	protein_coding	succinyl-CoA ligase subunit beta	false		refseq|kegg|uniprot|uniprot_especie	false
PA1589	sucD	PA1589	protein_coding	succinyl-CoA ligase subunit alpha	false		refseq|kegg|uniprot|uniprot_especie	false
PA1590	braB	PA1590	protein_coding	branched-chain amino acid transporter	false		refseq|kegg|uniprot|uniprot_especie	false
PA1591		PA1591	protein_coding	hypothetical protein	false		refseq|kegg|uniprot	false
PA1592		PA1592	protein_coding	hypothetical protein	false		refseq|kegg|uniprot	false
PA1593		PA1593	protein_coding	hypothetical protein	false		refseq|kegg|uniprot	false
PA1594		PA1594	protein_coding	hypothetical protein	false		refseq|kegg|uniprot	false
PA1595		PA1595	protein_coding	hypothetical protein	false		refseq|kegg|uniprot	false
PA1596	htpG	PA1596	protein_coding	chaperone protein HtpG	false		refseq|kegg|uniprot|uniprot_especie	false
PA1597		PA1597	protein_coding	hypothetical protein	false		refseq|kegg|uniprot	false
PA1598	panB1	PA1598	protein_coding	3-methyl-2-oxobutanoate hydroxymethyltransferase	false		refseq|kegg|uniprot|uniprot_especie	false
PA1599		PA1599	protein_coding	transcriptional regulator	true	go_0003700|go_0006355|kw_transcription_regulation|producto_refseq	refseq|kegg|uniprot	false
PA1600		PA1600	protein_coding	cytochrome C	false		refseq|kegg|uniprot	false
PA1601		PA1601	protein_coding	aldehyde dehydrogenase	false		refseq|kegg|uniprot	false
PA1602		PA1602	protein_coding	oxidoreductase	false		refseq|kegg|uniprot	false
PA1603		PA1603	protein_coding	transcriptional regulator	true	go_0003700|go_0006355|producto_refseq	refseq|kegg|uniprot	false
PA1604		PA1604	protein_coding	hypothetical protein	false		refseq|kegg|uniprot	false
PA1605		PA1605	protein_coding	hypothetical protein	false		refseq|kegg|uniprot	false
PA1606		PA1606	protein_coding	hypothetical protein	false		refseq|kegg|uniprot	false
PA1607		PA1607	protein_coding	hypothetical protein	true	go_0003700|go_0006355|kw_transcription_regulation	refseq|kegg|uniprot	false
PA1608		PA1608	protein_coding	chemotaxis transducer	false		refseq|kegg|uniprot	false
PA1609	fabB	PA1609	protein_coding	3-oxoacyl-ACP synthase	false		refseq|kegg|uniprot	false
PA1610	fabA	PA1610	protein_coding	3-hydroxydecanoyl-ACP dehydratase	false		refseq|kegg|uniprot|uniprot_especie	false
PA1611		PA1611	protein_coding	sensor/response regulator hybrid protein	true	kw_two_component|producto_refseq	refseq|kegg|uniprot	false
PA1612		PA1612	protein_coding	hypothetical protein	false		refseq|kegg|uniprot	false
PA1613		PA1613	protein_coding	hypothetical protein	false		refseq|kegg|uniprot	false
PA1614	gpsA	PA1614	protein_coding	glycerol-3-phosphate dehydrogenase	false		refseq|kegg|uniprot|uniprot_especie	false
PA1615		PA1615	protein_coding	lipase	false		refseq|kegg|uniprot	false
PA1616		PA1616	protein_coding	hypothetical protein	false		refseq|kegg|uniprot	false
PA1617		PA1617	protein_coding	AMP-binding protein	false		refseq|kegg|uniprot	false
PA1618		PA1618	protein_coding	esterase	false		refseq|kegg|uniprot|uniprot_especie	false
PA1619		PA1619	protein_coding	transcriptional regulator	true	go_0003700|go_0006355|kw_transcription_regulation|producto_refseq	refseq|kegg|uniprot	false
PA1620		PA1620	protein_coding	hypothetical protein	false		refseq|kegg|uniprot	false
PA1621		PA1621	protein_coding	hydrolase	false		refseq|kegg|uniprot	false
PA1622		PA1622	protein_coding	hydrolase	false		refseq|kegg|uniprot	false
PA1623		PA1623	protein_coding	hypothetical protein	false		refseq|kegg|uniprot	false
PA1624		PA1624	protein_coding	hypothetical protein	false		refseq|kegg|uniprot|uniprot_especie	false
PA1625		PA1625	protein_coding	hypothetical protein	false		refseq|kegg|uniprot	false
PA1626		PA1626	protein_coding	major facilitator superfamily transporter	false		refseq|kegg|uniprot	false
PA1627		PA1627	protein_coding	transcriptional regulator	true	go_0003700|go_0006355|kw_transcription_regulation|producto_refseq	refseq|kegg|uniprot	false
PA1628		PA1628	protein_coding	3-hydroxyacyl-CoA dehydrogenase	false		refseq|kegg|uniprot	false
PA1629		PA1629	protein_coding	enoyl-CoA hydratase	false		refseq|kegg|uniprot	false
PA1630		PA1630	protein_coding	transcriptional regulator	true	go_0003700|kw_transcription_regulation|producto_refseq	refseq|kegg|uniprot	false
PA1631		PA1631	protein_coding	acyl-CoA dehydrogenase	false		refseq|kegg|uniprot	false
PA1632	kdpF	PA1632	protein_coding	potassium-transporting ATPase subunit F	false		refseq|kegg|uniprot	false
PA1633	kdpA	PA1633	protein_coding	potassium-transporting ATPase subunit A	false		refseq|kegg|uniprot|uniprot_especie	false
PA1634	kdpB	PA1634	protein_coding	potassium-transporting ATPase subunit B	false		refseq|kegg|uniprot|uniprot_especie	false
PA1635	kdpC	PA1635	protein_coding	potassium-transporting ATPase subunit C	false		refseq|kegg|uniprot|uniprot_especie	false
PA1636	kdpD	PA1636	protein_coding	two-component sensor KdpD	true	kw_two_component	refseq|kegg|uniprot	false
PA1637	kdpE	PA1637	protein_coding	two-component response regulator KdpE	true	go_0006355|kw_transcription_regulation|kw_two_component|producto_refseq	refseq|kegg|uniprot	false
PA1638	glsA	PA1638	protein_coding	glutaminase	false		refseq|kegg|uniprot|uniprot_especie	false
PA1639		PA1639	protein_coding	hypothetical protein	false		refseq|kegg|uniprot	false
PA1640		PA1640	protein_coding	hypothetical protein	false		refseq|kegg|uniprot	false
PA1641		PA1641	protein_coding	hypothetical protein	false		refseq|kegg|uniprot	false
PA1642	selD	PA1642	protein_coding	selenide, water dikinase	false		refseq|kegg|uniprot|uniprot_especie	false
PA1643	selU	PA1643	protein_coding	tRNA 2-selenouridine synthase	false		refseq|kegg|uniprot|uniprot_especie	false
PA1644		PA1644	protein_coding	hypothetical protein	false		refseq|kegg|uniprot	false
PA1645		PA1645	protein_coding	hypothetical protein	false		refseq|kegg|uniprot	false
PA1646		PA1646	protein_coding	chemotaxis transducer	false		refseq|kegg|uniprot	false
PA1647		PA1647	protein_coding	sulfate transporter	false		refseq|kegg|uniprot	false
PA1648		PA1648	protein_coding	oxidoreductase	false		refseq|kegg|uniprot	false
PA1649		PA1649	protein_coding	short-chain dehydrogenase	false		refseq|kegg|uniprot	false
PA1650		PA1650	protein_coding	transporter	false		refseq|kegg|uniprot	false
PA1651		PA1651	protein_coding	transporter	false		refseq|kegg|uniprot	false
PA1652		PA1652	protein_coding	hypothetical protein	false		refseq|kegg|uniprot	false
PA1653		PA1653	protein_coding	transcriptional regulator	true	go_0003700|go_0006355|producto_refseq	refseq|kegg|uniprot	false
PA1654		PA1654	protein_coding	aminotransferase	false		refseq|kegg|uniprot	false
PA1655		PA1655	protein_coding	glutathione S-transferase	false		refseq|kegg|uniprot	false
PA1656		PA1656	protein_coding	hypothetical protein	false		refseq|kegg|uniprot	false
PA1657		PA1657	protein_coding	hypothetical protein	false		refseq|kegg|uniprot	false
PA1658		PA1658	protein_coding	hypothetical protein	false		refseq|kegg|uniprot	false
PA1659		PA1659	protein_coding	hypothetical protein	false		refseq|kegg|uniprot	false
PA1660		PA1660	protein_coding	hypothetical protein	false		refseq|kegg|uniprot	false
PA1661		PA1661	protein_coding	hypothetical protein	false		refseq|kegg|uniprot	false
PA1662		PA1662	protein_coding	ClpA/B-type protease	false		refseq|kegg|uniprot	false
PA1663		PA1663	protein_coding	transcriptional regulator	true	kw_transcription_regulation|kw_two_component|producto_refseq	refseq|kegg|uniprot	false
PA1664		PA1664	protein_coding	hypothetical protein	false		refseq|kegg|uniprot	false
PA1665		PA1665	protein_coding	hypothetical protein	false		refseq|kegg|uniprot	false
PA1666		PA1666	protein_coding	hypothetical protein	false		refseq|kegg|uniprot	false
PA1667		PA1667	protein_coding	hypothetical protein	false		refseq|kegg|uniprot	false
PA1668		PA1668	protein_coding	hypothetical protein	false		refseq|kegg|uniprot	false
PA1669		PA1669	protein_coding	hypothetical protein	false		refseq|kegg|uniprot	false
PA1670	stp1	PA1670	protein_coding	serine/threonine phosphoprotein phosphatase Stp1	false		refseq|kegg|uniprot	false
PA1671	stk1	PA1671	protein_coding	serine-threonine kinase Stk1	false		refseq|kegg|uniprot	false
PA1672		PA1672	protein_coding	hypothetical protein	false		refseq|kegg|uniprot	false
PA1673		PA1673	protein_coding	bacteriohemerythrin	false		refseq|kegg|uniprot|uniprot_especie	false
PA1674	folE2	PA1674	protein_coding	GTP cyclohydrolase I	false		refseq|kegg|uniprot|uniprot_especie	false
PA1675		PA1675	protein_coding	hypothetical protein	false		refseq|kegg|uniprot	false
PA1676		PA1676	protein_coding	hypothetical protein	false		refseq|kegg|uniprot	false
PA1677		PA1677	protein_coding	hypothetical protein	false		refseq|kegg|uniprot	false
PA1678	prmB	PA1678	protein_coding	50S ribosomal protein L3 glutamine methyltransferase	false		refseq|kegg|uniprot|uniprot_especie	false
PA1679		PA1679	protein_coding	hypothetical protein	false		refseq|kegg|uniprot	false
PA1680		PA1680	protein_coding	hypothetical protein	false		refseq|kegg|uniprot	false
PA1681	aroC	PA1681	protein_coding	chorismate synthase	false		refseq|kegg|uniprot|uniprot_especie	false
PA1682		PA1682	protein_coding	MFS metabolite transporter	false		refseq|kegg|uniprot	false
PA1683	mtnB	PA1683	protein_coding	methylthioribulose-1-phosphate dehydratase	false		refseq|kegg|uniprot|uniprot_especie	false
PA1684	mtnD	PA1684	protein_coding	acireductone dioxygenase	false		refseq|kegg|uniprot|uniprot_especie	false
PA1685	masA	PA1685|mtnC	protein_coding	enolase-phosphatase	false		refseq|kegg|uniprot|uniprot_especie	false
PA1686	alkA	PA1686	protein_coding	DNA-3-methyladenine glycosidase II	false		refseq|kegg|uniprot	false
PA1687	speE	PA1687|speE1	protein_coding	polyamine aminopropyltransferase	false		refseq|kegg|uniprot|uniprot_especie	false
PA1688		PA1688	protein_coding	hypothetical protein	false		refseq|kegg|uniprot	false
PA1689		PA1689	protein_coding	hypothetical protein	false		refseq|kegg|uniprot	false
PA1690	pscU	PA1690	protein_coding	translocation protein in type III secretion	false		refseq|kegg|uniprot	false
PA1691	pscT	PA1691	protein_coding	translocation protein in type III secretion	false		refseq|kegg|uniprot	false
PA1692		PA1692	protein_coding	translocation protein in type III secretion	false		refseq|kegg|uniprot	false
PA1693	pscR	PA1693	protein_coding	type III secretion system protein	false		refseq|kegg|uniprot	false
PA1694	pscQ	PA1694	protein_coding	type III secretion system protein	false		refseq|kegg|uniprot	false
PA1695	pscP	PA1695	protein_coding	translocation protein in type III secretion	false		refseq|kegg|uniprot	false
PA1696	pscO	PA1696	protein_coding	translocation protein in type III secretion	false		refseq|kegg|uniprot	false
PA1697		PA1697	protein_coding	type III secretion system ATPase	false		refseq|kegg|uniprot	false
PA1698	popN	PA1698	protein_coding	type III secretion outer membrane protein PopN	false		refseq|kegg|uniprot	false
PA1699		PA1699	protein_coding	hypothetical protein	false		refseq|kegg|uniprot	false
PA1700		PA1700	protein_coding	hypothetical protein	false		refseq|kegg|uniprot	false
PA1701		PA1701	protein_coding	hypothetical protein	false		refseq|kegg|uniprot	false
PA1702		PA1702	protein_coding	hypothetical protein	false		refseq|kegg|uniprot	false
PA1703	pcrD	PA1703	protein_coding	type III secretory apparatus protein PcrD	false		refseq|kegg|uniprot	false
PA1704	pcrR	PA1704	protein_coding	transcriptional regulator PcrR	true	producto_refseq	refseq|kegg|uniprot	false
PA1705	pcrG	PA1705	protein_coding	type III secretion regulator	false		refseq|kegg|uniprot	false
PA1706	pcrV	PA1706	protein_coding	type III secretion protein PcrV	false		refseq|kegg|uniprot	false
PA1707	pcrH	PA1707	protein_coding	regulatory protein PcrH	false		refseq|kegg|uniprot	false
PA1708	popB	PA1708	protein_coding	translocator protein PopB	false		refseq|kegg|uniprot	false
PA1709	popD	PA1709	protein_coding	translocator outer membrane protein PopD	false		refseq|kegg|uniprot	false
PA1710	exsC	PA1710	protein_coding	exoenzyme S synthesis protein ExsC	false		refseq|kegg|uniprot|uniprot_especie	false
PA1711	exsE	PA1711	protein_coding	hypothetical protein	false		refseq|kegg|uniprot|uniprot_especie	false
PA1712	exsB	PA1712	protein_coding	exoenzyme S synthesis protein ExsB	false		refseq|kegg|uniprot|uniprot_especie	false
PA1713	exsA	PA1713	protein_coding	exoenzyme S transcriptional regulator ExsA	true	collectf|go_0003700|go_0006355|kw_transcription_regulation|producto_refseq	refseq|kegg|uniprot|uniprot_especie	false
PA1714	exsD	PA1714	protein_coding	hypothetical protein	false		refseq|kegg|uniprot|uniprot_especie	false
PA1715	pscB	PA1715	protein_coding	type III export apparatus protein	false		refseq|kegg|uniprot	false
PA1716	pscC	PA1716|sctC	protein_coding	type III secretion outer membrane protein PscC	false		refseq|kegg|uniprot	false
PA1717	pscD	PA1717	protein_coding	type III export protein PscD	false		refseq|kegg|uniprot	false
PA1718	pscE	PA1718	protein_coding	type III export protein PscE	false		refseq|kegg|uniprot|uniprot_especie	false
PA1719	pscF	PA1719|sctF	protein_coding	type III export protein PscF	false		refseq|kegg|uniprot|uniprot_especie	false
PA1720	pscG	PA1720	protein_coding	type III export protein PscG	false		refseq|kegg|uniprot|uniprot_especie	false
PA1721	pscH	PA1721	protein_coding	type III export protein PscH	false		refseq|kegg|uniprot	false
PA1722	pscI	PA1722	protein_coding	type III export protein PscI	false		refseq|kegg|uniprot|uniprot_especie	false
PA1723	pscJ	PA1723	protein_coding	type III export protein PscJ	false		refseq|kegg|uniprot	false
PA1724	pscK	PA1724	protein_coding	type III export protein PscK	false		refseq|kegg|uniprot	false
PA1725	pscL	PA1725	protein_coding	type III secretion system protein	false		refseq|kegg|uniprot	false
PA1726	bglX	PA1726	protein_coding	beta-glucosidase	false		refseq|kegg|uniprot	false
PA1727	mucR	PA1727	protein_coding	signaling protein	false		refseq|kegg|uniprot|uniprot_especie	false
PA1728		PA1728	protein_coding	hypothetical protein	false		refseq|kegg|uniprot	false
PA1729		PA1729	protein_coding	hypothetical protein	false		refseq|kegg|uniprot	false
PA1730		PA1730	protein_coding	hypothetical protein	false		refseq|kegg|uniprot	false
PA1731		PA1731	protein_coding	hypothetical protein	false		refseq|kegg|uniprot	false
PA1732		PA1732	protein_coding	hypothetical protein	false		refseq|kegg|uniprot	false
PA1733		PA1733	protein_coding	hypothetical protein	false		refseq|kegg|uniprot	false
PA1734		PA1734	protein_coding	hypothetical protein	false		refseq|kegg|uniprot	false
PA1735		PA1735	protein_coding	hypothetical protein	false		refseq|kegg|uniprot	false
PA1736		PA1736	protein_coding	acetyl-CoA acetyltransferase	false		refseq|kegg|uniprot	false
PA1737		PA1737	protein_coding	3-hydroxyacyl-CoA dehydrogenase	false		refseq|kegg|uniprot	false
PA1738		PA1738	protein_coding	transcriptional regulator	true	go_0003700|kw_transcription_regulation|producto_refseq	refseq|kegg|uniprot	false
PA1739		PA1739	protein_coding	oxidoreductase	false		refseq|kegg|uniprot	false
PA1740		PA1740	protein_coding	hypothetical protein	false		refseq|kegg|uniprot	false
PA1741		PA1741	protein_coding	hypothetical protein	false		refseq|kegg|uniprot	false
PA1742		PA1742	protein_coding	amidotransferase	false		refseq|kegg|uniprot	false
PA1743		PA1743	protein_coding	hypothetical protein	false		refseq|kegg|uniprot	false
PA1744		PA1744	protein_coding	hypothetical protein	false		refseq|kegg|uniprot	false
PA1745		PA1745	protein_coding	hypothetical protein	false		refseq|kegg|uniprot	false
PA1746		PA1746	protein_coding	hypothetical protein	false		refseq|kegg|uniprot	false
PA1747		PA1747	protein_coding	hypothetical protein	false		refseq|kegg|uniprot	false
PA1748		PA1748	protein_coding	enoyl-CoA hydratase	false		refseq|kegg|uniprot	false
PA1749		PA1749	protein_coding	hypothetical protein	false		refseq|kegg|uniprot	false
PA1750		PA1750	protein_coding	phospho-2-dehydro-3-deoxyheptonate aldolase	false		refseq|kegg|uniprot	false
PA1751		PA1751	protein_coding	hypothetical protein	false		refseq|kegg|uniprot	false
PA1752		PA1752	protein_coding	2-dehydropantoate 2-reductase	false		refseq|kegg|uniprot	false
PA1753		PA1753	protein_coding	hypothetical protein	false		refseq|kegg|uniprot	false
PA1754	cysB	PA1754	protein_coding	transcriptional regulator CysB	true	go_0003700|go_0006355|kw_transcription_regulation|producto_refseq	refseq|kegg|uniprot	false
PA1755		PA1755	protein_coding	hypothetical protein	false		refseq|kegg|uniprot	false
PA1756	cysH	PA1756	protein_coding	phosphoadenosine phosphosulfate reductase	false		refseq|kegg|uniprot|uniprot_especie	false
PA1757	thrH	PA1757	protein_coding	phosphoserine phosphatase	false		refseq|kegg|uniprot|uniprot_especie	false
PA1758	pabB	PA1758	protein_coding	para-aminobenzoate synthase component I	false		refseq|kegg|uniprot	false
PA1759		PA1759	protein_coding	transcriptional regulator	true	go_0003700|go_0006355|kw_transcription_regulation|producto_refseq	refseq|kegg|uniprot	false
PA1760		PA1760	protein_coding	transcriptional regulator	true	go_0003700|go_0006355|kw_transcription_regulation|producto_refseq	refseq|kegg|uniprot	false
PA1761		PA1761	protein_coding	hypothetical protein	false		refseq|kegg|uniprot	false
PA1762		PA1762	protein_coding	hypothetical protein	false		refseq|kegg|uniprot	false
PA1763		PA1763	protein_coding	hypothetical protein	false		refseq|kegg|uniprot	false
PA1764		PA1764	protein_coding	hypothetical protein	false		refseq|kegg|uniprot	false
PA1765		PA1765	protein_coding	hypothetical protein	false		refseq|kegg|uniprot	false
PA1766		PA1766	protein_coding	hypothetical protein	false		refseq|kegg|uniprot	false
PA1767		PA1767	protein_coding	hypothetical protein	false		refseq|kegg|uniprot	false
PA1768		PA1768	protein_coding	hypothetical protein	false		refseq|kegg|uniprot	false
PA1769		PA1769	protein_coding	phosphoenolpyruvate synthase regulatory protein	false		refseq|kegg|uniprot|uniprot_especie	false
PA1770	ppsA	PA1770	protein_coding	phosphoenolpyruvate synthase	false		refseq|kegg|uniprot	false
PA1771	estX	PA1771	protein_coding	hydrolase	false		refseq|kegg|uniprot	false
PA1772		PA1772	protein_coding	ribonuclease activity regulator protein RraA	false		refseq|kegg|uniprot|uniprot_especie	false
PA1773	cmaX	PA1773|zntB	protein_coding	transporter	false		refseq|kegg|uniprot|uniprot_especie	false
PA1774	crfX	PA1774	protein_coding	hypothetical protein	false		refseq|kegg|uniprot	false
PA1775	cmpX	PA1775	protein_coding	hypothetical protein	false		refseq|kegg|uniprot	false
PA1776	sigX	PA1776	protein_coding	RNA polymerase sigma factor SigX	true	go_0006355|kw_sigma_factor|kw_transcription_regulation|producto_refseq	refseq|kegg|uniprot	false
PA1777	oprF	PA1777	protein_coding	outer membrane porin F	false		refseq|kegg|uniprot|uniprot_especie	false
PA1778	cobA	PA1778	protein_coding	uroporphyrin-III C-methyltransferase	false		refseq|kegg|uniprot|uniprot_especie	false
PA1779		PA1779	protein_coding	assimilatory nitrate reductase	false		refseq|kegg|uniprot	false
PA1780	nirD	PA1780	protein_coding	assimilatory nitrite reductase small subunit	false		refseq|kegg|uniprot	false
PA1781	nirB	PA1781	protein_coding	assimilatory nitrite reductase large subunit	false		refseq|kegg|uniprot	false
PA1781.1		PA1781.1	ncRNA	P11	false		refseq|kegg	false
PA1782		PA1782	protein_coding	serine/threonine-protein kinase	false		refseq|kegg|uniprot	false
PA1783	nasA	PA1783	protein_coding	nitrate transporter	false		refseq|kegg|uniprot	false
PA1784		PA1784	protein_coding	hypothetical protein	false		refseq|kegg|uniprot	false
PA1785		PA1785	protein_coding	hypothetical protein	false		refseq|kegg|uniprot	false
PA1786		PA1786	protein_coding	hypothetical protein	false		refseq|kegg|uniprot	false
PA1787	acnB	PA1787	protein_coding	aconitate hydratase B	false		refseq|kegg|uniprot|uniprot_especie	false
PA1788		PA1788	protein_coding	hypothetical protein	false		refseq|kegg|uniprot	false
PA1789		PA1789	protein_coding	hypothetical protein	false		refseq|kegg|uniprot	false
PA1790		PA1790	protein_coding	hypothetical protein	false		refseq|kegg|uniprot	false
PA1791		PA1791	protein_coding	hypothetical protein	false		refseq|kegg|uniprot	false
PA1792	lpxH	PA1792	protein_coding	UDP-2,3-diacylglucosamine hydrolase	false		refseq|kegg|uniprot|uniprot_especie	false
PA1793	ppiB	PA1793	protein_coding	peptidyl-prolyl cis-trans isomerase B	false		refseq|kegg|uniprot	false
PA1794	glnS	PA1794	protein_coding	glutamine--tRNA ligase	false		refseq|kegg|uniprot|uniprot_especie	false
PA1795	cysS	PA1795	protein_coding	cysteine--tRNA ligase	false		refseq|kegg|uniprot|uniprot_especie	false
PA1796	folD	PA1796	protein_coding	bifunctional 5,10-methylene-tetrahydrofolate dehydrogenase/ 5,10-methylene-tetrahydrofolate cyclohydrolase	false		refseq|kegg|uniprot|uniprot_especie	false
PA1796.1		PA1796.1	tRNA	tRNA-Arg	false		refseq|kegg	false
PA1796.2		PA1796.2	tRNA	tRNA-His	false		refseq|kegg	false
PA1796.3		PA1796.3	tRNA	tRNA-Leu	false		refseq|kegg	false
PA1796.4		PA1796.4	tRNA	tRNA-His	false		refseq|kegg	false
PA1797		PA1797	protein_coding	hypothetical protein	false		refseq|kegg|uniprot	false
PA1798	parS	PA1798	protein_coding	two-component sensor ParS	false		refseq|kegg|uniprot	false
PA1799	parR	PA1799	protein_coding	two-component response regulator ParR	true	go_0006355|kw_transcription_regulation|kw_two_component|producto_refseq	refseq|kegg|uniprot	false
PA1800	tig	PA1800	protein_coding	trigger factor	false		refseq|kegg|uniprot|uniprot_especie	true
PA1801	clpP	PA1801|clpP1	protein_coding	ATP-dependent Clp protease proteolytic subunit	false		refseq|kegg|uniprot|uniprot_especie	false
PA1802	clpX	PA1802	protein_coding	ATP-dependent protease ATP-binding subunit ClpX	false		refseq|kegg|uniprot|uniprot_especie	false
PA1803	lon	PA1803	protein_coding	Lon protease	false		refseq|kegg|uniprot	true
PA1804	hupB	PA1804	protein_coding	DNA-binding protein HU	false		refseq|kegg|uniprot|uniprot_especie	false
PA1804.1		PA1804.1	tRNA	tRNA-Asp	false		refseq|kegg	false
PA1805	ppiD	PA1805	protein_coding	peptidyl-prolyl cis-trans isomerase D	false		refseq|kegg|uniprot	false
PA1806	fabI	PA1806	protein_coding	NADH-dependent enoyl-ACP reductase	false		refseq|kegg|uniprot|uniprot_especie	false
PA1807		PA1807	protein_coding	ABC transporter ATP-binding protein	false		refseq|kegg|uniprot	false
PA1808		PA1808	protein_coding	ABC transporter permease	false		refseq|kegg|uniprot	false
PA1809		PA1809	protein_coding	ABC transporter permease	false		refseq|kegg|uniprot	false
PA1810		PA1810	protein_coding	ABC transporter	false		refseq|kegg|uniprot	false
PA1811		PA1811	protein_coding	solute-binding protein	false		refseq|kegg|uniprot	false
PA1812	mltD	PA1812	protein_coding	membrane-bound lytic murein transglycosylase D	false		refseq|kegg|uniprot	false
PA1813	gloB	PA1813	protein_coding	hydroxyacylglutathione hydrolase	false		refseq|kegg|uniprot|uniprot_especie	false
PA1814		PA1814	protein_coding	hypothetical protein	false		refseq|kegg|uniprot	false
PA1815	rnhA	PA1815	protein_coding	ribonuclease HI	false		refseq|kegg|uniprot|uniprot_especie	false
PA1816	dnaQ	PA1816	protein_coding	DNA polymerase III subunit epsilon	false		refseq|kegg|uniprot	false
PA1817		PA1817	protein_coding	hypothetical protein	false		refseq|kegg|uniprot	false
PA1818	ldcA	PA1818	protein_coding	lysine-specific pyridoxal 5'-phosphate-dependent carboxylase LdcA	false		refseq|kegg|uniprot|uniprot_especie	false
PA1819		PA1819	protein_coding	amino acid permease	false		refseq|kegg|uniprot	false
PA1820	nhaB	PA1820	protein_coding	Na(+)/H(+) antiporter NhaB	false		refseq|kegg|uniprot|uniprot_especie	false
PA1821		PA1821	protein_coding	enoyl-CoA hydratase	false		refseq|kegg|uniprot	false
PA1822	fimL	PA1822	protein_coding	hypothetical protein	false		refseq|kegg|uniprot|uniprot_especie	false
PA1823	nudC	PA1823	protein_coding	NADH pyrophosphatase	false		refseq|kegg|uniprot|uniprot_especie	false
PA1824		PA1824	protein_coding	hypothetical protein	false		refseq|kegg|uniprot	false
PA1825		PA1825	protein_coding	hypothetical protein	false		refseq|kegg|uniprot	false
PA1826		PA1826	protein_coding	transcriptional regulator	true	go_0003700|go_0006355|kw_transcription_regulation|producto_refseq	refseq|kegg|uniprot	false
PA1827		PA1827	protein_coding	short-chain dehydrogenase	false		refseq|kegg|uniprot	false
PA1828		PA1828	protein_coding	short-chain dehydrogenase	false		refseq|kegg|uniprot	false
PA1829		PA1829	protein_coding	hypothetical protein	false		refseq|kegg|uniprot	false
PA1830		PA1830	protein_coding	hypothetical protein	false		refseq|kegg|uniprot	false
PA1831		PA1831	protein_coding	hypothetical protein	false		refseq|kegg|uniprot	false
PA1832		PA1832	protein_coding	protease	false		refseq|kegg|uniprot	false
PA1833		PA1833	protein_coding	oxidoreductase	false		refseq|kegg|uniprot	false
PA1835		PA1835	protein_coding	hypothetical protein	false		refseq|kegg|uniprot	false
PA1836		PA1836	protein_coding	transcriptional regulator	true	go_0003700|go_0006355|producto_refseq	refseq|kegg|uniprot	false
PA1837		PA1837	protein_coding	hypothetical protein	false		refseq|kegg|uniprot	false
PA1838	cysI	PA1838	protein_coding	sulfite reductase	false		refseq|kegg|uniprot	false
PA1839		PA1839	protein_coding	RNA methyltransferase	false		refseq|kegg|uniprot|uniprot_especie	false
PA1840		PA1840	protein_coding	hypothetical protein	false		refseq|kegg|uniprot	false
PA1841		PA1841	protein_coding	hypothetical protein	false		refseq|kegg|uniprot	false
PA1842		PA1842	protein_coding	hypothetical protein	false		refseq|kegg|uniprot	false
PA1843	metH	PA1843	protein_coding	B12-dependent methionine synthase	false		refseq|kegg|uniprot|uniprot_especie	false
PA1844	tse1	PA1844	protein_coding	hypothetical protein	false		refseq|kegg|uniprot|uniprot_especie	false
PA1845	tsi1	PA1845	protein_coding	hypothetical protein	false		refseq|kegg|uniprot|uniprot_especie	false
PA1846	cti	PA1846	protein_coding	cis/trans isomerase	false		refseq|kegg|uniprot	true
PA1847	nfuA	PA1847	protein_coding	Fe/S biogenesis protein NfuA	false		refseq|kegg|uniprot|uniprot_especie	false
PA1848		PA1848	protein_coding	major facilitator superfamily transporter	false		refseq|kegg|uniprot	false
PA1849		PA1849	protein_coding	hypothetical protein	false		refseq|kegg|uniprot	false
PA1850		PA1850	protein_coding	transcriptional regulator	true	go_0003700|go_0006355|kw_transcription_regulation|producto_refseq	refseq|kegg|uniprot	false
PA1851		PA1851	protein_coding	hypothetical protein	false		refseq|kegg|uniprot	false
PA1852		PA1852	protein_coding	hypothetical protein	false		refseq|kegg|uniprot	false
PA1853		PA1853	protein_coding	transcriptional regulator	true	go_0003700|go_0006355|kw_transcription_regulation|producto_refseq	refseq|kegg|uniprot	false
PA1854		PA1854	protein_coding	hypothetical protein	false		refseq|kegg|uniprot	false
PA1855		PA1855	protein_coding	hypothetical protein	false		refseq|kegg|uniprot	false
PA1856		PA1856	protein_coding	cbb3-type cytochrome C oxidase subunit I	false		refseq|kegg|uniprot	false
PA1857		PA1857	protein_coding	hypothetical protein	false		refseq|kegg|uniprot	false
PA1858	str	PA1858	protein_coding	streptomycin 3''-phosphotransferase	false		refseq|kegg|uniprot	true
PA1859		PA1859	protein_coding	transcriptional regulator	true	go_0003700|kw_transcription_regulation|producto_refseq	refseq|kegg|uniprot	false
PA1860		PA1860	protein_coding	hypothetical protein	false		refseq|kegg|uniprot	false
PA1861	modC	PA1861	protein_coding	molybdenum ABC transporter ATP-binding protein ModC	false		refseq|kegg|uniprot|uniprot_especie	false
PA1862	modB	PA1862	protein_coding	molybdenum ABC transporter permease ModB	false		refseq|kegg|uniprot	false
PA1863	modA	PA1863	protein_coding	molybdenum ABC transporter substrate-binding protein ModA	false		refseq|kegg|uniprot|uniprot_especie	false
PA1864		PA1864	protein_coding	transcriptional regulator	true	go_0003700|go_0006355|producto_refseq	refseq|kegg|uniprot	false
PA1865	fan1	PA1865	protein_coding	Fanconi-associated nuclease	false		refseq|kegg|uniprot|uniprot_especie	false
PA1866		PA1866	protein_coding	hypothetical protein	false		refseq|kegg|uniprot	false
PA1867	xphA	PA1867	protein_coding	type VI pilus biosynthesis protein	false		refseq|kegg|uniprot	false
PA1868	xqhA	PA1868	protein_coding	secretion protein XqhA	false		refseq|kegg|uniprot	false
PA1869	acpP2	PA1869	protein_coding	acyl carrier protein	false		refseq|kegg|uniprot|uniprot_especie	false
PA1870		PA1870	protein_coding	hypothetical protein	false		refseq|kegg|uniprot	false
PA1871	lasA	PA1871	protein_coding	protease LasA	false		refseq|kegg|uniprot|uniprot_especie	false
PA1872		PA1872	protein_coding	hypothetical protein	false		refseq|kegg|uniprot	false
PA1873		PA1873	protein_coding	hypothetical protein	false		refseq|kegg|uniprot	false
PA1874		PA1874	protein_coding	hypothetical protein	false		refseq|kegg|uniprot	false
PA1875		PA1875	protein_coding	hypothetical protein	false		refseq|kegg|uniprot	false
PA1876		PA1876	protein_coding	ABC transporter ATP-binding protein/permease	false		refseq|kegg|uniprot	false
PA1877		PA1877	protein_coding	secretion protein	false		refseq|kegg|uniprot	false
PA1878		PA1878	protein_coding	hypothetical protein	false		refseq|kegg|uniprot	false
PA1879		PA1879	protein_coding	hypothetical protein	false		refseq|kegg|uniprot	false
PA1880		PA1880	protein_coding	oxidoreductase	false		refseq|kegg|uniprot	false
PA1881		PA1881	protein_coding	oxidoreductase	false		refseq|kegg|uniprot	false
PA1882		PA1882	protein_coding	transporter	false		refseq|kegg|uniprot	false
PA1883	nuoA1	PA1883	protein_coding	NADH-quinone oxidoreductase subunit A	false		refseq|kegg|uniprot|uniprot_especie	false
PA1884		PA1884	protein_coding	transcriptional regulator	true	go_0003700|go_0006355|producto_refseq	refseq|kegg|uniprot	false
PA1885		PA1885	protein_coding	hypothetical protein	false		refseq|kegg|uniprot	false
PA1886	polB	PA1886	protein_coding	DNA polymerase II	false		refseq|kegg|uniprot	false
PA1887		PA1887	protein_coding	hypothetical protein	false		refseq|kegg|uniprot	false
PA1888		PA1888	protein_coding	hypothetical protein	false		refseq|kegg|uniprot	false
PA1889		PA1889	protein_coding	hypothetical protein	false		refseq|kegg|uniprot	false
PA1890		PA1890	protein_coding	glutathione S-transferase	false		refseq|kegg|uniprot	false
PA1891		PA1891	protein_coding	hypothetical protein	false		refseq|kegg|uniprot	false
PA1892		PA1892	protein_coding	hypothetical protein	false		refseq|kegg|uniprot	false
PA1893		PA1893	protein_coding	hypothetical protein	false		refseq|kegg|uniprot	false
PA1894		PA1894	protein_coding	hypothetical protein	false		refseq|kegg|uniprot	false
PA1895		PA1895	protein_coding	hypothetical protein	false		refseq|kegg|uniprot	false
PA1896		PA1896	protein_coding	hypothetical protein	false		refseq|kegg|uniprot	false
PA1897		PA1897	protein_coding	hypothetical protein	false		refseq|kegg|uniprot	false
PA1898	qscR	PA1898	protein_coding	quorum-sensing control repressor	true	collectf|kw_transcription_regulation	refseq|kegg|uniprot	false
PA1899	phzA2	PA1899	protein_coding	phenazine biosynthesis protein PhzA	false		refseq|kegg|uniprot|uniprot_especie	false
PA1900	phzB2	PA1900	protein_coding	phenazine biosynthesis protein PhzB	false		refseq|kegg|uniprot|uniprot_especie	false
PA1901	phzC2	PA1901	protein_coding	phenazine biosynthesis protein PhzC	false		refseq|kegg|uniprot	false
PA1902	phzD2	PA1902|phzD	protein_coding	phenazine biosynthesis protein PhzD	false		refseq|kegg|uniprot|uniprot_especie	false
PA1903	phzE2	PA1903	protein_coding	phenazine biosynthesis protein PhzE	false		refseq|kegg|uniprot	false
PA1904	phzF2	PA1904	protein_coding	trans-2,3-dihydro-3-hydroxyanthranilate isomerase	false		refseq|kegg	false
PA1905	phzG2	PA1905	protein_coding	pyridoxamine 5'-phosphate oxidase	false		refseq|kegg|uniprot	false
PA1906		PA1906	protein_coding	hypothetical protein	false		refseq|kegg|uniprot	false
PA1907		PA1907	protein_coding	hypothetical protein	false		refseq|kegg|uniprot	false
PA1908		PA1908	protein_coding	major facilitator superfamily transporter	false		refseq|kegg|uniprot	false
PA1909		PA1909	protein_coding	hypothetical protein	false		refseq|kegg|uniprot	false
PA1910	femA	PA1910	protein_coding	ferric-mycobactin receptor FemA	false		refseq|kegg|uniprot	false
PA1911	femR	PA1911	protein_coding	sigma factor regulator FemR	true	producto_refseq	refseq|kegg|uniprot	false
PA1912	femI	PA1912	protein_coding	ECF sigma factor FemI	true	go_0006355|kw_sigma_factor|kw_transcription_regulation|producto_refseq	refseq|kegg|uniprot	false
PA1913		PA1913	protein_coding	hypothetical protein	false		refseq|kegg|uniprot	false
PA1914		PA1914	protein_coding	hypothetical protein	false		refseq|kegg|uniprot	false
PA1915		PA1915	protein_coding	hypothetical protein	true	go_0003700	refseq|kegg|uniprot	false
PA1916		PA1916	protein_coding	amino acid permease	false		refseq|kegg|uniprot	false
PA1917		PA1917	protein_coding	hypothetical protein	false		refseq|kegg|uniprot	false
PA1918		PA1918	protein_coding	hypothetical protein	false		refseq|kegg|uniprot	false
PA1919	nrdG	PA1919	protein_coding	class III (anaerobic) ribonucleoside-triphosphate reductase activating protein NrdG	false		refseq|kegg|uniprot	false
PA1920	nrdD	PA1920	protein_coding	anaerobic ribonucleoside triphosphate reductase	false		refseq|kegg|uniprot	false
PA1921		PA1921	protein_coding	hypothetical protein	false		refseq|kegg|uniprot	false
PA1922		PA1922	protein_coding	TonB-dependent receptor	false		refseq|kegg|uniprot	false
PA1923		PA1923	protein_coding	cobaltochelatase subunit CobN	false		refseq|kegg|uniprot	false
PA1924		PA1924	protein_coding	hypothetical protein	false		refseq|kegg|uniprot	false
PA1925		PA1925	protein_coding	hypothetical protein	false		refseq|kegg|uniprot	false
PA1926		PA1926	protein_coding	hypothetical protein	false		refseq|kegg|uniprot	false
PA1927	metE	PA1927	protein_coding	5-methyltetrahydropteroyltriglutamate--homocysteine methyltransferase	false		refseq|kegg|uniprot|uniprot_especie	false
PA1928	rimJ	PA1928	protein_coding	ribosomal protein alanine acetyltransferase	false		refseq|kegg|uniprot|uniprot_especie	false
PA1929		PA1929	protein_coding	hypothetical protein	false		refseq|kegg|uniprot	false
PA1930		PA1930	protein_coding	chemotaxis transducer	false		refseq|kegg|uniprot	false
PA1931		PA1931	protein_coding	ferredoxin	false		refseq|kegg|uniprot	false
PA1932		PA1932	protein_coding	hydroxylase molybdopterin-containing subunit	false		refseq|kegg|uniprot	false
PA1933		PA1933	protein_coding	hydroxylase large subunit	false		refseq|kegg|uniprot	false
PA1934		PA1934	protein_coding	hypothetical protein	false		refseq|kegg|uniprot	false
PA1937		PA1937	protein_coding	hypothetical protein	false		refseq|kegg|uniprot	false
PA1938		PA1938	protein_coding	hypothetical protein	false		refseq|kegg|uniprot	false
PA1939		PA1939	protein_coding	hypothetical protein	false		refseq|kegg|uniprot	false
PA1940		PA1940	protein_coding	hypothetical protein	false		refseq|kegg|uniprot	false
PA1941		PA1941	protein_coding	hypothetical protein	false		refseq|kegg|uniprot	false
PA1942		PA1942	protein_coding	hypothetical protein	false		refseq|kegg|uniprot	false
PA1943		PA1943	protein_coding	hypothetical protein	false		refseq|kegg|uniprot	false
PA1944		PA1944	protein_coding	hypothetical protein	false		refseq|kegg|uniprot	false
PA1945		PA1945	protein_coding	transcriptional regulator	true	kw_transcription_regulation|producto_refseq	refseq|kegg|uniprot	false
PA1946	rbsB	PA1946	protein_coding	ribose ABC transporter substrate-binding protein	false		refseq|kegg|uniprot|uniprot_especie	false
PA1947	rbsA	PA1947	protein_coding	ribose transporter RbsA	false		refseq|kegg|uniprot	false
PA1948	rbsC	PA1948	protein_coding	ribose ABC transporter permease	false		refseq|kegg|uniprot	false
PA1949	rbsR	PA1949	protein_coding	ribose operon repressor RbsR	true	go_0003700|go_0006355|kw_transcription_regulation	refseq|kegg|uniprot	false
PA1950	rbsK	PA1950	protein_coding	ribokinase	false		refseq|kegg|uniprot	false
PA1951	fapF	PA1951	protein_coding	hypothetical protein	false		refseq|kegg|uniprot|uniprot_especie	false
PA1952	fapE	PA1952	protein_coding	hypothetical protein	false		refseq|kegg|uniprot|uniprot_especie	false
PA1953	fapD	PA1953	protein_coding	hypothetical protein	false		refseq|kegg|uniprot|uniprot_especie	false
PA1954	fapC	PA1954	protein_coding	hypothetical protein	false		refseq|kegg|uniprot|uniprot_especie	false
PA1955	fapB	PA1955	protein_coding	hypothetical protein	false		refseq|kegg|uniprot|uniprot_especie	false
PA1956	fapA	PA1956	protein_coding	hypothetical protein	false		refseq|kegg|uniprot|uniprot_especie	false
PA1957		PA1957	protein_coding	hypothetical protein	false		refseq|kegg|uniprot	false
PA1958		PA1958	protein_coding	transporter	false		refseq|kegg|uniprot	false
PA1959	bacA	PA1959|upk|uppP	protein_coding	undecaprenyl-diphosphatase	false		refseq|kegg|uniprot|uniprot_especie	true
PA1960		PA1960	protein_coding	hypothetical protein	false		refseq|kegg|uniprot	false
PA1961		PA1961	protein_coding	transcriptional regulator	true	go_0003700|go_0006355|kw_transcription_regulation|producto_refseq	refseq|kegg|uniprot	false
PA1962	azoR2	PA1962	protein_coding	FMN-dependent NADH-azoreductase	false		refseq|kegg|uniprot|uniprot_especie	false
PA1963		PA1963	protein_coding	hypothetical protein	false		refseq|kegg|uniprot	false
PA1964		PA1964	protein_coding	ABC-F family ATPase	false		refseq|kegg|uniprot	false
PA1965		PA1965	protein_coding	hypothetical protein	false		refseq|kegg|uniprot	false
PA1966		PA1966	protein_coding	hypothetical protein	false		refseq|kegg|uniprot	false
PA1967		PA1967	protein_coding	hypothetical protein	false		refseq|kegg|uniprot	false
PA1968		PA1968	protein_coding	hypothetical protein	false		refseq|kegg|uniprot	false
PA1969		PA1969	protein_coding	hypothetical protein	false		refseq|kegg|uniprot	false
PA1970		PA1970	protein_coding	hypothetical protein	false		refseq|kegg|uniprot	false
PA1971	braZ	PA1971	protein_coding	branched-chain amino acid transport system 3 carrier protein	false		refseq|kegg|uniprot|uniprot_especie	false
PA1972		PA1972	protein_coding	hypothetical protein	false		refseq|kegg|uniprot	false
PA1973	pqqF	PA1973	protein_coding	coenzyme PQQ synthesis protein F	false		refseq|kegg|uniprot|uniprot_especie	false
PA1974		PA1974	protein_coding	hypothetical protein	false		refseq|kegg|uniprot	false
PA1975		PA1975	protein_coding	hypothetical protein	false		refseq|kegg|uniprot	false
PA1976	ercS	PA1976|ercS'	protein_coding	sensor histidine kinase	false		refseq|kegg|uniprot	false
PA1977		PA1977	protein_coding	hypothetical protein	false		refseq|kegg|uniprot|uniprot_especie	false
PA1978	agmR	PA1978	protein_coding	glycerol metabolism activator	true	go_0006355|kw_transcription_regulation|kw_two_component	refseq|kegg|uniprot|uniprot_especie	false
PA1979	eraS	PA1979	protein_coding	sensor kinase EraS	true	kw_two_component	refseq|kegg|uniprot	false
PA1980	eraR	PA1980	protein_coding	response regulator EraR	true	go_0003700|go_0006355|producto_refseq	refseq|kegg|uniprot	false
PA1981		PA1981	protein_coding	hypothetical protein	false		refseq|kegg|uniprot	false
PA1982	exaA	PA1982	protein_coding	quinoprotein ethanol dehydrogenase	false		refseq|kegg|uniprot|uniprot_especie	false
PA1983	exaB	PA1983	protein_coding	cytochrome C550	false		refseq|kegg|uniprot|uniprot_especie	false
PA1984	exaC	PA1984	protein_coding	NAD+ dependent aldehyde dehydrogenase ExaC	false		refseq|kegg|uniprot	false
PA1985	pqqA	PA1985	protein_coding	coenzyme PQQ synthesis protein A	false		refseq|kegg|uniprot|uniprot_especie	false
PA1986	pqqB	PA1986	protein_coding	coenzyme PQQ synthesis protein B	false		refseq|kegg|uniprot|uniprot_especie	false
PA1987	pqqC	PA1987	protein_coding	pyrroloquinoline-quinone synthase	false		refseq|kegg|uniprot|uniprot_especie	false
PA1988	pqqD	PA1988	protein_coding	coenzyme PQQ synthesis protein D	false		refseq|kegg|uniprot|uniprot_especie	false
PA1989	pqqE	PA1989	protein_coding	coenzyme PQQ synthesis protein E	false		refseq|kegg|uniprot|uniprot_especie	false
PA1990	pqqH	PA1990	protein_coding	peptidase	false		refseq|kegg|uniprot	false
PA1991	ercA	PA1991	protein_coding	iron-containing alcohol dehydrogenase	false		refseq|kegg|uniprot|uniprot_especie	false
PA1992	ercS	PA1992	protein_coding	sensor histidine kinase	true	kw_two_component	refseq|kegg|uniprot|uniprot_especie	false
PA1993		PA1993	protein_coding	hypothetical protein	false		refseq|kegg|uniprot|uniprot_especie	false
PA1994		PA1994	protein_coding	hypothetical protein	false		refseq|kegg|uniprot	false
PA1995		PA1995	protein_coding	hypothetical protein	false		refseq|kegg|uniprot	false
PA1996	ppiC1	PA1996	protein_coding	peptidyl-prolyl cis-trans isomerase C1	false		refseq|kegg|uniprot	false
PA1997		PA1997	protein_coding	acetoacetyl-CoA synthetase	false		refseq|kegg|uniprot	false
PA1998	dhcR	PA1998	protein_coding	transcriptional regulator DhcR	true	go_0003700|go_0006355|kw_transcription_regulation|producto_refseq	refseq|kegg|uniprot	false
PA1999	dhcA	PA1999	protein_coding	dehydrocarnitine CoA transferase subunit A	false		refseq|kegg|uniprot	false
PA2000	dhcB	PA2000	protein_coding	dehydrocarnitine CoA transferase subunit B	false		refseq|kegg|uniprot	false
PA2001	atoB	PA2001	protein_coding	acetyl-CoA acetyltransferase	false		refseq|kegg|uniprot|uniprot_especie	false
PA2002		PA2002	protein_coding	hypothetical protein	false		refseq|kegg|uniprot	false
PA2003	bdhA	PA2003	protein_coding	3-hydroxybutyrate dehydrogenase	false		refseq|kegg|uniprot	false
PA2004		PA2004	protein_coding	hypothetical protein	false		refseq|kegg|uniprot	false
PA2005		PA2005	protein_coding	transcriptional regulator	true	kw_transcription_regulation|producto_refseq	refseq|kegg|uniprot	false
PA2006		PA2006	protein_coding	major facilitator superfamily transporter	false		refseq|kegg|uniprot	false
PA2007	maiA	PA2007	protein_coding	maleylacetoacetate isomerase	false		refseq|kegg|uniprot|uniprot_especie	false
PA2008	fahA	PA2008	protein_coding	fumarylacetoacetase	false		refseq|kegg|uniprot	false
PA2009	hmgA	PA2009	protein_coding	homogentisate 1,2-dioxygenase	false		refseq|kegg|uniprot|uniprot_especie	false
PA2010		PA2010	protein_coding	transcriptional regulator	true	go_0003700|kw_transcription_regulation|producto_refseq	refseq|kegg|uniprot	false
PA2011	liuE	PA2011	protein_coding	3-hydroxy-3-isohexenylglutaryl-CoA/hydroxy-methylglutaryl-CoA lyase	false		refseq|kegg|uniprot|uniprot_especie	false
PA2012	liuD	PA2012	protein_coding	methylcrotonyl-CoA carboxylase subunit alpha	false		refseq|kegg|uniprot	false
PA2013	liuC	PA2013	protein_coding	gamma-carboxygeranoyl-CoA hydratase	false		refseq|kegg|uniprot	false
PA2014	liuB	PA2014	protein_coding	methylcrotonyl-CoA carboxylase subunit beta	false		refseq|kegg|uniprot	false
PA2015	liuA	PA2015	protein_coding	isovaleryl-CoA dehydrogenase	false		refseq|kegg|uniprot	false
PA2016	liuR	PA2016	protein_coding	liu genes regulator	true	go_0003700	refseq|kegg|uniprot	false
PA2017		PA2017	protein_coding	hypothetical protein	false		refseq|kegg|uniprot	false
PA2018	mexY	PA2018|amrB	protein_coding	multidrug efflux protein	false		refseq|kegg|uniprot|uniprot_especie	false
PA2019	mexX	PA2019	protein_coding	multidrug efflux lipoprotein	false		refseq|kegg|uniprot|uniprot_especie	false
PA2020	mexZ	PA2020	protein_coding	transcriptional regulator	true	go_0003700|go_0006355|kw_transcription_regulation|producto_refseq	refseq|kegg|uniprot|uniprot_especie	false
PA2021		PA2021	protein_coding	hypothetical protein	false		refseq|kegg|uniprot	false
PA2022	udg	PA2022|ugd	protein_coding	UDP-glucose 6-dehydrogenase	false		refseq|kegg|uniprot|uniprot_especie	true
PA2023	galU	PA2023	protein_coding	UTP-glucose-1-phosphate uridylyltransferase	false		refseq|kegg|uniprot|uniprot_especie	false
PA2024		PA2024	protein_coding	ring-cleaving dioxygenase	false		refseq|kegg|uniprot|uniprot_especie	false
PA2025	gor	PA2025	protein_coding	glutathione reductase	false		refseq|kegg|uniprot|uniprot_especie	true
PA2026		PA2026	protein_coding	hypothetical protein	false		refseq|kegg|uniprot|uniprot_especie	false
PA2027		PA2027	protein_coding	hypothetical protein	false		refseq|kegg|uniprot	false
PA2028		PA2028	protein_coding	transcriptional regulator	true	go_0006355|kw_transcription_regulation|producto_refseq	refseq|kegg|uniprot	false
PA2029		PA2029	protein_coding	hypothetical protein	false		refseq|kegg|uniprot	false
PA2030		PA2030	protein_coding	hypothetical protein	false		refseq|kegg|uniprot	false
PA2031		PA2031	protein_coding	hypothetical protein	false		refseq|kegg|uniprot	false
PA2032		PA2032	protein_coding	transcriptional regulator	true	go_0003700|kw_transcription_regulation|producto_refseq	refseq|kegg|uniprot	false
PA2033		PA2033	protein_coding	hypothetical protein	false		refseq|kegg|uniprot	false
PA2034		PA2034	protein_coding	hypothetical protein	false		refseq|kegg|uniprot	false
PA2035		PA2035	protein_coding	thiamine pyrophosphate protein	false		refseq|kegg|uniprot	false
PA2036		PA2036	protein_coding	hypothetical protein	false		refseq|kegg|uniprot	false
PA2037		PA2037	protein_coding	hypothetical protein	false		refseq|kegg|uniprot	false
PA2038		PA2038	protein_coding	hypothetical protein	false		refseq|kegg|uniprot	false
PA2039		PA2039	protein_coding	hypothetical protein	false		refseq|kegg|uniprot	false
PA2040		PA2040	protein_coding	glutamine synthetase	false		refseq|kegg|uniprot	false
PA2041		PA2041	protein_coding	amino acid permease	false		refseq|kegg|uniprot	false
PA2042	sstT	PA2042	protein_coding	serine/threonine transporter SstT	false		refseq|kegg|uniprot|uniprot_especie	false
PA2043		PA2043	protein_coding	hypothetical protein	false		refseq|kegg|uniprot	false
PA2044		PA2044	protein_coding	hypothetical protein	false		refseq|kegg|uniprot	false
PA2045		PA2045	protein_coding	membrane protein insertion efficiency factor	false		refseq|kegg|uniprot|uniprot_especie	false
PA2046		PA2046	pseudogene	pseudogene	false		refseq|kegg|uniprot	false
PA2047		PA2047	protein_coding	transcriptional regulator	true	go_0006355|kw_transcription_regulation|producto_refseq	refseq|kegg|uniprot	false
PA2048		PA2048	protein_coding	hypothetical protein	false		refseq|kegg|uniprot	false
PA2049		PA2049	protein_coding	hypothetical protein	false		refseq|kegg|uniprot	false
PA2050		PA2050	protein_coding	RNA polymerase sigma factor	true	go_0006355|kw_sigma_factor|kw_transcription_regulation|producto_refseq	refseq|kegg|uniprot	false
PA2051		PA2051	protein_coding	transmembrane sensor	false		refseq|kegg|uniprot	false
PA2052	cynS	PA2052	protein_coding	cyanate hydratase	false		refseq|kegg|uniprot|uniprot_especie	false
PA2053	cynT	PA2053	protein_coding	carbonic anhydrase	false		refseq|kegg|uniprot|uniprot_especie	false
PA2054	cynR	PA2054	protein_coding	DNA-binding transcriptional regulator CynR	true	go_0003700|go_0006355|kw_transcription_regulation|producto_refseq	refseq|kegg|uniprot	false
PA2055		PA2055	protein_coding	major facilitator superfamily transporter	false		refseq|kegg|uniprot	false
PA2056		PA2056	protein_coding	transcriptional regulator	true	go_0003700|kw_transcription_regulation|producto_refseq	refseq|kegg|uniprot	false
PA2057		PA2057	protein_coding	hypothetical protein	false		refseq|kegg|uniprot	false
PA2058		PA2058	protein_coding	ABC transporter	false		refseq|kegg|uniprot	false
PA2059		PA2059	protein_coding	ABC transporter permease	false		refseq|kegg|uniprot	false
PA2060		PA2060	protein_coding	ABC transporter permease	false		refseq|kegg|uniprot	false
PA2061		PA2061	protein_coding	ABC transporter ATP-binding protein	false		refseq|kegg|uniprot	false
PA2062		PA2062	protein_coding	pyridoxal-phosphate dependent protein	false		refseq|kegg|uniprot	false
PA2063		PA2063	protein_coding	hypothetical protein	false		refseq|kegg|uniprot	false
PA2064	pcoB	PA2064	protein_coding	copper resistance protein B	false		refseq|kegg|uniprot	false
PA2065	pcoA	PA2065	protein_coding	copper resistance protein A	false		refseq|kegg|uniprot	false
PA2066		PA2066	protein_coding	hypothetical protein	false		refseq|kegg|uniprot	false
PA2067		PA2067	protein_coding	hydrolase	false		refseq|kegg|uniprot	false
PA2068		PA2068	protein_coding	major facilitator superfamily transporter	false		refseq|kegg|uniprot	false
PA2069		PA2069	protein_coding	carbamoyl transferase	false		refseq|kegg|uniprot	false
PA2070		PA2070	protein_coding	hypothetical protein	false		refseq|kegg|uniprot	false
PA2071	fusA2	PA2071|fusB	protein_coding	elongation factor G	false		refseq|kegg|uniprot|uniprot_especie	false
PA2072		PA2072	protein_coding	hypothetical protein	false		refseq|kegg|uniprot	false
PA2073		PA2073	protein_coding	transporter membrane subunit	false		refseq|kegg|uniprot	false
PA2074		PA2074	protein_coding	hypothetical protein	false		refseq|kegg|uniprot	false
PA2075		PA2075	protein_coding	hypothetical protein	false		refseq|kegg|uniprot	false
PA2076		PA2076	protein_coding	transcriptional regulator	true	go_0003700|go_0006355|kw_transcription_regulation|producto_refseq	refseq|kegg|uniprot	false
PA2077		PA2077	protein_coding	hypothetical protein	false		refseq|kegg|uniprot	false
PA2078		PA2078	protein_coding	hypothetical protein	false		refseq|kegg|uniprot	false
PA2079		PA2079	protein_coding	amino acid permease	false		refseq|kegg|uniprot	false
PA2080	kynU	PA2080	protein_coding	kynureninase KynU	false		refseq|kegg|uniprot	false
PA2081	kynB	PA2081	protein_coding	kynurenine formamidase KynB	false		refseq|kegg|uniprot|uniprot_especie	false
PA2082		PA2082	protein_coding	transcriptional regulator	true	go_0006355|kw_transcription_regulation|producto_refseq	refseq|kegg|uniprot	false
PA2083		PA2083	protein_coding	ring-hydroxylating dioxygenase subunit	false		refseq|kegg|uniprot	false
PA2084		PA2084	protein_coding	asparagine synthetase	false		refseq|kegg|uniprot	false
PA2085		PA2085	protein_coding	ring-hydroxylating dioxygenase small subunit	false		refseq|kegg|uniprot	false
PA2086		PA2086	protein_coding	epoxide hydrolase	false		refseq|kegg|uniprot	false
PA2087		PA2087	protein_coding	hypothetical protein	false		refseq|kegg|uniprot	false
PA2088		PA2088	protein_coding	hypothetical protein	false		refseq|kegg|uniprot	false
PA2089		PA2089	protein_coding	hypothetical protein	false		refseq|kegg|uniprot	false
PA2090		PA2090	protein_coding	hypothetical protein	false		refseq|kegg|uniprot	false
PA2091		PA2091	protein_coding	hypothetical protein	false		refseq|kegg|uniprot	false
PA2092		PA2092	protein_coding	major facilitator superfamily transporter	false		refseq|kegg|uniprot	false
PA2093		PA2093	protein_coding	RNA polymerase sigma factor	true	go_0006355|kw_sigma_factor|kw_transcription_regulation|producto_refseq	refseq|kegg|uniprot	false
PA2094		PA2094	protein_coding	transmembrane sensor	false		refseq|kegg|uniprot	false
PA2095		PA2095	protein_coding	hypothetical protein	false		refseq|kegg|uniprot	false
PA2096		PA2096	protein_coding	transcriptional regulator	true	go_0003700|kw_transcription_regulation|producto_refseq	refseq|kegg|uniprot	false
PA2097		PA2097	protein_coding	flavin-binding monooxygenase	false		refseq|kegg|uniprot	false
PA2098		PA2098	protein_coding	esterase	false		refseq|kegg|uniprot	false
PA2099		PA2099	protein_coding	short-chain dehydrogenase	false		refseq|kegg|uniprot	false
PA2100		PA2100	protein_coding	transcriptional regulator	true	go_0003700|kw_transcription_regulation|producto_refseq	refseq|kegg|uniprot	false
PA2101		PA2101	protein_coding	hypothetical protein	false		refseq|kegg|uniprot	false
PA2102		PA2102	protein_coding	hypothetical protein	false		refseq|kegg|uniprot	false
PA2103		PA2103	protein_coding	molybdopterin biosynthesis protein MoeB	false		refseq|kegg|uniprot	false
PA2104		PA2104	protein_coding	cysteine synthase	false		refseq|kegg|uniprot	false
PA2105		PA2105	protein_coding	acetyltransferase	false		refseq|kegg|uniprot	false
PA2106		PA2106	protein_coding	hypothetical protein	false		refseq|kegg|uniprot	false
PA2107		PA2107	protein_coding	hypothetical protein	false		refseq|kegg|uniprot	false
PA2108		PA2108	protein_coding	thiamine pyrophosphate protein	false		refseq|kegg|uniprot	false
PA2109		PA2109	protein_coding	hypothetical protein	false		refseq|kegg|uniprot	false
PA2110		PA2110	protein_coding	hypothetical protein	false		refseq|kegg|uniprot	false
PA2111		PA2111	protein_coding	hypothetical protein	false		refseq|kegg|uniprot	false
PA2112	pxpA2	PA2112	protein_coding	hypothetical protein	false		refseq|kegg|uniprot|uniprot_especie	false
PA2113	opdO	PA2113	protein_coding	pyroglutatmate porin OpdO	false		refseq|kegg|uniprot	false
PA2114		PA2114	protein_coding	major facilitator superfamily transporter	false		refseq|kegg|uniprot	false
PA2115		PA2115	protein_coding	transcriptional regulator	true	go_0003700|go_0006355|kw_transcription_regulation|producto_refseq	refseq|kegg|uniprot	false
PA2116		PA2116	protein_coding	hypothetical protein	false		refseq|kegg|uniprot|uniprot_especie	false
PA2117		PA2117	protein_coding	hypothetical protein	false		refseq|kegg|uniprot	false
PA2118	ada	Ada|PA2118	protein_coding	O6-methylguanine-DNA methyltransferase	true	go_0003700|kw_transcription_regulation	refseq|kegg|uniprot|manual	true
PA2119		PA2119	protein_coding	alcohol dehydrogenase	false		refseq|kegg|uniprot	false
PA2120		PA2120	protein_coding	hypothetical protein	false		refseq|kegg|uniprot	false
PA2121		PA2121	protein_coding	transcriptional regulator	true	go_0003700|go_0006355|kw_transcription_regulation|producto_refseq	refseq|kegg|uniprot	false
PA2122		PA2122	protein_coding	hypothetical protein	false		refseq|kegg|uniprot	false
PA2123		PA2123	protein_coding	transcriptional regulator	true	go_0003700|kw_transcription_regulation|producto_refseq	refseq|kegg|uniprot	false
PA2124		PA2124	protein_coding	dehydrogenase	false		refseq|kegg|uniprot	false
PA2125		PA2125	protein_coding	aldehyde dehydrogenase	false		refseq|kegg|uniprot	false
PA2126		PA2126	protein_coding	hypothetical protein	false		refseq|kegg|uniprot	false
PA2127		PA2127	protein_coding	hypothetical protein	false		refseq|kegg|uniprot	false
PA2128	cupA1	PA2128	protein_coding	fimbrial subunit CupA1	false		refseq|kegg|uniprot	false
PA2129	cupA2	PA2129	protein_coding	chaperone CupA2	false		refseq|kegg|uniprot	false
PA2130	cupA3	PA2130	protein_coding	usher CupA3	false		refseq|kegg|uniprot	false
PA2131	cupA4	PA2131	protein_coding	fimbrial subunit CupA4	false		refseq|kegg|uniprot	false
PA2132	cupA5	PA2132	protein_coding	chaperone CupA5	false		refseq|kegg|uniprot	false
PA2133		PA2133	protein_coding	hypothetical protein	false		refseq|kegg|uniprot	false
PA2134		PA2134	protein_coding	hypothetical protein	false		refseq|kegg|uniprot	false
PA2135		PA2135	protein_coding	transporter	false		refseq|kegg|uniprot	false
PA2136		PA2136	protein_coding	hypothetical protein	false		refseq|kegg|uniprot	false
PA2137		PA2137	protein_coding	hypothetical protein	false		refseq|kegg|uniprot	false
PA2138	ligD	PA2138	protein_coding	multifunctional non-homologous end joining protein LigD	false		refseq|kegg|uniprot|uniprot_especie	false
PA2139		PA2139	pseudogene	pseudogene	false		refseq|kegg|uniprot	false
PA2140		PA2140	protein_coding	metallothionein	false		refseq|kegg|uniprot	false
PA2141		PA2141	protein_coding	hypothetical protein	false		refseq|kegg|uniprot	false
PA2142		PA2142	protein_coding	short-chain dehydrogenase	false		refseq|kegg|uniprot	false
PA2143		PA2143	protein_coding	hypothetical protein	false		refseq|kegg|uniprot	false
PA2144	glgP	PA2144	protein_coding	glycogen phosphorylase	false		refseq|kegg|uniprot	false
PA2145		PA2145	protein_coding	hypothetical protein	false		refseq|kegg|uniprot	false
PA2146		PA2146	protein_coding	hypothetical protein	false		refseq|kegg|uniprot|uniprot_especie	false
PA2147	katE	PA2147	protein_coding	catalase HPII	false		refseq|kegg|uniprot|uniprot_especie	false
PA2148		PA2148	protein_coding	hypothetical protein	false		refseq|kegg|uniprot	false
PA2149		PA2149	protein_coding	hypothetical protein	false		refseq|kegg|uniprot	false
PA2150	ku	PA2150	protein_coding	non-homologous end joining protein Ku	false		refseq|kegg|uniprot|uniprot_especie	true
PA2151	glgE	PA2151	protein_coding	alpha-1,4-glucan:maltose-1-phosphate maltosyltransferase	false		refseq|kegg|uniprot|uniprot_especie	false
PA2152		PA2152	protein_coding	trehalose synthase	false		refseq|kegg|uniprot	false
PA2153	glgB	PA2153	protein_coding	1,4-alpha-glucan branching protein GlgB	false		refseq|kegg|uniprot|uniprot_especie	false
PA2154		PA2154	protein_coding	hypothetical protein	false		refseq|kegg|uniprot	false
PA2155	clsB	PA2155	protein_coding	cardiolipin synthase 2	false		refseq|kegg|uniprot	false
PA2156		PA2156	protein_coding	hypothetical protein	false		refseq|kegg|uniprot	false
PA2157		PA2157	protein_coding	hypothetical protein	false		refseq|kegg|uniprot	false
PA2158		PA2158	protein_coding	alcohol dehydrogenase	false		refseq|kegg|uniprot	false
PA2159		PA2159	protein_coding	hypothetical protein	false		refseq|kegg|uniprot	false
PA2160		PA2160	protein_coding	glycosyl hydrolase	false		refseq|kegg|uniprot	false
PA2161		PA2161	protein_coding	hypothetical protein	false		refseq|kegg|uniprot	false
PA2162		PA2162	protein_coding	malto-oligosyltrehalose synthase	false		refseq|kegg|uniprot	false
PA2163		PA2163	protein_coding	4-alpha-glucanotransferase	false		refseq|kegg|uniprot	false
PA2164		PA2164	protein_coding	glycosyl hydrolase	false		refseq|kegg|uniprot	false
PA2165	glgA	PA2165	protein_coding	glycogen synthase	false		refseq|kegg|uniprot|uniprot_especie	false
PA2166		PA2166	protein_coding	hypothetical protein	false		refseq|kegg|uniprot	false
PA2167		PA2167	protein_coding	hypothetical protein	false		refseq|kegg|uniprot	false
PA2168		PA2168	protein_coding	hypothetical protein	false		refseq|kegg|uniprot	false
PA2169		PA2169	protein_coding	hypothetical protein	false		refseq|kegg|uniprot	false
PA2170		PA2170	protein_coding	hypothetical protein	false		refseq|kegg|uniprot	false
PA2171		PA2171	protein_coding	hypothetical protein	false		refseq|kegg|uniprot	false
PA2172		PA2172	protein_coding	hypothetical protein	false		refseq|kegg|uniprot	false
PA2173		PA2173	protein_coding	hypothetical protein	false		refseq|kegg|uniprot	false
PA2174		PA2174	protein_coding	hypothetical protein	false		refseq|kegg|uniprot	false
PA2175		PA2175	protein_coding	hypothetical protein	false		refseq|kegg|uniprot	false
PA2176		PA2176	protein_coding	hypothetical protein	false		refseq|kegg|uniprot	false
PA2177		PA2177	protein_coding	sensor/response regulator hybrid protein	true	producto_refseq	refseq|kegg|uniprot	false
PA2178		PA2178	protein_coding	hypothetical protein	false		refseq|kegg|uniprot	false
PA2179		PA2179	protein_coding	hypothetical protein	false		refseq|kegg|uniprot	false
PA2180		PA2180	protein_coding	hypothetical protein	false		refseq|kegg|uniprot	false
PA2181		PA2181	protein_coding	glutamate--cysteine ligase	false		refseq|kegg|uniprot|uniprot_especie	false
PA2182		PA2182	protein_coding	hypothetical protein	false		refseq|kegg|uniprot	false
PA2183		PA2183	protein_coding	hypothetical protein	false		refseq|kegg|uniprot	false
PA2184		PA2184	protein_coding	hypothetical protein	false		refseq|kegg|uniprot	false
PA2185	katN	PA2185	protein_coding	non-heme catalase KatN	false		refseq|kegg|uniprot	false
PA2187		PA2187	protein_coding	hypothetical protein	false		refseq|kegg|uniprot	false
PA2188		PA2188	protein_coding	alcohol dehydrogenase	false		refseq|kegg|uniprot	false
PA2189		PA2189	protein_coding	hypothetical protein	false		refseq|kegg|uniprot	false
PA2190		PA2190	protein_coding	hypothetical protein	false		refseq|kegg|uniprot	false
PA2191	exoY	PA2191	protein_coding	adenylate cyclase	false		refseq|kegg|uniprot	false
PA2192		PA2192	protein_coding	hypothetical protein	false		refseq|kegg|uniprot	false
PA2193	hcnA	PA2193	protein_coding	hydrogen cyanide synthase subunit HcnA	false		refseq|kegg|uniprot|uniprot_especie	false
PA2194	hcnB	PA2194	protein_coding	hydrogen cyanide synthase subunit HcnB	false		refseq|kegg|uniprot|uniprot_especie	false
PA2195	hcnC	PA2195	protein_coding	hydrogen cyanide synthase subunit HcnC	false		refseq|kegg|uniprot|uniprot_especie	false
PA2196		PA2196	protein_coding	transcriptional regulator	true	go_0003700|kw_transcription_regulation|producto_refseq	refseq|kegg|uniprot	false
PA2197		PA2197	protein_coding	hypothetical protein	false		refseq|kegg|uniprot	false
PA2198		PA2198	protein_coding	hypothetical protein	false		refseq|kegg|uniprot	false
PA2199		PA2199	protein_coding	dehydrogenase	false		refseq|kegg|uniprot	false
PA2200		PA2200	protein_coding	hypothetical protein	false		refseq|kegg|uniprot	false
PA2201		PA2201	protein_coding	hypothetical protein	false		refseq|kegg|uniprot	false
PA2202		PA2202	protein_coding	amino acid permease	false		refseq|kegg|uniprot	false
PA2203		PA2203	protein_coding	amino acid permease	false		refseq|kegg|uniprot	false
PA2204		PA2204	protein_coding	ABC transporter	false		refseq|kegg|uniprot	false
PA2205		PA2205	protein_coding	hypothetical protein	false		refseq|kegg|uniprot	false
PA2206		PA2206	protein_coding	transcriptional regulator	true	collectf|go_0003700|go_0006355|kw_transcription_regulation|producto_refseq	refseq|kegg|uniprot	false
PA2207		PA2207	protein_coding	hypothetical protein	false		refseq|kegg|uniprot	false
PA2208		PA2208	protein_coding	hypothetical protein	false		refseq|kegg|uniprot	false
PA2209		PA2209	protein_coding	hypothetical protein	false		refseq|kegg|uniprot	false
PA2210		PA2210	protein_coding	major facilitator superfamily transporter	false		refseq|kegg|uniprot	false
PA2211		PA2211	protein_coding	hypothetical protein	false		refseq|kegg|uniprot	false
PA2212		PA2212	protein_coding	4-hydroxythreonine-4-phosphate dehydrogenase	false		refseq|kegg|uniprot|uniprot_especie	false
PA2213		PA2213	protein_coding	porin	false		refseq|kegg|uniprot	false
PA2214		PA2214	protein_coding	major facilitator superfamily transporter	false		refseq|kegg|uniprot	false
PA2215	lyxD	PA2215	protein_coding	hypothetical protein	false		refseq|kegg|uniprot|uniprot_especie	false
PA2216	kdaD	PA2216	protein_coding	hypothetical protein	false		refseq|kegg|uniprot|uniprot_especie	false
PA2217		PA2217	protein_coding	aldehyde dehydrogenase	false		refseq|kegg|uniprot|uniprot_especie	false
PA2218		PA2218	protein_coding	hypothetical protein	false		refseq|kegg|uniprot|uniprot_especie	false
PA2219	opdE	PA2219	protein_coding	transcriptional regulator OpdE	true	kw_transcription_regulation|producto_refseq	refseq|kegg|uniprot|uniprot_especie	false
PA2220		PA2220	protein_coding	transcriptional regulator	true	go_0003700|kw_transcription_regulation|producto_refseq	refseq|kegg|uniprot|uniprot_especie	false
PA2221		PA2221	protein_coding	hypothetical protein	false		refseq|kegg|uniprot	false
PA2222		PA2222	protein_coding	hypothetical protein	false		refseq|kegg|uniprot	false
PA2223		PA2223	protein_coding	hypothetical protein	false		refseq|kegg|uniprot	false
PA2224		PA2224	protein_coding	hypothetical protein	false		refseq|kegg|uniprot	false
PA2225		PA2225	protein_coding	hypothetical protein	false		refseq|kegg|uniprot	false
PA2226		PA2226	protein_coding	hypothetical protein	false		refseq|kegg|uniprot	false
PA2227	vqsM	PA2227	protein_coding	HTH-type transcriptional regulator VqsM	true	go_0003700|kw_transcription_regulation|producto_refseq	refseq|kegg|uniprot|uniprot_especie	false
PA2228		PA2228	protein_coding	hypothetical protein	false		refseq|kegg|uniprot	false
PA2229		PA2229	protein_coding	hypothetical protein	false		refseq|kegg|uniprot	false
PA2230		PA2230	protein_coding	hypothetical protein	false		refseq|kegg|uniprot	false
PA2231	pslA	PA2231	protein_coding	biofilm formation protein PslA	false		refseq|kegg|uniprot	false
PA2232	pslB	PA2232	protein_coding	biofilm formation protein PslB	false		refseq|kegg|uniprot	false
PA2233	pslC	PA2233	protein_coding	biofilm formation protein PslC	false		refseq|kegg|uniprot	false
PA2234	pslD	PA2234	protein_coding	biofilm formation protein PslD	false		refseq|kegg|uniprot	false
PA2235	pslE	PA2235	protein_coding	biofilm formation protein PslE	false		refseq|kegg|uniprot	false
PA2236	pslF	PA2236	protein_coding	biofilm formation protein PslF	false		refseq|kegg|uniprot	false
PA2237	pslG	PA2237	protein_coding	biofilm formation protein PslG	false		refseq|kegg|uniprot	false
PA2238	pslH	PA2238	protein_coding	biofilm formation protein PslH	false		refseq|kegg|uniprot	false
PA2239	pslI	PA2239	protein_coding	biofilm formation protein PslI	false		refseq|kegg|uniprot	false
PA2240	pslJ	PA2240	protein_coding	biofilm formation protein PslJ	false		refseq|kegg|uniprot	false
PA2241	pslK	PA2241	protein_coding	biofilm formation protein PslL	false		refseq|kegg|uniprot	false
PA2242	pslL	PA2242	protein_coding	hypothetical protein	false		refseq|kegg|uniprot	false
PA2243	pslM	PA2243	protein_coding	FAD-binding dehydrogenase	false		refseq|kegg|uniprot	false
PA2244	pslN	PA2244	protein_coding	hypothetical protein	false		refseq|kegg|uniprot	false
PA2246	bkdR	PA2246	protein_coding	Bkd operon transcriptional regulator BkdR	true	go_0006355|kw_transcription_regulation|producto_refseq	refseq|kegg|uniprot|uniprot_especie	false
PA2247	bkdA1	PA2247	protein_coding	2-oxoisovalerate dehydrogenase subunit alpha	false		refseq|kegg|uniprot|uniprot_especie	false
PA2248	bkdA2	PA2248	protein_coding	2-oxoisovalerate dehydrogenase subunit beta	false		refseq|kegg|uniprot|uniprot_especie	false
PA2249	bkdB	PA2249	protein_coding	branched-chain alpha-keto acid dehydrogenase complex lipoamide acyltransferase	false		refseq|kegg|uniprot|uniprot_especie	false
PA2250	lpdV	PA2250	protein_coding	branched-chain alpha-keto acid dehydrogenase complex dihydrolipoyl dehydrogenase	false		refseq|kegg|uniprot|uniprot_especie	false
PA2251		PA2251	protein_coding	hypothetical protein	false		refseq|kegg|uniprot	false
PA2252		PA2252	protein_coding	AGCS sodium/alanine/glycine symporter	false		refseq|kegg|uniprot	false
PA2253	ansA	PA2253	protein_coding	L-asparaginase I	false		refseq|kegg|uniprot	false
PA2254	pvcA	PA2254	protein_coding	paerucumarin biosynthesis protein PvcA	false		refseq|kegg|uniprot|uniprot_especie	false
PA2255	pvcB	PA2255	protein_coding	paerucumarin biosynthesis protein PvcB	false		refseq|kegg|uniprot|uniprot_especie	false
PA2256	pvcC	PA2256	protein_coding	paerucumarin biosynthesis protein PvcC	false		refseq|kegg|uniprot|uniprot_especie	false
PA2257	pvcD	PA2257	protein_coding	paerucumarin biosynthesis protein PvcD	false		refseq|kegg|uniprot	false
PA2258	ptxR	PA2258	protein_coding	HTH-type transcriptional regulator PtxR	true	collectf|go_0006355|kw_transcription_regulation|producto_refseq	refseq|kegg|uniprot|uniprot_especie	false
PA2259	ptxS	PA2259	protein_coding	transcriptional regulator PtxS	true	collectf|go_0003700|go_0006355|kw_transcription_regulation|producto_refseq	refseq|kegg|uniprot|uniprot_especie	false
PA2260		PA2260	protein_coding	hypothetical protein	false		refseq|kegg|uniprot	false
PA2261		PA2261	protein_coding	2-ketogluconate kinase	false		refseq|kegg|uniprot	false
PA2262		PA2262	protein_coding	2-ketogluconate transporter	false		refseq|kegg|uniprot	false
PA2263		PA2263	protein_coding	2-hydroxyacid dehydrogenase	false		refseq|kegg|uniprot	false
PA2264		PA2264	protein_coding	hypothetical protein	false		refseq|kegg|uniprot	false
PA2265		PA2265	protein_coding	gluconate dehydrogenase	false		refseq|kegg|uniprot	false
PA2266		PA2266	protein_coding	cytochrome C	false		refseq|kegg|uniprot	false
PA2267		PA2267	protein_coding	transcriptional regulator	true	go_0003700|go_0006355|kw_transcription_regulation|producto_refseq	refseq|kegg|uniprot	false
PA2268		PA2268	protein_coding	hypothetical protein	false		refseq|kegg|uniprot	false
PA2269		PA2269	protein_coding	hypothetical protein	false		refseq|kegg|uniprot	false
PA2270		PA2270	protein_coding	transcriptional regulator	true	go_0003700|go_0006355|producto_refseq	refseq|kegg|uniprot	false
PA2271		PA2271	protein_coding	acetyltransferase	false		refseq|kegg|uniprot|uniprot_especie	false
PA2272	pbpC	PA2272	protein_coding	penicillin-binding protein 3A	false		refseq|kegg|uniprot|uniprot_especie	false
PA2273	soxR	PA2273	protein_coding	redox-sensitive transcriptional activator SoxR	true	go_0003700|go_0006355|kw_transcription_regulation|producto_refseq	refseq|kegg|uniprot|uniprot_especie	false
PA2274		PA2274	protein_coding	hypothetical protein	false		refseq|kegg|uniprot	false
PA2275		PA2275	protein_coding	alcohol dehydrogenase	false		refseq|kegg|uniprot	false
PA2276		PA2276	protein_coding	transcriptional regulator	true	go_0006355|kw_transcription_regulation|producto_refseq	refseq|kegg|uniprot	false
PA2277	arsR	PA2277	protein_coding	ArsR family transcriptional regulator	true	go_0003700|go_0006355|kw_transcription_regulation|producto_refseq	refseq|kegg|uniprot	false
PA2278	arsB	PA2278	protein_coding	arsenite-antimonite efflux pump ArsB	false		refseq|kegg|uniprot	false
PA2279	arsC	PA2279	protein_coding	low molecular weight phosphatase	false		refseq|kegg|uniprot	false
PA2280		PA2280	protein_coding	hypothetical protein	false		refseq|kegg|uniprot	false
PA2281		PA2281	protein_coding	transcriptional regulator	true	go_0003700|kw_transcription_regulation|producto_refseq	refseq|kegg|uniprot	false
PA2282		PA2282	protein_coding	hypothetical protein	false		refseq|kegg|uniprot	false
PA2283		PA2283	protein_coding	hypothetical protein	false		refseq|kegg|uniprot	false
PA2284		PA2284	protein_coding	hypothetical protein	false		refseq|kegg|uniprot	false
PA2285		PA2285	protein_coding	hypothetical protein	false		refseq|kegg|uniprot	false
PA2286		PA2286	protein_coding	hypothetical protein	false		refseq|kegg|uniprot	false
PA2287		PA2287	protein_coding	hypothetical protein	false		refseq|kegg|uniprot	false
PA2288		PA2288	protein_coding	hypothetical protein	false		refseq|kegg|uniprot	false
PA2289		PA2289	protein_coding	hypothetical protein	false		refseq|kegg|uniprot	false
PA2290	gcd	PA2290	protein_coding	glucose dehydrogenase	false		refseq|kegg|uniprot	true
PA2291		PA2291	protein_coding	glucose-sensitive porin	false		refseq|kegg|uniprot	false
PA2292		PA2292	protein_coding	hypothetical protein	false		refseq|kegg|uniprot	false
PA2293		PA2293	protein_coding	hypothetical protein	false		refseq|kegg|uniprot	false
PA2294		PA2294	protein_coding	ABC transporter ATP-binding protein	false		refseq|kegg|uniprot	false
PA2295		PA2295	protein_coding	ABC transporter permease	false		refseq|kegg|uniprot	false
PA2296		PA2296	protein_coding	hypothetical protein	false		refseq|kegg|uniprot	false
PA2297		PA2297	protein_coding	ferredoxin	false		refseq|kegg|uniprot	false
PA2298		PA2298	protein_coding	oxidoreductase	false		refseq|kegg|uniprot	false
PA2299		PA2299	protein_coding	transcriptional regulator	true	go_0003700|kw_transcription_regulation|producto_refseq	refseq|kegg|uniprot	false
PA2300	chiC	PA2300	protein_coding	chitinase	false		refseq|kegg|uniprot	false
PA2301		PA2301	protein_coding	hypothetical protein	false		refseq|kegg|uniprot	false
PA2302	ambE	PA2302	protein_coding	protein AmbE	false		refseq|kegg|uniprot|uniprot_especie	false
PA2303	ambD	PA2303	protein_coding	protein AmbD	false		refseq|kegg|uniprot	false
PA2304	ambC	PA2304	protein_coding	protein AmbC	false		refseq|kegg|uniprot	false
PA2305	ambB	PA2305	protein_coding	protein AmbB	false		refseq|kegg|uniprot|uniprot_especie	false
PA2306	ambA	PA2306	protein_coding	protein AmbA	false		refseq|kegg|uniprot	false
PA2307		PA2307	protein_coding	ABC transporter permease	false		refseq|kegg|uniprot	false
PA2308		PA2308	protein_coding	ABC transporter ATP-binding protein	false		refseq|kegg|uniprot	false
PA2309		PA2309	protein_coding	hypothetical protein	false		refseq|kegg|uniprot	false
PA2310		PA2310	protein_coding	hypothetical protein	false		refseq|kegg|uniprot	false
PA2311		PA2311	protein_coding	hypothetical protein	false		refseq|kegg|uniprot	false
PA2312		PA2312	protein_coding	transcriptional regulator	true	go_0003700|go_0006355|producto_refseq	refseq|kegg|uniprot	false
PA2314		PA2314	protein_coding	major facilitator superfamily transporter	false		refseq|kegg|uniprot	false
PA2315		PA2315	protein_coding	hypothetical protein	false		refseq|kegg|uniprot	false
PA2316		PA2316	protein_coding	transcriptional regulator	true	go_0003700|kw_transcription_regulation|producto_refseq	refseq|kegg|uniprot	false
PA2317		PA2317	protein_coding	oxidoreductase	false		refseq|kegg|uniprot	false
PA2318		PA2318	protein_coding	hypothetical protein	false		refseq|kegg|uniprot	false
PA2319		PA2319	protein_coding	transposase	false		refseq|kegg	false
PA2320	gntR	PA2320	protein_coding	GntR family transcriptional regulator	true	go_0003700|go_0006355|kw_transcription_regulation|producto_refseq	refseq|kegg|uniprot|uniprot_especie	false
PA2321		PA2321	protein_coding	gluconokinase	false		refseq|kegg|uniprot	false
PA2322	gnuT	PA2322	protein_coding	gluconate permease	false		refseq|kegg|uniprot|uniprot_especie	false
PA2323		PA2323	protein_coding	glyceraldehyde-3-phosphate dehydrogenase	false		refseq|kegg|uniprot	false
PA2324		PA2324	protein_coding	hypothetical protein	false		refseq|kegg|uniprot	false
PA2325		PA2325	protein_coding	hypothetical protein	false		refseq|kegg|uniprot	false
PA2326		PA2326	protein_coding	hypothetical protein	false		refseq|kegg|uniprot	false
PA2327		PA2327	protein_coding	ABC transporter permease	false		refseq|kegg|uniprot	false
PA2328		PA2328	protein_coding	hypothetical protein	false		refseq|kegg|uniprot	false
PA2329		PA2329	protein_coding	ABC transporter ATP-binding protein	false		refseq|kegg|uniprot	false
PA2330		PA2330	protein_coding	hypothetical protein	false		refseq|kegg|uniprot	false
PA2331		PA2331	protein_coding	hypothetical protein	false		refseq|kegg|uniprot	false
PA2332		PA2332	protein_coding	transcriptional regulator	true	go_0003700|go_0006355|kw_transcription_regulation|producto_refseq	refseq|kegg|uniprot	false
PA2333		PA2333	protein_coding	sulfatase	false		refseq|kegg|uniprot	false
PA2334		PA2334	protein_coding	transcriptional regulator	true	go_0003700|go_0006355|kw_transcription_regulation|producto_refseq	refseq|kegg|uniprot	false
PA2335		PA2335	protein_coding	TonB-dependent receptor	false		refseq|kegg|uniprot	false
PA2336		PA2336	protein_coding	hypothetical protein	false		refseq|kegg|uniprot	false
PA2337	mtlR	PA2337	protein_coding	transcriptional regulator MtlR	true	go_0003700|go_0006355|kw_transcription_regulation|producto_refseq	refseq|kegg|uniprot	false
PA2338		PA2338	protein_coding	maltose/mannitol ABC transporter substrate-binding protein	false		refseq|kegg|uniprot|uniprot_especie	false
PA2339		PA2339	protein_coding	binding-protein-dependent maltose/mannitol transport protein	false		refseq|kegg|uniprot	false
PA2340		PA2340	protein_coding	binding-protein-dependent maltose/mannitol transport protein	false		refseq|kegg|uniprot	false
PA2341		PA2341	protein_coding	maltose ABC transporter ATP-binding protein	false		refseq|kegg|uniprot	false
PA2342	mtlD	PA2342	protein_coding	mannitol dehydrogenase	false		refseq|kegg|uniprot	false
PA2343	mtlY	PA2343|xylB	protein_coding	xylulose kinase	false		refseq|kegg|uniprot	false
PA2344	mtlZ	PA2344	protein_coding	fructokinase	false		refseq|kegg|uniprot	false
PA2345		PA2345	protein_coding	hypothetical protein	false		refseq|kegg|uniprot	false
PA2346		PA2346	protein_coding	hypothetical protein	false		refseq|kegg|uniprot	false
PA2347		PA2347	protein_coding	hypothetical protein	false		refseq|kegg|uniprot	false
PA2348		PA2348	protein_coding	hypothetical protein	false		refseq|kegg|uniprot	false
PA2349		PA2349	protein_coding	hypothetical protein	false		refseq|kegg|uniprot	false
PA2350	metN1	PA2350	protein_coding	methionine ABC transporter ATP-binding protein	false		refseq|kegg|uniprot|uniprot_especie	false
PA2351		PA2351	protein_coding	ABC transporter permease	false		refseq|kegg|uniprot	false
PA2352		PA2352	protein_coding	glycerophosphoryl diester phosphodiesterase	false		refseq|kegg|uniprot	false
PA2353		PA2353	protein_coding	hypothetical protein	false		refseq|kegg|uniprot	false
PA2354		PA2354	protein_coding	transcriptional regulator	true	kw_transcription_regulation|producto_refseq	refseq|kegg|uniprot	false
PA2355		PA2355	protein_coding	FMNH2-dependent monooxygenase	false		refseq|kegg|uniprot	false
PA2356	msuD	PA2356	protein_coding	methanesulfonate monooxygenase	false		refseq|kegg|uniprot|uniprot_especie	false
PA2357	msuE	PA2357|slfA	protein_coding	FMN reductase MsuE	false		refseq|kegg|uniprot|uniprot_especie	false
PA2358		PA2358	protein_coding	hypothetical protein	false		refseq|kegg|uniprot	false
PA2359		PA2359	protein_coding	transcriptional regulator	true	kw_transcription_regulation|producto_refseq	refseq|kegg|uniprot	false
PA2360		PA2360	protein_coding	hypothetical protein	false		refseq|kegg|uniprot	false
PA2361		PA2361	protein_coding	hypothetical protein	false		refseq|kegg|uniprot	false
PA2362		PA2362	protein_coding	hypothetical protein	false		refseq|kegg|uniprot	false
PA2363		PA2363	protein_coding	hypothetical protein	false		refseq|kegg|uniprot	false
PA2364		PA2364	protein_coding	hypothetical protein	false		refseq|kegg|uniprot	false
PA2365		PA2365	protein_coding	hypothetical protein	false		refseq|kegg|uniprot	false
PA2366		PA2366	protein_coding	uricase	false		refseq|kegg|uniprot	false
PA2367		PA2367	protein_coding	hypothetical protein	false		refseq|kegg|uniprot	false
PA2368		PA2368	protein_coding	hypothetical protein	false		refseq|kegg|uniprot	false
PA2369		PA2369	protein_coding	hypothetical protein	false		refseq|kegg|uniprot	false
PA2370		PA2370	protein_coding	hypothetical protein	false		refseq|kegg|uniprot	false
PA2371		PA2371	protein_coding	ClpA/B-type protease	false		refseq|kegg|uniprot	false
PA2373		PA2373	protein_coding	hypothetical protein	false		refseq|kegg|uniprot	false
PA2374		PA2374	protein_coding	hypothetical protein	false		refseq|kegg|uniprot	false
PA2375		PA2375	protein_coding	hypothetical protein	false		refseq|kegg|uniprot	false
PA2376		PA2376	protein_coding	transcriptional regulator	true	go_0006355|producto_refseq	refseq|kegg|uniprot	false
PA2377		PA2377	protein_coding	hypothetical protein	false		refseq|kegg|uniprot	false
PA2378		PA2378	protein_coding	aldehyde dehydrogenase	false		refseq|kegg|uniprot	false
PA2379		PA2379	protein_coding	oxidoreductase	false		refseq|kegg|uniprot	false
PA2380		PA2380	protein_coding	hypothetical protein	false		refseq|kegg|uniprot	false
PA2381		PA2381	protein_coding	hypothetical protein	false		refseq|kegg|uniprot	false
PA2382	lldA	PA2382	protein_coding	L-lactate dehydrogenase	false		refseq|kegg|uniprot	false
PA2383		PA2383	protein_coding	transcriptional regulator	true	go_0003700|kw_transcription_regulation|producto_refseq	refseq|kegg|uniprot	false
PA2384		PA2384	protein_coding	hypothetical protein	false		refseq|kegg|uniprot	false
PA2385	pvdQ	PA2385|qsc112	protein_coding	acyl-homoserine lactone acylase PvdQ	false		refseq|kegg|uniprot|uniprot_especie	false
PA2386	pvdA	PA2386|pvd-1	protein_coding	L-ornithine N5-oxygenase	false		refseq|kegg|uniprot|uniprot_especie	false
PA2387	fpvI	PA2387	protein_coding	RNA polymerase sigma factor	true	go_0006355|kw_sigma_factor|kw_transcription_regulation|producto_refseq	refseq|kegg|uniprot	false
PA2388	fpvR	PA2388	protein_coding	protein FpvR	false		refseq|kegg|uniprot	false
PA2389	pvdR	PA2389	protein_coding	pyoverdine biosynthesis protein PvdR	false		refseq|kegg|uniprot|uniprot_especie	false
PA2390	pvdT	PA2390	protein_coding	pyoverdine biosynthesis protein PvdT	false		refseq|kegg|uniprot|uniprot_especie	false
PA2391	opmQ	PA2391	protein_coding	hypothetical protein	false		refseq|kegg|uniprot|uniprot_especie	false
PA2392	pvdP	PA2392	protein_coding	pyoverdine biosynthesis protein PvdP	false		refseq|kegg|uniprot	false
PA2393		PA2393	protein_coding	dipeptidase	false		refseq|kegg|uniprot	false
PA2394	pvdN	PA2394	protein_coding	pyoverdine biosynthesis protein PvdN	false		refseq|kegg|uniprot	false
PA2395	pvdO	PA2395	protein_coding	pyoverdine biosynthesis protein PvdO	false		refseq|kegg|uniprot	false
PA2396	pvdF	PA2396	protein_coding	pyoverdine synthetase F	false		refseq|kegg|uniprot	false
PA2397	pvdE	PA2397	protein_coding	pyoverdine biosynthesis protein PvdE	false		refseq|kegg|uniprot	false
PA2398	fpvA	PA2398	protein_coding	ferripyoverdine receptor	false		refseq|kegg|uniprot|uniprot_especie	false
PA2399	pvdD	PA2399	protein_coding	pyoverdine synthetase D	false		refseq|kegg|uniprot	false
PA2400	pvdJ	PA2400	protein_coding	pyoverdine biosynthesis protein PvdJ	false		refseq|kegg|uniprot	false
PA2402		PA2402	protein_coding	peptide synthase	false		refseq|kegg|uniprot	false
PA2403		PA2403	protein_coding	hypothetical protein	false		refseq|kegg|uniprot	false
PA2404		PA2404	protein_coding	hypothetical protein	false		refseq|kegg|uniprot	false
PA2405		PA2405	protein_coding	hypothetical protein	false		refseq|kegg|uniprot	false
PA2406		PA2406	protein_coding	hypothetical protein	false		refseq|kegg|uniprot	false
PA2407		PA2407	protein_coding	adhesion protein	false		refseq|kegg|uniprot	false
PA2408		PA2408	protein_coding	ABC transporter ATP-binding protein	false		refseq|kegg|uniprot	false
PA2409		PA2409	protein_coding	ABC transporter permease	false		refseq|kegg|uniprot	false
PA2410		PA2410	protein_coding	hypothetical protein	false		refseq|kegg|uniprot	false
PA2411		PA2411	protein_coding	thioesterase	false		refseq|kegg|uniprot	false
PA2412		PA2412	protein_coding	hypothetical protein	false		refseq|kegg|uniprot	false
PA2413	pvdH	PA2413	protein_coding	diaminobutyrate--2-oxoglutarate aminotransferase	false		refseq|kegg|uniprot	false
PA2414		PA2414	protein_coding	L-sorbosone dehydrogenase	false		refseq|kegg|uniprot	false
PA2415		PA2415	protein_coding	hypothetical protein	false		refseq|kegg|uniprot	false
PA2416	treA	PA2416	protein_coding	trehalase	false		refseq|kegg|uniprot|uniprot_especie	false
PA2417		PA2417	protein_coding	transcriptional regulator	true	go_0003700|kw_transcription_regulation|producto_refseq	refseq|kegg|uniprot	false
PA2418		PA2418	protein_coding	quercetin 2,3-dioxygenase	false		refseq|kegg|uniprot|uniprot_especie	false
PA2419		PA2419	protein_coding	hydrolase	false		refseq|kegg|uniprot	false
PA2420		PA2420	protein_coding	porin	false		refseq|kegg|uniprot	false
PA2421		PA2421	protein_coding	hypothetical protein	false		refseq|kegg|uniprot	false
PA2422		PA2422	protein_coding	hypothetical protein	false		refseq|kegg|uniprot	false
PA2423		PA2423	protein_coding	hypothetical protein	false		refseq|kegg|uniprot	false
PA2424	pvdL	PA2424	protein_coding	peptide synthase	false		refseq|kegg|uniprot	false
PA2425	pvdG	PA2425	protein_coding	pyoverdine biosynthesis protein PvdG	false		refseq|kegg|uniprot	false
PA2426	pvdS	PA2426	protein_coding	extracytoplasmic-function sigma-70 factor	true	collectf|go_0006355|kw_sigma_factor|kw_transcription_regulation|producto_refseq	refseq|kegg|uniprot	false
PA2427		PA2427	protein_coding	hypothetical protein	false		refseq|kegg|uniprot	false
PA2428		PA2428	protein_coding	hypothetical protein	false		refseq|kegg|uniprot|uniprot_especie	false
PA2429		PA2429	protein_coding	hypothetical protein	false		refseq|kegg|uniprot	false
PA2430		PA2430	protein_coding	hypothetical protein	false		refseq|kegg|uniprot	false
PA2431		PA2431	protein_coding	hypothetical protein	false		refseq|kegg|uniprot	false
PA2432	bexR	PA2432	protein_coding	bistable expression regulator BexR	true	go_0003700|kw_transcription_regulation	refseq|kegg|uniprot	false
PA2433		PA2433	protein_coding	hypothetical protein	false		refseq|kegg|uniprot	false
PA2434		PA2434	protein_coding	hypothetical protein	false		refseq|kegg|uniprot	false
PA2435		PA2435	protein_coding	cation-transporting P-type ATPase	false		refseq|kegg|uniprot	false
PA2436		PA2436	protein_coding	hypothetical protein	false		refseq|kegg|uniprot	false
PA2437		PA2437	protein_coding	hypothetical protein	false		refseq|kegg|uniprot	false
PA2438		PA2438	protein_coding	hypothetical protein	false		refseq|kegg|uniprot	false
PA2439		PA2439	protein_coding	hypothetical protein	false		refseq|kegg|uniprot	false
PA2440		PA2440	protein_coding	hypothetical protein	false		refseq|kegg|uniprot	false
PA2441		PA2441	protein_coding	hypothetical protein	false		refseq|kegg|uniprot	false
PA2442	gcvT2	PA2442	protein_coding	glycine cleavage system protein T2	false		refseq|kegg|uniprot	false
PA2443	sdaA	PA2443	protein_coding	L-serine dehydratase	false		refseq|kegg|uniprot	false
PA2444	glyA2	PA2444	protein_coding	serine hydroxymethyltransferase	false		refseq|kegg|uniprot|uniprot_especie	false
PA2445	gcvP2	PA2445	protein_coding	glycine dehydrogenase	false		refseq|kegg|uniprot|uniprot_especie	false
PA2446	gcvH2	PA2446	protein_coding	glycine cleavage system protein H	false		refseq|kegg|uniprot|uniprot_especie	false
PA2447		PA2447	protein_coding	transcriptional regulator	true	go_0003700|go_0006355|kw_transcription_regulation|producto_refseq	refseq|kegg|uniprot	false
PA2448		PA2448	protein_coding	hypothetical protein	false		refseq|kegg|uniprot	false
PA2449		PA2449	protein_coding	transcriptional regulator	true	kw_transcription_regulation|producto_refseq	refseq|kegg|uniprot	false
PA2450		PA2450	protein_coding	hypothetical protein	false		refseq|kegg|uniprot	false
PA2451		PA2451	pseudogene	pseudogene	false		refseq|kegg|uniprot	false
PA2453		PA2453	protein_coding	hypothetical protein	false		refseq|kegg|uniprot	false
PA2454		PA2454	protein_coding	hypothetical protein	false		refseq|kegg|uniprot	false
PA2455		PA2455	protein_coding	hypothetical protein	false		refseq|kegg|uniprot	false
PA2457		PA2457	protein_coding	hypothetical protein	false		refseq|kegg|uniprot	false
PA2458		PA2458	protein_coding	hypothetical protein	false		refseq|kegg|uniprot	false
PA2459		PA2459	protein_coding	hypothetical protein	false		refseq|kegg|uniprot	false
PA2460		PA2460	protein_coding	hypothetical protein	false		refseq|kegg|uniprot	false
PA2461		PA2461	protein_coding	hypothetical protein	false		refseq|kegg|uniprot	false
PA2462		PA2462	protein_coding	hypothetical protein	false		refseq|kegg|uniprot	false
PA2463		PA2463	protein_coding	hypothetical protein	false		refseq|kegg|uniprot	false
PA2464		PA2464	protein_coding	hypothetical protein	false		refseq|kegg|uniprot	false
PA2465		PA2465	protein_coding	hypothetical protein	false		refseq|kegg|uniprot	false
PA2466	foxA	PA2466	protein_coding	ferrioxamine receptor FoxA	false		refseq|kegg|uniprot	false
PA2467	foxR	PA2467	protein_coding	anti-sigma factor FoxR	true	producto_refseq	refseq|kegg|uniprot	false
PA2468	foxI	PA2468	protein_coding	ECF sigma factor FoxI	true	go_0006355|kw_sigma_factor|kw_transcription_regulation|producto_refseq	refseq|kegg|uniprot	false
PA2469		PA2469	protein_coding	transcriptional regulator	true	go_0003700|go_0006355|kw_transcription_regulation|producto_refseq	refseq|kegg|uniprot	false
PA2470	gtdA	PA2470	protein_coding	gentisate 1,2-dioxygenase	false		refseq|kegg|uniprot	false
PA2471		PA2471	protein_coding	hypothetical protein	false		refseq|kegg|uniprot	false
PA2472		PA2472	protein_coding	major facilitator superfamily transporter	false		refseq|kegg|uniprot	false
PA2473		PA2473	protein_coding	glutathione S-transferase	false		refseq|kegg|uniprot	false
PA2474		PA2474	protein_coding	hypothetical protein	false		refseq|kegg|uniprot	false
PA2475		PA2475	protein_coding	cytochrome P450	false		refseq|kegg|uniprot	false
PA2476	dsbG	PA2476	protein_coding	thiol:disulfide interchange protein DsbG	false		refseq|kegg|uniprot|uniprot_especie	false
PA2477		PA2477	protein_coding	thiol:disulfide interchange protein	false		refseq|kegg|uniprot	false
PA2478	dsbD2	PA2478	protein_coding	thiol:disulfide interchange protein DsbD	false		refseq|kegg|uniprot|uniprot_especie	false
PA2479		PA2479	protein_coding	two-component response regulator	true	go_0006355|kw_transcription_regulation|kw_two_component|producto_refseq	refseq|kegg|uniprot	false
PA2480		PA2480	protein_coding	two-component sensor	true	kw_two_component	refseq|kegg|uniprot	false
PA2481		PA2481	protein_coding	hypothetical protein	false		refseq|kegg|uniprot	false
PA2482		PA2482	protein_coding	cytochrome C	false		refseq|kegg|uniprot	false
PA2483		PA2483	protein_coding	hypothetical protein	false		refseq|kegg|uniprot	false
PA2484		PA2484	protein_coding	hypothetical protein	true	kw_transcription_regulation	refseq|kegg|uniprot	false
PA2485		PA2485	protein_coding	hypothetical protein	false		refseq|kegg|uniprot	false
PA2486		PA2486	protein_coding	hypothetical protein	false		refseq|kegg|uniprot	false
PA2487		PA2487	protein_coding	hypothetical protein	false		refseq|kegg|uniprot	false
PA2488		PA2488	protein_coding	transcriptional regulator	true	go_0003700|go_0006355|kw_transcription_regulation|producto_refseq	refseq|kegg|uniprot	false
PA2489		PA2489	protein_coding	transcriptional regulator	true	go_0003700|go_0006355|kw_transcription_regulation|producto_refseq	refseq|kegg|uniprot	false
PA2490		PA2490	protein_coding	hypothetical protein	false		refseq|kegg|uniprot	false
PA2491	mexS	PA2491|qrh	protein_coding	oxidoreductase	false		refseq|kegg|uniprot|uniprot_especie	true
PA2492	mexT	PA2492|nfxC	protein_coding	transcriptional regulator MexT	true	collectf|go_0006355|kw_transcription_regulation|producto_refseq	refseq|kegg|uniprot|uniprot_especie	false
PA2493	mexE	PA2493	protein_coding	resistance-nodulation-cell division (RND) multidrug efflux membrane fusion protein MexE	false		refseq|kegg|uniprot|uniprot_especie	false
PA2494	mexF	PA2494	protein_coding	resistance-nodulation-cell division (RND) multidrug efflux transporter MexF	false		refseq|kegg|uniprot|uniprot_especie	false
PA2495	oprN	PA2495	protein_coding	multidrug efflux outer membrane protein OprN	false		refseq|kegg|uniprot|uniprot_especie	false
PA2496		PA2496	protein_coding	hypothetical protein	false		refseq|kegg|uniprot	false
PA2497		PA2497	protein_coding	transcriptional regulator	true	go_0003700|go_0006355|kw_transcription_regulation|producto_refseq	refseq|kegg|uniprot	false
PA2498		PA2498	protein_coding	hypothetical protein	false		refseq|kegg|uniprot	false
PA2499		PA2499	protein_coding	deaminase	false		refseq|kegg|uniprot	false
PA2500		PA2500	protein_coding	major facilitator superfamily transporter	false		refseq|kegg|uniprot	false
PA2501		PA2501	protein_coding	hypothetical protein	false		refseq|kegg|uniprot	false
PA2502		PA2502	protein_coding	hypothetical protein	false		refseq|kegg|uniprot	false
PA2503		PA2503	protein_coding	hypothetical protein	false		refseq|kegg|uniprot	false
PA2504		PA2504	protein_coding	hypothetical protein	false		refseq|kegg|uniprot	false
PA2505	opdT	PA2505	protein_coding	tyrosine porin OpdT	false		refseq|kegg|uniprot	false
PA2506		PA2506	protein_coding	hypothetical protein	false		refseq|kegg|uniprot	false
PA2507	catA	PA2507	protein_coding	catechol 1,2-dioxygenase	false		refseq|kegg|uniprot	false
PA2508	catC	PA2508	protein_coding	muconolactone delta-isomerase	false		refseq|kegg|uniprot|uniprot_especie	false
PA2509	catB	PA2509	protein_coding	muconate cycloisomerase I	false		refseq|kegg|uniprot	false
PA2510	catR	PA2510	protein_coding	transcriptional regulator CatR	true	go_0003700|go_0006355|kw_transcription_regulation|producto_refseq	refseq|kegg|uniprot	false
PA2511		PA2511	protein_coding	transcriptional regulator	true	go_0003700|go_0006355|kw_transcription_regulation|producto_refseq	refseq|kegg|uniprot	false
PA2512	antA	PA2512	protein_coding	anthranilate dioxygenase large subunit	false		refseq|kegg|uniprot	false
PA2513	antB	PA2513	protein_coding	anthranilate dioxygenase small subunit	false		refseq|kegg|uniprot	false
PA2514	antC	PA2514	protein_coding	anthranilate dioxygenase reductase	false		refseq|kegg|uniprot	false
PA2515	xylL	PA2515	protein_coding	1,6-dihydroxycyclohexa-2,4-diene-1-carboxylate dehydrogenase	false		refseq|kegg|uniprot	false
PA2516	xylZ	PA2516	protein_coding	toluate 1,2-dioxygenase electron transfer subunit	false		refseq|kegg|uniprot	false
PA2517	xylY	PA2517	protein_coding	toluate 1,2-dioxygenase subunit beta	false		refseq|kegg|uniprot	false
PA2518	xylX	PA2518	protein_coding	toluate 1,2-dioxygenase subunit alpha	false		refseq|kegg|uniprot	false
PA2519	xylS	PA2519	protein_coding	transcriptional regulator XylS	true	go_0003700|go_0006355|kw_transcription_regulation|producto_refseq	refseq|kegg|uniprot	false
PA2520	czcA	PA2520	protein_coding	resistance-nodulation-cell division (RND) divalent metal cation efflux transporter CzcA	false		refseq|kegg|uniprot	false
PA2521	czcB	PA2521	protein_coding	resistance-nodulation-cell division (RND) divalent metal cation efflux membrane fusion protein CzcB	false		refseq|kegg|uniprot	false
PA2522	czcC	PA2522	protein_coding	outer membrane protein CzcC	false		refseq|kegg|uniprot	false
PA2523	czcR	CzcR|PA2523	protein_coding	two-component response regulator	true	go_0006355|kw_transcription_regulation|kw_two_component|producto_refseq	refseq|kegg|uniprot|manual	false
PA2524		PA2524	protein_coding	two-component sensor	true	kw_two_component	refseq|kegg|uniprot	false
PA2525		PA2525	protein_coding	hypothetical protein	false		refseq|kegg|uniprot	false
PA2526		PA2526	protein_coding	resistance-nodulation-cell division (RND) efflux transporter	false		refseq|kegg|uniprot	false
PA2527		PA2527	protein_coding	resistance-nodulation-cell division (RND) efflux transporter	false		refseq|kegg|uniprot	false
PA2528		PA2528	protein_coding	resistance-nodulation-cell division (RND) efflux membrane fusion protein	false		refseq|kegg|uniprot	false
PA2529		PA2529	protein_coding	hypothetical protein	false		refseq|kegg|uniprot	false
PA2530		PA2530	protein_coding	hypothetical protein	false		refseq|kegg|uniprot	false
PA2531		PA2531	protein_coding	aminotransferase	false		refseq|kegg|uniprot	false
PA2532	tpx	PA2532	protein_coding	2-Cys peroxiredoxin	false		refseq|kegg|uniprot|uniprot_especie	true
PA2533		PA2533	protein_coding	sodium:alanine symporter	false		refseq|kegg|uniprot	false
PA2534		PA2534	protein_coding	transcriptional regulator	true	go_0003700|kw_transcription_regulation|producto_refseq	refseq|kegg|uniprot	false
PA2535		PA2535	protein_coding	oxidoreductase	false		refseq|kegg|uniprot	false
PA2536		PA2536	protein_coding	phosphatidate cytidylyltransferase	false		refseq|kegg|uniprot	false
PA2537		PA2537	protein_coding	acyltransferase	false		refseq|kegg|uniprot	false
PA2538		PA2538	protein_coding	hypothetical protein	false		refseq|kegg|uniprot	false
PA2539		PA2539	protein_coding	hypothetical protein	false		refseq|kegg|uniprot	false
PA2540		PA2540	protein_coding	hypothetical protein	false		refseq|kegg|uniprot	false
PA2541		PA2541	protein_coding	CDP-alcohol phosphatidyltransferase	false		refseq|kegg|uniprot	false
PA2542	tamB	PA2542	protein_coding	hypothetical protein	false		refseq|kegg|uniprot|uniprot_especie	false
PA2543	tamA	PA2543	protein_coding	hypothetical protein	false		refseq|kegg|uniprot|uniprot_especie	false
PA2544		PA2544	protein_coding	hypothetical protein	false		refseq|kegg|uniprot	false
PA2545	xthA	PA2545	protein_coding	exonuclease III	false		refseq|kegg|uniprot	false
PA2546		PA2546	protein_coding	ring-cleaving dioxygenase	false		refseq|kegg|uniprot	false
PA2547		PA2547	protein_coding	transcriptional regulator	true	go_0003700|kw_transcription_regulation|producto_refseq	refseq|kegg|uniprot	false
PA2548		PA2548	protein_coding	hypothetical protein	false		refseq|kegg|uniprot	false
PA2549		PA2549	protein_coding	hypothetical protein	false		refseq|kegg|uniprot	false
PA2550		PA2550	protein_coding	acyl-CoA dehydrogenase	false		refseq|kegg|uniprot	false
PA2551		PA2551	protein_coding	transcriptional regulator	true	go_0003700|go_0006355|kw_transcription_regulation|producto_refseq	refseq|kegg|uniprot	false
PA2552		PA2552	protein_coding	acyl-CoA dehydrogenase	false		refseq|kegg|uniprot	false
PA2553		PA2553	protein_coding	acyl-CoA thiolase	false		refseq|kegg|uniprot	false
PA2554		PA2554	protein_coding	short-chain dehydrogenase	false		refseq|kegg|uniprot	false
PA2555		PA2555	protein_coding	AMP-binding protein	false		refseq|kegg|uniprot	false
PA2556		PA2556	protein_coding	transcriptional regulator	true	go_0003700|kw_transcription_regulation|producto_refseq	refseq|kegg|uniprot	false
PA2557		PA2557	protein_coding	AMP-binding protein	false		refseq|kegg|uniprot	false
PA2558		PA2558	protein_coding	transporter	false		refseq|kegg|uniprot	false
PA2559		PA2559	protein_coding	hypothetical protein	false		refseq|kegg|uniprot	false
PA2560		PA2560	protein_coding	hypothetical protein	false		refseq|kegg|uniprot	false
PA2561	ctpH	PA2561	protein_coding	methyl-accepting chemotaxis protein CtpH	false		refseq|kegg|uniprot|uniprot_especie	false
PA2562		PA2562	protein_coding	hypothetical protein	false		refseq|kegg|uniprot	false
PA2563		PA2563	protein_coding	sulfate transporter	false		refseq|kegg|uniprot	false
PA2564	tam	PA2564	protein_coding	trans-aconitate 2-methyltransferase	false		refseq|kegg|uniprot|uniprot_especie	true
PA2565		PA2565	protein_coding	hypothetical protein	false		refseq|kegg|uniprot	false
PA2566		PA2566	protein_coding	hypothetical protein	false		refseq|kegg|uniprot	false
PA2567		PA2567	protein_coding	hypothetical protein	false		refseq|kegg|uniprot|uniprot_especie	false
PA2568		PA2568	protein_coding	hypothetical protein	false		refseq|kegg|uniprot	false
PA2569		PA2569	protein_coding	hypothetical protein	false		refseq|kegg|uniprot	false
PA2570	lecA	PA2570|pa1L	protein_coding	PA-I galactophilic lectin	false		refseq|kegg|uniprot|uniprot_especie	false
PA2570.1		PA2570.1	tRNA	tRNA-Leu	false		refseq|kegg	false
PA2571		PA2571	protein_coding	two-component sensor	false		refseq|kegg|uniprot	false
PA2572		PA2572	protein_coding	two-component response regulator	true	producto_refseq	refseq|kegg|uniprot	false
PA2573		PA2573	protein_coding	chemotaxis transducer	false		refseq|kegg|uniprot	false
PA2574	alkB1	PA2574	protein_coding	alkane-1 monooxygenase	false		refseq|kegg|uniprot|uniprot_especie	false
PA2575		PA2575	protein_coding	hypothetical protein	false		refseq|kegg|uniprot	false
PA2576		PA2576	protein_coding	hypothetical protein	false		refseq|kegg|uniprot	false
PA2577		PA2577	protein_coding	transcriptional regulator	true	kw_transcription_regulation|producto_refseq	refseq|kegg|uniprot	false
PA2578		PA2578	protein_coding	acetyltransferase	false		refseq|kegg|uniprot|uniprot_especie	false
PA2579	kynA	PA2579	protein_coding	tryptophan 2,3-dioxygenase	false		refseq|kegg|uniprot|uniprot_especie	false
PA2580		PA2580	protein_coding	hypothetical protein	false		refseq|kegg|uniprot	false
PA2581		PA2581	protein_coding	hypothetical protein	false		refseq|kegg|uniprot	false
PA2581.1		PA2581.1	tRNA	tRNA-Cys	false		refseq|kegg	false
PA2582		PA2582	protein_coding	hypothetical protein	false		refseq|kegg|uniprot	false
PA2583		PA2583	protein_coding	sensor/response regulator hybrid protein	true	kw_two_component|producto_refseq	refseq|kegg|uniprot	false
PA2583.1		PA2583.1	tRNA	tRNA-Gly	false		refseq|kegg	false
PA2584	pgsA	PA2584	protein_coding	CDP-diacylglycerol--glycerol-3-phosphate 3-phosphatidyltransferase	false		refseq|kegg|uniprot	false
PA2585	uvrC	PA2585	protein_coding	excinuclease ABC subunit C	false		refseq|kegg|uniprot|uniprot_especie	false
PA2586	gacA	PA2586	protein_coding	response regulator GacA	true	go_0003700|go_0006355|kw_transcription_regulation|kw_two_component|producto_refseq	refseq|kegg|uniprot|uniprot_especie	false
PA2587	pqsH	PA2587	protein_coding	2-heptyl-3-hydroxy-4(1H)-quinolone synthase	false		refseq|kegg|uniprot|uniprot_especie	false
PA2588		PA2588	protein_coding	transcriptional regulator	true	go_0003700|kw_transcription_regulation|producto_refseq	refseq|kegg|uniprot	false
PA2589		PA2589	protein_coding	hypothetical protein	false		refseq|kegg|uniprot	false
PA2590		PA2590	protein_coding	hypothetical protein	false		refseq|kegg|uniprot	false
PA2591		PA2591	protein_coding	transcriptional regulator	true	go_0003700|go_0006355|kw_transcription_regulation|producto_refseq	refseq|kegg|uniprot	false
PA2592		PA2592	protein_coding	spermidine/putrescine-binding protein	false		refseq|kegg|uniprot|uniprot_especie	false
PA2593	qteE	PA2593	protein_coding	quorum threshold expression protein QteE	false		refseq|kegg|uniprot	false
PA2594		PA2594	protein_coding	hypothetical protein	false		refseq|kegg|uniprot	false
PA2595		PA2595	protein_coding	hypothetical protein	false		refseq|kegg|uniprot	false
PA2596		PA2596	protein_coding	hypothetical protein	false		refseq|kegg|uniprot	false
PA2597		PA2597	protein_coding	hypothetical protein	false		refseq|kegg|uniprot	false
PA2598		PA2598	protein_coding	hypothetical protein	false		refseq|kegg|uniprot	false
PA2599		PA2599	protein_coding	hypothetical protein	false		refseq|kegg|uniprot	false
PA2600		PA2600	protein_coding	hypothetical protein	false		refseq|kegg|uniprot	false
PA2601		PA2601	protein_coding	transcriptional regulator	true	go_0003700|go_0006355|kw_transcription_regulation|producto_refseq	refseq|kegg|uniprot	false
PA2602		PA2602	protein_coding	hypothetical protein	false		refseq|kegg|uniprot|uniprot_especie	false
PA2603		PA2603	protein_coding	thiosulfate sulfurtransferase	false		refseq|kegg|uniprot	false
PA2603.1		PA2603.1	tRNA	tRNA-Ser	false		refseq|kegg	false
PA2604		PA2604	protein_coding	hypothetical protein	false		refseq|kegg|uniprot|uniprot_especie	false
PA2605	tusD	PA2605	protein_coding	sulfurtransferase TusD	false		refseq|kegg|uniprot|uniprot_especie	false
PA2606	tusC	PA2606	protein_coding	sulfur relay protein TusC	false		refseq|kegg|uniprot|uniprot_especie	false
PA2607		PA2607	protein_coding	hypothetical protein	false		refseq|kegg|uniprot	false
PA2608		PA2608	protein_coding	hypothetical protein	false		refseq|kegg|uniprot	false
PA2609		PA2609	protein_coding	hypothetical protein	false		refseq|kegg|uniprot	false
PA2610		PA2610	protein_coding	hypothetical protein	false		refseq|kegg|uniprot	false
PA2611	cysG	PA2611	protein_coding	siroheme synthase	false		refseq|kegg|uniprot|uniprot_especie	false
PA2612	serS	PA2612	protein_coding	serine--tRNA ligase	false		refseq|kegg|uniprot|uniprot_especie	false
PA2613		PA2613	protein_coding	recombination factor protein RarA	false		refseq|kegg|uniprot	false
PA2614	lolA	PA2614	protein_coding	outer-membrane lipoprotein carrier protein	false		refseq|kegg|uniprot|uniprot_especie	false
PA2615	ftsK	PA2615	protein_coding	DNA translocase FtsK	false		refseq|kegg|uniprot|uniprot_especie	false
PA2616	trxB1	PA2616	protein_coding	thioredoxin reductase	false		refseq|kegg|uniprot	false
PA2617	aat	PA2617	protein_coding	leucyl/phenylalanyl-tRNA--protein transferase	false		refseq|kegg|uniprot|uniprot_especie	true
PA2618	bpt	PA2618	protein_coding	arginyl-tRNA--protein transferase	false		refseq|kegg|uniprot|uniprot_especie	true
PA2619	infA	PA2619	protein_coding	translation initiation factor IF-1	false		refseq|kegg|uniprot|uniprot_especie	false
PA2620	clpA	PA2620	protein_coding	ATP-binding protease component ClpA	false		refseq|kegg|uniprot	false
PA2621	clpS	PA2621	protein_coding	ATP-dependent Clp protease adapter protein Clp	false		refseq|kegg|uniprot|uniprot_especie	false
PA2622	cspD	PA2622	protein_coding	cold-shock protein CspD	true	go_0006355	refseq|kegg|uniprot	false
PA2623	icd	PA2623	protein_coding	isocitrate dehydrogenase	false		refseq|kegg|uniprot	true
PA2624	idh	PA2624	protein_coding	isocitrate dehydrogenase	false		refseq|kegg|uniprot	true
PA2625	nudJ	PA2625	protein_coding	hypothetical protein	false		refseq|kegg|uniprot	false
PA2626	trmU	PA2626|mnmA	protein_coding	tRNA-specific 2-thiouridylase MnmA	false		refseq|kegg|uniprot|uniprot_especie	false
PA2627	hflD	PA2627	protein_coding	high frequency lysogenization protein HflD	false		refseq|kegg|uniprot|uniprot_especie	false
PA2628		PA2628	protein_coding	hypothetical protein	false		refseq|kegg|uniprot	false
PA2629	purB	PA2629	protein_coding	adenylosuccinate lyase	false		refseq|kegg|uniprot|uniprot_especie	false
PA2630		PA2630	protein_coding	hypothetical protein	false		refseq|kegg|uniprot	false
PA2631		PA2631	protein_coding	acetyltransferase	false		refseq|kegg|uniprot	false
PA2632		PA2632	protein_coding	hypothetical protein	false		refseq|kegg|uniprot	false
PA2633		PA2633	protein_coding	hypothetical protein	false		refseq|kegg|uniprot	false
PA2634	aceA	PA2634	protein_coding	isocitrate lyase	false		refseq|kegg|uniprot|uniprot_especie	false
PA2635		PA2635	protein_coding	hypothetical protein	false		refseq|kegg|uniprot	false
PA2636		PA2636	protein_coding	hypothetical protein	false		refseq|kegg|uniprot	false
PA2637	nuoA	PA2637|nuoA2	protein_coding	NADH-quinone oxidoreductase subunit A	false		refseq|kegg|uniprot|uniprot_especie	false
PA2638	nuoB	PA2638	protein_coding	NADH-quinone oxidoreductase subunit B	false		refseq|kegg|uniprot|uniprot_especie	false
PA2639	nuoD	PA2639|nuoC|nuoCD	protein_coding	NADH:-quinone oxidoreductase subunit C/D	false		refseq|kegg|uniprot|uniprot_especie	false
PA2640	nuoE	PA2640	protein_coding	NADH-quinone oxidoreductase subunit E	false		refseq|kegg|uniprot|uniprot_especie	false
PA2641	nuoF	PA2641	protein_coding	NADH dehydrogenase I subunit F	false		refseq|kegg|uniprot|uniprot_especie	false
PA2642	nuoG	PA2642	protein_coding	NADH-quinone oxidoreductase subunit G	false		refseq|kegg|uniprot|uniprot_especie	false
PA2643	nuoH	PA2643	protein_coding	NADH-quinone oxidoreductase subunit H	false		refseq|kegg|uniprot|uniprot_especie	false
PA2644	nuoI	PA2644	protein_coding	NADH-quinone oxidoreductase subunit I	false		refseq|kegg|uniprot|uniprot_especie	false
PA2645	nuoJ	PA2645	protein_coding	NADH-quinone oxidoreductase subunit J	false		refseq|kegg|uniprot|uniprot_especie	false
PA2646	nuoK	PA2646	protein_coding	NADH-quinone oxidoreductase subunit K	false		refseq|kegg|uniprot|uniprot_especie	false
PA2647	nuoL	PA2647	protein_coding	NADH-quinone oxidoreductase subunit L	false		refseq|kegg|uniprot|uniprot_especie	false
PA2648	nuoM	PA2648	protein_coding	NADH-quinone oxidoreductase subunit M	false		refseq|kegg|uniprot|uniprot_especie	false
PA2649	nuoN	PA2649	protein_coding	NADH-quinone oxidoreductase subunit N	false		refseq|kegg|uniprot|uniprot_especie	false
PA2650		PA2650	protein_coding	hypothetical protein	false		refseq|kegg|uniprot	false
PA2651		PA2651	protein_coding	hypothetical protein	false		refseq|kegg|uniprot	false
PA2652	ctpM	PA2652	protein_coding	methyl-accepting chemotaxis protein	false		refseq|kegg|uniprot|uniprot_especie	false
PA2653		PA2653	protein_coding	transporter	false		refseq|kegg|uniprot	false
PA2654	tlpQ	PA2654	protein_coding	chemotaxis transducer	false		refseq|kegg|uniprot|uniprot_especie	false
PA2655		PA2655	protein_coding	hypothetical protein	false		refseq|kegg|uniprot	false
PA2656	carS	PA2656	protein_coding	two-component sensor	true	kw_two_component	refseq|kegg|uniprot|uniprot_especie	false
PA2657	carR	PA2657	protein_coding	two-component response regulator	true	go_0006355|kw_transcription_regulation|kw_two_component|producto_refseq	refseq|kegg|uniprot|uniprot_especie	false
PA2658		PA2658	protein_coding	hypothetical protein	false		refseq|kegg|uniprot	false
PA2659		PA2659	protein_coding	hypothetical protein	false		refseq|kegg|uniprot	false
PA2660		PA2660	protein_coding	hypothetical protein	false		refseq|kegg|uniprot	false
PA2661		PA2661	protein_coding	hypothetical protein	false		refseq|kegg|uniprot	false
PA2662		PA2662	protein_coding	hypothetical protein	false		refseq|kegg|uniprot	false
PA2663	ppyR	PA2663	protein_coding	psl and pyoverdine operon regulator PpyR	false		refseq|kegg|uniprot	false
PA2664	fhp	PA2664|hmp	protein_coding	flavohemoprotein	false		refseq|kegg|uniprot|uniprot_especie	true
PA2665		PA2665	protein_coding	anaerobic nitric oxide reductase transcriptional regulator	true	kw_transcription_regulation|producto_refseq	refseq|kegg|uniprot	false
PA2666		PA2666	protein_coding	6-carboxytetrahydropterin synthase QueD	false		refseq|kegg|uniprot	false
PA2667	mvaU	MvaU|PA2667	protein_coding	hypothetical protein	true	manual	refseq|kegg|uniprot|manual	false
PA2668		PA2668	pseudogene	pseudogene	false		refseq|kegg|uniprot	false
PA2669		PA2669	protein_coding	hypothetical protein	false		refseq|kegg|uniprot	false
PA2670		PA2670	protein_coding	hypothetical protein	false		refseq|kegg|uniprot	false
PA2671		PA2671	protein_coding	hypothetical protein	false		refseq|kegg|uniprot	false
PA2672		PA2672	protein_coding	type II secretion system protein	false		refseq|kegg|uniprot	false
PA2673		PA2673	protein_coding	type II secretion system protein	false		refseq|kegg|uniprot	false
PA2674		PA2674	protein_coding	type II secretion system protein	false		refseq|kegg|uniprot	false
PA2675		PA2675	protein_coding	type II secretion system protein	false		refseq|kegg|uniprot	false
PA2676		PA2676	protein_coding	type II secretion system protein	false		refseq|kegg|uniprot	false
PA2677		PA2677	protein_coding	type II secretion protein	false		refseq|kegg|uniprot	false
PA2678		PA2678	protein_coding	ABC transporter permease	false		refseq|kegg|uniprot	false
PA2679		PA2679	protein_coding	hypothetical protein	false		refseq|kegg|uniprot	false
PA2680		PA2680	protein_coding	quinone oxidoreductase	false		refseq|kegg|uniprot	false
PA2681		PA2681	protein_coding	transcriptional regulator	true	go_0003700|kw_transcription_regulation|producto_refseq	refseq|kegg|uniprot	false
PA2682		PA2682	protein_coding	hypothetical protein	false		refseq|kegg|uniprot	false
PA2683		PA2683	protein_coding	serine/threonine dehydratase	false		refseq|kegg|uniprot	false
PA2684	tse5	PA2684	protein_coding	hypothetical protein	false		refseq|kegg|uniprot|uniprot_especie	false
PA2685	vgrG1c	PA2685	protein_coding	hypothetical protein	false		refseq|kegg|uniprot|uniprot_especie	false
PA2686	pfeR	PA2686	protein_coding	two-component response regulator PfeR	true	go_0006355|kw_transcription_regulation|kw_two_component|producto_refseq	refseq|kegg|uniprot|uniprot_especie	false
PA2687	pfeS	PA2687	protein_coding	two-component sensor histidine kinase PfeS	true	kw_two_component	refseq|kegg|uniprot|uniprot_especie	false
PA2688	pfeA	PA2688	protein_coding	ferric enterobactin receptor	false		refseq|kegg|uniprot|uniprot_especie	false
PA2689	pfeE	PA2689	protein_coding	hypothetical protein	false		refseq|kegg|uniprot|uniprot_especie	false
PA2690		PA2690	protein_coding	transposase	false		refseq|kegg	false
PA2691		PA2691	protein_coding	hypothetical protein	false		refseq|kegg|uniprot	false
PA2692		PA2692	protein_coding	transcriptional regulator	true	go_0003700|go_0006355|producto_refseq	refseq|kegg|uniprot	false
PA2693		PA2693	protein_coding	acyl-CoA thioesterase	false		refseq|kegg|uniprot	false
PA2694		PA2694	protein_coding	thioredoxin	false		refseq|kegg|uniprot	false
PA2695		PA2695	protein_coding	hypothetical protein	false		refseq|kegg|uniprot	false
PA2696		PA2696	protein_coding	transcriptional regulator	true	go_0003700|go_0006355|kw_transcription_regulation|producto_refseq	refseq|kegg|uniprot	false
PA2697		PA2697	protein_coding	hypothetical protein	false		refseq|kegg|uniprot	false
PA2698		PA2698	protein_coding	hydrolase	false		refseq|kegg|uniprot	false
PA2699		PA2699	protein_coding	hypothetical protein	false		refseq|kegg|uniprot	false
PA2700	opdB	PA2700	protein_coding	OpdB proline porin	false		refseq|kegg|uniprot	false
PA2701		PA2701	protein_coding	major facilitator superfamily transporter	false		refseq|kegg|uniprot	false
PA2702	tse2	PA2702	protein_coding	hypothetical protein	false		refseq|kegg|uniprot|uniprot_especie	false
PA2703	tsi2	PA2703	protein_coding	hypothetical protein	false		refseq|kegg|uniprot|uniprot_especie	false
PA2704		PA2704	protein_coding	transcriptional regulator	true	go_0003700|kw_transcription_regulation|producto_refseq	refseq|kegg|uniprot	false
PA2705		PA2705	protein_coding	hypothetical protein	false		refseq|kegg|uniprot	false
PA2706		PA2706	protein_coding	hypothetical protein	false		refseq|kegg|uniprot	false
PA2707		PA2707	protein_coding	hypothetical protein	false		refseq|kegg|uniprot	false
PA2708		PA2708	protein_coding	hypothetical protein	false		refseq|kegg|uniprot	false
PA2709	cysK	PA2709	protein_coding	cysteine synthase A	false		refseq|kegg|uniprot	false
PA2710		PA2710	protein_coding	hypothetical protein	false		refseq|kegg|uniprot	false
PA2711		PA2711	protein_coding	spermidine/putrescine-binding protein	false		refseq|kegg|uniprot	false
PA2712		PA2712	protein_coding	hypothetical protein	false		refseq|kegg|uniprot	false
PA2713		PA2713	protein_coding	hypothetical protein	true	go_0003700|go_0006355|kw_transcription_regulation	refseq|kegg|uniprot	false
PA2714		PA2714	protein_coding	molybdopterin oxidoreductase	false		refseq|kegg|uniprot	false
PA2715		PA2715	protein_coding	ferredoxin	false		refseq|kegg|uniprot	false
PA2716		PA2716	protein_coding	FMN oxidoreductase	false		refseq|kegg|uniprot	false
PA2717	cpo	PA2717	protein_coding	chloroperoxidase	false		refseq|kegg|uniprot	true
PA2718		PA2718	protein_coding	transcriptional regulator	true	go_0003700|kw_transcription_regulation|producto_refseq	refseq|kegg|uniprot	false
PA2719		PA2719	protein_coding	hypothetical protein	false		refseq|kegg|uniprot	false
PA2720		PA2720	protein_coding	hypothetical protein	false		refseq|kegg|uniprot	false
PA2721		PA2721	protein_coding	hypothetical protein	false		refseq|kegg|uniprot	false
PA2722		PA2722	protein_coding	hypothetical protein	false		refseq|kegg|uniprot	false
PA2723		PA2723	protein_coding	hypothetical protein	false		refseq|kegg|uniprot	false
PA2724		PA2724	protein_coding	hypothetical protein	false		refseq|kegg|uniprot	false
PA2725		PA2725	protein_coding	chaperone	false		refseq|kegg|uniprot	false
PA2726		PA2726	protein_coding	radical activating enzyme	false		refseq|kegg|uniprot	false
PA2727		PA2727	pseudogene	pseudogene	false		refseq|kegg|uniprot	false
PA2729		PA2729	protein_coding	hypothetical protein	false		refseq|kegg|uniprot	false
PA2730		PA2730	protein_coding	hypothetical protein	false		refseq|kegg|uniprot	false
PA2732		PA2732	protein_coding	hypothetical protein	false		refseq|kegg|uniprot	false
PA2733		PA2733	protein_coding	hypothetical protein	false		refseq|kegg|uniprot	false
PA2734		PA2734	protein_coding	hypothetical protein	false		refseq|kegg|uniprot	false
PA2735		PA2735	protein_coding	restriction-modification system protein	false		refseq|kegg|uniprot	false
PA2736		PA2736	protein_coding	hypothetical protein	false		refseq|kegg|uniprot	false
PA2736.1		PA2736.1	tRNA	tRNA-Pro	false		refseq|kegg	false
PA2737		PA2737	protein_coding	hypothetical protein	true	go_0003700|go_0006355	refseq|kegg|uniprot	false
PA2738	himA	PA2738|ihfA	protein_coding	integration host factor subunit alpha	true	kw_transcription_regulation	refseq|kegg|uniprot|uniprot_especie	false
PA2739	pheT	PA2739	protein_coding	phenylalanine--tRNA ligase subunit beta	false		refseq|kegg|uniprot|uniprot_especie	false
PA2740	pheS	PA2740	protein_coding	phenylalanine--tRNA ligase subunit alpha	false		refseq|kegg|uniprot|uniprot_especie	false
PA2741	rplT	PA2741	protein_coding	50S ribosomal protein L20	false		refseq|kegg|uniprot|uniprot_especie	false
PA2742	rpmI	PA2742	protein_coding	50S ribosomal protein L35	false		refseq|kegg|uniprot|uniprot_especie	false
PA2743	infC	PA2743	protein_coding	translation initiation factor IF-3	false		refseq|kegg|uniprot|uniprot_especie	false
PA2744	thrS	PA2744	protein_coding	threonine--tRNA ligase	false		refseq|kegg|uniprot|uniprot_especie	false
PA2744.1		PA2744.1	ncRNA	Not available	false		refseq|kegg	false
PA2745		PA2745	protein_coding	hydrolase	false		refseq|kegg|uniprot	false
PA2746		PA2746	protein_coding	hypothetical protein	false		refseq|kegg|uniprot	false
PA2747		PA2747	protein_coding	hypothetical protein	false		refseq|kegg|uniprot	false
PA2748	map	PA2748	protein_coding	methionine aminopeptidase	false		refseq|kegg|uniprot	true
PA2749	endA	PA2749	protein_coding	DNA-specific endonuclease I	false		refseq|kegg|uniprot	false
PA2750		PA2750	protein_coding	hypothetical protein	false		refseq|kegg|uniprot	false
PA2751		PA2751	protein_coding	hypothetical protein	false		refseq|kegg|uniprot	false
PA2752		PA2752	protein_coding	hypothetical protein	false		refseq|kegg|uniprot	false
PA2753		PA2753	protein_coding	hypothetical protein	false		refseq|kegg|uniprot	false
PA2754		PA2754	protein_coding	hypothetical protein	false		refseq|kegg|uniprot	false
PA2755	eco	PA2755	protein_coding	ecotin	false		refseq|kegg|uniprot|uniprot_especie	true
PA2756		PA2756	protein_coding	hypothetical protein	false		refseq|kegg|uniprot	false
PA2757		PA2757	protein_coding	hypothetical protein	false		refseq|kegg|uniprot	false
PA2758		PA2758	protein_coding	transcriptional regulator	true	go_0003700|go_0006355|kw_transcription_regulation|producto_refseq	refseq|kegg|uniprot	false
PA2759		PA2759	protein_coding	hypothetical protein	false		refseq|kegg|uniprot	false
PA2760		PA2760	protein_coding	hypothetical protein	false		refseq|kegg|uniprot	false
PA2761		PA2761	protein_coding	hypothetical protein	false		refseq|kegg|uniprot	false
PA2762		PA2762	protein_coding	hypothetical protein	false		refseq|kegg|uniprot	false
PA2763		PA2763	protein_coding	hypothetical protein	false		refseq|kegg|uniprot	false
PA2764		PA2764	protein_coding	hypothetical protein	false		refseq|kegg|uniprot	false
PA2765		PA2765	protein_coding	hypothetical protein	false		refseq|kegg|uniprot	false
PA2766		PA2766	protein_coding	transcriptional regulator	true	kw_transcription_regulation|producto_refseq	refseq|kegg|uniprot	false
PA2767		PA2767	protein_coding	enoyl-CoA hydratase	false		refseq|kegg|uniprot	false
PA2768		PA2768	protein_coding	hypothetical protein	false		refseq|kegg|uniprot	false
PA2769		PA2769	protein_coding	hypothetical protein	false		refseq|kegg|uniprot	false
PA2770		PA2770	protein_coding	isomerase	false		refseq|kegg|uniprot|uniprot_especie	false
PA2771		PA2771	protein_coding	hypothetical protein	false		refseq|kegg|uniprot	false
PA2772		PA2772	protein_coding	hypothetical protein	false		refseq|kegg|uniprot	false
PA2773		PA2773	protein_coding	hypothetical protein	false		refseq|kegg|uniprot	false
PA2774	tse4	PA2774	protein_coding	hypothetical protein	false		refseq|kegg|uniprot|uniprot_especie	false
PA2775	tsi4	PA2775	protein_coding	hypothetical protein	false		refseq|kegg|uniprot|uniprot_especie	false
PA2775.1		PA2775.1	tRNA	tRNA-Val	false		refseq|kegg	false
PA2776		PA2776	protein_coding	hypothetical protein	false		refseq|kegg|uniprot	false
PA2777		PA2777	protein_coding	hypothetical protein	false		refseq|kegg|uniprot	false
PA2778		PA2778	protein_coding	hypothetical protein	false		refseq|kegg|uniprot	false
PA2779		PA2779	protein_coding	hypothetical protein	false		refseq|kegg|uniprot	false
PA2780		PA2780	protein_coding	hypothetical protein	false		refseq|kegg|uniprot	false
PA2781		PA2781	protein_coding	hypothetical protein	false		refseq|kegg|uniprot	false
PA2782	bamI	PA2782	protein_coding	hypothetical protein	false		refseq|kegg|uniprot|uniprot_especie	false
PA2783	mep72	PA2783	protein_coding	hypothetical protein	false		refseq|kegg|uniprot|uniprot_especie	false
PA2784		PA2784	protein_coding	hypothetical protein	false		refseq|kegg|uniprot	false
PA2785		PA2785	protein_coding	hypothetical protein	false		refseq|kegg|uniprot	false
PA2786		PA2786	protein_coding	hypothetical protein	false		refseq|kegg|uniprot	false
PA2787	cpg2	PA2787	protein_coding	glutamate carboxypeptidase	false		refseq|kegg|uniprot	false
PA2788	mcpN	PA2788	protein_coding	chemotaxis transducer	false		refseq|kegg|uniprot|uniprot_especie	false
PA2789		PA2789	protein_coding	hypothetical protein	false		refseq|kegg|uniprot	false
PA2790		PA2790	protein_coding	hypothetical protein	false		refseq|kegg|uniprot	false
PA2791		PA2791	protein_coding	hypothetical protein	false		refseq|kegg|uniprot	false
PA2792		PA2792	protein_coding	hypothetical protein	false		refseq|kegg|uniprot	false
PA2793		PA2793	protein_coding	hypothetical protein	false		refseq|kegg|uniprot	false
PA2795	dusA	PA2795	protein_coding	tRNA-dihydrouridine synthase A	false		refseq|kegg|uniprot|uniprot_especie	false
PA2796	tal	PA2796	protein_coding	transaldolase B	false		refseq|kegg|uniprot|uniprot_especie	true
PA2797		PA2797	protein_coding	hypothetical protein	false		refseq|kegg|uniprot	false
PA2798		PA2798	protein_coding	two-component response regulator	true	go_0006355|kw_transcription_regulation|kw_two_component|producto_refseq	refseq|kegg|uniprot	false
PA2799		PA2799	protein_coding	hypothetical protein	false		refseq|kegg|uniprot	false
PA2800		PA2800	protein_coding	hypothetical protein	false		refseq|kegg|uniprot	false
PA2801		PA2801	protein_coding	hypothetical protein	false		refseq|kegg|uniprot	false
PA2802		PA2802	protein_coding	transcriptional regulator	true	go_0003700|kw_transcription_regulation|producto_refseq	refseq|kegg|uniprot	false
PA2803		PA2803	protein_coding	hypothetical protein	false		refseq|kegg|uniprot	false
PA2804		PA2804	protein_coding	hypothetical protein	false		refseq|kegg|uniprot	false
PA2805		PA2805	protein_coding	hypothetical protein	false		refseq|kegg|uniprot	false
PA2806	queF	PA2806	protein_coding	7-cyano-7-deazaguanine reductase	false		refseq|kegg|uniprot|uniprot_especie	false
PA2807	copI	PA2807	protein_coding	hypothetical protein	false		refseq|kegg|uniprot|uniprot_especie	false
PA2808	ptrA	PA2808	protein_coding	repressor PtrA	false		refseq|kegg|uniprot	false
PA2809	copR	PA2809	protein_coding	two-component response regulator CopR	true	go_0006355|kw_transcription_regulation|kw_two_component|producto_refseq	refseq|kegg|uniprot	false
PA2810	copS	PA2810	protein_coding	two-component sensor CopS	true	kw_two_component	refseq|kegg|uniprot	false
PA2811		PA2811	protein_coding	ABC transporter permease	false		refseq|kegg|uniprot	false
PA2812		PA2812	protein_coding	ABC transporter ATP-binding protein	false		refseq|kegg|uniprot	false
PA2813		PA2813	protein_coding	glutathione S-transferase	false		refseq|kegg|uniprot	false
PA2814		PA2814	protein_coding	hypothetical protein	false		refseq|kegg|uniprot	false
PA2815		PA2815	protein_coding	acyl-CoA dehydrogenase	false		refseq|kegg|uniprot	false
PA2816		PA2816	protein_coding	hypothetical protein	false		refseq|kegg|uniprot	false
PA2817		PA2817	protein_coding	hypothetical protein	false		refseq|kegg|uniprot	false
PA2818	arr	PA2818	protein_coding	aminoglycoside response regulator	true	producto_refseq	refseq|kegg|uniprot	true
PA2819.1		PA2819.1	tRNA	tRNA-Gly	false		refseq|kegg	false
PA2819.2		PA2819.2	tRNA	tRNA-Gly	false		refseq|kegg	false
PA2819.3		PA2819.3	tRNA	tRNA-Glu	false		refseq|kegg	false
PA2820		PA2820	protein_coding	hypothetical protein	false		refseq|kegg|uniprot	false
PA2821		PA2821	protein_coding	glutathione S-transferase	false		refseq|kegg|uniprot	false
PA2822		PA2822	protein_coding	hypothetical protein	false		refseq|kegg|uniprot	false
PA2823		PA2823	protein_coding	hypothetical protein	false		refseq|kegg|uniprot	false
PA2824	sagS	PA2824|SagS	protein_coding	sensor/response regulator hybrid protein	true	kw_two_component|producto_refseq	refseq|kegg|uniprot|manual	false
PA2825	ospR	PA2825	protein_coding	transcriptional regulator	true	go_0003700|go_0006355|kw_transcription_regulation|producto_refseq	refseq|kegg|uniprot	false
PA2826		PA2826	protein_coding	glutathione peroxidase	false		refseq|kegg|uniprot	false
PA2827	msrB	PA2827	protein_coding	methionine sulfoxide reductase B	false		refseq|kegg|uniprot|uniprot_especie	false
PA2828		PA2828	protein_coding	aminotransferase	false		refseq|kegg|uniprot	false
PA2829		PA2829	protein_coding	hypothetical protein	false		refseq|kegg|uniprot	false
PA2830	htpX	PA2830	protein_coding	protease HtpX	false		refseq|kegg|uniprot|uniprot_especie	false
PA2831		PA2831	protein_coding	hypothetical protein	false		refseq|kegg|uniprot	false
PA2832	tpm	PA2832	protein_coding	thiopurine S-methyltransferase	false		refseq|kegg|uniprot|uniprot_especie	true
PA2833		PA2833	protein_coding	hypothetical protein	false		refseq|kegg|uniprot	false
PA2834		PA2834	protein_coding	transcriptional regulator	true	go_0003700|go_0006355|kw_transcription_regulation|producto_refseq	refseq|kegg|uniprot	false
PA2835		PA2835	protein_coding	major facilitator superfamily transporter	false		refseq|kegg|uniprot	false
PA2836		PA2836	protein_coding	secretion protein	false		refseq|kegg|uniprot	false
PA2837		PA2837	protein_coding	hypothetical protein	false		refseq|kegg|uniprot	false
PA2838		PA2838	protein_coding	transcriptional regulator	true	go_0003700|go_0006355|kw_transcription_regulation|producto_refseq	refseq|kegg|uniprot	false
PA2839		PA2839	protein_coding	hypothetical protein	false		refseq|kegg|uniprot	false
PA2840	deaD	PA2840|csdA	protein_coding	ATP-dependent RNA helicase	false		refseq|kegg|uniprot	false
PA2841		PA2841	protein_coding	enoyl-CoA hydratase	false		refseq|kegg|uniprot	false
PA2842		PA2842	protein_coding	hypothetical protein	false		refseq|kegg|uniprot	false
PA2843		PA2843	protein_coding	aldolase	false		refseq|kegg|uniprot	false
PA2844		PA2844	protein_coding	hypothetical protein	false		refseq|kegg|uniprot	false
PA2845		PA2845	protein_coding	hypothetical protein	false		refseq|kegg|uniprot	false
PA2846		PA2846	protein_coding	transcriptional regulator	true	go_0003700|go_0006355|kw_transcription_regulation|producto_refseq	refseq|kegg|uniprot	false
PA2847		PA2847	protein_coding	hypothetical protein	false		refseq|kegg|uniprot	false
PA2848		PA2848	protein_coding	transcriptional regulator	true	go_0003700|go_0006355|kw_transcription_regulation|producto_refseq	refseq|kegg|uniprot	false
PA2849	ohrR	PA2849	protein_coding	transcriptional regulator	true	collectf|go_0006355|kw_transcription_regulation|producto_refseq	refseq|kegg|uniprot	false
PA2850	ohr	PA2850	protein_coding	organic hydroperoxide resistance protein	false		refseq|kegg|uniprot	true
PA2851	efp	PA2851	protein_coding	elongation factor P	false		refseq|kegg|uniprot|uniprot_especie	true
PA2852	earP	PA2852	protein_coding	hypothetical protein	false		refseq|kegg|uniprot|uniprot_especie	false
PA2852.1		PA2852.1	tRNA	tRNA-Ser	false		refseq|kegg	false
PA2853	oprI	PA2853	protein_coding	outer membrane lipoprotein OprI	false		refseq|kegg|uniprot|uniprot_especie	false
PA2854		PA2854	protein_coding	hypothetical protein	false		refseq|kegg|uniprot	false
PA2855		PA2855	protein_coding	hypothetical protein	false		refseq|kegg|uniprot	false
PA2856	tesA	PA2856	protein_coding	esterase TesA	false		refseq|kegg|uniprot|uniprot_especie	false
PA2857		PA2857	protein_coding	ABC transporter ATP-binding protein	false		refseq|kegg|uniprot	false
PA2858		PA2858	protein_coding	hypothetical protein	false		refseq|kegg|uniprot	false
PA2859	greB	PA2859	protein_coding	transcription elongation factor GreB	true	kw_transcription_regulation	refseq|kegg|uniprot|uniprot_especie	false
PA2860		PA2860	protein_coding	hypothetical protein	false		refseq|kegg|uniprot	false
PA2861	ligT	PA2861	protein_coding	2'-5' RNA ligase	false		refseq|kegg|uniprot	false
PA2862	lipA	PA2862|lip	protein_coding	lactonizing lipase	false		refseq|kegg|uniprot|uniprot_especie	true
PA2863	lipH	PA2863|lifO	protein_coding	lipase chaperone	false		refseq|kegg|uniprot|uniprot_especie	false
PA2864		PA2864	protein_coding	hypothetical protein	false		refseq|kegg|uniprot	false
PA2865		PA2865	protein_coding	glycosylase	false		refseq|kegg|uniprot	false
PA2866	mttC	PA2866	protein_coding	secretion protein MttC	false		refseq|kegg|uniprot	false
PA2867		PA2867	protein_coding	chemotaxis transducer	false		refseq|kegg|uniprot	false
PA2868		PA2868	protein_coding	hypothetical protein	false		refseq|kegg|uniprot	false
PA2869		PA2869	protein_coding	hypothetical protein	false		refseq|kegg|uniprot	false
PA2870		PA2870	protein_coding	hypothetical protein	false		refseq|kegg|uniprot	false
PA2871		PA2871	protein_coding	hypothetical protein	false		refseq|kegg|uniprot	false
PA2872		PA2872	protein_coding	hypothetical protein	false		refseq|kegg|uniprot	false
PA2873	tgpA	PA2873	protein_coding	protein-glutamine gamma-glutamyltransferase	false		refseq|kegg|uniprot|uniprot_especie	false
PA2874		PA2874	protein_coding	hypothetical protein	false		refseq|kegg|uniprot	false
PA2875		PA2875	protein_coding	hypothetical protein	false		refseq|kegg|uniprot	false
PA2876	pyrF	PA2876	protein_coding	orotidine 5'-phosphate decarboxylase	false		refseq|kegg|uniprot|uniprot_especie	false
PA2877		PA2877	protein_coding	transcriptional regulator	true	go_0003700|kw_transcription_regulation|producto_refseq	refseq|kegg|uniprot	false
PA2878		PA2878	protein_coding	hypothetical protein	false		refseq|kegg|uniprot	false
PA2879		PA2879	protein_coding	transcriptional regulator	true	go_0003700|go_0006355|kw_transcription_regulation|producto_refseq	refseq|kegg|uniprot	false
PA2880		PA2880	protein_coding	hypothetical protein	false		refseq|kegg|uniprot	false
PA2881		PA2881	protein_coding	two-component response regulator	true	producto_refseq	refseq|kegg|uniprot	false
PA2882		PA2882	protein_coding	two-component sensor	false		refseq|kegg|uniprot	false
PA2883		PA2883	protein_coding	hypothetical protein	false		refseq|kegg|uniprot	false
PA2884		PA2884	protein_coding	hypothetical protein	false		refseq|kegg|uniprot	false
PA2885	atuR	PA2885	protein_coding	atu genes repressor	true	go_0003700|go_0006355	refseq|kegg|uniprot	false
PA2886	atuA	PA2886	protein_coding	hypothetical protein	false		refseq|kegg|uniprot	false
PA2887	atuB	PA2887	protein_coding	citronellol catabolism dehydrogenase	false		refseq|kegg|uniprot	false
PA2888	atuC	PA2888	protein_coding	geranyl-CoA carboxylase subunit beta	false		refseq|kegg|uniprot	false
PA2889	atuD	PA2889	protein_coding	citronellyl-CoA dehydrogenase	false		refseq|kegg|uniprot	false
PA2890	atuE	PA2890	protein_coding	isohexenylglutaconyl-CoA hydratase	false		refseq|kegg|uniprot	false
PA2891	atuF	PA2891	protein_coding	geranyl-CoA carboxylase subunit alpha	false		refseq|kegg|uniprot	false
PA2892	atuG	PA2892	protein_coding	short-chain dehydrogenase	false		refseq|kegg|uniprot	false
PA2893	atuH	PA2893	protein_coding	long-chain-acyl-CoA synthetase	false		refseq|kegg|uniprot	false
PA2894		PA2894	protein_coding	hypothetical protein	false		refseq|kegg|uniprot	false
PA2895		PA2895	protein_coding	hypothetical protein	false		refseq|kegg|uniprot	false
PA2896		PA2896	protein_coding	RNA polymerase sigma factor	true	go_0006355|kw_sigma_factor|kw_transcription_regulation|producto_refseq	refseq|kegg|uniprot	false
PA2897		PA2897	protein_coding	transcriptional regulator	true	go_0003700|kw_transcription_regulation|producto_refseq	refseq|kegg|uniprot	false
PA2898		PA2898	protein_coding	hypothetical protein	false		refseq|kegg|uniprot	false
PA2899		PA2899	protein_coding	transcriptional regulator	true	go_0006355|producto_refseq	refseq|kegg|uniprot	false
PA2900		PA2900	protein_coding	hypothetical protein	false		refseq|kegg|uniprot	false
PA2901		PA2901	protein_coding	hypothetical protein	false		refseq|kegg|uniprot	false
PA2902		PA2902	protein_coding	hypothetical protein	false		refseq|kegg|uniprot	false
PA2903	cobJ	PA2903	protein_coding	precorrin-3 methylase CobJ	false		refseq|kegg|uniprot	false
PA2904	cobI	PA2904	protein_coding	precorrin-2 C(20)-methyltransferase	false		refseq|kegg|uniprot|uniprot_especie	false
PA2905	cobH	PA2905	protein_coding	precorrin-8X methylmutase	false		refseq|kegg|uniprot|uniprot_especie	false
PA2906		PA2906	protein_coding	oxidoreductase	false		refseq|kegg|uniprot	false
PA2907	cobL	PA2907	protein_coding	precorrin-6y-dependent methyltransferase CobL	false		refseq|kegg|uniprot|uniprot_especie	false
PA2908	cbiD	PA2908	protein_coding	cobalt-precorrin-5B C(1)-methyltransferase	false		refseq|kegg|uniprot|uniprot_especie	false
PA2909		PA2909	protein_coding	cobalt-precorrin-6x reductase	false		refseq|kegg|uniprot	false
PA2910	mntP	PA2910	protein_coding	manganese efflux pump MntP	false		refseq|kegg|uniprot|uniprot_especie	false
PA2911		PA2911	protein_coding	TonB-dependent receptor	false		refseq|kegg|uniprot	false
PA2912		PA2912	protein_coding	ABC transporter ATP-binding protein	false		refseq|kegg|uniprot	false
PA2913		PA2913	protein_coding	hypothetical protein	false		refseq|kegg|uniprot	false
PA2914		PA2914	protein_coding	ABC transporter permease	false		refseq|kegg|uniprot	false
PA2915		PA2915	protein_coding	hypothetical protein	false		refseq|kegg|uniprot	false
PA2916		PA2916	protein_coding	hypothetical protein	false		refseq|kegg|uniprot	false
PA2917		PA2917	protein_coding	transcriptional regulator	true	go_0003700|go_0006355|kw_transcription_regulation|producto_refseq	refseq|kegg|uniprot	false
PA2918		PA2918	protein_coding	short-chain dehydrogenase	false		refseq|kegg|uniprot	false
PA2919		PA2919	protein_coding	hypothetical protein	false		refseq|kegg|uniprot	false
PA2920		PA2920	protein_coding	chemotaxis transducer	false		refseq|kegg|uniprot	false
PA2921		PA2921	protein_coding	transcriptional regulator	true	go_0003700|go_0006355|kw_transcription_regulation|producto_refseq	refseq|kegg|uniprot	false
PA2922		PA2922	protein_coding	hydrolase	false		refseq|kegg|uniprot	false
PA2923	hisJ	PA2923	protein_coding	histidine ABC transporter substrate-binding protein HisJ	false		refseq|kegg|uniprot	false
PA2924	hisQ	PA2924	protein_coding	histidine ABC transporter permease HisQ	false		refseq|kegg|uniprot	false
PA2925	hisM	PA2925	protein_coding	histidine ABC transporter permease HisM	false		refseq|kegg|uniprot	false
PA2926	hisP	PA2926	protein_coding	histidine ABC transporter ATP-binding protein HisP	false		refseq|kegg|uniprot|uniprot_especie	false
PA2927		PA2927	protein_coding	hypothetical protein	false		refseq|kegg|uniprot	false
PA2928		PA2928	protein_coding	hypothetical protein	false		refseq|kegg|uniprot	false
PA2929		PA2929	protein_coding	hypothetical protein	false		refseq|kegg|uniprot	false
PA2930		PA2930	protein_coding	transcriptional regulator	true	go_0003700|kw_transcription_regulation|producto_refseq	refseq|kegg|uniprot	false
PA2931	cifR	PA2931	protein_coding	CifR protein	true	kw_transcription_regulation	refseq|kegg|uniprot	false
PA2932	morB	PA2932	protein_coding	morphinone reductase	false		refseq|kegg|uniprot	false
PA2933		PA2933	protein_coding	major facilitator superfamily transporter	false		refseq|kegg|uniprot	false
PA2934	cif	PA2934	protein_coding	CFTR inhibitory factor	false		refseq|kegg|uniprot	true
PA2935		PA2935	protein_coding	hypothetical protein	false		refseq|kegg|uniprot	false
PA2936		PA2936	protein_coding	hypothetical protein	false		refseq|kegg|uniprot	false
PA2937		PA2937	protein_coding	hypothetical protein	false		refseq|kegg|uniprot	false
PA2938		PA2938	protein_coding	transporter	false		refseq|kegg|uniprot	false
PA2939	lap	PA2939	protein_coding	aminopeptidase	false		refseq|kegg|uniprot|uniprot_especie	true
PA2940		PA2940	protein_coding	acyl-CoA thiolase	false		refseq|kegg|uniprot	false
PA2941		PA2941	protein_coding	hypothetical protein	false		refseq|kegg|uniprot	false
PA2942		PA2942	protein_coding	magnesium chelatase	false		refseq|kegg|uniprot	false
PA2942.1		PA2942.1	ncRNA	P15	false		refseq|kegg	false
PA2943		PA2943	protein_coding	phospho-2-dehydro-3-deoxyheptonate aldolase	false		refseq|kegg|uniprot	false
PA2944	cobN	PA2944	protein_coding	cobaltochelatase subunit CobN	false		refseq|kegg|uniprot|uniprot_especie	false
PA2945	cobW	PA2945	protein_coding	cobalamin biosynthesis protein CobW	false		refseq|kegg|uniprot|uniprot_especie	false
PA2946		PA2946	protein_coding	hypothetical protein	false		refseq|kegg|uniprot	false
PA2947		PA2947	protein_coding	hypothetical protein	false		refseq|kegg|uniprot	false
PA2948	cobM	PA2948	protein_coding	precorrin-4 C(11)-methyltransferase	false		refseq|kegg|uniprot|uniprot_especie	false
PA2949		PA2949	protein_coding	lipase	false		refseq|kegg|uniprot	false
PA2950	fabV	PA2950	protein_coding	reductase	false		refseq|kegg|uniprot|uniprot_especie	false
PA2951	etfA	PA2951	protein_coding	electron transfer flavoprotein subunit alpha	false		refseq|kegg|uniprot|uniprot_especie	false
PA2952	etfB	PA2952	protein_coding	electron transfer flavoprotein subunit beta	false		refseq|kegg|uniprot|uniprot_especie	false
PA2953		PA2953	protein_coding	electron transfer flavoprotein-ubiquinone oxidoreductase	false		refseq|kegg|uniprot|uniprot_especie	false
PA2954		PA2954	protein_coding	hypothetical protein	false		refseq|kegg|uniprot	false
PA2955		PA2955	protein_coding	hypothetical protein	false		refseq|kegg|uniprot	false
PA2956		PA2956	protein_coding	hypothetical protein	false		refseq|kegg|uniprot	false
PA2957		PA2957	protein_coding	transcriptional regulator	true	go_0003700|go_0006355|kw_transcription_regulation|producto_refseq	refseq|kegg|uniprot	false
PA2958		PA2958	protein_coding	hypothetical protein	false		refseq|kegg|uniprot	false
PA2958.1	rgsA	PA2958.1	ncRNA	RgsA	false		refseq|kegg	false
PA2959		PA2959	protein_coding	hypothetical protein	false		refseq|kegg|uniprot	false
PA2960	pilZ	PA2960	protein_coding	type 4 fimbrial biogenesis protein PilZ	false		refseq|kegg|uniprot	false
PA2961	holB	PA2961	protein_coding	DNA polymerase III subunit delta	false		refseq|kegg|uniprot|uniprot_especie	false
PA2962	tmk	PA2962	protein_coding	thymidylate kinase	false		refseq|kegg|uniprot|uniprot_especie	true
PA2963	mltG	PA2963	protein_coding	hypothetical protein	false		refseq|kegg|uniprot	false
PA2964	pabC	PA2964	protein_coding	4-amino-4-deoxychorismate lyase	false		refseq|kegg|uniprot	false
PA2965	fabF1	PA2965	protein_coding	3-oxoacyl-ACP synthase	false		refseq|kegg|uniprot	false
PA2966	acpP	PA2966|acpP1	protein_coding	acyl carrier protein	false		refseq|kegg|uniprot|uniprot_especie	false
PA2967	fabG	PA2967	protein_coding	3-oxoacyl-[acyl-carrier-protein] reductase FabG	false		refseq|kegg|uniprot|uniprot_especie	false
PA2968	fabD	PA2968	protein_coding	malonyl CoA-ACP transacylase	false		refseq|kegg|uniprot	false
PA2969	plsX	PA2969	protein_coding	phosphate acyltransferase	false		refseq|kegg|uniprot|uniprot_especie	false
PA2970	rpmF	PA2970	protein_coding	50S ribosomal protein L32	false		refseq|kegg|uniprot|uniprot_especie	false
PA2971		PA2971	protein_coding	hypothetical protein	false		refseq|kegg|uniprot	false
PA2972		PA2972	protein_coding	hypothetical protein	false		refseq|kegg|uniprot|uniprot_especie	false
PA2973		PA2973	protein_coding	peptidase	false		refseq|kegg|uniprot	false
PA2974		PA2974	protein_coding	hydrolase	false		refseq|kegg|uniprot	false
PA2975	rluC	PA2975	protein_coding	ribosomal large subunit pseudouridine synthase C	false		refseq|kegg|uniprot|uniprot_especie	false
PA2976	rne	PA2976	protein_coding	ribonuclease E	false		refseq|kegg|uniprot	true
PA2977	murB	PA2977	protein_coding	UDP-N-acetylenolpyruvoylglucosamine reductase	false		refseq|kegg|uniprot|uniprot_especie	false
PA2978	ptpA	PA2978	protein_coding	phosphotyrosine protein phosphatase	false		refseq|kegg|uniprot	false
PA2979	kdsB	PA2979	protein_coding	3-deoxy-manno-octulosonate cytidylyltransferase	false		refseq|kegg|uniprot|uniprot_especie	false
PA2980		PA2980	protein_coding	hypothetical protein	false		refseq|kegg|uniprot|uniprot_especie	false
PA2981	lpxK	PA2981	protein_coding	tetraacyldisaccharide 4'-kinase	false		refseq|kegg|uniprot|uniprot_especie	false
PA2982		PA2982	protein_coding	hypothetical protein	false		refseq|kegg|uniprot	false
PA2983		PA2983	protein_coding	translocation protein TolQ	false		refseq|kegg|uniprot	false
PA2984		PA2984	protein_coding	hypothetical protein	false		refseq|kegg|uniprot	false
PA2985		PA2985	protein_coding	hypothetical protein	false		refseq|kegg|uniprot	false
PA2986		PA2986	protein_coding	hypothetical protein	false		refseq|kegg|uniprot	false
PA2987	lolD	PA2987	protein_coding	lipoprotein-releasing system ABC transporter ATP-binding protein	false		refseq|kegg|uniprot|uniprot_especie	false
PA2988		PA2988	protein_coding	hypothetical protein	false		refseq|kegg|uniprot	false
PA2989		PA2989	protein_coding	hypothetical protein	false		refseq|kegg|uniprot	false
PA2990		PA2990	protein_coding	phosphodiesterase	false		refseq|kegg|uniprot	false
PA2991	sth	PA2991|sthA	protein_coding	soluble pyridine nucleotide transhydrogenase	false		refseq|kegg|uniprot|uniprot_especie	true
PA2992		PA2992	protein_coding	hypothetical protein	false		refseq|kegg|uniprot	false
PA2993		PA2993	protein_coding	hypothetical protein	false		refseq|kegg|uniprot	false
PA2994	nqrF	PA2994	protein_coding	Na(+)-translocating NADH-quinone reductase subunit F	false		refseq|kegg|uniprot|uniprot_especie	false
PA2995	nqrE	PA2995	protein_coding	Na(+)-translocating NADH-quinone reductase subunit E	false		refseq|kegg|uniprot|uniprot_especie	false
PA2996	nqrD	PA2996	protein_coding	Na(+)-translocating NADH-quinone reductase subunit D	false		refseq|kegg|uniprot|uniprot_especie	false
PA2997	nqrC	PA2997	protein_coding	Na(+)-translocating NADH-quinone reductase subunit C	false		refseq|kegg|uniprot|uniprot_especie	false
PA2998	nqrB	PA2998	protein_coding	Na(+)-translocating NADH-quinone reductase subunit B	false		refseq|kegg|uniprot|uniprot_especie	false
PA2999	nqrA	PA2999	protein_coding	Na(+)-translocating NADH-quinone reductase subunit A	false		refseq|kegg|uniprot|uniprot_especie	false
PA3000	aroP1	PA3000	protein_coding	aromatic amino acid transporter AroP	false		refseq|kegg|uniprot	false
PA3001		PA3001	protein_coding	glyceraldehyde-3-phosphate dehydrogenase	false		refseq|kegg|uniprot	false
PA3002	mfd	PA3002	protein_coding	transcription-repair coupling factor	true	go_0006355	refseq|kegg|uniprot	true
PA3003		PA3003	protein_coding	hypothetical protein	false		refseq|kegg|uniprot	false
PA3004		PA3004	protein_coding	S-methyl-5'-thioinosine phosphorylase	false		refseq|kegg|uniprot|uniprot_especie	false
PA3005	nagZ	PA3005	protein_coding	beta-hexosaminidase	false		refseq|kegg|uniprot|uniprot_especie	false
PA3006	psrA	PA3006	protein_coding	transcriptional regulator PsrA	true	collectf|go_0003700|go_0006355|producto_refseq	refseq|kegg|uniprot	false
PA3007	lexA	PA3007	protein_coding	LexA repressor	true	collectf|go_0006355|kw_transcription_regulation	refseq|kegg|uniprot|uniprot_especie	false
PA3008	sulA	PA3008	protein_coding	cell division inhibitor SulA	false		refseq|kegg|uniprot|uniprot_especie	false
PA3009		PA3009	protein_coding	hypothetical protein	false		refseq|kegg|uniprot	false
PA3010		PA3010	protein_coding	hypothetical protein	false		refseq|kegg|uniprot	false
PA3011	topA	PA3011	protein_coding	DNA topoisomerase I	false		refseq|kegg|uniprot|uniprot_especie	false
PA3012		PA3012	protein_coding	hypothetical protein	false		refseq|kegg|uniprot	false
PA3013	foaB	PA3013|fadA	protein_coding	3-ketoacyl-CoA thiolase	false		refseq|kegg|uniprot|uniprot_especie	false
PA3014	faoA	PA3014|fadB	protein_coding	fatty acid oxidation complex subunit alpha	false		refseq|kegg|uniprot|uniprot_especie	false
PA3015		PA3015	protein_coding	hypothetical protein	false		refseq|kegg|uniprot	false
PA3016		PA3016	protein_coding	hypothetical protein	false		refseq|kegg|uniprot	false
PA3017		PA3017	protein_coding	hypothetical protein	false		refseq|kegg|uniprot	false
PA3018		PA3018	protein_coding	hypothetical protein	false		refseq|kegg|uniprot	false
PA3019	uup	PA3019	protein_coding	ABC transporter ATP-binding protein	false		refseq|kegg|uniprot	true
PA3020		PA3020	protein_coding	lytic transglycosylase	false		refseq|kegg|uniprot	false
PA3021		PA3021	protein_coding	hypothetical protein	false		refseq|kegg|uniprot	false
PA3022		PA3022	protein_coding	hypothetical protein	false		refseq|kegg|uniprot	false
PA3023		PA3023	protein_coding	lipid kinase	false		refseq|kegg|uniprot|uniprot_especie	false
PA3024		PA3024	protein_coding	carbohydrate kinase	false		refseq|kegg|uniprot	false
PA3025		PA3025	protein_coding	FAD-dependent glycerol-3-phosphate dehydrogenase	false		refseq|kegg|uniprot	false
PA3026		PA3026	protein_coding	hypothetical protein	false		refseq|kegg|uniprot	false
PA3027		PA3027	protein_coding	transcriptional regulator	true	go_0003700|kw_transcription_regulation|producto_refseq	refseq|kegg|uniprot	false
PA3028	moeA2	PA3028	protein_coding	molybdenum cofactor biosynthesis protein A	false		refseq|kegg|uniprot	false
PA3029	moaB2	PA3029	protein_coding	molybdopterin biosynthesis protein B	false		refseq|kegg|uniprot	false
PA3030	mobA	PA3030	protein_coding	molybdenum cofactor guanylyltransferase	false		refseq|kegg|uniprot|uniprot_especie	false
PA3031		PA3031	protein_coding	hypothetical protein	false		refseq|kegg|uniprot	false
PA3031.1		PA3031.1	tRNA	tRNA-Pro	false		refseq|kegg	false
PA3032	snr1	PA3032	protein_coding	cytochrome C Snr1	false		refseq|kegg|uniprot	false
PA3033		PA3033	protein_coding	hypothetical protein	false		refseq|kegg|uniprot	false
PA3034		PA3034	protein_coding	transcriptional regulator	true	go_0003700|go_0006355|kw_transcription_regulation|producto_refseq	refseq|kegg|uniprot	false
PA3035		PA3035	protein_coding	glutathione S-transferase	false		refseq|kegg|uniprot	false
PA3036		PA3036	protein_coding	hypothetical protein	false		refseq|kegg|uniprot	false
PA3037		PA3037	protein_coding	hypothetical protein	false		refseq|kegg|uniprot	false
PA3038		PA3038	protein_coding	porin	false		refseq|kegg|uniprot	false
PA3039		PA3039	protein_coding	transporter	false		refseq|kegg|uniprot	false
PA3040		PA3040	protein_coding	hypothetical protein	false		refseq|kegg|uniprot	false
PA3041		PA3041	protein_coding	hypothetical protein	false		refseq|kegg|uniprot	false
PA3042		PA3042	protein_coding	hypothetical protein	false		refseq|kegg|uniprot	false
PA3043	dgt2	PA3043	protein_coding	deoxyguanosinetriphosphate triphosphohydrolase	false		refseq|kegg|uniprot|uniprot_especie	false
PA3044		PA3044	protein_coding	two-component sensor	true	kw_two_component	refseq|kegg|uniprot	false
PA3045		PA3045	protein_coding	two-component response regulator	true	go_0003700|go_0006355|kw_transcription_regulation|producto_refseq	refseq|kegg|uniprot	false
PA3046		PA3046	protein_coding	hypothetical protein	false		refseq|kegg|uniprot	false
PA3047		PA3047	protein_coding	D-alanyl-D-alanine carboxypeptidase	false		refseq|kegg|uniprot	false
PA3048	rlmL	PA3048	protein_coding	ribosomal RNA large subunit methyltransferase K/L	false		refseq|kegg|uniprot|uniprot_especie	false
PA3049	rmf	PA3049	protein_coding	ribosome modulation factor	false		refseq|kegg|uniprot	true
PA3050	pyrD	PA3050	protein_coding	dihydroorotate dehydrogenase	false		refseq|kegg|uniprot|uniprot_especie	false
PA3051		PA3051	protein_coding	hypothetical protein	false		refseq|kegg|uniprot	false
PA3052		PA3052	protein_coding	hypothetical protein	false		refseq|kegg|uniprot	false
PA3053		PA3053	protein_coding	hydrolase	false		refseq|kegg|uniprot	false
PA3054		PA3054	protein_coding	hypothetical protein	false		refseq|kegg|uniprot	false
PA3055		PA3055	protein_coding	hypothetical protein	false		refseq|kegg|uniprot	false
PA3056		PA3056	protein_coding	hypothetical protein	false		refseq|kegg|uniprot	false
PA3057		PA3057	protein_coding	hypothetical protein	false		refseq|kegg|uniprot	false
PA3058	pelG	PA3058	protein_coding	pellicle/biofilm biosynthesis Wzx-like polysaccharide transporter PelG	false		refseq|kegg|uniprot	false
PA3059	pelF	PA3059	protein_coding	pellicle/biofilm biosynthesis glycosyltransferase PelF	false		refseq|kegg|uniprot	false
PA3060	pelE	PA3060	protein_coding	pellicle/biofilm biosynthesis protein PelE	false		refseq|kegg|uniprot	false
PA3061	pelD	PA3061	protein_coding	pellicle/biofilm biosynthesis protein PelD	false		refseq|kegg|uniprot	false
PA3062	pelC	PA3062	protein_coding	pellicle/biofilm biosynthesis outer membrane protein PelC	false		refseq|kegg|uniprot	false
PA3063	pelB	PA3063	protein_coding	pellicle/biofilm biosynthesis protein PelB	false		refseq|kegg|uniprot	false
PA3064	pelA	PA3064	protein_coding	hypothetical protein	false		refseq|kegg|uniprot	false
PA3065		PA3065	protein_coding	hypothetical protein	false		refseq|kegg|uniprot	false
PA3066		PA3066	protein_coding	hypothetical protein	false		refseq|kegg|uniprot	false
PA3067		PA3067	protein_coding	transcriptional regulator	true	go_0003700|producto_refseq	refseq|kegg|uniprot	false
PA3068	gdhB	PA3068	protein_coding	NAD-specific glutamate dehydrogenase	false		refseq|kegg|uniprot|uniprot_especie	false
PA3069		PA3069	protein_coding	hypothetical protein	false		refseq|kegg|uniprot	false
PA3070		PA3070	protein_coding	hypothetical protein	false		refseq|kegg|uniprot	false
PA3071		PA3071	protein_coding	hypothetical protein	false		refseq|kegg|uniprot	false
PA3072		PA3072	protein_coding	hypothetical protein	false		refseq|kegg|uniprot	false
PA3073		PA3073	protein_coding	hypothetical protein	false		refseq|kegg|uniprot	false
PA3074		PA3074	protein_coding	hypothetical protein	false		refseq|kegg|uniprot	false
PA3075		PA3075	protein_coding	hypothetical protein	false		refseq|kegg|uniprot	false
PA3076		PA3076	protein_coding	hypothetical protein	false		refseq|kegg|uniprot	false
PA3077		PA3077	protein_coding	two-component response regulator	true	go_0006355|kw_transcription_regulation|kw_two_component|producto_refseq	refseq|kegg|uniprot	false
PA3078		PA3078	protein_coding	two-component sensor	false		refseq|kegg|uniprot	false
PA3079		PA3079	protein_coding	hypothetical protein	false		refseq|kegg|uniprot	false
PA3080		PA3080	protein_coding	hypothetical protein	false		refseq|kegg|uniprot	false
PA3081		PA3081	protein_coding	hypothetical protein	false		refseq|kegg|uniprot	false
PA3082	gbt	PA3082	protein_coding	glycine betaine transmethylase	false		refseq|kegg|uniprot	true
PA3083	pepN	PA3083	protein_coding	aminopeptidase	false		refseq|kegg|uniprot	false
PA3084		PA3084	protein_coding	hypothetical protein	false		refseq|kegg|uniprot	false
PA3085		PA3085	protein_coding	hypothetical protein	false		refseq|kegg|uniprot	false
PA3086		PA3086	protein_coding	hypothetical protein	false		refseq|kegg|uniprot	false
PA3087		PA3087	protein_coding	hypothetical protein	false		refseq|kegg|uniprot	false
PA3088	nadK	PA3088	protein_coding	NAD kinase	false		refseq|kegg|uniprot|uniprot_especie	false
PA3089		PA3089	protein_coding	hypothetical protein	false		refseq|kegg|uniprot	false
PA3091		PA3091	protein_coding	hypothetical protein	false		refseq|kegg|uniprot	false
PA3092	fadH1	PA3092	protein_coding	2,4-dienoyl-CoA reductase	false		refseq|kegg|uniprot	false
PA3093		PA3093	protein_coding	hypothetical protein	false		refseq|kegg|uniprot	false
PA3094		PA3094	protein_coding	transcriptional regulator	true	go_0003700|kw_transcription_regulation|producto_refseq	refseq|kegg|uniprot	false
PA3094.1		PA3094.1	tRNA	tRNA-Asp	false		refseq|kegg	false
PA3094.2		PA3094.2	tRNA	tRNA-Asp	false		refseq|kegg	false
PA3094.3		PA3094.3	tRNA	tRNA-Val	false		refseq|kegg	false
PA3095	xcpZ	PA3095	protein_coding	type II secretion system protein M	false		refseq|kegg|uniprot|uniprot_especie	false
PA3096	xcpY	PA3096	protein_coding	type II secretion system protein L	false		refseq|kegg|uniprot|uniprot_especie	false
PA3097	xcpX	PA3097	protein_coding	type II secretion system protein K	false		refseq|kegg|uniprot|uniprot_especie	false
PA3098	xcpW	PA3098|pddD	protein_coding	type II secretion system protein J	false		refseq|kegg|uniprot|uniprot_especie	false
PA3099	xcpV	PA3099|pddC	protein_coding	type II secretion system protein I	false		refseq|kegg|uniprot|uniprot_especie	false
PA3100	xcpU	PA3100|pddB	protein_coding	type II secretion system protein H	false		refseq|kegg|uniprot|uniprot_especie	false
PA3101	xcpT	PA3101|pddA	protein_coding	type II secretion system protein G	false		refseq|kegg|uniprot|uniprot_especie	false
PA3102	xcpS	PA3102	protein_coding	type II secretion system protein F	false		refseq|kegg|uniprot|uniprot_especie	false
PA3103	xcpR	PA3103	protein_coding	type II secretion system protein E	false		refseq|kegg|uniprot|uniprot_especie	false
PA3104	xcpP	PA3104	protein_coding	type II secretion system protein N	false		refseq|kegg|uniprot|uniprot_especie	false
PA3105	xcpQ	PA3105	protein_coding	type II secretion system protein D	false		refseq|kegg|uniprot|uniprot_especie	false
PA3106		PA3106	protein_coding	oxidoreductase	false		refseq|kegg|uniprot|uniprot_especie	false
PA3107	metZ	PA3107	protein_coding	O-succinylhomoserine sulfhydrylase	false		refseq|kegg|uniprot|uniprot_especie	false
PA3108	purF	PA3108	protein_coding	amidophosphoribosyltransferase	false		refseq|kegg|uniprot|uniprot_especie	false
PA3109		PA3109	protein_coding	hypothetical protein	false		refseq|kegg|uniprot	false
PA3110		PA3110	protein_coding	hypothetical protein	false		refseq|kegg|uniprot	false
PA3111	folC	PA3111	protein_coding	folylpolyglutamate synthetase	false		refseq|kegg|uniprot	false
PA3112	accD	PA3112	protein_coding	acetyl-CoA carboxylase carboxyltransferase subunit beta	false		refseq|kegg|uniprot|uniprot_especie	false
PA3113	trpF	PA3113	protein_coding	N-(5'-phosphoribosyl)anthranilate isomerase	false		refseq|kegg|uniprot|uniprot_especie	false
PA3114	truA	PA3114|hisT	protein_coding	tRNA pseudouridine synthase A	false		refseq|kegg|uniprot|uniprot_especie	false
PA3115	fimV	PA3115	protein_coding	motility protein FimV	false		refseq|kegg|uniprot|uniprot_especie	false
PA3116	usg	PA3116	protein_coding	aspartate-semialdehyde dehydrogenase	false		refseq|kegg|uniprot|uniprot_especie	true
PA3117	asd	PA3117	protein_coding	aspartate-semialdehyde dehydrogenase	false		refseq|kegg|uniprot|uniprot_especie	true
PA3118	leuB	PA3118	protein_coding	3-isopropylmalate dehydrogenase	false		refseq|kegg|uniprot|uniprot_especie	false
PA3119		PA3119	protein_coding	hypothetical protein	false		refseq|kegg|uniprot	false
PA3120	leuD	PA3120	protein_coding	isopropylmalate isomerase small subunit	false		refseq|kegg|uniprot|uniprot_especie	false
PA3121	leuC	PA3121	protein_coding	3-isopropylmalate dehydratase large subunit	false		refseq|kegg|uniprot|uniprot_especie	false
PA3122		PA3122	protein_coding	transcriptional regulator	true	go_0003700|go_0006355|kw_transcription_regulation|producto_refseq	refseq|kegg|uniprot	false
PA3123		PA3123	protein_coding	hypothetical protein	false		refseq|kegg|uniprot	false
PA3124		PA3124	protein_coding	transcriptional regulator	true	go_0003700|kw_transcription_regulation|producto_refseq	refseq|kegg|uniprot	false
PA3125		PA3125	protein_coding	hypothetical protein	false		refseq|kegg|uniprot	false
PA3126	ibpA	PA3126	protein_coding	heat-shock protein IbpA	false		refseq|kegg|uniprot	false
PA3127		PA3127	protein_coding	hypothetical protein	false		refseq|kegg|uniprot	false
PA3128		PA3128	protein_coding	short-chain dehydrogenase	false		refseq|kegg|uniprot	false
PA3129	dusC	PA3129	protein_coding	tRNA-dihydrouridine synthase C	false		refseq|kegg|uniprot|uniprot_especie	false
PA3130		PA3130	protein_coding	hypothetical protein	false		refseq|kegg|uniprot	false
PA3131		PA3131	protein_coding	aldolase	false		refseq|kegg|uniprot	false
PA3132		PA3132	protein_coding	hydrolase	false		refseq|kegg|uniprot	false
PA3133		PA3133	protein_coding	transcriptional regulator	true	kw_transcription_regulation|producto_refseq	refseq|kegg|uniprot	false
PA3133.1		PA3133.1	tRNA	tRNA-Glu	false		refseq|kegg	false
PA3133.2		PA3133.2	tRNA	tRNA-Ala	false		refseq|kegg	false
PA3133.3		PA3133.3	tRNA	tRNA-Glu	false		refseq|kegg	false
PA3133.4		PA3133.4	tRNA	tRNA-Ala	false		refseq|kegg	false
PA3134	gltX	PA3134	protein_coding	glutamate--tRNA ligase	false		refseq|kegg|uniprot|uniprot_especie	false
PA3135		PA3135	protein_coding	transcriptional regulator	true	go_0003700|kw_transcription_regulation|producto_refseq	refseq|kegg|uniprot	false
PA3136		PA3136	protein_coding	secretion protein	false		refseq|kegg|uniprot	false
PA3137		PA3137	protein_coding	major facilitator superfamily transporter	false		refseq|kegg|uniprot	false
PA3138	uvrB	PA3138	protein_coding	excinuclease ABC subunit B	false		refseq|kegg|uniprot|uniprot_especie	false
PA3139	aspC	PA3139	protein_coding	aspartate aminotransferase	false		refseq|kegg|uniprot|uniprot_especie	false
PA3139.1		PA3139.1	tRNA	tRNA-Asn	false		refseq|kegg	false
PA3140		PA3140	protein_coding	hypothetical protein	false		refseq|kegg|uniprot	false
PA3141	wbpM	PA3141	protein_coding	nucleotide sugar epimerase/dehydratase WbpM	false		refseq|kegg|uniprot	false
PA3142		PA3142	protein_coding	hypothetical protein	false		refseq|kegg|uniprot	false
PA3143		PA3143	protein_coding	hypothetical protein	false		refseq|kegg|uniprot	false
PA3145	wbpL	PA3145	protein_coding	glycosyltransferase WbpL	false		refseq|kegg|uniprot	false
PA3146	wbpK	PA3146	protein_coding	NAD-dependent epimerase/dehydratase	false		refseq|kegg|uniprot	false
PA3147	wbpJ	PA3147	protein_coding	glycosyl transferase WbpJ	false		refseq|kegg|uniprot	false
PA3148	wbpI	PA3148	protein_coding	UDP-2,3-diacetamido-2,3-dideoxy-D-glucuronate 2-epimeras	false		refseq|kegg|uniprot|uniprot_especie	false
PA3149	wbpH	PA3149	protein_coding	glycosyltransferase WbpH	false		refseq|kegg|uniprot	false
PA3150	wbpG	PA3150	protein_coding	LPS biosynthesis protein WbpG	false		refseq|kegg|uniprot	false
PA3151	hisF2	PA3151	protein_coding	imidazole glycerol phosphate synthase subunit HisF	false		refseq|kegg|uniprot|uniprot_especie	false
PA3152	hisH2	PA3152|hisH	protein_coding	imidazole glycerol phosphate synthase subunit HisH	false		refseq|kegg|uniprot|uniprot_especie	false
PA3153	wzx	PA3153	protein_coding	O-antigen translocase	false		refseq|kegg|uniprot	true
PA3154	wzy	PA3154|rfc	protein_coding	B-band O-antigen polymerase	false		refseq|kegg|uniprot|uniprot_especie	true
PA3155	wbpE	PA3155	protein_coding	UDP-2-acetamido-2-deoxy-3-oxo-D-glucuronate aminotransferase	false		refseq|kegg|uniprot|uniprot_especie	false
PA3156	wbpD	PA3156	protein_coding	UDP-2-acetamido-3-amino-2,3-dideoxy-D-glucuronate N-acetyltransferase	false		refseq|kegg|uniprot|uniprot_especie	false
PA3157		PA3157	protein_coding	acetyltransferase	false		refseq|kegg|uniprot	false
PA3158	wbpB	PA3158|wlbA	protein_coding	UDP-N-acetyl-2-amino-2-deoxy-D-glucuronate oxidase	false		refseq|kegg|uniprot|uniprot_especie	false
PA3159	wbpA	PA3159	protein_coding	UDP-N-acetyl-d-glucosamine 6-dehydrogenase	false		refseq|kegg|uniprot|uniprot_especie	false
PA3160	wzz	PA3160	protein_coding	O-antigen chain length regulator	false		refseq|kegg|uniprot	true
PA3161	himD	PA3161|ihfB	protein_coding	integration host factor subunit beta	true	go_0006355|kw_transcription_regulation	refseq|kegg|uniprot|uniprot_especie	false
PA3162	rpsA	PA3162	protein_coding	30S ribosomal protein S1	false		refseq|kegg|uniprot|uniprot_especie	false
PA3163	cmk	PA3163	protein_coding	cytidylate kinase	false		refseq|kegg|uniprot|uniprot_especie	true
PA3164		PA3164	pseudogene	pseudogene	false		refseq|kegg	false
PA3165	hisC2	PA3165	protein_coding	histidinol-phosphate aminotransferase	false		refseq|kegg|uniprot|uniprot_especie	false
PA3166	pheA	PA3166	protein_coding	bifunctional chorismate mutase/prephenate dehydratase	false		refseq|kegg|uniprot|uniprot_especie	false
PA3167	serC	PA3167	protein_coding	3-phosphoserine/phosphohydroxythreonine aminotransferase	false		refseq|kegg|uniprot|uniprot_especie	false
PA3168	gyrA	PA3168	protein_coding	DNA gyrase subunit A	false		refseq|kegg|uniprot|uniprot_especie	false
PA3169	mtnA	PA3169	protein_coding	methylthioribose-1-phosphate isomerase	false		refseq|kegg|uniprot|uniprot_especie	false
PA3170		PA3170	protein_coding	N-ethylammeline chlorohydrolase	false		refseq|kegg|uniprot	false
PA3171	ubiG	PA3171	protein_coding	ubiquinone biosynthesis O-methyltransferase	false		refseq|kegg|uniprot|uniprot_especie	false
PA3172	mupP	PA3172	protein_coding	phosphoglycolate phosphatase	false		refseq|kegg|uniprot|uniprot_especie	false
PA3173		PA3173	protein_coding	short-chain dehydrogenase	false		refseq|kegg|uniprot	false
PA3174		PA3174	protein_coding	transcriptional regulator	true	go_0003700|kw_transcription_regulation|producto_refseq	refseq|kegg|uniprot	false
PA3175		PA3175	protein_coding	formimidoylglutamase	false		refseq|kegg|uniprot|uniprot_especie	false
PA3176	gltS	PA3176	protein_coding	glutamate/sodium ion symporter GltS	false		refseq|kegg|uniprot	false
PA3177		PA3177	protein_coding	hypothetical protein	false		refseq|kegg|uniprot	false
PA3178		PA3178	protein_coding	hypothetical protein	false		refseq|kegg|uniprot	false
PA3179	rluB	PA3179	protein_coding	ribosomal large subunit pseudouridine synthase B	false		refseq|kegg|uniprot|uniprot_especie	false
PA3180		PA3180	protein_coding	hypothetical protein	false		refseq|kegg|uniprot	false
PA3181	eda	PA3181	protein_coding	2-dehydro-3-deoxy-phosphogluconate aldolase	false		refseq|kegg|uniprot|uniprot_especie	true
PA3182	pgl	PA3182|devB	protein_coding	6-phosphogluconolactonase	false		refseq|kegg|uniprot|uniprot_especie	true
PA3183	zwf	PA3183	protein_coding	glucose-6-phosphate 1-dehydrogenase	false		refseq|kegg|uniprot|uniprot_especie	true
PA3184	hexR	PA3184	protein_coding	HTH-type transcriptional regulator	true	go_0003700|go_0006355|kw_transcription_regulation|producto_refseq	refseq|kegg|uniprot|uniprot_especie	false
PA3185		PA3185	protein_coding	hypothetical protein	false		refseq|kegg|uniprot	false
PA3186	oprB	PA3186	protein_coding	porin B	false		refseq|kegg|uniprot|uniprot_especie	false
PA3187		PA3187	protein_coding	ABC transporter ATP-binding protein	false		refseq|kegg|uniprot	false
PA3188		PA3188	protein_coding	sugar ABC transporter permease	false		refseq|kegg|uniprot	false
PA3189		PA3189	protein_coding	sugar ABC transporter permease	false		refseq|kegg|uniprot	false
PA3190		PA3190	protein_coding	sugar ABC transporter substrate-binding protein	false		refseq|kegg|uniprot	false
PA3191	gtrS	PA3191	protein_coding	two-component sensor	true	kw_two_component	refseq|kegg|uniprot|uniprot_especie	false
PA3192	gltR	PA3192	protein_coding	two-component response regulator GltR	true	go_0006355|kw_transcription_regulation|kw_two_component|producto_refseq	refseq|kegg|uniprot|uniprot_especie	false
PA3193	glk	PA3193	protein_coding	glucokinase	false		refseq|kegg|uniprot|uniprot_especie	true
PA3194	edd	PA3194	protein_coding	phosphogluconate dehydratase	false		refseq|kegg|uniprot|uniprot_especie	true
PA3195	gapA	PA3195|gap|hexC	protein_coding	glyceraldehyde 3-phosphate dehydrogenase	false		refseq|kegg|uniprot|uniprot_especie	true
PA3196		PA3196	protein_coding	hypothetical protein	false		refseq|kegg|uniprot	false
PA3197		PA3197	protein_coding	hypothetical protein	false		refseq|kegg|uniprot	false
PA3198	scpA	PA3198	protein_coding	hypothetical protein	false		refseq|kegg|uniprot	false
PA3199		PA3199	protein_coding	hypothetical protein	false		refseq|kegg|uniprot	false
PA3200		PA3200	protein_coding	hypothetical protein	false		refseq|kegg|uniprot	false
PA3201	yciB	PA3201	protein_coding	intracellular septation protein A	false		refseq|kegg|uniprot|uniprot_especie	false
PA3202		PA3202	protein_coding	hypothetical protein	false		refseq|kegg|uniprot	false
PA3203		PA3203	protein_coding	hypothetical protein	false		refseq|kegg|uniprot	false
PA3204		PA3204	protein_coding	two-component response regulator	true	go_0006355|kw_transcription_regulation|kw_two_component|producto_refseq	refseq|kegg|uniprot	false
PA3205		PA3205	protein_coding	hypothetical protein	false		refseq|kegg|uniprot	false
PA3206		PA3206	protein_coding	two-component sensor	true	kw_two_component	refseq|kegg|uniprot	false
PA3207		PA3207	protein_coding	hypothetical protein	false		refseq|kegg|uniprot	false
PA3208		PA3208	protein_coding	hypothetical protein	false		refseq|kegg|uniprot	false
PA3209		PA3209	protein_coding	hypothetical protein	false		refseq|kegg|uniprot	false
PA3210	trkH	PA3210	protein_coding	potassium uptake protein TrkH	false		refseq|kegg|uniprot	false
PA3211		PA3211	protein_coding	ABC transporter permease	false		refseq|kegg|uniprot	false
PA3212		PA3212	protein_coding	ABC transporter ATP-binding protein	false		refseq|kegg|uniprot	false
PA3213		PA3213	protein_coding	hypothetical protein	false		refseq|kegg|uniprot	false
PA3214		PA3214	protein_coding	hypothetical protein	false		refseq|kegg|uniprot	false
PA3215		PA3215	protein_coding	transcriptional regulator	true	go_0003700|kw_transcription_regulation|producto_refseq	refseq|kegg|uniprot	false
PA3216		PA3216	protein_coding	hypothetical protein	false		refseq|kegg|uniprot	false
PA3217	cyaB	PA3217	protein_coding	protein CyaB	false		refseq|kegg|uniprot	false
PA3219		PA3219	protein_coding	hypothetical protein	false		refseq|kegg|uniprot	false
PA3220		PA3220	protein_coding	transcriptional regulator	true	go_0003700|go_0006355|kw_transcription_regulation|producto_refseq	refseq|kegg|uniprot	false
PA3221	csaA	PA3221	protein_coding	molecular chaperone CsaA	false		refseq|kegg|uniprot	false
PA3222		PA3222	protein_coding	hypothetical protein	false		refseq|kegg|uniprot	false
PA3223	azoR3	PA3223	protein_coding	FMN-dependent NADH-azoreductase	false		refseq|kegg|uniprot|uniprot_especie	false
PA3224		PA3224	protein_coding	hypothetical protein	false		refseq|kegg|uniprot	false
PA3225		PA3225	protein_coding	transcriptional regulator	true	go_0003700|go_0006355|kw_transcription_regulation|producto_refseq	refseq|kegg|uniprot	false
PA3226		PA3226	protein_coding	hydrolase	false		refseq|kegg|uniprot	false
PA3227	ppiA	PA3227|cypH	protein_coding	peptidyl-prolyl cis-trans isomerase A	false		refseq|kegg|uniprot|uniprot_especie	false
PA3228		PA3228	protein_coding	ABC transporter ATP-binding protein/permease	false		refseq|kegg|uniprot	false
PA3229		PA3229	protein_coding	hypothetical protein	false		refseq|kegg|uniprot	false
PA3230		PA3230	protein_coding	hypothetical protein	false		refseq|kegg|uniprot	false
PA3231		PA3231	protein_coding	hypothetical protein	false		refseq|kegg|uniprot	false
PA3232		PA3232	protein_coding	DNA polymerase III subunit epsilon	false		refseq|kegg|uniprot	false
PA3233		PA3233	protein_coding	hypothetical protein	false		refseq|kegg|uniprot	false
PA3234		PA3234	protein_coding	acetate permease	false		refseq|kegg|uniprot	false
PA3235		PA3235	protein_coding	hypothetical protein	false		refseq|kegg|uniprot	false
PA3236		PA3236	protein_coding	glycine betaine-binding protein	false		refseq|kegg|uniprot	false
PA3237		PA3237	protein_coding	hypothetical protein	false		refseq|kegg|uniprot	false
PA3238		PA3238	protein_coding	hypothetical protein	false		refseq|kegg|uniprot	false
PA3239		PA3239	protein_coding	hypothetical protein	false		refseq|kegg|uniprot	false
PA3240		PA3240	protein_coding	quercetin 2,3-dioxygenase	false		refseq|kegg|uniprot|uniprot_especie	false
PA3241		PA3241	protein_coding	hypothetical protein	false		refseq|kegg|uniprot	false
PA3242	lpxL	PA3242	protein_coding	lipid A biosynthesis lauroyl acyltransferase	false		refseq|kegg|uniprot	false
PA3243	minC	PA3243	protein_coding	septum formation inhibitor	false		refseq|kegg|uniprot|uniprot_especie	false
PA3244	minD	PA3244	protein_coding	cell division inhibitor MinD	false		refseq|kegg|uniprot	false
PA3245	minE	PA3245	protein_coding	cell division topological specificity factor MinE	false		refseq|kegg|uniprot|uniprot_especie	false
PA3246	rluA	PA3246	protein_coding	pseudouridine synthase	false		refseq|kegg|uniprot	false
PA3247	apeB	PA3247	protein_coding	aminopeptidase	false		refseq|kegg|uniprot|uniprot_especie	false
PA3248		PA3248	protein_coding	hypothetical protein	false		refseq|kegg|uniprot	false
PA3249		PA3249	protein_coding	transcriptional regulator	true	go_0003700|kw_transcription_regulation|producto_refseq	refseq|kegg|uniprot	false
PA3250		PA3250	protein_coding	hypothetical protein	false		refseq|kegg|uniprot	false
PA3251		PA3251	protein_coding	hypothetical protein	false		refseq|kegg|uniprot	false
PA3252		PA3252	protein_coding	ABC transporter permease	false		refseq|kegg|uniprot	false
PA3253		PA3253	protein_coding	ABC transporter permease	false		refseq|kegg|uniprot	false
PA3254		PA3254	protein_coding	ABC transporter ATP-binding protein	false		refseq|kegg|uniprot	false
PA3255		PA3255	protein_coding	hypothetical protein	false		refseq|kegg|uniprot	false
PA3256		PA3256	protein_coding	oxidoreductase	false		refseq|kegg|uniprot	false
PA3257	prc	PA3257	protein_coding	tail-specific protease	false		refseq|kegg|uniprot	true
PA3258		PA3258	protein_coding	hypothetical protein	false		refseq|kegg|uniprot	false
PA3259		PA3259	protein_coding	hypothetical protein	false		refseq|kegg|uniprot	false
PA3260		PA3260	protein_coding	transcriptional regulator	true	producto_refseq	refseq|kegg|uniprot	false
PA3261		PA3261	protein_coding	hypothetical protein	false		refseq|kegg|uniprot	false
PA3262		PA3262	protein_coding	FkbP-type peptidyl-prolyl cis-trans isomerase	false		refseq|kegg|uniprot	false
PA3262.1		PA3262.1	tRNA	tRNA-Asp	false		refseq|kegg	false
PA3262.2		PA3262.2	tRNA	tRNA-Val	false		refseq|kegg	false
PA3263	rdgC	PA3263	protein_coding	recombination associated protein RdgC	false		refseq|kegg|uniprot|uniprot_especie	false
PA3264		PA3264	protein_coding	transporter	false		refseq|kegg|uniprot	false
PA3265		PA3265	protein_coding	transporter	false		refseq|kegg|uniprot	false
PA3266	capB	PA3266|cspA	protein_coding	major cold shock protein CspA	true	kw_transcription_regulation	refseq|kegg|uniprot|uniprot_especie	false
PA3267		PA3267	protein_coding	hypothetical protein	false		refseq|kegg|uniprot	false
PA3268		PA3268	protein_coding	TonB-dependent receptor	false		refseq|kegg|uniprot	false
PA3269		PA3269	protein_coding	transcriptional regulator	true	go_0003700|go_0006355|kw_transcription_regulation|producto_refseq	refseq|kegg|uniprot	false
PA3270		PA3270	protein_coding	hypothetical protein	false		refseq|kegg|uniprot	false
PA3271		PA3271	protein_coding	two-component sensor	false		refseq|kegg|uniprot	false
PA3272		PA3272	protein_coding	ATP-dependent DNA helicase	false		refseq|kegg|uniprot	false
PA3273		PA3273	protein_coding	hypothetical protein	false		refseq|kegg|uniprot	false
PA3274		PA3274	protein_coding	hypothetical protein	false		refseq|kegg|uniprot	false
PA3275		PA3275	protein_coding	hypothetical protein	false		refseq|kegg|uniprot|uniprot_especie	false
PA3276		PA3276	protein_coding	hypothetical protein	false		refseq|kegg|uniprot	false
PA3277		PA3277	protein_coding	short-chain dehydrogenase	false		refseq|kegg|uniprot	false
PA3278		PA3278	protein_coding	hypothetical protein	false		refseq|kegg|uniprot	false
PA3279	oprP	PA3279	protein_coding	phosphate-specific outer membrane porin OprP	false		refseq|kegg|uniprot|uniprot_especie	false
PA3280	oprO	PA3280	protein_coding	pyrophosphate-specific outer membrane porin OprO	false		refseq|kegg|uniprot|uniprot_especie	false
PA3281		PA3281	protein_coding	hypothetical protein	false		refseq|kegg|uniprot	false
PA3282		PA3282	protein_coding	hypothetical protein	false		refseq|kegg|uniprot	false
PA3283		PA3283	protein_coding	hypothetical protein	false		refseq|kegg|uniprot|uniprot_especie	false
PA3284		PA3284	protein_coding	hypothetical protein	false		refseq|kegg|uniprot	false
PA3285		PA3285	protein_coding	ECF subfamily sigma-70 factor	true	go_0006355|kw_sigma_factor|kw_transcription_regulation|producto_refseq	refseq|kegg|uniprot	false
PA3286		PA3286	protein_coding	3-oxoacyl-ACP synthase	false		refseq|kegg|uniprot|uniprot_especie	false
PA3287		PA3287	protein_coding	hypothetical protein	false		refseq|kegg|uniprot|uniprot_especie	false
PA3288		PA3288	protein_coding	hypothetical protein	false		refseq|kegg|uniprot	false
PA3289		PA3289	protein_coding	hypothetical protein	false		refseq|kegg|uniprot	false
PA3290		PA3290	protein_coding	hypothetical protein	false		refseq|kegg|uniprot	false
PA3291		PA3291	protein_coding	hypothetical protein	false		refseq|kegg|uniprot	false
PA3292		PA3292	protein_coding	hypothetical protein	false		refseq|kegg|uniprot	false
PA3293		PA3293	protein_coding	hypothetical protein	false		refseq|kegg|uniprot	false
PA3294		PA3294	protein_coding	hypothetical protein	false		refseq|kegg|uniprot	false
PA3295		PA3295	protein_coding	HIT family protein	false		refseq|kegg|uniprot	false
PA3296	phoA	PA3296	protein_coding	alkaline phosphatase	false		refseq|kegg|uniprot|uniprot_especie	false
PA3297		PA3297	protein_coding	ATP-dependent helicase	false		refseq|kegg|uniprot	false
PA3298		PA3298	protein_coding	hypothetical protein	false		refseq|kegg|uniprot	false
PA3299	fadD1	PA3299	protein_coding	long-chain-fatty-acid--CoA ligase	false		refseq|kegg|uniprot	false
PA3300	fadD2	PA3300	protein_coding	long-chain-fatty-acid--CoA ligase	false		refseq|kegg|uniprot	false
PA3301		PA3301	protein_coding	hypothetical protein	false		refseq|kegg|uniprot	false
PA3302		PA3302	protein_coding	hypothetical protein	false		refseq|kegg|uniprot	false
PA3303		PA3303	protein_coding	major facilitator superfamily transporter	false		refseq|kegg|uniprot	false
PA3304		PA3304	protein_coding	hypothetical protein	false		refseq|kegg|uniprot	false
PA3304.1		PA3304.1	ncRNA	P18	false		refseq|kegg	false
PA3305		PA3305	protein_coding	hypothetical protein	false		refseq|kegg|uniprot	false
PA3305.1	phrS	PA3305.1	ncRNA	PhrS	false		refseq|kegg	false
PA3306		PA3306	protein_coding	hypothetical protein	false		refseq|kegg|uniprot	false
PA3307		PA3307	protein_coding	hypothetical protein	false		refseq|kegg|uniprot	false
PA3308	rapA	PA3308|hepA	protein_coding	RNA polymerase-associated protein RapA	true	kw_transcription_regulation	refseq|kegg|uniprot|uniprot_especie	false
PA3309		PA3309	protein_coding	hypothetical protein	false		refseq|kegg|uniprot	false
PA3310		PA3310	protein_coding	hypothetical protein	false		refseq|kegg|uniprot	false
PA3311	nbdA	PA3311	protein_coding	signaling protein	false		refseq|kegg|uniprot|uniprot_especie	false
PA3312		PA3312	protein_coding	3-hydroxyisobutyrate dehydrogenase	false		refseq|kegg|uniprot	false
PA3313		PA3313	protein_coding	hypothetical protein	false		refseq|kegg|uniprot	false
PA3314	phnC1	PA3314	protein_coding	phosphonates ABC transporter ATP-binding protein	false		refseq|kegg|uniprot|uniprot_especie	false
PA3315		PA3315	protein_coding	phosphonates ABC transporter permease	false		refseq|kegg|uniprot	false
PA3316		PA3316	protein_coding	ABC transporter permease	false		refseq|kegg|uniprot	false
PA3317		PA3317	protein_coding	hypothetical protein	false		refseq|kegg|uniprot	false
PA3318		PA3318	protein_coding	hypothetical protein	false		refseq|kegg|uniprot	false
PA3319	plcN	PA3319	protein_coding	non-hemolytic phospholipase C	false		refseq|kegg|uniprot|uniprot_especie	false
PA3320		PA3320	protein_coding	hypothetical protein	false		refseq|kegg|uniprot	false
PA3321		PA3321	protein_coding	transcriptional regulator	true	go_0003700|go_0006355|kw_transcription_regulation|producto_refseq	refseq|kegg|uniprot	false
PA3322		PA3322	protein_coding	hypothetical protein	true	go_0003700|go_0006355	refseq|kegg|uniprot	false
PA3323		PA3323	protein_coding	hypothetical protein	false		refseq|kegg|uniprot	false
PA3324		PA3324	protein_coding	short-chain dehydrogenase	false		refseq|kegg|uniprot	false
PA3325		PA3325	protein_coding	hypothetical protein	false		refseq|kegg|uniprot	false
PA3326	clpP2	PA3326	protein_coding	ATP-dependent Clp protease proteolytic subunit	false		refseq|kegg|uniprot|uniprot_especie	false
PA3327		PA3327	protein_coding	non-ribosomal peptide synthetase	false		refseq|kegg|uniprot	false
PA3328		PA3328	protein_coding	FAD-dependent monooxygenase	false		refseq|kegg|uniprot	false
PA3329		PA3329	protein_coding	hypothetical protein	false		refseq|kegg|uniprot	false
PA3330		PA3330	protein_coding	short-chain dehydrogenase	false		refseq|kegg|uniprot	false
PA3331		PA3331	protein_coding	cytochrome P450	false		refseq|kegg|uniprot	false
PA3332		PA3332	protein_coding	hypothetical protein	false		refseq|kegg|uniprot|uniprot_especie	false
PA3333	fabH2	PA3333|fabH	protein_coding	3-oxoacyl-ACP synthase III	false		refseq|kegg|uniprot|uniprot_especie	false
PA3334		PA3334	protein_coding	acyl carrier protein	false		refseq|kegg|uniprot	false
PA3335		PA3335	protein_coding	hypothetical protein	false		refseq|kegg|uniprot	false
PA3336		PA3336	protein_coding	major facilitator superfamily transporter	false		refseq|kegg|uniprot	false
PA3337	rfaD	PA3337|hldD	protein_coding	ADP-L-glycero-D-mannoheptose-6-epimerase	false		refseq|kegg|uniprot|uniprot_especie	false
PA3338		PA3338	protein_coding	hypothetical protein	false		refseq|kegg|uniprot	false
PA3339	plpD	PA3339	protein_coding	patatin-like protein	false		refseq|kegg|uniprot	false
PA3340		PA3340	protein_coding	hypothetical protein	false		refseq|kegg|uniprot	false
PA3341		PA3341	protein_coding	transcriptional regulator	true	go_0003700|go_0006355|kw_transcription_regulation|producto_refseq	refseq|kegg|uniprot	false
PA3342		PA3342	protein_coding	hypothetical protein	false		refseq|kegg|uniprot	false
PA3343		PA3343	protein_coding	hypothetical protein	false		refseq|kegg|uniprot	false
PA3344	recQ	PA3344	protein_coding	ATP-dependent DNA helicase RecQ	false		refseq|kegg|uniprot	false
PA3345	hptB	HptB|PA3345	protein_coding	hypothetical protein	true	kw_two_component	refseq|kegg|uniprot|manual	false
PA3346		PA3346	protein_coding	two-component response regulator	true	producto_refseq	refseq|kegg|uniprot	false
PA3347		PA3347	protein_coding	hypothetical protein	false		refseq|kegg|uniprot	false
PA3348	cheR1	PA3348	protein_coding	chemotaxis protein methyltransferase	false		refseq|kegg|uniprot|uniprot_especie	false
PA3349		PA3349	protein_coding	chemotaxis protein	false		refseq|kegg|uniprot	false
PA3350		PA3350	protein_coding	flagellar basal body P-ring biosynthesis protein FlgA	false		refseq|kegg|uniprot	false
PA3351	flgM	PA3351	protein_coding	protein FlgM	true	kw_transcription_regulation	refseq|kegg|uniprot	false
PA3352		PA3352	protein_coding	hypothetical protein	false		refseq|kegg|uniprot	false
PA3353		PA3353	protein_coding	hypothetical protein	false		refseq|kegg|uniprot	false
PA3354		PA3354	protein_coding	hypothetical protein	false		refseq|kegg|uniprot	false
PA3355		PA3355	protein_coding	hypothetical protein	false		refseq|kegg|uniprot	false
PA3356		PA3356	protein_coding	hypothetical protein	false		refseq|kegg|uniprot	false
PA3357	dsdA	PA3357	protein_coding	D-serine dehydratase	false		refseq|kegg|uniprot|uniprot_especie	false
PA3358		PA3358	protein_coding	hypothetical protein	false		refseq|kegg|uniprot	false
PA3359		PA3359	protein_coding	hypothetical protein	false		refseq|kegg|uniprot	false
PA3360		PA3360	protein_coding	secretion protein	false		refseq|kegg|uniprot	false
PA3361	lecB	PA3361	protein_coding	fucose-binding lectin PA-IIL	false		refseq|kegg|uniprot	false
PA3362	amiS	PA3362	protein_coding	transporter protein AmiS	false		refseq|kegg|uniprot|uniprot_especie	false
PA3363	amiR	PA3363	protein_coding	aliphatic amidase regulator	true	kw_transcription_regulation	refseq|kegg|uniprot|uniprot_especie	false
PA3364	amiC	PA3364	protein_coding	aliphatic amidase expression-regulating protein	false		refseq|kegg|uniprot|uniprot_especie	false
PA3365	amiB	PA3365	protein_coding	chaperone	false		refseq|kegg|uniprot|uniprot_especie	false
PA3366	amiE	PA3366	protein_coding	acylamide amidohydrolase	false		refseq|kegg|uniprot|uniprot_especie	false
PA3366.1	amiL	PA3366.1	ncRNA	AmiL	false		refseq|kegg	false
PA3367		PA3367	protein_coding	hypothetical protein	false		refseq|kegg|uniprot	false
PA3368.1		PA3368.1	tRNA	tRNA-Arg	false		refseq|kegg	false
PA3368		PA3368	protein_coding	acetyltransferase	false		refseq|kegg|uniprot	false
PA3369		PA3369	protein_coding	hypothetical protein	false		refseq|kegg|uniprot	false
PA3370		PA3370	protein_coding	hypothetical protein	false		refseq|kegg|uniprot	false
PA3371		PA3371	protein_coding	hypothetical protein	false		refseq|kegg|uniprot	false
PA3372		PA3372	protein_coding	carbon-phosphorus lyase complex accessory protein	false		refseq|kegg|uniprot	false
PA3373	phnN	PA3373	protein_coding	hypothetical protein	false		refseq|kegg|uniprot	false
PA3374		PA3374	protein_coding	hypothetical protein	false		refseq|kegg|uniprot	false
PA3375		PA3375	protein_coding	ABC transporter ATP-binding protein	false		refseq|kegg|uniprot	false
PA3376		PA3376	protein_coding	phosphonate C-P lyase system protein PhnK	false		refseq|kegg|uniprot	false
PA3377		PA3377	protein_coding	hypothetical protein	false		refseq|kegg|uniprot	false
PA3378		PA3378	protein_coding	hypothetical protein	false		refseq|kegg|uniprot	false
PA3379		PA3379	protein_coding	carbon-phosphorus lyase complex subunit	false		refseq|kegg|uniprot	false
PA3380		PA3380	protein_coding	hypothetical protein	false		refseq|kegg|uniprot	false
PA3381		PA3381	protein_coding	transcriptional regulator	true	go_0003700|kw_transcription_regulation|producto_refseq	refseq|kegg|uniprot	false
PA3382	phnE	PA3382	protein_coding	phosphonate transporter PhnE	false		refseq|kegg|uniprot	false
PA3383		PA3383	protein_coding	phosphonate ABC transporter substrate-binding protein	false		refseq|kegg|uniprot	false
PA3384	phnC	PA3384|phnC2	protein_coding	phosphonate ABC transporter ATP-binding protein	false		refseq|kegg|uniprot|uniprot_especie	false
PA3385	amrZ	PA3385	protein_coding	alginate and motility regulator Z	true	collectf|kw_transcription_regulation	refseq|kegg|uniprot|uniprot_especie	false
PA3386		PA3386	protein_coding	hypothetical protein	false		refseq|kegg|uniprot	false
PA3387	rhlG	PA3387	protein_coding	3-oxoacyl-ACP reductase	false		refseq|kegg|uniprot|uniprot_especie	false
PA3388	rcsF	PA3388	protein_coding	S-adenosylmethionine-dependent methyltransferase RcsF	false		refseq|kegg|uniprot|uniprot_especie	false
PA3390		PA3390	protein_coding	hypothetical protein	false		refseq|kegg|uniprot	false
PA3389		PA3389	protein_coding	ring-cleaving dioxygenase	false		refseq|kegg|uniprot	false
PA3391	nosR	PA3391	protein_coding	regulatory protein NosR	true	kw_transcription_regulation	refseq|kegg|uniprot|uniprot_especie	false
PA3392	nosZ	PA3392	protein_coding	nitrous-oxide reductase	false		refseq|kegg|uniprot|uniprot_especie	false
PA3393	nosD	PA3393	protein_coding	copper-binding periplasmic protein	false		refseq|kegg|uniprot|uniprot_especie	false
PA3394	nosF	PA3394	protein_coding	copper ABC transporter ATP-binding protein	false		refseq|kegg|uniprot	false
PA3395	nosY	PA3395	protein_coding	membrane protein NosY	false		refseq|kegg|uniprot|uniprot_especie	false
PA3396	nosL	PA3396	protein_coding	acessory protein NosL	false		refseq|kegg|uniprot	false
PA3397	fpr	PA3397	protein_coding	ferredoxin-NADP reductase	false		refseq|kegg|uniprot|uniprot_especie	true
PA3398		PA3398	protein_coding	transcriptional regulator	true	go_0003700|go_0006355|kw_transcription_regulation|producto_refseq	refseq|kegg|uniprot	false
PA3399		PA3399	protein_coding	hypothetical protein	false		refseq|kegg|uniprot	false
PA3400		PA3400	protein_coding	hypothetical protein	false		refseq|kegg|uniprot	false
PA3401		PA3401	protein_coding	hypothetical protein	false		refseq|kegg|uniprot	false
PA3402		PA3402	protein_coding	hypothetical protein	false		refseq|kegg|uniprot	false
PA3403		PA3403	protein_coding	hypothetical protein	false		refseq|kegg|uniprot	false
PA3404		PA3404	protein_coding	hypothetical protein	false		refseq|kegg|uniprot	false
PA3405	hasE	PA3405	protein_coding	metalloprotease secretion protein	false		refseq|kegg|uniprot	false
PA3406	hasD	PA3406	protein_coding	transporter HasD	false		refseq|kegg|uniprot	false
PA3407	hasAp	PA3407	protein_coding	heme acquisition protein HasA	false		refseq|kegg|uniprot	false
PA3408	hasR	PA3408	protein_coding	heme uptake outer membrane receptor HasR	false		refseq|kegg|uniprot	false
PA3409		PA3409	protein_coding	transmembrane sensor	false		refseq|kegg|uniprot	false
PA3410	hasI	HasI|PA3410	protein_coding	ECF subfamily sigma-70 factor	true	go_0006355|kw_sigma_factor|kw_transcription_regulation|producto_refseq	refseq|kegg|uniprot|manual	false
PA3411		PA3411	protein_coding	hypothetical protein	false		refseq|kegg|uniprot	false
PA3412		PA3412	protein_coding	hypothetical protein	false		refseq|kegg|uniprot	false
PA3413		PA3413	protein_coding	hypothetical protein	false		refseq|kegg|uniprot	false
PA3414		PA3414	protein_coding	hypothetical protein	false		refseq|kegg|uniprot	false
PA3415		PA3415	protein_coding	branched-chain alpha-keto acid dehydrogenase subunit E2	false		refseq|kegg|uniprot	false
PA3416		PA3416	protein_coding	pyruvate dehydrogenase E1 component subunit beta	false		refseq|kegg|uniprot	false
PA3417		PA3417	protein_coding	pyruvate dehydrogenase E1 component subunit alpha	false		refseq|kegg|uniprot	false
PA3418	ldh	PA3418	protein_coding	leucine dehydrogenase	false		refseq|kegg|uniprot	true
PA3419		PA3419	protein_coding	hypothetical protein	false		refseq|kegg|uniprot|uniprot_especie	false
PA3420		PA3420	protein_coding	transcriptional regulator	true	go_0006355|kw_transcription_regulation|producto_refseq	refseq|kegg|uniprot	false
PA3421		PA3421	protein_coding	hypothetical protein	false		refseq|kegg|uniprot	false
PA3422		PA3422	protein_coding	hypothetical protein	false		refseq|kegg|uniprot	false
PA3423		PA3423	protein_coding	transcriptional regulator	true	go_0003700|go_0006355|kw_transcription_regulation|producto_refseq	refseq|kegg|uniprot	false
PA3424		PA3424	protein_coding	hypothetical protein	false		refseq|kegg|uniprot	false
PA3425		PA3425	protein_coding	hypothetical protein	false		refseq|kegg|uniprot	false
PA3426		PA3426	protein_coding	enoyl-CoA hydratase	false		refseq|kegg|uniprot	false
PA3427		PA3427	protein_coding	short-chain dehydrogenase	false		refseq|kegg|uniprot	false
PA3428		PA3428	protein_coding	hypothetical protein	false		refseq|kegg|uniprot	false
PA3429		PA3429	protein_coding	epoxide hydrolase	false		refseq|kegg|uniprot	false
PA3430		PA3430	protein_coding	aldolase	false		refseq|kegg|uniprot|uniprot_especie	false
PA3431		PA3431	protein_coding	hypothetical protein	false		refseq|kegg|uniprot	false
PA3432		PA3432	protein_coding	hypothetical protein	false		refseq|kegg|uniprot	false
PA3433		PA3433	protein_coding	transcriptional regulator	true	go_0003700|go_0006355|kw_transcription_regulation|producto_refseq	refseq|kegg|uniprot	false
PA3434		PA3434	protein_coding	transposase	false		refseq|kegg	false
PA3435		PA3435	protein_coding	flavodoxin	false		refseq|kegg|uniprot|uniprot_especie	false
PA3436		PA3436	protein_coding	hypothetical protein	false		refseq|kegg|uniprot	false
PA3437	folM	PA3437	protein_coding	short-chain dehydrogenase	false		refseq|kegg|uniprot	false
PA3438	folE1	PA3438	protein_coding	GTP cyclohydrolase I	false		refseq|kegg|uniprot|uniprot_especie	false
PA3439	folX	PA3439	protein_coding	D-erythro-7,8-dihydroneopterin triphosphate 2'-epimerase	false		refseq|kegg|uniprot|uniprot_especie	false
PA3440		PA3440	protein_coding	hypothetical protein	false		refseq|kegg|uniprot	false
PA3441		PA3441	protein_coding	molybdopterin-binding protein	false		refseq|kegg|uniprot	false
PA3442	ssuB1	PA3442	protein_coding	aliphatic sulfonates ABC transporter ATP-binding subunit	false		refseq|kegg|uniprot|uniprot_especie	false
PA3443		PA3443	protein_coding	ABC transporter permease	false		refseq|kegg|uniprot	false
PA3444	ssuD	PA3444	protein_coding	alkanesulfonate monooxygenase	false		refseq|kegg|uniprot|uniprot_especie	false
PA3445		PA3445	protein_coding	hypothetical protein	false		refseq|kegg|uniprot	false
PA3446		PA3446	protein_coding	NAD(P)H-dependent FMN reductase	false		refseq|kegg|uniprot	false
PA3447	ssuB2	PA3447	protein_coding	ABC transporter ATP-binding protein	false		refseq|kegg|uniprot|uniprot_especie	false
PA3448		PA3448	protein_coding	ABC transporter permease	false		refseq|kegg|uniprot	false
PA3449		PA3449	protein_coding	hypothetical protein	false		refseq|kegg|uniprot	false
PA3450		PA3450	protein_coding	antioxidant protein	false		refseq|kegg|uniprot	false
PA3451		PA3451	protein_coding	hypothetical protein	false		refseq|kegg|uniprot	false
PA3452	mqoA	PA3452|mqo1	protein_coding	malate:quinone oxidoreductase	false		refseq|kegg|uniprot|uniprot_especie	false
PA3453		PA3453	protein_coding	hypothetical protein	false		refseq|kegg|uniprot|uniprot_especie	false
PA3454		PA3454	protein_coding	acyl-CoA thiolase	false		refseq|kegg|uniprot	false
PA3455		PA3455	protein_coding	hypothetical protein	false		refseq|kegg|uniprot|uniprot_especie	false
PA3456	mnmC	PA3456	protein_coding	tRNA 5-methylaminomethyl-2-thiouridine biosynthesis bifunctional protein MnmC	false		refseq|kegg|uniprot|uniprot_especie	false
PA3457		PA3457	protein_coding	hypothetical protein	false		refseq|kegg|uniprot	false
PA3458		PA3458	protein_coding	transcriptional regulator	true	go_0003700|go_0006355|producto_refseq	refseq|kegg|uniprot	false
PA3459		PA3459	protein_coding	glutamine amidotransferase	false		refseq|kegg|uniprot	false
PA3460		PA3460	protein_coding	acetyltransferase	false		refseq|kegg|uniprot	false
PA3461		PA3461	protein_coding	hypothetical protein	false		refseq|kegg|uniprot	false
PA3462		PA3462	protein_coding	sensor/response regulator hybrid protein	true	kw_two_component|producto_refseq	refseq|kegg|uniprot	false
PA3463		PA3463	protein_coding	hypothetical protein	false		refseq|kegg|uniprot|uniprot_especie	false
PA3464		PA3464	protein_coding	hypothetical protein	false		refseq|kegg|uniprot	false
PA3465		PA3465	protein_coding	hypothetical protein	false		refseq|kegg|uniprot	false
PA3466		PA3466	protein_coding	ATP-dependent RNA helicase	false		refseq|kegg|uniprot	false
PA3467		PA3467	protein_coding	major facilitator superfamily transporter	false		refseq|kegg|uniprot	false
PA3468		PA3468	protein_coding	hypothetical protein	false		refseq|kegg|uniprot	false
PA3469		PA3469	protein_coding	hypothetical protein	false		refseq|kegg|uniprot	false
PA3470		PA3470	protein_coding	hypothetical protein	false		refseq|kegg|uniprot	false
PA3471	maeA	PA3471	protein_coding	NAD-dependent malic enzyme	false		refseq|kegg|uniprot|uniprot_especie	false
PA3472		PA3472	protein_coding	hypothetical protein	false		refseq|kegg|uniprot	false
PA3473	rarD	PA3473	protein_coding	chloramphenicol-sensitive protein RarD	false		refseq|kegg|uniprot|uniprot_especie	false
PA3474		PA3474	protein_coding	hypothetical protein	false		refseq|kegg|uniprot|uniprot_especie	false
PA3475	pheC	PA3475	protein_coding	cyclohexadienyl dehydratase	false		refseq|kegg|uniprot|uniprot_especie	false
PA3476	rhlI	PA3476|vsmI	protein_coding	acyl-homoserine-lactone synthase	false		refseq|kegg|uniprot|uniprot_especie	false
PA3477	rhlR	PA3477|lasM|vsmR	protein_coding	transcriptional regulator RhlR	true	collectf|go_0003700|kw_transcription_regulation|producto_refseq	refseq|kegg|uniprot|uniprot_especie	false
PA3478	rhlB	PA3478	protein_coding	rhamnosyltransferase subunit B	false		refseq|kegg|uniprot	false
PA3479	rhlA	PA3479	protein_coding	rhamnosyltransferase subunit A	false		refseq|kegg|uniprot|uniprot_especie	false
PA3480	dcd	PA3480	protein_coding	deoxycytidine triphosphate deaminase	false		refseq|kegg|uniprot|uniprot_especie	true
PA3481		PA3481	protein_coding	hypothetical protein	false		refseq|kegg|uniprot	false
PA3482	metG	PA3482	protein_coding	methionine--tRNA ligase	false		refseq|kegg|uniprot|uniprot_especie	false
PA3483		PA3483	protein_coding	hypothetical protein	false		refseq|kegg|uniprot	false
PA3484	tse3	PA3484	protein_coding	hypothetical protein	false		refseq|kegg|uniprot|uniprot_especie	false
PA3485	tsi3	PA3485	protein_coding	hypothetical protein	false		refseq|kegg|uniprot|uniprot_especie	false
PA3486	vgrG4b	PA3486	protein_coding	hypothetical protein	false		refseq|kegg|uniprot|uniprot_especie	false
PA3487	pldA	PA3487	protein_coding	phospholipase D	false		refseq|kegg|uniprot	false
PA3488		PA3488	protein_coding	hypothetical protein	false		refseq|kegg|uniprot	false
PA3489	rnfA	PA3489	protein_coding	electron transport complex subunit A	false		refseq|kegg|uniprot|uniprot_especie	false
PA3490	rnfB	PA3490	protein_coding	electron transport complex subunit B	false		refseq|kegg|uniprot|uniprot_especie	false
PA3491	rnfC	PA3491	protein_coding	electron transport complex subunit C	false		refseq|kegg|uniprot|uniprot_especie	false
PA3492	rnfD	PA3492	protein_coding	electron transport complex subunit D	false		refseq|kegg|uniprot|uniprot_especie	false
PA3493	rnfG	PA3493	protein_coding	electron transport complex subunit G	false		refseq|kegg|uniprot|uniprot_especie	false
PA3494	rnfE	PA3494	protein_coding	electron transport complex subunit E	false		refseq|kegg|uniprot|uniprot_especie	false
PA3495	nth	PA3495	protein_coding	endonuclease III	false		refseq|kegg|uniprot	true
PA3496		PA3496	protein_coding	hypothetical protein	false		refseq|kegg|uniprot	false
PA3497		PA3497	protein_coding	hypothetical protein	false		refseq|kegg|uniprot	false
PA3498		PA3498	protein_coding	oxidoreductase	false		refseq|kegg|uniprot	false
PA3499		PA3499	protein_coding	hypothetical protein	false		refseq|kegg|uniprot	false
PA3500		PA3500	protein_coding	hypothetical protein	false		refseq|kegg|uniprot	false
PA3501		PA3501	protein_coding	hypothetical protein	false		refseq|kegg|uniprot	false
PA3502		PA3502	protein_coding	hypothetical protein	false		refseq|kegg|uniprot	false
PA3503		PA3503	pseudogene	pseudogene	false		refseq|kegg|uniprot	false
PA3504		PA3504	protein_coding	aldehyde dehydrogenase	false		refseq|kegg|uniprot	false
PA3505	nadX	PA3505	protein_coding	L-aspartate dehydrogenase	false		refseq|kegg|uniprot|uniprot_especie	false
PA3506		PA3506	protein_coding	hypothetical protein	false		refseq|kegg|uniprot	false
PA3507		PA3507	protein_coding	short-chain dehydrogenase	false		refseq|kegg|uniprot	false
PA3508		PA3508	protein_coding	transcriptional regulator	true	go_0003700|kw_transcription_regulation|producto_refseq	refseq|kegg|uniprot	false
PA3509		PA3509	protein_coding	hydrolase	false		refseq|kegg|uniprot	false
PA3510		PA3510	protein_coding	hypothetical protein	false		refseq|kegg|uniprot	false
PA3511		PA3511	protein_coding	short-chain dehydrogenase	false		refseq|kegg|uniprot	false
PA3512		PA3512	protein_coding	ABC transporter permease	false		refseq|kegg|uniprot	false
PA3513		PA3513	protein_coding	hypothetical protein	false		refseq|kegg|uniprot	false
PA3514		PA3514	protein_coding	ABC transporter ATP-binding protein	false		refseq|kegg|uniprot	false
PA3515	flcA	PA3515	protein_coding	hypothetical protein	false		refseq|kegg|uniprot|uniprot_especie	false
PA3516	flcB	PA3516	protein_coding	adenylosuccinate lyase	false		refseq|kegg|uniprot|uniprot_especie	false
PA3517	flcC	PA3517	protein_coding	adenylosuccinate lyase	false		refseq|kegg|uniprot|uniprot_especie	false
PA3518	flcD	PA3518	protein_coding	hypothetical protein	false		refseq|kegg|uniprot|uniprot_especie	false
PA3519	flcE	PA3519	protein_coding	hypothetical protein	false		refseq|kegg|uniprot|uniprot_especie	false
PA3520		PA3520	protein_coding	hypothetical protein	false		refseq|kegg|uniprot	false
PA3521		PA3521	protein_coding	hypothetical protein	false		refseq|kegg|uniprot	false
PA3522		PA3522	protein_coding	resistance-nodulation-cell division (RND) efflux transporter	false		refseq|kegg|uniprot	false
PA3523		PA3523	protein_coding	resistance-nodulation-cell division (RND) efflux membrane fusion protein	false		refseq|kegg|uniprot	false
PA3524	gloA1	PA3524	protein_coding	lactoylglutathione lyase	false		refseq|kegg|uniprot	false
PA3525	argG	PA3525	protein_coding	argininosuccinate synthase	false		refseq|kegg|uniprot|uniprot_especie	false
PA3526		PA3526	protein_coding	hypothetical protein	false		refseq|kegg|uniprot	false
PA3527	pyrC	PA3527	protein_coding	dihydroorotase	false		refseq|kegg|uniprot|uniprot_especie	false
PA3528	rnt	PA3528	protein_coding	ribonuclease T	false		refseq|kegg|uniprot|uniprot_especie	true
PA3529		PA3529	protein_coding	peroxidase	false		refseq|kegg|uniprot	false
PA3530	bfd	PA3530	protein_coding	hypothetical protein	false		refseq|kegg|uniprot|uniprot_especie	true
PA3531	bfrB	PA3531	protein_coding	bacterioferritin	false		refseq|kegg|uniprot|uniprot_especie	false
PA3532		PA3532	protein_coding	hypothetical protein	false		refseq|kegg|uniprot	false
PA3533		PA3533	protein_coding	hypothetical protein	false		refseq|kegg|uniprot	false
PA3534		PA3534	protein_coding	oxidoreductase	false		refseq|kegg|uniprot	false
PA3535		PA3535	protein_coding	serine protease	false		refseq|kegg|uniprot	false
PA3536		PA3536	protein_coding	hypothetical protein	false		refseq|kegg|uniprot	false
PA3537	argF	PA3537	protein_coding	ornithine carbamoyltransferase	false		refseq|kegg|uniprot|uniprot_especie	false
PA3538		PA3538	protein_coding	ABC transporter ATP-binding protein	false		refseq|kegg|uniprot	false
PA3539		PA3539	protein_coding	hypothetical protein	false		refseq|kegg|uniprot|uniprot_especie	false
PA3540	algD	PA3540	protein_coding	GDP-mannose 6-dehydrogenase AlgD	false		refseq|kegg|uniprot|uniprot_especie	false
PA3541	alg8	PA3541	protein_coding	glycosyltransferase alg8	false		refseq|kegg|uniprot|uniprot_especie	false
PA3542	alg44	PA3542	protein_coding	alginate biosynthesis protein Alg44	false		refseq|kegg|uniprot|uniprot_especie	false
PA3543	algK	PA3543	protein_coding	alginate biosynthesis protein AlgK	false		refseq|kegg|uniprot|uniprot_especie	false
PA3544	algE	PA3544|alg76	protein_coding	alginate production protein AlgE	false		refseq|kegg|uniprot|uniprot_especie	false
PA3545	algG	PA3545	protein_coding	alginate-c5-mannuronan-epimerase AlgG	false		refseq|kegg|uniprot|uniprot_especie	false
PA3546	algX	PA3546	protein_coding	alginate biosynthesis protein AlgX	false		refseq|kegg|uniprot|uniprot_especie	false
PA3547	algL	PA3547	protein_coding	alginate lyase	false		refseq|kegg|uniprot|uniprot_especie	false
PA3548	algI	PA3548	protein_coding	alginate o-acetylase AlgI	false		refseq|kegg|uniprot|uniprot_especie	false
PA3549	algJ	PA3549	protein_coding	alginate o-acetylase AlgJ	false		refseq|kegg|uniprot|uniprot_especie	false
PA3550	algF	PA3550	protein_coding	alginate o-acetyltransferase AlgF	false		refseq|kegg|uniprot|uniprot_especie	false
PA3551	algA	PA3551|pmi	protein_coding	bifunctional mannose-1-phosphate guanylyltransferase/mannose-6-phosphate isomerase	false		refseq|kegg|uniprot|uniprot_especie	true
PA3552	arnB	PA3552	protein_coding	UDP-4-amino-4-deoxy-L-arabinose--oxoglutarate aminotransferase	false		refseq|kegg|uniprot|uniprot_especie	false
PA3553	arnC	PA3553	protein_coding	undecaprenyl-phosphate 4-deoxy-4-formamido-L-arabinose transferase	false		refseq|kegg|uniprot|uniprot_especie	false
PA3554	arnA	PA3554	protein_coding	bifunctional UDP-glucuronic acid decarboxylase/UDP-4-amino-4-deoxy-L-arabinose formyltransferase	false		refseq|kegg|uniprot|uniprot_especie	false
PA3555	arnD	PA3555	protein_coding	4-deoxy-4-formamido-L-arabinose-phosphoundecaprenol deformylase ArnD	false		refseq|kegg|uniprot|uniprot_especie	false
PA3556	arnT	PA3556	protein_coding	4-amino-4-deoxy-L-arabinose lipid A transferase	false		refseq|kegg|uniprot|uniprot_especie	false
PA3557	arnE	PA3557	protein_coding	4-amino-4-deoxy-L-arabinose-phosphoundecaprenol flippase subunit ArnE	false		refseq|kegg|uniprot|uniprot_especie	false
PA3558	arnF	PA3558	protein_coding	4-amino-4-deoxy-L-arabinose-phosphoundecaprenol flippase subunit ArnF	false		refseq|kegg|uniprot|uniprot_especie	false
PA3559		PA3559	protein_coding	nucleotide sugar dehydrogenase	false		refseq|kegg|uniprot	false
PA3560	fruA	PA3560	protein_coding	PTS system fructose-specific transporter subunit IIBC	false		refseq|kegg|uniprot	false
PA3561	fruK	PA3561	protein_coding	1-phosphofructokinase	false		refseq|kegg|uniprot	false
PA3562	fruI	PA3562	protein_coding	PTS system fructose-specific transporter subunit FruI	false		refseq|kegg|uniprot	false
PA3563	fruR	PA3563	protein_coding	FruR family transcriptional regulator	true	go_0003700|go_0006355|kw_transcription_regulation|producto_refseq	refseq|kegg|uniprot	false
PA3564		PA3564	protein_coding	hypothetical protein	false		refseq|kegg|uniprot	false
PA3565		PA3565	protein_coding	transcriptional regulator	true	go_0003700|kw_transcription_regulation|producto_refseq	refseq|kegg|uniprot	false
PA3566		PA3566	protein_coding	hypothetical protein	false		refseq|kegg|uniprot	false
PA3567		PA3567	protein_coding	oxidoreductase	false		refseq|kegg|uniprot	false
PA3568		PA3568	protein_coding	propionyl-CoA synthetase	false		refseq|kegg|uniprot|uniprot_especie	false
PA3569	mmsB	PA3569	protein_coding	3-hydroxyisobutyrate dehydrogenase	false		refseq|kegg|uniprot|uniprot_especie	false
PA3570	mmsA	PA3570	protein_coding	methylmalonate-semialdehyde dehydrogenase	false		refseq|kegg|uniprot|uniprot_especie	false
PA3571	mmsR	PA3571	protein_coding	transcriptional regulator MmsR	true	go_0003700|go_0006355|kw_transcription_regulation|producto_refseq	refseq|kegg|uniprot|uniprot_especie	false
PA3572		PA3572	protein_coding	hypothetical protein	false		refseq|kegg|uniprot	false
PA3573		PA3573	protein_coding	major facilitator superfamily transporter	false		refseq|kegg|uniprot	false
PA3574	nalD	PA3574	protein_coding	transcriptional regulator	true	go_0003700|go_0006355|kw_transcription_regulation|producto_refseq	refseq|kegg|uniprot	false
PA3575		PA3575	protein_coding	hypothetical protein	false		refseq|kegg|uniprot	false
PA3576		PA3576	protein_coding	hypothetical protein	false		refseq|kegg|uniprot	false
PA3577		PA3577	protein_coding	hypothetical protein	false		refseq|kegg|uniprot	false
PA3578		PA3578	protein_coding	hypothetical protein	false		refseq|kegg|uniprot|uniprot_especie	false
PA3579	glpK1	PA3579|glpK2	protein_coding	glycerol kinase	false		refseq|kegg|uniprot|uniprot_especie	false
PA3580		PA3580	protein_coding	hypothetical protein	false		refseq|kegg|uniprot	false
PA3581	glpF	PA3581	protein_coding	glycerol uptake facilitator protein	false		refseq|kegg|uniprot|uniprot_especie	false
PA3582	glpK	PA3582|glpK2	protein_coding	glycerol kinase	false		refseq|kegg|uniprot|uniprot_especie	false
PA3583	glpR	PA3583	protein_coding	glycerol-3-phosphate regulon repressor	true	go_0006355|kw_transcription_regulation	refseq|kegg|uniprot|uniprot_especie	false
PA3584	glpD	PA3584	protein_coding	glycerol-3-phosphate dehydrogenase	false		refseq|kegg|uniprot|uniprot_especie	false
PA3585	glpM	PA3585	protein_coding	membrane protein GlpM	false		refseq|kegg|uniprot|uniprot_especie	false
PA3586		PA3586	protein_coding	hydrolase	false		refseq|kegg|uniprot	false
PA3587	metR	PA3587	protein_coding	transcriptional regulator MetR	true	go_0003700|go_0006355|kw_transcription_regulation|producto_refseq	refseq|kegg|uniprot	false
PA3588		PA3588	protein_coding	porin	false		refseq|kegg|uniprot	false
PA3589		PA3589	protein_coding	acetyl-CoA acetyltransferase	false		refseq|kegg|uniprot	false
PA3590		PA3590	protein_coding	3-hydroxyacyl-CoA dehydrogenase	false		refseq|kegg|uniprot	false
PA3591		PA3591	protein_coding	enoyl-CoA hydratase	false		refseq|kegg|uniprot	false
PA3592		PA3592	protein_coding	hypothetical protein	false		refseq|kegg|uniprot	false
PA3593		PA3593	protein_coding	acyl-CoA dehydrogenase	false		refseq|kegg|uniprot	false
PA3594		PA3594	protein_coding	transcriptional regulator	true	go_0003700|go_0006355|kw_transcription_regulation|producto_refseq	refseq|kegg|uniprot	false
PA3595		PA3595	protein_coding	major facilitator superfamily transporter	false		refseq|kegg|uniprot	false
PA3596		PA3596	protein_coding	methylated-DNA--protein-cysteine methyltransferase	true	go_0003700	refseq|kegg|uniprot	false
PA3597		PA3597	protein_coding	amino acid permease	false		refseq|kegg|uniprot	false
PA3598		PA3598	protein_coding	hypothetical protein	false		refseq|kegg|uniprot	false
PA3599		PA3599	protein_coding	transcriptional regulator	true	go_0003700|go_0006355|kw_transcription_regulation|producto_refseq	refseq|kegg|uniprot	false
PA3600	rpmJ2	PA3600	protein_coding	50S ribosomal protein L36	false		refseq|kegg|uniprot|uniprot_especie	false
PA3601	rpmE2	PA3601	protein_coding	50S ribosomal protein L31 type B	false		refseq|kegg|uniprot|uniprot_especie	false
PA3602		PA3602	protein_coding	hypothetical protein	false		refseq|kegg|uniprot	false
PA3603	dgkA	PA3603	protein_coding	diacylglycerol kinase	false		refseq|kegg|uniprot|uniprot_especie	false
PA3604	erdR	PA3604	protein_coding	response regulator ErdR	true	go_0006355|producto_refseq	refseq|kegg|uniprot	false
PA3605		PA3605	protein_coding	hypothetical protein	false		refseq|kegg|uniprot	false
PA3606		PA3606	protein_coding	hypothetical protein	false		refseq|kegg|uniprot	false
PA3607	potA	PA3607|potA2	protein_coding	polyamine transporter ATP-binding protein PotA	false		refseq|kegg|uniprot|uniprot_especie	false
PA3608	potB	PA3608	protein_coding	polyamine ABC transporter permease PotB	false		refseq|kegg|uniprot	false
PA3609	potC	PA3609	protein_coding	polyamine ABC transporter permease PotC	false		refseq|kegg|uniprot	false
PA3610	potD	PA3610	protein_coding	polyamine ABC transporter substrate-binding protein PotD	false		refseq|kegg|uniprot|uniprot_especie	false
PA3611		PA3611	protein_coding	hypothetical protein	false		refseq|kegg|uniprot	false
PA3612		PA3612	protein_coding	hypothetical protein	false		refseq|kegg|uniprot	false
PA3613		PA3613	protein_coding	hypothetical protein	false		refseq|kegg|uniprot	false
PA3614		PA3614	protein_coding	hypothetical protein	false		refseq|kegg|uniprot	false
PA3615		PA3615	protein_coding	hypothetical protein	false		refseq|kegg|uniprot	false
PA3616	recX	PA3616	protein_coding	recombination regulator RecX	false		refseq|kegg|uniprot|uniprot_especie	false
PA3617	recA	PA3617	protein_coding	recombinase A	false		refseq|kegg|uniprot|uniprot_especie	false
PA3618		PA3618	protein_coding	hypothetical protein	false		refseq|kegg|uniprot	false
PA3619		PA3619	protein_coding	hypothetical protein	false		refseq|kegg|uniprot	false
PA3620	mutS	PA3620	protein_coding	DNA mismatch repair protein MutS	false		refseq|kegg|uniprot|uniprot_especie	false
PA3621	fdxA	PA3621	protein_coding	ferredoxin I	false		refseq|kegg|uniprot|uniprot_especie	false
PA3621.1	rsmZ	PA3621.1	ncRNA	regulatory RNA RsmZ	false		refseq|kegg	false
PA3622	rpoS	PA3622	protein_coding	RNA polymerase sigma factor RpoS	true	go_0006355|kw_sigma_factor|kw_transcription_regulation|producto_refseq	refseq|kegg|uniprot|uniprot_especie	false
PA3623		PA3623	protein_coding	hypothetical protein	false		refseq|kegg|uniprot|uniprot_especie	false
PA3624	pcm	PA3624	protein_coding	protein-L-isoaspartate O-methyltransferase	false		refseq|kegg|uniprot|uniprot_especie	true
PA3625	surE	PA3625	protein_coding	5'-nucleotidase SurE	false		refseq|kegg|uniprot|uniprot_especie	false
PA3626	truD	PA3626	protein_coding	tRNA pseudouridine synthase D	false		refseq|kegg|uniprot|uniprot_especie	false
PA3627	ygbB	PA3627|ispF	protein_coding	2-C-methyl-D-erythritol 2,4-cyclodiphosphate synthase	false		refseq|kegg|uniprot|uniprot_especie	false
PA3628		PA3628	protein_coding	esterase	false		refseq|kegg|uniprot	false
PA3629	adhC	PA3629	protein_coding	alcohol dehydrogenase	false		refseq|kegg|uniprot	false
PA3630	gfnR	PA3630	protein_coding	glutathione-dependent formaldehyde neutralization regulator GfnR	true	go_0003700|kw_transcription_regulation	refseq|kegg|uniprot	false
PA3631		PA3631	protein_coding	hypothetical protein	false		refseq|kegg|uniprot	false
PA3632		PA3632	protein_coding	hypothetical protein	false		refseq|kegg|uniprot	false
PA3633	ygbP	PA3633|ispD	protein_coding	2-C-methyl-D-erythritol 4-phosphate cytidylyltransferase	false		refseq|kegg|uniprot|uniprot_especie	false
PA3634	ftsB	PA3634	protein_coding	cell division protein FtsB	false		refseq|kegg|uniprot|uniprot_especie	false
PA3635	eno	PA3635	protein_coding	enolase	false		refseq|kegg|uniprot|uniprot_especie	true
PA3636	kdsA	PA3636	protein_coding	2-dehydro-3-deoxyphosphooctonate aldolase	false		refseq|kegg|uniprot|uniprot_especie	false
PA3637	pyrG	PA3637	protein_coding	CTP synthetase	false		refseq|kegg|uniprot|uniprot_especie	false
PA3638	tilS	PA3638	protein_coding	tRNA(Ile)-lysidine synthase	false		refseq|kegg|uniprot|uniprot_especie	false
PA3639	accA	PA3639	protein_coding	acetyl-CoA carboxylase carboxyltransferase subunit alpha	false		refseq|kegg|uniprot|uniprot_especie	false
PA3640	dnaE	PA3640	protein_coding	DNA polymerase III subunit alpha	false		refseq|kegg|uniprot|uniprot_especie	false
PA3641		PA3641	protein_coding	amino acid permease	false		refseq|kegg|uniprot	false
PA3642	rnhB	PA3642	protein_coding	ribonuclease HII	false		refseq|kegg|uniprot|uniprot_especie	false
PA3643	lpxB	PA3643	protein_coding	lipid-A-disaccharide synthase	false		refseq|kegg|uniprot|uniprot_especie	false
PA3644	lpxA	PA3644	protein_coding	acyl-[acyl-carrier-protein]--UDP-N-acetylglucosamine O-acyltransferase	false		refseq|kegg|uniprot|uniprot_especie	false
PA3645	fabZ	PA3645	protein_coding	3-hydroxyacyl-[acyl-carrier-protein] dehydratase FabZ	false		refseq|kegg|uniprot|uniprot_especie	false
PA3646	lpxD	PA3646	protein_coding	UDP-3-O-acylglucosamine N-acyltransferase	false		refseq|kegg|uniprot|uniprot_especie	false
PA3647		PA3647	protein_coding	hypothetical protein	false		refseq|kegg|uniprot|uniprot_especie	false
PA3648	opr86	PA3648|bamA	protein_coding	outer membrane protein Opr86	false		refseq|kegg|uniprot	false
PA3649		PA3649	protein_coding	zinc metalloprotease	false		refseq|kegg|uniprot|uniprot_especie	false
PA3650	dxr	PA3650	protein_coding	1-deoxy-D-xylulose 5-phosphate reductoisomerase	false		refseq|kegg|uniprot|uniprot_especie	true
PA3651	cdsA	PA3651|cds	protein_coding	phosphatidate cytidylyltransferase	false		refseq|kegg|uniprot|uniprot_especie	true
PA3652	uppS	PA3652	protein_coding	ditrans,polycis-undecaprenyl-diphosphate synthase	false		refseq|kegg|uniprot|uniprot_especie	false
PA3653	frr	PA3653	protein_coding	ribosome recycling factor	false		refseq|kegg|uniprot|uniprot_especie	true
PA3654	pyrH	PA3654	protein_coding	uridylate kinase	false		refseq|kegg|uniprot|uniprot_especie	false
PA3655	tsf	PA3655	protein_coding	elongation factor Ts	false		refseq|kegg|uniprot|uniprot_especie	true
PA3656	rpsB	PA3656	protein_coding	30S ribosomal protein S2	false		refseq|kegg|uniprot|uniprot_especie	false
PA3657	map	PA3657	protein_coding	methionine aminopeptidase	false		refseq|kegg|uniprot	true
PA3658	glnD	PA3658	protein_coding	bifunctional uridylyltransferase/uridylyl-removing protein	false		refseq|kegg|uniprot|uniprot_especie	false
PA3659		PA3659	protein_coding	succinyldiaminopimelate transaminase	false		refseq|kegg|uniprot	false
PA3660		PA3660	protein_coding	sodium/hydrogen antiporter	false		refseq|kegg|uniprot	false
PA3661		PA3661	protein_coding	hypothetical protein	false		refseq|kegg|uniprot	false
PA3662		PA3662	protein_coding	hypothetical protein	false		refseq|kegg|uniprot	false
PA3663		PA3663	protein_coding	hypothetical protein	false		refseq|kegg|uniprot	false
PA3664		PA3664	protein_coding	hypothetical protein	false		refseq|kegg|uniprot	false
PA3665		PA3665	protein_coding	hypothetical protein	false		refseq|kegg|uniprot	false
PA3666	dapD	PA3666	protein_coding	2,3,4,5-tetrahydropyridine-2,6-dicarboxylate N-succinyltransferase	false		refseq|kegg|uniprot|uniprot_especie	false
PA3667	csd	PA3667	protein_coding	cysteine desulfurase	false		refseq|kegg|uniprot|uniprot_especie	true
PA3668		PA3668	protein_coding	hypothetical protein	false		refseq|kegg|uniprot	false
PA3669		PA3669	protein_coding	hypothetical protein	false		refseq|kegg|uniprot	false
PA3670		PA3670	protein_coding	hypothetical protein	false		refseq|kegg|uniprot	false
PA3671		PA3671	protein_coding	ABC transporter permease	false		refseq|kegg|uniprot	false
PA3672		PA3672	protein_coding	ABC transporter ATP-binding protein	false		refseq|kegg|uniprot	false
PA3673	plsB	PA3673	protein_coding	glycerol-3-phosphate acyltransferase	false		refseq|kegg|uniprot|uniprot_especie	false
PA3674		PA3674	protein_coding	hypothetical protein	false		refseq|kegg|uniprot	false
PA3675		PA3675	protein_coding	hypothetical protein	false		refseq|kegg|uniprot	false
PA3676	mexK	MexK|PA3676	protein_coding	resistance-nodulation-cell division (RND) efflux transporter	false		refseq|kegg|uniprot|manual	false
PA3677	mexJ	MexJ|PA3677	protein_coding	resistance-nodulation-cell division (RND) efflux membrane fusion protein	false		refseq|kegg|uniprot|manual	false
PA3678	mexL	MexL|PA3678	protein_coding	transcriptional regulator	true	go_0003700|go_0006355|kw_transcription_regulation|producto_refseq	refseq|kegg|uniprot|manual	false
PA3679		PA3679	protein_coding	hypothetical protein	false		refseq|kegg|uniprot	false
PA3680	rsmJ	PA3680	protein_coding	ribosomal RNA small subunit methyltransferase J	false		refseq|kegg|uniprot|uniprot_especie	false
PA3681		PA3681	protein_coding	hypothetical protein	false		refseq|kegg|uniprot	false
PA3682		PA3682	protein_coding	hypothetical protein	false		refseq|kegg|uniprot	false
PA3683		PA3683	protein_coding	hypothetical protein	false		refseq|kegg|uniprot	false
PA3684		PA3684	protein_coding	hypothetical protein	false		refseq|kegg|uniprot	false
PA3685		PA3685	protein_coding	hypothetical protein	false		refseq|kegg|uniprot	false
PA3686	adk	PA3686	protein_coding	adenylate kinase	false		refseq|kegg|uniprot|uniprot_especie	true
PA3687	ppc	PA3687	protein_coding	phosphoenolpyruvate carboxylase	false		refseq|kegg|uniprot|uniprot_especie	true
PA3688		PA3688	protein_coding	hypothetical protein	false		refseq|kegg|uniprot	false
PA3689		PA3689	protein_coding	transcriptional regulator	true	go_0003700|producto_refseq	refseq|kegg|uniprot	false
PA3690		PA3690	protein_coding	metal-transporting P-type ATPase	false		refseq|kegg|uniprot	false
PA3691		PA3691	protein_coding	hypothetical protein	false		refseq|kegg|uniprot	false
PA3692	lptF	PA3692	protein_coding	outer membrane porin F	false		refseq|kegg|uniprot	false
PA3693		PA3693	protein_coding	hypothetical protein	false		refseq|kegg|uniprot|uniprot_especie	false
PA3694		PA3694	protein_coding	hypothetical protein	false		refseq|kegg|uniprot	false
PA3695		PA3695	protein_coding	hypothetical protein	false		refseq|kegg|uniprot	false
PA3696		PA3696	protein_coding	hypothetical protein	false		refseq|kegg|uniprot	false
PA3697		PA3697	protein_coding	hypothetical protein	false		refseq|kegg|uniprot	false
PA3698		PA3698	protein_coding	hypothetical protein	false		refseq|kegg|uniprot	false
PA3699		PA3699	protein_coding	transcriptional regulator	true	producto_refseq	refseq|kegg|uniprot	false
PA3700	lysS	PA3700	protein_coding	lysine--tRNA ligase	false		refseq|kegg|uniprot|uniprot_especie	false
PA3701	prfB	PA3701	protein_coding	peptide chain release factor 1	false		refseq|kegg|uniprot	false
PA3702	wspR	PA3702	protein_coding	two-component response regulator	true	producto_refseq	refseq|kegg|uniprot	false
PA3703	wspF	PA3703|cheB3	protein_coding	chemotaxis-specific methylesterase	false		refseq|kegg|uniprot|uniprot_especie	false
PA3704	wspE	PA3704	protein_coding	chemotaxis sensor/effector fusion protein	true	kw_two_component	refseq|kegg|uniprot	false
PA3705	wspD	PA3705	protein_coding	hypothetical protein	false		refseq|kegg|uniprot	false
PA3706	wspC	PA3706	protein_coding	biofilm formation methyltransferase WspC	false		refseq|kegg|uniprot|uniprot_especie	false
PA3707	wspB	PA3707	protein_coding	hypothetical protein	false		refseq|kegg|uniprot	false
PA3708	wspA	PA3708	protein_coding	chemotaxis transducer	false		refseq|kegg|uniprot	false
PA3709		PA3709	protein_coding	major facilitator superfamily transporter	false		refseq|kegg|uniprot	false
PA3710		PA3710	protein_coding	GMC-type oxidoreductase	false		refseq|kegg|uniprot	false
PA3711		PA3711	protein_coding	transcriptional regulator	true	go_0003700|go_0006355|kw_transcription_regulation|producto_refseq	refseq|kegg|uniprot	false
PA3712		PA3712	protein_coding	hypothetical protein	false		refseq|kegg|uniprot	false
PA3713	spdH	PA3713	protein_coding	spermidine dehydrogenase SpdH	false		refseq|kegg|uniprot	false
PA3714		PA3714	protein_coding	two-component response regulator	true	go_0003700|go_0006355|producto_refseq	refseq|kegg|uniprot	false
PA3715		PA3715	protein_coding	hypothetical protein	false		refseq|kegg|uniprot	false
PA3716		PA3716	protein_coding	hypothetical protein	false		refseq|kegg|uniprot	false
PA3717		PA3717	protein_coding	FkbP-type peptidyl-prolyl cis-trans isomerase	false		refseq|kegg|uniprot	false
PA3718		PA3718	protein_coding	major facilitator superfamily transporter	false		refseq|kegg|uniprot	false
PA3719	armR	PA3719	protein_coding	MexR antirepressor ArmR	false		refseq|kegg|uniprot	false
PA3720		PA3720	protein_coding	hypothetical protein	false		refseq|kegg|uniprot	false
PA3721	nalC	PA3721	protein_coding	transcriptional regulator	true	go_0003700|go_0006355|producto_refseq	refseq|kegg|uniprot	false
PA3722		PA3722	protein_coding	hypothetical protein	false		refseq|kegg|uniprot	false
PA3723		PA3723	protein_coding	FMN oxidoreductase	false		refseq|kegg|uniprot	false
PA3724	lasB	PA3724	protein_coding	elastase LasB	false		refseq|kegg|uniprot|uniprot_especie	false
PA3725	recJ	PA3725	protein_coding	single-stranded-DNA-specific exonuclease RecJ	false		refseq|kegg|uniprot	false
PA3726		PA3726	protein_coding	hypothetical protein	false		refseq|kegg|uniprot	false
PA3727		PA3727	protein_coding	hypothetical protein	false		refseq|kegg|uniprot	false
PA3728		PA3728	protein_coding	hypothetical protein	false		refseq|kegg|uniprot	false
PA3729		PA3729	protein_coding	hypothetical protein	false		refseq|kegg|uniprot	false
PA3730		PA3730	protein_coding	hypothetical protein	false		refseq|kegg|uniprot	false
PA3731		PA3731	protein_coding	hypothetical protein	false		refseq|kegg|uniprot	false
PA3732		PA3732	protein_coding	hypothetical protein	false		refseq|kegg|uniprot	false
PA3733		PA3733	protein_coding	hypothetical protein	false		refseq|kegg|uniprot	false
PA3734		PA3734	protein_coding	hypothetical protein	false		refseq|kegg|uniprot	false
PA3735	thrC	PA3735	protein_coding	threonine synthase	false		refseq|kegg|uniprot|uniprot_especie	false
PA3736	hom	PA3736	protein_coding	homoserine dehydrogenase	false		refseq|kegg|uniprot|uniprot_especie	true
PA3737	dsbC	PA3737	protein_coding	thiol:disulfide interchange protein DsbC	false		refseq|kegg|uniprot	false
PA3738	xerD	PA3738	protein_coding	site-specific tyrosine recombinase XerD	false		refseq|kegg|uniprot|uniprot_especie	false
PA3739		PA3739	protein_coding	sodium/hydrogen antiporter	false		refseq|kegg|uniprot	false
PA3740		PA3740	protein_coding	hypothetical protein	false		refseq|kegg|uniprot	false
PA3741		PA3741	protein_coding	acyl-CoA thioesterase	false		refseq|kegg|uniprot	false
PA3742	rplS	PA3742	protein_coding	50S ribosomal protein L19	false		refseq|kegg|uniprot|uniprot_especie	false
PA3743	trmD	PA3743	protein_coding	tRNA (guanine-N(1)-)-methyltransferase	false		refseq|kegg|uniprot|uniprot_especie	false
PA3744	rimM	PA3744	protein_coding	ribosome maturation factor RimM	false		refseq|kegg|uniprot|uniprot_especie	false
PA3745	rpsP	PA3745	protein_coding	30S ribosomal protein S16	false		refseq|kegg|uniprot|uniprot_especie	false
PA3746	ffh	PA3746	protein_coding	signal recognition particle protein Ffh	false		refseq|kegg|uniprot	true
PA3747		PA3747	protein_coding	hypothetical protein	false		refseq|kegg|uniprot	false
PA3748		PA3748	protein_coding	hypothetical protein	false		refseq|kegg|uniprot	false
PA3749		PA3749	protein_coding	major facilitator superfamily transporter	false		refseq|kegg|uniprot	false
PA3750		PA3750	protein_coding	hypothetical protein	false		refseq|kegg|uniprot	false
PA3751	purT	PA3751	protein_coding	phosphoribosylglycinamide formyltransferase	false		refseq|kegg|uniprot|uniprot_especie	false
PA3752		PA3752	protein_coding	hypothetical protein	false		refseq|kegg|uniprot	false
PA3753		PA3753	protein_coding	hypothetical protein	false		refseq|kegg|uniprot|uniprot_especie	false
PA3754		PA3754	protein_coding	hypothetical protein	false		refseq|kegg|uniprot	false
PA3755		PA3755	protein_coding	hypothetical protein	false		refseq|kegg|uniprot	false
PA3756		PA3756	protein_coding	hypothetical protein	false		refseq|kegg|uniprot	false
PA3757		PA3757	protein_coding	transcriptional regulator	true	go_0003700|kw_transcription_regulation|producto_refseq	refseq|kegg|uniprot	false
PA3758		PA3758	protein_coding	N-acetylglucosamine-6-phosphate deacetylase	false		refseq|kegg|uniprot	false
PA3759		PA3759	protein_coding	aminotransferase	false		refseq|kegg|uniprot	false
PA3760		PA3760	protein_coding	N-acetyl-D-glucosamine phosphotransferase system transporter	false		refseq|kegg|uniprot	false
PA3761		PA3761	protein_coding	N-acetyl-D-glucosamine phosphotransferase system transporter	false		refseq|kegg|uniprot	false
PA3762		PA3762	protein_coding	hypothetical protein	false		refseq|kegg|uniprot	false
PA3763	purL	PA3763	protein_coding	phosphoribosylformylglycinamidine synthase	false		refseq|kegg|uniprot|uniprot_especie	false
PA3764	mltF	PA3764	protein_coding	membrane-bound lytic murein transglycosylase F	false		refseq|kegg|uniprot|uniprot_especie	false
PA3765		PA3765	protein_coding	hypothetical protein	false		refseq|kegg|uniprot	false
PA3766		PA3766	protein_coding	aromatic amino acid transporter	false		refseq|kegg|uniprot	false
PA3767	tadA	PA3767	protein_coding	hypothetical protein	false		refseq|kegg|uniprot	false
PA3768		PA3768	protein_coding	metallo-oxidoreductase	false		refseq|kegg|uniprot	false
PA3769	guaA	PA3769	protein_coding	GMP synthase	false		refseq|kegg|uniprot|uniprot_especie	false
PA3770	guaB	PA3770	protein_coding	inosine 5'-monophosphate dehydrogenase	false		refseq|kegg|uniprot	false
PA3771		PA3771	protein_coding	transcriptional regulator	true	go_0003700|go_0006355|kw_transcription_regulation|producto_refseq	refseq|kegg|uniprot	false
PA3772		PA3772	protein_coding	hypothetical protein	false		refseq|kegg|uniprot	false
PA3773		PA3773	protein_coding	hypothetical protein	false		refseq|kegg|uniprot	false
PA3774		PA3774	protein_coding	acetylpolyamine aminohydrolase	false		refseq|kegg|uniprot|uniprot_especie	false
PA3775		PA3775	protein_coding	hypothetical protein	false		refseq|kegg|uniprot	false
PA3776		PA3776	protein_coding	transcriptional regulator	true	go_0003700|go_0006355|kw_transcription_regulation|producto_refseq	refseq|kegg|uniprot	false
PA3777	xseA	PA3777	protein_coding	exodeoxyribonuclease VII large subunit	false		refseq|kegg|uniprot|uniprot_especie	false
PA3778		PA3778	protein_coding	transcriptional regulator	true	go_0003700|go_0006355|kw_transcription_regulation|producto_refseq	refseq|kegg|uniprot	false
PA3779		PA3779	protein_coding	hypothetical protein	false		refseq|kegg|uniprot	false
PA3780		PA3780	protein_coding	hypothetical protein	false		refseq|kegg|uniprot	false
PA3781		PA3781	protein_coding	transporter	false		refseq|kegg|uniprot	false
PA3782		PA3782	protein_coding	transcriptional regulator	true	go_0003700|go_0006355|kw_transcription_regulation|producto_refseq	refseq|kegg|uniprot	false
PA3783		PA3783	protein_coding	hypothetical protein	false		refseq|kegg|uniprot	false
PA3784		PA3784	protein_coding	hypothetical protein	false		refseq|kegg|uniprot	false
PA3785		PA3785	protein_coding	hypothetical protein	false		refseq|kegg|uniprot	false
PA3786		PA3786	protein_coding	hypothetical protein	false		refseq|kegg|uniprot	false
PA3787		PA3787	protein_coding	hypothetical protein	false		refseq|kegg|uniprot	false
PA3788		PA3788	protein_coding	hypothetical protein	false		refseq|kegg|uniprot	false
PA3789		PA3789	protein_coding	hypothetical protein	false		refseq|kegg|uniprot	false
PA3790	oprC	PA3790	protein_coding	copper transport outer membrane porin OprC	false		refseq|kegg|uniprot	false
PA3791		PA3791	protein_coding	hypothetical protein	false		refseq|kegg|uniprot	false
PA3792	leuA	PA3792	protein_coding	2-isopropylmalate synthase	false		refseq|kegg|uniprot|uniprot_especie	false
PA3793		PA3793	protein_coding	hypothetical protein	false		refseq|kegg|uniprot	false
PA3794		PA3794	protein_coding	hypothetical protein	false		refseq|kegg|uniprot	false
PA3795		PA3795	protein_coding	oxidoreductase	false		refseq|kegg|uniprot	false
PA3796		PA3796	protein_coding	hypothetical protein	false		refseq|kegg|uniprot	false
PA3797		PA3797	protein_coding	hypothetical protein	false		refseq|kegg|uniprot	false
PA3798		PA3798	protein_coding	aminotransferase	false		refseq|kegg|uniprot	false
PA3799	der	PA3799|engA	protein_coding	GTPase Der	false		refseq|kegg|uniprot|uniprot_especie	true
PA3800	bamB	PA3800	protein_coding	outer membrane protein assembly factor BamB	false		refseq|kegg|uniprot|uniprot_especie	false
PA3801		PA3801	protein_coding	hypothetical protein	false		refseq|kegg|uniprot	false
PA3802	hisS	PA3802	protein_coding	histidine--tRNA ligase	false		refseq|kegg|uniprot|uniprot_especie	false
PA3803	gcpE	PA3803|ispG	protein_coding	4-hydroxy-3-methylbut-2-en-1-yl diphosphate synthase (flavodoxin)	false		refseq|kegg|uniprot|uniprot_especie	false
PA3804		PA3804	protein_coding	hypothetical protein	true	go_0003700	refseq|kegg|uniprot	false
PA3805	pilF	PA3805	protein_coding	type 4 fimbrial biogenesis protein PilF	false		refseq|kegg|uniprot|uniprot_especie	false
PA3806	rlmN	PA3806	protein_coding	23S rRNA (adenine(2503)-C(2))-methyltransferase RlmN	false		refseq|kegg|uniprot|uniprot_especie	false
PA3807	ndk	PA3807	protein_coding	nucleoside diphosphate kinase	false		refseq|kegg|uniprot|uniprot_especie	true
PA3808		PA3808	protein_coding	hypothetical protein	false		refseq|kegg|uniprot|uniprot_especie	false
PA3809	fdx2	PA3809|fdx	protein_coding	(2Fe-2S) ferredoxin	false		refseq|kegg|uniprot|uniprot_especie	true
PA3810	hscA	PA3810	protein_coding	chaperone protein HscA	false		refseq|kegg|uniprot|uniprot_especie	false
PA3811	hscB	PA3811	protein_coding	co-chaperone HscB	false		refseq|kegg|uniprot|uniprot_especie	false
PA3812	iscA	PA3812	protein_coding	iron-binding protein IscA	false		refseq|kegg|uniprot	false
PA3813	iscU	PA3813	protein_coding	scaffold protein	false		refseq|kegg|uniprot	false
PA3814	iscS	PA3814	protein_coding	cysteine desulfurase	false		refseq|kegg|uniprot|uniprot_especie	false
PA3815	iscR	PA3815	protein_coding	HTH-type transcriptional regulator	true	collectf|go_0003700|go_0006355|producto_refseq	refseq|kegg|uniprot	false
PA3816	cysE	PA3816	protein_coding	O-acetylserine synthase	false		refseq|kegg|uniprot	false
PA3817	trmJ	PA3817	protein_coding	methyltransferase	false		refseq|kegg|uniprot	false
PA3818	suhB	PA3818	protein_coding	type III secretion system regulator SuhB	true	kw_transcription_regulation	refseq|kegg|uniprot|uniprot_especie	false
PA3819		PA3819	protein_coding	hypothetical protein	false		refseq|kegg|uniprot	false
PA3820	secF	PA3820	protein_coding	preprotein translocase subunit SecF	false		refseq|kegg|uniprot|uniprot_especie	false
PA3821	secD	PA3821	protein_coding	preprotein translocase subunit SecD	false		refseq|kegg|uniprot|uniprot_especie	false
PA3822		PA3822	protein_coding	preprotein translocase subunit YajC	false		refseq|kegg|uniprot	false
PA3823	tgt	PA3823	protein_coding	queuine tRNA-ribosyltransferase	false		refseq|kegg|uniprot|uniprot_especie	true
PA3824	queA	PA3824	protein_coding	S-adenosylmethionine--tRNA ribosyltransferase-isomerase	false		refseq|kegg|uniprot|uniprot_especie	false
PA3824.1		PA3824.1	tRNA	tRNA-Leu	false		refseq|kegg	false
PA3825		PA3825	protein_coding	hypothetical protein	false		refseq|kegg|uniprot	false
PA3826		PA3826	protein_coding	hypothetical protein	false		refseq|kegg|uniprot	false
PA3827		PA3827	protein_coding	hypothetical protein	false		refseq|kegg|uniprot	false
PA3828		PA3828	protein_coding	hypothetical protein	false		refseq|kegg|uniprot	false
PA3829		PA3829	protein_coding	hypothetical protein	false		refseq|kegg|uniprot	false
PA3830		PA3830	protein_coding	transcriptional regulator	true	go_0003700|go_0006355|kw_transcription_regulation|producto_refseq	refseq|kegg|uniprot	false
PA3831	pepA	PA3831|phpA	protein_coding	leucyl aminopeptidase	false		refseq|kegg|uniprot|uniprot_especie	false
PA3832	holC	PA3832	protein_coding	DNA polymerase III subunit chi	false		refseq|kegg|uniprot|uniprot_especie	false
PA3833		PA3833	protein_coding	hypothetical protein	false		refseq|kegg|uniprot	false
PA3834	valS	PA3834	protein_coding	valine--tRNA ligase	false		refseq|kegg|uniprot|uniprot_especie	false
PA3835		PA3835	protein_coding	hypothetical protein	false		refseq|kegg|uniprot	false
PA3836		PA3836	protein_coding	hypothetical protein	false		refseq|kegg|uniprot	false
PA3837		PA3837	protein_coding	ABC transporter permease	false		refseq|kegg|uniprot	false
PA3838		PA3838	protein_coding	ABC transporter ATP-binding protein	false		refseq|kegg|uniprot	false
PA3839		PA3839	protein_coding	sodium:sulfate symporter	false		refseq|kegg|uniprot	false
PA3840	rlmF	PA3840	protein_coding	SAM-dependent methyltransferase	false		refseq|kegg|uniprot|uniprot_especie	false
PA3841	exoS	PA3841	protein_coding	exoenzyme S	false		refseq|kegg|uniprot|uniprot_especie	false
PA3842		PA3842	protein_coding	chaperone	false		refseq|kegg|uniprot	false
PA3844		PA3844	protein_coding	hypothetical protein	false		refseq|kegg|uniprot	false
PA3845		PA3845	protein_coding	transcriptional regulator	true	go_0003700|kw_transcription_regulation|producto_refseq	refseq|kegg|uniprot	false
PA3846		PA3846	protein_coding	hypothetical protein	false		refseq|kegg|uniprot	false
PA3847		PA3847	protein_coding	hypothetical protein	false		refseq|kegg|uniprot	false
PA3848		PA3848	protein_coding	hypothetical protein	false		refseq|kegg|uniprot	false
PA3849		PA3849	protein_coding	nucleoid-associated protein NdpA	false		refseq|kegg|uniprot|uniprot_especie	false
PA3850		PA3850	protein_coding	hypothetical protein	false		refseq|kegg|uniprot	false
PA3851		PA3851	protein_coding	hypothetical protein	false		refseq|kegg|uniprot	false
PA3852		PA3852	protein_coding	hypothetical protein	false		refseq|kegg|uniprot	false
PA3853		PA3853	protein_coding	transferase	false		refseq|kegg|uniprot	false
PA3854		PA3854	protein_coding	GIY-YIG nuclease superfamily protein	false		refseq|kegg|uniprot|uniprot_especie	false
PA3855		PA3855	protein_coding	hypothetical protein	false		refseq|kegg|uniprot	false
PA3856		PA3856	protein_coding	hypothetical protein	false		refseq|kegg|uniprot	false
PA3857	pcs	PA3857	protein_coding	phosphatidylcholine synthase	false		refseq|kegg|uniprot|uniprot_especie	true
PA3858		PA3858	protein_coding	amino acid-binding protein	false		refseq|kegg|uniprot	false
PA3859		PA3859	protein_coding	carboxylesterase	false		refseq|kegg|uniprot	false
PA3860		PA3860	protein_coding	acyl-CoA synthetase	false		refseq|kegg|uniprot	false
PA3861	rhl	PA3861	protein_coding	ATP-dependent RNA helicase RhlB	false		refseq|kegg|uniprot|uniprot_especie	true
PA3862	dauB	PA3862	protein_coding	NAD(P)H-dependent anabolic L-arginine dehydrogenase DauB	false		refseq|kegg|uniprot|uniprot_especie	false
PA3863	dauA	PA3863	protein_coding	FAD-dependent catabolic D-arginine dehydrogenase DauA	false		refseq|kegg|uniprot|uniprot_especie	false
PA3864	dauR	PA3864	protein_coding	transcriptional regulator	true	kw_transcription_regulation|producto_refseq	refseq|kegg|uniprot|uniprot_especie	false
PA3865		PA3865	protein_coding	amino acid binding protein	false		refseq|kegg|uniprot	false
PA3866		PA3866	protein_coding	pyocin protein	false		refseq|kegg|uniprot	false
PA3867		PA3867	protein_coding	DNA invertase	false		refseq|kegg|uniprot	false
PA3868		PA3868	protein_coding	hypothetical protein	false		refseq|kegg|uniprot	false
PA3869		PA3869	protein_coding	hypothetical protein	false		refseq|kegg|uniprot	false
PA3870	moaA1	PA3870|moaA	protein_coding	molybdenum cofactor biosynthesis protein A	false		refseq|kegg|uniprot|uniprot_especie	false
PA3871		PA3871	protein_coding	PpiC-type peptidyl-prolyl cis-trans isomerase	false		refseq|kegg|uniprot	false
PA3872	narI	PA3872	protein_coding	respiratory nitrate reductase subunit gamma	false		refseq|kegg|uniprot	false
PA3873	narJ	PA3873	protein_coding	respiratory nitrate reductase subunit delta	false		refseq|kegg|uniprot	false
PA3874	narH	PA3874	protein_coding	respiratory nitrate reductase subunit beta	false		refseq|kegg|uniprot	false
PA3875	narG	PA3875	protein_coding	respiratory nitrate reductase subunit alpha	false		refseq|kegg|uniprot	false
PA3876	narK2	PA3876	protein_coding	nitrite extrusion protein 2	false		refseq|kegg|uniprot	false
PA3877	narK1	PA3877	protein_coding	nitrite extrusion protein 1	false		refseq|kegg|uniprot	false
PA3878	narX	PA3878	protein_coding	two-component sensor NarX	true	kw_two_component	refseq|kegg|uniprot	false
PA3879	narL	PA3879	protein_coding	transcriptional regulator NarL	true	collectf|go_0003700|go_0006355|producto_refseq	refseq|kegg|uniprot	false
PA3880	anvM	PA3880	protein_coding	hypothetical protein	false		refseq|kegg|uniprot|uniprot_especie	false
PA3881		PA3881	protein_coding	hypothetical protein	false		refseq|kegg|uniprot	false
PA3882		PA3882	protein_coding	hypothetical protein	false		refseq|kegg|uniprot	false
PA3883		PA3883	protein_coding	short-chain dehydrogenase	false		refseq|kegg|uniprot	false
PA3884		PA3884	protein_coding	hypothetical protein	false		refseq|kegg|uniprot	false
PA3885	tpbA	PA3885	protein_coding	protein tyrosine phosphatase TpbA	false		refseq|kegg|uniprot|uniprot_especie	false
PA3886		PA3886	protein_coding	hypothetical protein	false		refseq|kegg|uniprot	false
PA3887	nhaP	PA3887	protein_coding	Na+/H+ antiporter NhaP	false		refseq|kegg|uniprot|uniprot_especie	false
PA3888		PA3888	protein_coding	ABC transporter permease	false		refseq|kegg|uniprot	false
PA3889		PA3889	protein_coding	ABC transporter	false		refseq|kegg|uniprot|uniprot_especie	false
PA3890		PA3890	protein_coding	ABC transporter permease	false		refseq|kegg|uniprot	false
PA3891		PA3891	protein_coding	ABC transporter ATP-binding protein	false		refseq|kegg|uniprot	false
PA3892		PA3892	protein_coding	hypothetical protein	false		refseq|kegg|uniprot	false
PA3893		PA3893	protein_coding	hypothetical protein	false		refseq|kegg|uniprot	false
PA3894		PA3894	protein_coding	hypothetical protein	false		refseq|kegg|uniprot	false
PA3895		PA3895	protein_coding	transcriptional regulator	true	go_0003700|go_0006355|kw_transcription_regulation|producto_refseq	refseq|kegg|uniprot	false
PA3896		PA3896	protein_coding	2-hydroxyacid dehydrogenase	false		refseq|kegg|uniprot	false
PA3897		PA3897	protein_coding	hypothetical protein	false		refseq|kegg|uniprot	false
PA3898		PA3898	protein_coding	transcriptional regulator	true	go_0003700|go_0006355|kw_transcription_regulation|producto_refseq	refseq|kegg|uniprot	false
PA3899		PA3899	protein_coding	RNA polymerase sigma factor	true	go_0006355|kw_sigma_factor|kw_transcription_regulation|producto_refseq	refseq|kegg|uniprot	false
PA3900		PA3900	protein_coding	transmembrane sensor	false		refseq|kegg|uniprot	false
PA3901	fecA	PA3901	protein_coding	Fe(III) dicitrate transporter FecA	false		refseq|kegg|uniprot	false
PA3902	ivy	PA3902	protein_coding	hypothetical protein	false		refseq|kegg|uniprot|uniprot_especie	true
PA3903	prfC	PA3903	protein_coding	peptide chain release factor 3	false		refseq|kegg|uniprot|uniprot_especie	false
PA3904		PA3904	protein_coding	hypothetical protein	false		refseq|kegg|uniprot	false
PA3905		PA3905	protein_coding	hypothetical protein	false		refseq|kegg|uniprot	false
PA3906		PA3906	protein_coding	hypothetical protein	false		refseq|kegg|uniprot	false
PA3907		PA3907	protein_coding	hypothetical protein	false		refseq|kegg|uniprot	false
PA3908		PA3908	protein_coding	hypothetical protein	false		refseq|kegg|uniprot	false
PA3909	eddB	PA3909	protein_coding	extracelullar DNA degradation protein EddB	false		refseq|kegg|uniprot	false
PA3910	eddA	PA3910	protein_coding	extracelullar DNA degradation protein EddA	false		refseq|kegg|uniprot	false
PA3911	ubiT	PA3911	protein_coding	hypothetical protein	false		refseq|kegg|uniprot	false
PA3912	ubiV	PA3912	protein_coding	hypothetical protein	false		refseq|kegg|uniprot	false
PA3913	ubiU	PA3913	protein_coding	protease	false		refseq|kegg|uniprot	false
PA3914	moeA1	PA3914	protein_coding	molybdenum cofactor biosynthesis protein A	false		refseq|kegg|uniprot	false
PA3915	moaB1	PA3915	protein_coding	molybdopterin biosynthesis protein B	false		refseq|kegg|uniprot	false
PA3916	moaE	PA3916	protein_coding	molybdopterin converting factor large subunit	false		refseq|kegg|uniprot|uniprot_especie	false
PA3917	moaD	PA3917	protein_coding	molybdopterin converting factor small subunit	false		refseq|kegg|uniprot	false
PA3918	moaC	PA3918	protein_coding	molybdenum cofactor biosynthesis protein MoaC	false		refseq|kegg|uniprot|uniprot_especie	false
PA3919		PA3919	protein_coding	hypothetical protein	false		refseq|kegg|uniprot	false
PA3920		PA3920	protein_coding	metal transporting P-type ATPase	false		refseq|kegg|uniprot	false
PA3921		PA3921	protein_coding	transcriptional regulator	true	go_0006355|kw_transcription_regulation|producto_refseq	refseq|kegg|uniprot	false
PA3922		PA3922	protein_coding	hypothetical protein	false		refseq|kegg|uniprot|uniprot_especie	false
PA3923		PA3923	protein_coding	hypothetical protein	false		refseq|kegg|uniprot	false
PA3924		PA3924	protein_coding	long-chain-fatty-acid--CoA ligase	false		refseq|kegg|uniprot	false
PA3925		PA3925	protein_coding	acyl-CoA thiolase	false		refseq|kegg|uniprot	false
PA3926		PA3926	protein_coding	major facilitator superfamily transporter	false		refseq|kegg|uniprot	false
PA3927		PA3927	protein_coding	transcriptional regulator	true	go_0003700|go_0006355|kw_transcription_regulation|producto_refseq	refseq|kegg|uniprot	false
PA3928		PA3928	protein_coding	hypothetical protein	false		refseq|kegg|uniprot	false
PA3929	cioB	PA3929	protein_coding	cyanide insensitive terminal oxidase	false		refseq|kegg|uniprot	false
PA3930	cioA	PA3930	protein_coding	cyanide insensitive terminal oxidase	false		refseq|kegg|uniprot	false
PA3931		PA3931	protein_coding	hypothetical protein	false		refseq|kegg|uniprot	false
PA3932		PA3932	protein_coding	transcriptional regulator	true	kw_transcription_regulation|producto_refseq	refseq|kegg|uniprot	false
PA3933		PA3933	protein_coding	choline transporter	false		refseq|kegg|uniprot	false
PA3934		PA3934	protein_coding	hypothetical protein	false		refseq|kegg|uniprot	false
PA3935	tauD	PA3935	protein_coding	taurine dioxygenase	false		refseq|kegg|uniprot	false
PA3936		PA3936	protein_coding	taurine ABC transporter permease	false		refseq|kegg|uniprot	false
PA3937	tauB	PA3937	protein_coding	taurine ABC transporter ATP-binding protein	false		refseq|kegg|uniprot|uniprot_especie	false
PA3938		PA3938	protein_coding	taurine-binding protein	false		refseq|kegg|uniprot	false
PA3939		PA3939	protein_coding	hypothetical protein	false		refseq|kegg|uniprot	false
PA3940		PA3940	protein_coding	DNA binding protein	false		refseq|kegg|uniprot	false
PA3941		PA3941	protein_coding	hypothetical protein	false		refseq|kegg|uniprot	false
PA3942	tesB	PA3942	protein_coding	acyl-CoA thioesterase II	false		refseq|kegg|uniprot	false
PA3943		PA3943	protein_coding	hypothetical protein	false		refseq|kegg|uniprot	false
PA3944		PA3944	protein_coding	hypothetical protein	false		refseq|kegg|uniprot|uniprot_especie	false
PA3945		PA3945	protein_coding	hypothetical protein	false		refseq|kegg|uniprot	false
PA3946	rocS1	PA3946	protein_coding	two-component sensor	true	kw_two_component	refseq|kegg|uniprot	false
PA3947	rocR	PA3947|sadR	protein_coding	DNA-binding response regulator RocR	true	producto_refseq	refseq|kegg|uniprot|uniprot_especie	false
PA3948	rocA1	PA3948	protein_coding	two-component response regulator RocA1	true	go_0003700|go_0006355|kw_transcription_regulation|producto_refseq	refseq|kegg|uniprot	false
PA3949		PA3949	protein_coding	hypothetical protein	false		refseq|kegg|uniprot	false
PA3950		PA3950	protein_coding	ATP-dependent RNA helicase	false		refseq|kegg|uniprot	false
PA3951		PA3951	protein_coding	hypothetical protein	false		refseq|kegg|uniprot	false
PA3952		PA3952	protein_coding	hypothetical protein	false		refseq|kegg|uniprot	false
PA3953		PA3953	protein_coding	hypothetical protein	false		refseq|kegg|uniprot	false
PA3954		PA3954	protein_coding	hypothetical protein	false		refseq|kegg|uniprot	false
PA3955		PA3955	protein_coding	hypothetical protein	false		refseq|kegg|uniprot	false
PA3956		PA3956	protein_coding	hypothetical protein	false		refseq|kegg|uniprot	false
PA3957		PA3957	protein_coding	short-chain dehydrogenase	false		refseq|kegg|uniprot	false
PA3958		PA3958	protein_coding	hypothetical protein	false		refseq|kegg|uniprot	false
PA3959		PA3959	protein_coding	hypothetical protein	false		refseq|kegg|uniprot	false
PA3960		PA3960	protein_coding	hypothetical protein	false		refseq|kegg|uniprot	false
PA3961		PA3961	protein_coding	ATP-dependent helicase	false		refseq|kegg|uniprot	false
PA3962		PA3962	protein_coding	hypothetical protein	false		refseq|kegg|uniprot	false
PA3963		PA3963	protein_coding	transporter	false		refseq|kegg|uniprot	false
PA3965		PA3965	protein_coding	transcriptional regulator	true	go_0006355|kw_transcription_regulation|producto_refseq	refseq|kegg|uniprot	false
PA3966		PA3966	protein_coding	hypothetical protein	false		refseq|kegg|uniprot	false
PA3967		PA3967	protein_coding	hypothetical protein	false		refseq|kegg|uniprot	false
PA3968	rluE	PA3968	protein_coding	pseudouridine synthase	false		refseq|kegg|uniprot|uniprot_especie	false
PA3969		PA3969	protein_coding	hypothetical protein	false		refseq|kegg|uniprot	false
PA3970	amn	PA3970	protein_coding	AMP nucleosidase	false		refseq|kegg|uniprot	true
PA3971		PA3971	protein_coding	hypothetical protein	false		refseq|kegg|uniprot	false
PA3972		PA3972	protein_coding	acyl-CoA dehydrogenase	false		refseq|kegg|uniprot	false
PA3973		PA3973	protein_coding	transcriptional regulator	true	go_0003700|go_0006355|producto_refseq	refseq|kegg|uniprot	false
PA3974	ladS	PA3974	protein_coding	lost adherence sensor LadS	true	kw_two_component	refseq|kegg|uniprot	false
PA3975	thiD	PA3975	protein_coding	phosphomethylpyrimidine kinase	false		refseq|kegg|uniprot	false
PA3976	thiE	PA3976	protein_coding	thiamine-phosphate pyrophosphorylase	false		refseq|kegg|uniprot|uniprot_especie	false
PA3977	hemL	PA3977	protein_coding	glutamate-1-semialdehyde aminotransferase	false		refseq|kegg|uniprot|uniprot_especie	false
PA3978		PA3978	protein_coding	hypothetical protein	false		refseq|kegg|uniprot	false
PA3979		PA3979	protein_coding	hypothetical protein	false		refseq|kegg|uniprot	false
PA3980	miaB	PA3980	protein_coding	(dimethylallyl)adenosine tRNA methylthiotransferase	false		refseq|kegg|uniprot|uniprot_especie	false
PA3981		PA3981	protein_coding	hypothetical protein	false		refseq|kegg|uniprot	false
PA3982	ybeY	PA3982	protein_coding	metalloprotease	false		refseq|kegg|uniprot|uniprot_especie	false
PA3983		PA3983	protein_coding	hypothetical protein	false		refseq|kegg|uniprot	false
PA3984	lnt	PA3984|cutE	protein_coding	apolipoprotein N-acyltransferase	false		refseq|kegg|uniprot|uniprot_especie	true
PA3985		PA3985	protein_coding	hypothetical protein	false		refseq|kegg|uniprot	false
PA3986		PA3986	protein_coding	hypothetical protein	false		refseq|kegg|uniprot	false
PA3987	leuS	PA3987	protein_coding	leucine--tRNA ligase	false		refseq|kegg|uniprot|uniprot_especie	false
PA3988	lptE	PA3988	protein_coding	hypothetical protein	false		refseq|kegg|uniprot	false
PA3989	holA	PA3989	protein_coding	DNA polymerase III subunit delta	false		refseq|kegg|uniprot	false
PA3990		PA3990	protein_coding	hypothetical protein	false		refseq|kegg|uniprot	false
PA3992		PA3992	protein_coding	hypothetical protein	false		refseq|kegg|uniprot	false
PA3993		PA3993	protein_coding	transposase	false		refseq|kegg	false
PA3994		PA3994	protein_coding	epoxide hydrolase	false		refseq|kegg|uniprot	false
PA3995		PA3995	protein_coding	transcriptional regulator	true	go_0003700|go_0006355|kw_transcription_regulation|producto_refseq	refseq|kegg|uniprot	false
PA3996	lis	PA3996	protein_coding	lipoyl synthase	false		refseq|kegg|uniprot|uniprot_especie	true
PA3997	lipB	PA3997	protein_coding	lipoate-protein ligase B	false		refseq|kegg|uniprot|uniprot_especie	false
PA3998		PA3998	protein_coding	hypothetical protein	false		refseq|kegg|uniprot|uniprot_especie	false
PA3999	dacC	PA3999	protein_coding	D-ala-D-ala-carboxypeptidase	false		refseq|kegg|uniprot	false
PA4000	rlpA	PA4000	protein_coding	hypothetical protein	false		refseq|kegg|uniprot|uniprot_especie	false
PA4001	sltB1	PA4001	protein_coding	soluble lytic transglycosylase B	false		refseq|kegg|uniprot	false
PA4002	rodA	PA4002|mrdB	protein_coding	rod shape-determining protein	false		refseq|kegg|uniprot	false
PA4003	pbpA	PA4003|mrdA	protein_coding	penicillin-binding protein 2	false		refseq|kegg|uniprot	false
PA4004	rlmH	PA4004	protein_coding	23S rRNA (pseudouridine(1915)-N(3))-methyltransferase RlmH	false		refseq|kegg|uniprot|uniprot_especie	false
PA4005	rsfS	PA4005	protein_coding	hypothetical protein	false		refseq|kegg|uniprot	false
PA4006	nadD	PA4006	protein_coding	nicotinic acid mononucleotide adenylyltransferase	false		refseq|kegg|uniprot|uniprot_especie	false
PA4007	proA	PA4007	protein_coding	gamma-glutamyl phosphate reductase	false		refseq|kegg|uniprot|uniprot_especie	false
PA4008		PA4008	protein_coding	hydrolase	false		refseq|kegg|uniprot	false
PA4009		PA4009	protein_coding	hypothetical protein	false		refseq|kegg|uniprot	false
PA4010		PA4010	protein_coding	3-methyladenine DNA glycosylase	false		refseq|kegg|uniprot|uniprot_especie	false
PA4011		PA4011	protein_coding	hypothetical protein	false		refseq|kegg|uniprot	false
PA4012		PA4012	protein_coding	hypothetical protein	false		refseq|kegg|uniprot	false
PA4013		PA4013	protein_coding	hypothetical protein	false		refseq|kegg|uniprot	false
PA4014		PA4014	protein_coding	hypothetical protein	false		refseq|kegg|uniprot	false
PA4015		PA4015	protein_coding	hypothetical protein	false		refseq|kegg|uniprot	false
PA4016		PA4016	protein_coding	hypothetical protein	false		refseq|kegg|uniprot	false
PA4017		PA4017	protein_coding	hypothetical protein	false		refseq|kegg|uniprot	false
PA4018		PA4018	protein_coding	hypothetical protein	false		refseq|kegg|uniprot	false
PA4019	ubiX	PA4019	protein_coding	aromatic acid decarboxylase	false		refseq|kegg|uniprot|uniprot_especie	false
PA4020	mpl	PA4020	protein_coding	UDP-N-acetylmuramate:L-alanyl-gamma-D-glutamyl-meso-diaminopimelate ligase	false		refseq|kegg|uniprot	true
PA4021		PA4021	protein_coding	transcriptional regulator	true	kw_transcription_regulation|producto_refseq	refseq|kegg|uniprot	false
PA4022		PA4022	protein_coding	aldehyde dehydrogenase	false		refseq|kegg|uniprot	false
PA4023		PA4023	protein_coding	transporter	false		refseq|kegg|uniprot	false
PA4024	eutB	PA4024	protein_coding	ethanolamine ammonia-lyase large subunit	false		refseq|kegg|uniprot	false
PA4025	eutC	PA4025	protein_coding	ethanolamine ammonia-lyase small subunit	false		refseq|kegg|uniprot|uniprot_especie	false
PA4026		PA4026	protein_coding	acetyltransferase	false		refseq|kegg|uniprot	false
PA4027		PA4027	protein_coding	hypothetical protein	false		refseq|kegg|uniprot	false
PA4029		PA4029	protein_coding	hypothetical protein	false		refseq|kegg|uniprot	false
PA4030		PA4030	protein_coding	hypothetical protein	false		refseq|kegg|uniprot	false
PA4031	ppa	PA4031	protein_coding	inorganic pyrophosphatase	false		refseq|kegg|uniprot|uniprot_especie	true
PA4032		PA4032	protein_coding	two-component response regulator	true	go_0006355|kw_two_component|producto_refseq	refseq|kegg|uniprot	false
PA4033		PA4033	protein_coding	hypothetical protein	false		refseq|kegg|uniprot	false
PA4034	aqpZ	PA4034	protein_coding	aquaporin Z	false		refseq|kegg|uniprot|uniprot_especie	false
PA4035		PA4035	protein_coding	hypothetical protein	false		refseq|kegg|uniprot	false
PA4036		PA4036	protein_coding	two-component sensor	true	kw_two_component	refseq|kegg|uniprot	false
PA4037		PA4037	protein_coding	ABC transporter ATP-binding protein	false		refseq|kegg|uniprot	false
PA4038		PA4038	protein_coding	hypothetical protein	false		refseq|kegg|uniprot	false
PA4039		PA4039	protein_coding	hypothetical protein	false		refseq|kegg|uniprot	false
PA4040		PA4040	protein_coding	hypothetical protein	false		refseq|kegg|uniprot	false
PA4041		PA4041	protein_coding	hypothetical protein	false		refseq|kegg|uniprot	false
PA4042	xseB	PA4042	protein_coding	exodeoxyribonuclease VII small subunit	false		refseq|kegg|uniprot|uniprot_especie	false
PA4043	ispA	PA4043	protein_coding	geranyltranstransferase	false		refseq|kegg|uniprot	false
PA4044	dxs	PA4044	protein_coding	1-deoxy-D-xylulose-5-phosphate synthase	false		refseq|kegg|uniprot|uniprot_especie	true
PA4045		PA4045	protein_coding	hypothetical protein	false		refseq|kegg|uniprot	false
PA4046		PA4046	protein_coding	hypothetical protein	false		refseq|kegg|uniprot	false
PA4047	ribA	PA4047	protein_coding	GTP cyclohydrolase II	false		refseq|kegg|uniprot|uniprot_especie	false
PA4048		PA4048	protein_coding	hypothetical protein	false		refseq|kegg|uniprot	false
PA4049		PA4049	protein_coding	hypothetical protein	false		refseq|kegg|uniprot	false
PA4050	pgpA	PA4050	protein_coding	phosphatidylglycerophosphatase A	false		refseq|kegg|uniprot	false
PA4051	thiL	PA4051	protein_coding	thiamine monophosphate kinase	false		refseq|kegg|uniprot	false
PA4052	nusB	PA4052	protein_coding	transcription antitermination protein NusB	true	kw_transcription_regulation	refseq|kegg|uniprot|uniprot_especie	false
PA4053	ribE	PA4053|ribH	protein_coding	6,7-dimethyl-8-ribityllumazine synthase	false		refseq|kegg|uniprot|uniprot_especie	false
PA4054	ribB	PA4054	protein_coding	3,4-dihydroxy-2-butanone-4-phosphate synthase	false		refseq|kegg|uniprot|uniprot_especie	false
PA4055	ribC	PA4055	protein_coding	riboflavin synthase subunit alpha	false		refseq|kegg|uniprot	false
PA4056	ribD	PA4056	protein_coding	riboflavin-specific deaminase/reductase	false		refseq|kegg|uniprot	false
PA4057	nrdR	PA4057	protein_coding	transcriptional regulator NrdR	true	kw_transcription_regulation|producto_refseq	refseq|kegg|uniprot|uniprot_especie	false
PA4058		PA4058	pseudogene	pseudogene	false		refseq|kegg|uniprot	false
PA4060		PA4060	protein_coding	hypothetical protein	false		refseq|kegg|uniprot	false
PA4061		PA4061	protein_coding	thioredoxin	false		refseq|kegg|uniprot	false
PA4062		PA4062	protein_coding	hypothetical protein	false		refseq|kegg|uniprot	false
PA4063		PA4063	protein_coding	hypothetical protein	false		refseq|kegg|uniprot	false
PA4064		PA4064	protein_coding	ABC transporter ATP-binding protein	false		refseq|kegg|uniprot	false
PA4065		PA4065	protein_coding	hypothetical protein	false		refseq|kegg|uniprot	false
PA4066		PA4066	protein_coding	hypothetical protein	false		refseq|kegg|uniprot	false
PA4067	oprG	PA4067	protein_coding	outer membrane protein OprG	false		refseq|kegg|uniprot	false
PA4068		PA4068	protein_coding	epimerase	false		refseq|kegg|uniprot	false
PA4069		PA4069	protein_coding	hypothetical protein	false		refseq|kegg|uniprot	false
PA4070		PA4070	protein_coding	FeaR family transcriptional regulator	true	go_0003700|go_0006355|kw_transcription_regulation|producto_refseq	refseq|kegg|uniprot	false
PA4071		PA4071	protein_coding	hypothetical protein	false		refseq|kegg|uniprot	false
PA4072		PA4072	protein_coding	amino acid permease	false		refseq|kegg|uniprot	false
PA4073		PA4073	protein_coding	aldehyde dehydrogenase	false		refseq|kegg|uniprot	false
PA4074		PA4074	protein_coding	transcriptional regulator	true	go_0006355|kw_transcription_regulation|producto_refseq	refseq|kegg|uniprot	false
PA4075		PA4075	protein_coding	hypothetical protein	false		refseq|kegg|uniprot	false
PA4076		PA4076	protein_coding	hypothetical protein	false		refseq|kegg|uniprot	false
PA4077		PA4077	protein_coding	transcriptional regulator	true	producto_refseq	refseq|kegg|uniprot	false
PA4078		PA4078	protein_coding	nonribosomal peptide synthetase	false		refseq|kegg|uniprot	false
PA4079		PA4079	protein_coding	short-chain dehydrogenase	false		refseq|kegg|uniprot	false
PA4080		PA4080	protein_coding	response regulator	true	go_0006355|producto_refseq	refseq|kegg|uniprot	false
PA4081	cupB6	PA4081	protein_coding	fimbrial subunit CupB6	false		refseq|kegg|uniprot	false
PA4082	cupB5	PA4082	protein_coding	adhesive protein CupB5	false		refseq|kegg|uniprot	false
PA4083	cupB4	PA4083	protein_coding	chaperone CupB4	false		refseq|kegg|uniprot	false
PA4084	cupB3	PA4084	protein_coding	usher CupB3	false		refseq|kegg|uniprot	false
PA4085	cupB2	PA4085	protein_coding	chaperone CupB2	false		refseq|kegg|uniprot	false
PA4086	cupB1	PA4086	protein_coding	fimbrial subunit CupB1	false		refseq|kegg|uniprot	false
PA4087		PA4087	protein_coding	hypothetical protein	false		refseq|kegg|uniprot	false
PA4088		PA4088	protein_coding	aminotransferase	false		refseq|kegg|uniprot	false
PA4089		PA4089	protein_coding	3-ketoacyl-ACP reductase	false		refseq|kegg|uniprot	false
PA4090		PA4090	protein_coding	hypothetical protein	false		refseq|kegg|uniprot	false
PA4091	hpaA	PA4091|hpaB	protein_coding	4-hydroxyphenylacetate 3-monooxygenase large subunit	false		refseq|kegg|uniprot|uniprot_especie	false
PA4092	hpaC	PA4092	protein_coding	4-hydroxyphenylacetate 3-monooxygenase small subunit	false		refseq|kegg|uniprot|uniprot_especie	false
PA4093		PA4093	protein_coding	hypothetical protein	false		refseq|kegg|uniprot	false
PA4094		PA4094	protein_coding	transcriptional regulator	true	go_0003700|go_0006355|kw_transcription_regulation|producto_refseq	refseq|kegg|uniprot	false
PA4095		PA4095	protein_coding	hypothetical protein	false		refseq|kegg|uniprot	false
PA4096		PA4096	protein_coding	major facilitator superfamily transporter	false		refseq|kegg|uniprot	false
PA4097		PA4097	protein_coding	alcohol dehydrogenase	false		refseq|kegg|uniprot	false
PA4098		PA4098	protein_coding	short-chain dehydrogenase	false		refseq|kegg|uniprot	false
PA4099		PA4099	protein_coding	hypothetical protein	false		refseq|kegg|uniprot	false
PA4100		PA4100	protein_coding	dehydrogenase	false		refseq|kegg|uniprot	false
PA4101	bfmR	PA4101	protein_coding	protein BfmR	true	go_0006355|kw_transcription_regulation|kw_two_component	refseq|kegg|uniprot	false
PA4102	bfmS	PA4102	protein_coding	protein BfmS	true	kw_two_component	refseq|kegg|uniprot	false
PA4103		PA4103	protein_coding	hypothetical protein	false		refseq|kegg|uniprot	false
PA4104		PA4104	protein_coding	hypothetical protein	false		refseq|kegg|uniprot	false
PA4105		PA4105	protein_coding	hypothetical protein	false		refseq|kegg|uniprot	false
PA4106		PA4106	protein_coding	hypothetical protein	false		refseq|kegg|uniprot|uniprot_especie	false
PA4107		PA4107	protein_coding	hypothetical protein	false		refseq|kegg|uniprot	false
PA4108		PA4108	protein_coding	cyclic di-GMP phosphodiesterase	false		refseq|kegg|uniprot|uniprot_especie	false
PA4109	ampR	PA4109	protein_coding	transcriptional regulator AmpR	true	collectf|go_0003700|go_0006355|kw_transcription_regulation|producto_refseq	refseq|kegg|uniprot|uniprot_especie	false
PA4110	ampC	PA4110	protein_coding	beta-lactamase	false		refseq|kegg|uniprot|uniprot_especie	false
PA4111		PA4111	protein_coding	hypothetical protein	false		refseq|kegg|uniprot	false
PA4112		PA4112	protein_coding	sensor/response regulator hybrid protein	true	go_0006355|kw_two_component|producto_refseq	refseq|kegg|uniprot	false
PA4113	sotB	PA4113	protein_coding	sugar efflux transporter	false		refseq|kegg|uniprot|uniprot_especie	false
PA4114		PA4114	protein_coding	spermidine acetyltransferase	false		refseq|kegg|uniprot	false
PA4115		PA4115	protein_coding	hypothetical protein	false		refseq|kegg|uniprot	false
PA4116	bphO	PA4116	protein_coding	heme oxygenase BphO	false		refseq|kegg|uniprot	false
PA4117	bphP	PA4117	protein_coding	phytochrome BphP	true	go_0006355	refseq|kegg|uniprot|uniprot_especie	false
PA4118		PA4118	protein_coding	hypothetical protein	false		refseq|kegg|uniprot	false
PA4119	aph	PA4119	protein_coding	aminoglycoside 3-N-acetyltransferase	false		refseq|kegg|uniprot	true
PA4120		PA4120	protein_coding	transcriptional regulator	true	go_0003700|go_0006355|kw_transcription_regulation|producto_refseq	refseq|kegg|uniprot	false
PA4121		PA4121	protein_coding	hypothetical protein	false		refseq|kegg|uniprot	false
PA4122		PA4122	protein_coding	hypothetical protein	false		refseq|kegg|uniprot	false
PA4123	hpcC	PA4123	protein_coding	5-carboxy-2-hydroxymuconate semialdehyde dehydrogenase	false		refseq|kegg|uniprot	false
PA4124	hpcB	PA4124	protein_coding	homoprotocatechuate 2,3-dioxygenase	false		refseq|kegg|uniprot	false
PA4125	hpcD	PA4125	protein_coding	5-carboxymethyl-2-hydroxymuconate isomerase	false		refseq|kegg|uniprot	false
PA4126		PA4126	protein_coding	major facilitator superfamily transporter	false		refseq|kegg|uniprot	false
PA4127	hpcG	PA4127	protein_coding	2-oxo-hepta-3-ene-1,7-dioic acid hydratase	false		refseq|kegg|uniprot	false
PA4128		PA4128	protein_coding	2,4-dihydroxyhept-2-ene-1,7-dioic acid aldolase	false		refseq|kegg|uniprot	false
PA4129		PA4129	protein_coding	hypothetical protein	false		refseq|kegg|uniprot	false
PA4130		PA4130	protein_coding	sulfite/nitrite reductase	false		refseq|kegg|uniprot	false
PA4131		PA4131	protein_coding	iron-sulfur protein	false		refseq|kegg|uniprot	false
PA4132		PA4132	protein_coding	hypothetical protein	true	go_0003700|kw_transcription_regulation	refseq|kegg|uniprot	false
PA4133		PA4133	protein_coding	cbb3-type cytochrome C oxidase subunit I	false		refseq|kegg|uniprot	false
PA4134		PA4134	protein_coding	hypothetical protein	false		refseq|kegg|uniprot	false
PA4135		PA4135	protein_coding	transcriptional regulator	true	go_0003700|go_0006355|producto_refseq	refseq|kegg|uniprot	false
PA4136		PA4136	protein_coding	major facilitator superfamily transporter	false		refseq|kegg|uniprot	false
PA4137		PA4137	protein_coding	porin	false		refseq|kegg|uniprot	false
PA4138	tyrS	PA4138|tyrS1	protein_coding	tyrosine--tRNA ligase	false		refseq|kegg|uniprot|uniprot_especie	false
PA4139		PA4139	protein_coding	hypothetical protein	false		refseq|kegg|uniprot	false
PA4140		PA4140	protein_coding	hypothetical protein	false		refseq|kegg|uniprot	false
PA4141		PA4141	protein_coding	hypothetical protein	false		refseq|kegg|uniprot	false
PA4142		PA4142	protein_coding	secretion protein	false		refseq|kegg|uniprot	false
PA4143		PA4143	protein_coding	toxin transporter	false		refseq|kegg|uniprot	false
PA4144		PA4144	protein_coding	hypothetical protein	false		refseq|kegg|uniprot	false
PA4145		PA4145	protein_coding	transcriptional regulator	true	go_0003700|go_0006355|kw_transcription_regulation|producto_refseq	refseq|kegg|uniprot	false
PA4147	acoR	PA4147	protein_coding	transcriptional regulator AcoR	true	kw_transcription_regulation|producto_refseq	refseq|kegg|uniprot	false
PA4148		PA4148	protein_coding	short-chain dehydrogenase	false		refseq|kegg|uniprot	false
PA4149		PA4149	protein_coding	hypothetical protein	false		refseq|kegg|uniprot	false
PA4150		PA4150	protein_coding	dehydrogenase E1 component	false		refseq|kegg|uniprot	false
PA4151	acoB	PA4151	protein_coding	acetoin catabolism protein AcoB	false		refseq|kegg|uniprot	false
PA4152		PA4152	protein_coding	branched-chain alpha-keto acid dehydrogenase subunit E2	false		refseq|kegg|uniprot	false
PA4153		PA4153	protein_coding	2,3-butanediol dehydrogenase	false		refseq|kegg|uniprot	false
PA4154		PA4154	protein_coding	hypothetical protein	false		refseq|kegg|uniprot	false
PA4155		PA4155	protein_coding	hypothetical protein	false		refseq|kegg|uniprot	false
PA4156		PA4156	protein_coding	TonB-dependent receptor	false		refseq|kegg|uniprot	false
PA4157		PA4157	protein_coding	transcriptional regulator	true	go_0003700|kw_transcription_regulation|producto_refseq	refseq|kegg|uniprot	false
PA4158	fepC	PA4158	protein_coding	ferric enterobactin transporter FepC	false		refseq|kegg|uniprot	false
PA4159	fepB	PA4159	protein_coding	iron-enterobactin transporter periplasmic binding protein	false		refseq|kegg|uniprot	false
PA4160	fepD	PA4160	protein_coding	ferric enterobactin transporter FepD	false		refseq|kegg|uniprot	false
PA4161	fepG	PA4161	protein_coding	ferric enterobactin transporter FepG	false		refseq|kegg|uniprot	false
PA4162		PA4162	protein_coding	short-chain dehydrogenase	false		refseq|kegg|uniprot	false
PA4163		PA4163	protein_coding	amidase	false		refseq|kegg|uniprot	false
PA4164		PA4164	protein_coding	hypothetical protein	false		refseq|kegg|uniprot	false
PA4165		PA4165	protein_coding	transcriptional regulator	true	go_0003700|kw_transcription_regulation|producto_refseq	refseq|kegg|uniprot	false
PA4166		PA4166	protein_coding	acetyltransferase	false		refseq|kegg|uniprot	false
PA4167		PA4167	protein_coding	2,5-diketo-D-gluconate reductase B	false		refseq|kegg|uniprot	false
PA4168	fpvB	PA4168	protein_coding	second ferric pyoverdine receptor FpvB	false		refseq|kegg|uniprot	false
PA4169		PA4169	protein_coding	hypothetical protein	true	go_0003700|go_0006355	refseq|kegg|uniprot	false
PA4170		PA4170	protein_coding	hypothetical protein	false		refseq|kegg|uniprot	false
PA4171		PA4171	protein_coding	protease	false		refseq|kegg|uniprot	false
PA4172		PA4172	protein_coding	nuclease	false		refseq|kegg|uniprot	false
PA4173		PA4173	protein_coding	hypothetical protein	false		refseq|kegg|uniprot	false
PA4174		PA4174	protein_coding	transcriptional regulator	true	go_0003700|kw_transcription_regulation|producto_refseq	refseq|kegg|uniprot	false
PA4175	piv	PA4175|prpL	protein_coding	endopeptidase IV	false		refseq|kegg|uniprot|uniprot_especie	true
PA4176	ppiC2	PA4176	protein_coding	peptidyl-prolyl cis-trans isomerase C2	false		refseq|kegg|uniprot	false
PA4177		PA4177	protein_coding	hypothetical protein	false		refseq|kegg|uniprot	false
PA4178		PA4178	protein_coding	hypothetical protein	false		refseq|kegg|uniprot	false
PA4179		PA4179	protein_coding	porin	false		refseq|kegg|uniprot	false
PA4180		PA4180	protein_coding	acetolactate synthase	false		refseq|kegg|uniprot	false
PA4181		PA4181	protein_coding	hypothetical protein	false		refseq|kegg|uniprot	false
PA4182		PA4182	protein_coding	hypothetical protein	false		refseq|kegg|uniprot	false
PA4183		PA4183	protein_coding	hypothetical protein	false		refseq|kegg|uniprot	false
PA4184		PA4184	protein_coding	transcriptional regulator	true	go_0003700|go_0006355|kw_transcription_regulation|producto_refseq	refseq|kegg|uniprot	false
PA4185		PA4185	protein_coding	transcriptional regulator	true	go_0003700|go_0006355|kw_transcription_regulation|producto_refseq	refseq|kegg|uniprot	false
PA4186		PA4186	protein_coding	hypothetical protein	false		refseq|kegg|uniprot	false
PA4187		PA4187	protein_coding	major facilitator superfamily transporter	false		refseq|kegg|uniprot	false
PA4188		PA4188	protein_coding	hypothetical protein	false		refseq|kegg|uniprot	false
PA4189		PA4189	protein_coding	aldehyde dehydrogenase	false		refseq|kegg|uniprot|uniprot_especie	false
PA4190	pqsL	PA4190	protein_coding	monooxygenase	false		refseq|kegg|uniprot	false
PA4191		PA4191	protein_coding	iron/ascorbate oxidoreductase	false		refseq|kegg|uniprot	false
PA4192		PA4192	protein_coding	ABC transporter ATP-binding protein	false		refseq|kegg|uniprot	false
PA4193		PA4193	protein_coding	ABC transporter permease	false		refseq|kegg|uniprot	false
PA4194		PA4194	protein_coding	ABC transporter permease	false		refseq|kegg|uniprot	false
PA4195		PA4195	protein_coding	ABC transporter	false		refseq|kegg|uniprot	false
PA4196	bfiR	PA4196	protein_coding	protein BfiR	true	go_0006355|kw_transcription_regulation	refseq|kegg|uniprot	false
PA4197	bfiS	PA4197	protein_coding	protein BfiS	false		refseq|kegg|uniprot	false
PA4198		PA4198	protein_coding	acyl-CoA synthetase	false		refseq|kegg|uniprot	false
PA4199		PA4199	protein_coding	acyl-CoA dehydrogenase	false		refseq|kegg|uniprot	false
PA4200		PA4200	protein_coding	hypothetical protein	false		refseq|kegg|uniprot	false
PA4201	ddlA	PA4201	protein_coding	D-alanine--D-alanine ligase	false		refseq|kegg|uniprot|uniprot_especie	false
PA4202	nmoA	PA4202	protein_coding	hypothetical protein	false		refseq|kegg|uniprot|uniprot_especie	false
PA4203	nmoR	PA4203	protein_coding	transcriptional regulator	true	go_0003700|go_0006355|kw_transcription_regulation|producto_refseq	refseq|kegg|uniprot|uniprot_especie	false
PA4204	ppgL	PA4204	protein_coding	gluconolactonase PpgL	false		refseq|kegg|uniprot	false
PA4205	mexG	PA4205	protein_coding	hypothetical protein	false		refseq|kegg|uniprot	false
PA4206	mexH	PA4206	protein_coding	resistance-nodulation-cell division (RND) efflux membrane fusion protein	false		refseq|kegg|uniprot	false
PA4207	mexI	PA4207	protein_coding	resistance-nodulation-cell division (RND) efflux transporter	false		refseq|kegg|uniprot	false
PA4208	opmD	PA4208	protein_coding	hypothetical protein	false		refseq|kegg|uniprot	false
PA4209	phzM	PA4209	protein_coding	phenazine-specific methyltransferase	false		refseq|kegg|uniprot|uniprot_especie	false
PA4210	phzA1	PA4210	protein_coding	phenazine biosynthesis protein	false		refseq|kegg|uniprot|uniprot_especie	false
PA4211	phzB1	PA4211	protein_coding	phenazine biosynthesis protein	false		refseq|kegg|uniprot|uniprot_especie	false
PA4212	phzC1	PA4212	protein_coding	phenazine biosynthesis protein PhzC	false		refseq|kegg|uniprot	false
PA4213	phzD1	PA4213|phzD	protein_coding	phenazine biosynthesis protein PhzD	false		refseq|kegg|uniprot|uniprot_especie	false
PA4214	phzE1	PA4214	protein_coding	phenazine biosynthesis protein PhzE	false		refseq|kegg|uniprot	false
PA4215	phzF1	PA4215|phzF	protein_coding	trans-2,3-dihydro-3-hydroxyanthranilate isomerase	false		refseq|kegg|uniprot|uniprot_especie	false
PA4216	phzG1	PA4216	protein_coding	pyridoxamine 5'-phosphate oxidase	false		refseq|kegg|uniprot	false
PA4217	phzS	PA4217	protein_coding	hypothetical protein	false		refseq|kegg|uniprot|uniprot_especie	false
PA4218		PA4218	protein_coding	transporter	false		refseq|kegg|uniprot	false
PA4219		PA4219	protein_coding	hypothetical protein	false		refseq|kegg|uniprot|uniprot_especie	false
PA4220	fptB	PA4220	protein_coding	hypothetical protein	false		refseq|kegg|uniprot|uniprot_especie	false
PA4221	fptA	PA4221	protein_coding	Fe(III)-pyochelin outer membrane receptor	false		refseq|kegg|uniprot|uniprot_especie	false
PA4222		PA4222	protein_coding	ABC transporter ATP-binding protein	false		refseq|kegg|uniprot	false
PA4223		PA4223	protein_coding	ABC transporter ATP-binding protein	false		refseq|kegg|uniprot	false
PA4224	pchG	PA4224	protein_coding	pyochelin biosynthetic protein PchG	false		refseq|kegg|uniprot	false
PA4225	pchF	PA4225	protein_coding	pyochelin synthetase	false		refseq|kegg|uniprot|uniprot_especie	false
PA4226	pchE	PA4226	protein_coding	dihydroaeruginoic acid synthetase	false		refseq|kegg|uniprot|uniprot_especie	false
PA4227	pchR	PA4227	protein_coding	transcriptional regulator PchR	true	collectf|kw_transcription_regulation|producto_refseq	refseq|kegg|uniprot|uniprot_especie	false
PA4228	pchD	PA4228	protein_coding	2,3-dihydroxybenzoate-AMP ligase	false		refseq|kegg|uniprot|uniprot_especie	false
PA4229	pchC	PA4229	protein_coding	pyochelin biosynthetic protein PchC	false		refseq|kegg|uniprot	false
PA4230	pchB	PA4230	protein_coding	isochorismate-pyruvate lyase	false		refseq|kegg|uniprot|uniprot_especie	false
PA4231	pchA	PA4231	protein_coding	salicylate biosynthesis isochorismate synthase	false		refseq|kegg|uniprot|uniprot_especie	false
PA4232	ssb	PA4232	protein_coding	single-stranded DNA-binding protein	false		refseq|kegg|uniprot|uniprot_especie	true
PA4233		PA4233	protein_coding	major facilitator superfamily transporter	false		refseq|kegg|uniprot	false
PA4234	uvrA	PA4234	protein_coding	excinuclease ABC subunit A	false		refseq|kegg|uniprot|uniprot_especie	false
PA4235	bfrA	PA4235|ftnA	protein_coding	bacterioferritin	false		refseq|kegg|uniprot|uniprot_especie	false
PA4236	katA	PA4236	protein_coding	catalase	false		refseq|kegg|uniprot|uniprot_especie	false
PA4237	rplQ	PA4237	protein_coding	50S ribosomal protein L17	false		refseq|kegg|uniprot|uniprot_especie	false
PA4238	rpoA	PA4238	protein_coding	DNA-directed RNA polymerase subunit alpha	false		refseq|kegg|uniprot|uniprot_especie	false
PA4239	rpsD	PA4239	protein_coding	30S ribosomal protein S4	false		refseq|kegg|uniprot|uniprot_especie	false
PA4240	rpsK	PA4240	protein_coding	30S ribosomal protein S11	false		refseq|kegg|uniprot|uniprot_especie	false
PA4241	rpsM	PA4241	protein_coding	30S ribosomal protein S13	false		refseq|kegg|uniprot|uniprot_especie	false
PA4242	rpmJ	PA4242|rpmJ1	protein_coding	50S ribosomal protein L36	false		refseq|kegg|uniprot|uniprot_especie	false
PA4243	secY	PA4243	protein_coding	preprotein translocase subunit SecY	false		refseq|kegg|uniprot|uniprot_especie	false
PA4244	rplO	PA4244	protein_coding	50S ribosomal protein L15	false		refseq|kegg|uniprot|uniprot_especie	false
PA4245	rpmD	PA4245	protein_coding	50S ribosomal protein L30	false		refseq|kegg|uniprot|uniprot_especie	false
PA4246	rpsE	PA4246	protein_coding	30S ribosomal protein S5	false		refseq|kegg|uniprot|uniprot_especie	false
PA4247	rplR	PA4247	protein_coding	50S ribosomal protein L18	false		refseq|kegg|uniprot|uniprot_especie	false
PA4248	rplF	PA4248	protein_coding	50S ribosomal protein L6	false		refseq|kegg|uniprot|uniprot_especie	false
PA4249	rpsH	PA4249	protein_coding	30S ribosomal protein S8	false		refseq|kegg|uniprot|uniprot_especie	false
PA4250	rpsN	PA4250	protein_coding	30S ribosomal protein S14	false		refseq|kegg|uniprot|uniprot_especie	false
PA4251	rplE	PA4251	protein_coding	50S ribosomal protein L5	false		refseq|kegg|uniprot|uniprot_especie	false
PA4252	rplX	PA4252	protein_coding	50S ribosomal protein L24	false		refseq|kegg|uniprot|uniprot_especie	false
PA4253	rplN	PA4253	protein_coding	50S ribosomal protein L14	false		refseq|kegg|uniprot|uniprot_especie	false
PA4254	rpsQ	PA4254	protein_coding	30S ribosomal protein S17	false		refseq|kegg|uniprot|uniprot_especie	false
PA4255	rpmC	PA4255	protein_coding	50S ribosomal protein L29	false		refseq|kegg|uniprot|uniprot_especie	false
PA4256	rplP	PA4256	protein_coding	50S ribosomal protein L16	false		refseq|kegg|uniprot|uniprot_especie	false
PA4257	rpsC	PA4257	protein_coding	30S ribosomal protein S3	false		refseq|kegg|uniprot|uniprot_especie	false
PA4258	rplV	PA4258	protein_coding	50S ribosomal protein L22	false		refseq|kegg|uniprot|uniprot_especie	false
PA4259	rpsS	PA4259	protein_coding	30S ribosomal protein S19	false		refseq|kegg|uniprot|uniprot_especie	false
PA4260	rplB	PA4260	protein_coding	50S ribosomal protein L2	false		refseq|kegg|uniprot|uniprot_especie	false
PA4261	rplW	PA4261	protein_coding	50S ribosomal protein L23	false		refseq|kegg|uniprot|uniprot_especie	false
PA4262	rplD	PA4262	protein_coding	50S ribosomal protein L4	false		refseq|kegg|uniprot|uniprot_especie	false
PA4263	rplC	PA4263	protein_coding	50S ribosomal protein L3	false		refseq|kegg|uniprot|uniprot_especie	false
PA4264	rpsJ	PA4264	protein_coding	30S ribosomal protein S10	false		refseq|kegg|uniprot|uniprot_especie	false
PA4265	tufA	PA4265	protein_coding	elongation factor Tu	false		refseq|kegg	false
PA4266	fusA1	PA4266|fusA	protein_coding	elongation factor G	false		refseq|kegg|uniprot|uniprot_especie	false
PA4267	rpsG	PA4267	protein_coding	30S ribosomal protein S7	false		refseq|kegg|uniprot|uniprot_especie	false
PA4268	rpsL	PA4268	protein_coding	30S ribosomal protein S12	false		refseq|kegg|uniprot|uniprot_especie	false
PA4269	rpoC	PA4269	protein_coding	DNA-directed RNA polymerase subunit beta	false		refseq|kegg|uniprot|uniprot_especie	false
PA4270	rpoB	PA4270	protein_coding	DNA-directed RNA polymerase subunit beta	false		refseq|kegg|uniprot|uniprot_especie	false
PA4270.1		PA4270.1	ncRNA	P26	false		refseq|kegg	false
PA4271	rplL	PA4271	protein_coding	50S ribosomal protein L7/L12	false		refseq|kegg|uniprot|uniprot_especie	false
PA4272	rplJ	PA4272	protein_coding	50S ribosomal protein L10	false		refseq|kegg|uniprot|uniprot_especie	false
PA4272.1		PA4272.1	ncRNA	P27	false		refseq|kegg	false
PA4273	rplA	PA4273	protein_coding	50S ribosomal protein L1	false		refseq|kegg|uniprot|uniprot_especie	false
PA4274	rplK	PA4274	protein_coding	50S ribosomal protein L11	false		refseq|kegg|uniprot|uniprot_especie	false
PA4275	nusG	PA4275	protein_coding	transcription antitermination protein NusG	true	kw_transcription_regulation	refseq|kegg|uniprot|uniprot_especie	false
PA4276	secE	PA4276	protein_coding	preprotein translocase subunit SecE	false		refseq|kegg|uniprot|uniprot_especie	false
PA4276.1		PA4276.1	tRNA	tRNA-Trp	false		refseq|kegg	false
PA4277	tufB	PA4277	protein_coding	elongation factor Tu	false		refseq|kegg|uniprot|uniprot_especie	false
PA4277.1		PA4277.1	tRNA	tRNA-Thr	false		refseq|kegg	false
PA4277.2		PA4277.2	tRNA	tRNA-Gly	false		refseq|kegg	false
PA4277.3		PA4277.3	tRNA	tRNA-Tyr	false		refseq|kegg	false
PA4278		PA4278	protein_coding	hypothetical protein	false		refseq|kegg|uniprot	false
PA4279	coaX	PA4279|coaA	protein_coding	pantothenate kinase	false		refseq|kegg|uniprot|uniprot_especie	false
PA4280	birA	PA4280	protein_coding	biotin--protein ligase	true	go_0006355|kw_transcription_regulation	refseq|kegg|uniprot	false
PA4280.1		PA4280.1	rRNA	5S ribosomal RNA	false		refseq|kegg	false
PA4280.2		PA4280.2	rRNA	23S ribosomal RNA	false		refseq|kegg	false
PA4280.3		PA4280.3	tRNA	tRNA-Ala	false		refseq|kegg	false
PA4280.4		PA4280.4	tRNA	tRNA-Ile	false		refseq|kegg	false
PA4280.5		PA4280.5	rRNA	16S ribosomal RNA	false		refseq|kegg	false
PA4281	sbcD	PA4281	protein_coding	exonuclease SbcD	false		refseq|kegg|uniprot	false
PA4282	sbcC	PA4282	protein_coding	exonuclease	false		refseq|kegg|uniprot|uniprot_especie	false
PA4283	recD	PA4283	protein_coding	exodeoxyribonuclease V subunit alpha	false		refseq|kegg|uniprot	false
PA4284	recB	PA4284	protein_coding	exodeoxyribonuclease V subunit beta	false		refseq|kegg|uniprot	false
PA4285	recC	PA4285	protein_coding	exodeoxyribonuclease V subunit gamma	false		refseq|kegg|uniprot	false
PA4286		PA4286	protein_coding	hypothetical protein	false		refseq|kegg|uniprot	false
PA4287		PA4287	protein_coding	hypothetical protein	false		refseq|kegg|uniprot	false
PA4288		PA4288	protein_coding	transcriptional regulator	true	go_0003700|go_0006355|kw_transcription_regulation|producto_refseq	refseq|kegg|uniprot	false
PA4289		PA4289	protein_coding	transporter	false		refseq|kegg|uniprot	false
PA4290		PA4290	protein_coding	chemotaxis transducer	false		refseq|kegg|uniprot	false
PA4291		PA4291	protein_coding	hypothetical protein	false		refseq|kegg|uniprot	false
PA4292		PA4292	protein_coding	phosphate transporter	false		refseq|kegg|uniprot	false
PA4293	pprA	PA4293	protein_coding	two-component sensor PprA	true	kw_two_component	refseq|kegg|uniprot|uniprot_especie	false
PA4294		PA4294	protein_coding	hypothetical protein	false		refseq|kegg|uniprot	false
PA4295	fppA	PA4295	protein_coding	Flp prepilin peptidase FppA	false		refseq|kegg|uniprot	false
PA4296	pprB	PA4296	protein_coding	two-component response regulator PprB	true	go_0003700|go_0006355|kw_transcription_regulation|kw_two_component|producto_refseq	refseq|kegg|uniprot|uniprot_especie	false
PA4297	tadG	PA4297	protein_coding	hypothetical protein	false		refseq|kegg|uniprot	false
PA4298		PA4298	protein_coding	hypothetical protein	false		refseq|kegg|uniprot	false
PA4299	tadD	PA4299	protein_coding	type II secretion system protein TadD	false		refseq|kegg|uniprot|uniprot_especie	false
PA4300	tadC	PA4300	protein_coding	type II secretion system protein TadC	false		refseq|kegg|uniprot	false
PA4301	tadB	PA4301	protein_coding	type II secretion system protein TadB	false		refseq|kegg|uniprot	false
PA4302	tadA	PA4302	protein_coding	ATPase TadA	false		refseq|kegg|uniprot	false
PA4303	tadZ	PA4303	protein_coding	hypothetical protein	false		refseq|kegg|uniprot	false
PA4304	rcpA	PA4304	protein_coding	type II/III secretion system protein	false		refseq|kegg|uniprot	false
PA4305	rcpC	PA4305	protein_coding	hypothetical protein	false		refseq|kegg|uniprot	false
PA4306	flp	PA4306	protein_coding	type IVb pilin Flp	false		refseq|kegg|uniprot	true
PA4307	pctC	PA4307	protein_coding	chemotactic transducer PctC	false		refseq|kegg|uniprot|uniprot_especie	false
PA4308		PA4308	protein_coding	hypothetical protein	false		refseq|kegg|uniprot	false
PA4309	pctA	PA4309	protein_coding	chemotactic transducer PctA	false		refseq|kegg|uniprot|uniprot_especie	false
PA4310	pctB	PA4310	protein_coding	chemotactic transducer PctB	false		refseq|kegg|uniprot|uniprot_especie	false
PA4311		PA4311	protein_coding	hypothetical protein	false		refseq|kegg|uniprot	false
PA4312		PA4312	protein_coding	hypothetical protein	false		refseq|kegg|uniprot	false
PA4313		PA4313	protein_coding	hypothetical protein	false		refseq|kegg|uniprot	false
PA4314	purU1	PA4314|purU	protein_coding	formyltetrahydrofolate deformylase	false		refseq|kegg|uniprot	false
PA4315	mvaT	PA4315	protein_coding	transcriptional regulator MvaT	true	producto_refseq	refseq|kegg|uniprot	false
PA4316	sbcB	PA4316	protein_coding	exonuclease I	false		refseq|kegg|uniprot	false
PA4317		PA4317	protein_coding	hypothetical protein	false		refseq|kegg|uniprot	false
PA4318		PA4318	protein_coding	hypothetical protein	false		refseq|kegg|uniprot	false
PA4319		PA4319	protein_coding	hypothetical protein	false		refseq|kegg|uniprot	false
PA4320		PA4320	protein_coding	hypothetical protein	false		refseq|kegg|uniprot	false
PA4321		PA4321	protein_coding	hypothetical protein	false		refseq|kegg|uniprot	false
PA4322		PA4322	protein_coding	hypothetical protein	false		refseq|kegg|uniprot	false
PA4323		PA4323	protein_coding	hypothetical protein	false		refseq|kegg|uniprot	false
PA4324		PA4324	protein_coding	hypothetical protein	false		refseq|kegg|uniprot	false
PA4325		PA4325	protein_coding	hypothetical protein	false		refseq|kegg|uniprot	false
PA4326		PA4326	protein_coding	hypothetical protein	false		refseq|kegg|uniprot	false
PA4327		PA4327	protein_coding	hypothetical protein	false		refseq|kegg|uniprot	false
PA4328		PA4328	protein_coding	hypothetical protein	false		refseq|kegg|uniprot	false
PA4329	pykA	PA4329	protein_coding	pyruvate kinase	false		refseq|kegg|uniprot	false
PA4330		PA4330	protein_coding	enoyl-CoA hydratase	false		refseq|kegg|uniprot	false
PA4331		PA4331	protein_coding	hypothetical protein	false		refseq|kegg|uniprot	false
PA4332		PA4332	protein_coding	hypothetical protein	false		refseq|kegg|uniprot	false
PA4333		PA4333	protein_coding	fumarase	false		refseq|kegg|uniprot	false
PA4334	mntH1	PA4334	protein_coding	manganese transporter MntH	false		refseq|kegg|uniprot|uniprot_especie	false
PA4335		PA4335	protein_coding	hypothetical protein	false		refseq|kegg|uniprot	false
PA4336		PA4336	protein_coding	hypothetical protein	false		refseq|kegg|uniprot	false
PA4337		PA4337	protein_coding	hypothetical protein	false		refseq|kegg|uniprot	false
PA4338		PA4338	protein_coding	acyltransferase	false		refseq|kegg|uniprot	false
PA4339		PA4339	protein_coding	phospholipase	false		refseq|kegg|uniprot	false
PA4340		PA4340	protein_coding	hypothetical protein	false		refseq|kegg|uniprot	false
PA4341		PA4341	protein_coding	transcriptional regulator	true	go_0003700|kw_transcription_regulation|producto_refseq	refseq|kegg|uniprot	false
PA4342		PA4342	protein_coding	amidase	false		refseq|kegg|uniprot	false
PA4343		PA4343	protein_coding	major facilitator superfamily transporter	false		refseq|kegg|uniprot	false
PA4344		PA4344	protein_coding	hydrolase	false		refseq|kegg|uniprot	false
PA4345		PA4345	protein_coding	hypothetical protein	false		refseq|kegg|uniprot	false
PA4346		PA4346	protein_coding	hypothetical protein	false		refseq|kegg|uniprot	false
PA4347		PA4347	protein_coding	hypothetical protein	false		refseq|kegg|uniprot	false
PA4348		PA4348	protein_coding	hypothetical protein	false		refseq|kegg|uniprot	false
PA4349		PA4349	protein_coding	hypothetical protein	false		refseq|kegg|uniprot	false
PA4350	olsB	PA4350	protein_coding	hypothetical protein	false		refseq|kegg|uniprot|uniprot_especie	false
PA4351	olsA	PA4351	protein_coding	acyltransferase	false		refseq|kegg|uniprot|uniprot_especie	false
PA4352		PA4352	protein_coding	hypothetical protein	false		refseq|kegg|uniprot	false
PA4353		PA4353	protein_coding	hypothetical protein	false		refseq|kegg|uniprot	false
PA4354		PA4354	protein_coding	hypothetical protein	true	go_0003700|go_0006355|kw_transcription_regulation	refseq|kegg|uniprot	false
PA4355		PA4355	protein_coding	major facilitator superfamily transporter	false		refseq|kegg|uniprot	false
PA4356	xenB	PA4356	protein_coding	xenobiotic reductase	false		refseq|kegg|uniprot	false
PA4357		PA4357	protein_coding	hypothetical protein	false		refseq|kegg|uniprot	false
PA4358		PA4358	protein_coding	ferrous iron transporter B	false		refseq|kegg|uniprot	false
PA4359		PA4359	protein_coding	ferrous iron transporter A	false		refseq|kegg|uniprot	false
PA4360		PA4360	pseudogene	pseudogene	false		refseq|kegg|uniprot	false
PA4361		PA4361	protein_coding	oxidoreductase	false		refseq|kegg|uniprot	false
PA4362		PA4362	protein_coding	hypothetical protein	false		refseq|kegg|uniprot	false
PA4363	iciA	PA4363|argP	protein_coding	chromosome replication initiation inhibitor protein	true	go_0003700|go_0006355|kw_transcription_regulation	refseq|kegg|uniprot|uniprot_especie	false
PA4364		PA4364	protein_coding	hypothetical protein	false		refseq|kegg|uniprot	false
PA4365		PA4365	protein_coding	transporter	false		refseq|kegg|uniprot	false
PA4366	sodB	PA4366	protein_coding	superoxide dismutase	false		refseq|kegg|uniprot|uniprot_especie	false
PA4367	bifA	PA4367	protein_coding	protein BifA	false		refseq|kegg|uniprot	false
PA4368		PA4368	protein_coding	hypothetical protein	false		refseq|kegg|uniprot	false
PA4369		PA4369	protein_coding	hypothetical protein	false		refseq|kegg|uniprot	false
PA4370	icmP	PA4370	protein_coding	insulin-cleaving metalloproteinase outer membrane protein	false		refseq|kegg|uniprot	false
PA4371		PA4371	protein_coding	hypothetical protein	false		refseq|kegg|uniprot	false
PA4372		PA4372	protein_coding	hypothetical protein	false		refseq|kegg|uniprot	false
PA4373		PA4373	protein_coding	hypothetical protein	false		refseq|kegg|uniprot	false
PA4374		PA4374	protein_coding	resistance-nodulation-cell division (RND) efflux membrane fusion protein	false		refseq|kegg|uniprot	false
PA4375		PA4375	protein_coding	multidrug efflux protein	false		refseq|kegg|uniprot	false
PA4376	pncB2	PA4376	protein_coding	nicotinate phosphoribosyltransferase	false		refseq|kegg|uniprot|uniprot_especie	false
PA4377		PA4377	protein_coding	hypothetical protein	false		refseq|kegg|uniprot	false
PA4378	inaA	PA4378	protein_coding	hypothetical protein	false		refseq|kegg|uniprot	false
PA4379		PA4379	protein_coding	hypothetical protein	false		refseq|kegg|uniprot	false
PA4380		PA4380	protein_coding	two-component sensor	true	kw_two_component	refseq|kegg|uniprot	false
PA4381		PA4381	protein_coding	two-component response regulator	true	go_0006355|kw_transcription_regulation|kw_two_component|producto_refseq	refseq|kegg|uniprot	false
PA4382		PA4382	protein_coding	hypothetical protein	false		refseq|kegg|uniprot	false
PA4383	fluC	PA4383|crcB	protein_coding	camphor resistance protein CrcB	false		refseq|kegg|uniprot|uniprot_especie	false
PA4384		PA4384	protein_coding	hypothetical protein	false		refseq|kegg|uniprot	false
PA4385	groEL	PA4385|groL|mopA	protein_coding	molecular chaperone GroEL	false		refseq|kegg|uniprot|uniprot_especie	false
PA4386	groES	PA4386|groS|mopB	protein_coding	co-chaperonin GroES	false		refseq|kegg|uniprot|uniprot_especie	false
PA4387		PA4387	protein_coding	phage exclusion suppressor FxsA	false		refseq|kegg|uniprot	false
PA4388		PA4388	protein_coding	hypothetical protein	false		refseq|kegg|uniprot	false
PA4389	speA	PA4389	protein_coding	3-ketoacyl-ACP reductase	false		refseq|kegg|uniprot	false
PA4390		PA4390	protein_coding	hypothetical protein	false		refseq|kegg|uniprot	false
PA4391		PA4391	protein_coding	hypothetical protein	false		refseq|kegg|uniprot	false
PA4392		PA4392	protein_coding	hypothetical protein	false		refseq|kegg|uniprot	false
PA4393	ampG	PA4393	protein_coding	AmpG protein	false		refseq|kegg|uniprot	false
PA4394		PA4394	protein_coding	hypothetical protein	false		refseq|kegg|uniprot	false
PA4395		PA4395	protein_coding	nucleotide-binding protein	false		refseq|kegg|uniprot|uniprot_especie	false
PA4396		PA4396	protein_coding	two-component response regulator	true	go_0003700|go_0006355|kw_transcription_regulation|producto_refseq	refseq|kegg|uniprot	false
PA4397	panE	PA4397	protein_coding	2-dehydropantoate 2-reductase	false		refseq|kegg|uniprot|uniprot_especie	false
PA4398		PA4398	protein_coding	two-component sensor	true	go_0006355|kw_two_component	refseq|kegg|uniprot	false
PA4399		PA4399	protein_coding	hypothetical protein	false		refseq|kegg|uniprot	false
PA4400		PA4400	protein_coding	hypothetical protein	false		refseq|kegg|uniprot	false
PA4401		PA4401	protein_coding	glutathione S-transferase	false		refseq|kegg|uniprot	false
PA4402	argJ	PA4402	protein_coding	bifunctional ornithine acetyltransferase/N-acetylglutamate synthase	false		refseq|kegg|uniprot|uniprot_especie	false
PA4403	secA	PA4403	protein_coding	preprotein translocase subunit SecA	false		refseq|kegg|uniprot|uniprot_especie	false
PA4404		PA4404	protein_coding	hypothetical protein	false		refseq|kegg|uniprot	false
PA4405		PA4405	protein_coding	hypothetical protein	false		refseq|kegg|uniprot	false
PA4406	lpxC	PA4406|envA	protein_coding	UDP-3-O-[3-hydroxymyristoyl] N-acetylglucosamine deacetylase	false		refseq|kegg|uniprot|uniprot_especie	false
PA4406.1		PA4406.1	ncRNA	Not available	false		refseq|kegg	false
PA4407	ftsZ	PA4407	protein_coding	cell division protein FtsZ	false		refseq|kegg|uniprot|uniprot_especie	false
PA4408	ftsA	PA4408	protein_coding	cell division protein FtsA	false		refseq|kegg|uniprot|uniprot_especie	false
PA4409	ftsQ	PA4409	protein_coding	cell division protein FtsQ	false		refseq|kegg|uniprot|uniprot_especie	false
PA4410	ddlB	PA4410	protein_coding	D-alanine--D-alanine ligase	false		refseq|kegg|uniprot|uniprot_especie	false
PA4411	murC	PA4411	protein_coding	UDP-N-acetylmuramate--L-alanine ligase	false		refseq|kegg|uniprot|uniprot_especie	false
PA4412	murG	PA4412	protein_coding	undecaprenyldiphospho-muramoylpentapeptide beta-N- acetylglucosaminyltransferase	false		refseq|kegg|uniprot|uniprot_especie	false
PA4413	ftsW	PA4413	protein_coding	cell division protein FtsW	false		refseq|kegg|uniprot	false
PA4414	murD	PA4414	protein_coding	UDP-N-acetylmuramoyl-L-alanyl-D-glutamate synthetase	false		refseq|kegg|uniprot|uniprot_especie	false
PA4415	mraY	PA4415	protein_coding	phospho-N-acetylmuramoyl-pentapeptide-transferase	false		refseq|kegg|uniprot|uniprot_especie	false
PA4416	murF	PA4416	protein_coding	UDP-N-acetylmuramoyl-tripeptide--D-alanyl-D-alanine ligase	false		refseq|kegg|uniprot	false
PA4417	murE	PA4417	protein_coding	UDP-N-acetylmuramoylalanyl-D-glutamate--2,6-diaminopimelate ligase	false		refseq|kegg|uniprot|uniprot_especie	false
PA4418	ftsI	PA4418|pbpB	protein_coding	penicillin-binding protein 3	false		refseq|kegg|uniprot|uniprot_especie	false
PA4419	ftsL	PA4419	protein_coding	cell division protein FtsL	false		refseq|kegg|uniprot|uniprot_especie	false
PA4420	rsmH	PA4420|mraW	protein_coding	S-adenosyl-methyltransferase MraW	false		refseq|kegg|uniprot|uniprot_especie	false
PA4421	mraZ	PA4421	protein_coding	cell division protein MraZ	true	go_0003700|kw_transcription_regulation	refseq|kegg|uniprot|uniprot_especie	false
PA4421.1	rnpB	PA4421.1	ncRNA	RNA component of RNaseP, RnpB	false		refseq|kegg	false
PA4422	rsmI	PA4422	protein_coding	hypothetical protein	false		refseq|kegg|uniprot|uniprot_especie	false
PA4423		PA4423	protein_coding	hypothetical protein	false		refseq|kegg|uniprot	false
PA4424		PA4424	protein_coding	hypothetical protein	false		refseq|kegg|uniprot|uniprot_especie	false
PA4425	gmhA	PA4425	protein_coding	phosphoheptose isomerase	false		refseq|kegg|uniprot|uniprot_especie	false
PA4426		PA4426	protein_coding	hypothetical protein	false		refseq|kegg|uniprot	false
PA4427	sspB	PA4427	protein_coding	ClpXP protease specificity-enhancing factor	false		refseq|kegg|uniprot	false
PA4428	sspA	PA4428	protein_coding	stringent starvation protein A	false		refseq|kegg|uniprot	false
PA4429		PA4429	protein_coding	cytochrome C1	false		refseq|kegg|uniprot	false
PA4430		PA4430	protein_coding	cytochrome b	false		refseq|kegg|uniprot	false
PA4431		PA4431	protein_coding	iron-sulfur protein	false		refseq|kegg|uniprot	false
PA4432	rpsI	PA4432	protein_coding	30S ribosomal protein S9	false		refseq|kegg|uniprot|uniprot_especie	false
PA4433	rplM	PA4433	protein_coding	50S ribosomal protein L13	false		refseq|kegg|uniprot|uniprot_especie	false
PA4434		PA4434	protein_coding	oxidoreductase	false		refseq|kegg|uniprot	false
PA4435		PA4435	protein_coding	acyl-CoA dehydrogenase	false		refseq|kegg|uniprot	false
PA4436		PA4436	protein_coding	transcriptional regulator	true	go_0003700|go_0006355|kw_transcription_regulation|producto_refseq	refseq|kegg|uniprot	false
PA4437		PA4437	protein_coding	hypothetical protein	false		refseq|kegg|uniprot	false
PA4438	zapE	PA4438	protein_coding	hypothetical protein	false		refseq|kegg|uniprot	false
PA4439	trpS	PA4439	protein_coding	tryptophan--tRNA ligase	false		refseq|kegg|uniprot|uniprot_especie	false
PA4440		PA4440	protein_coding	hypothetical protein	false		refseq|kegg|uniprot	false
PA4441		PA4441	protein_coding	hypothetical protein	false		refseq|kegg|uniprot	false
PA4442	cysN	PA4442|cysNC	protein_coding	bifunctional sulfate adenylyltransferase subunit 1/adenylylsulfate kinase	false		refseq|kegg|uniprot|uniprot_especie	false
PA4443	cysD	PA4443	protein_coding	sulfate adenylyltransferase subunit 2	false		refseq|kegg|uniprot|uniprot_especie	false
PA4444	mltB1	PA4444	protein_coding	murein hydrolase B	false		refseq|kegg|uniprot	false
PA4445		PA4445	protein_coding	hypothetical protein	false		refseq|kegg|uniprot|uniprot_especie	false
PA4446	algW	PA4446	protein_coding	AlgW protein	false		refseq|kegg|uniprot	false
PA4447	hisC1	PA4447	protein_coding	histidinol-phosphate aminotransferase	false		refseq|kegg|uniprot|uniprot_especie	false
PA4448	hisD	PA4448	protein_coding	histidinol dehydrogenase	false		refseq|kegg|uniprot|uniprot_especie	false
PA4449	hisG	PA4449	protein_coding	ATP phosphoribosyltransferase	false		refseq|kegg|uniprot|uniprot_especie	false
PA4450	murA	PA4450	protein_coding	UDP-N-acetylglucosamine 1-carboxyvinyltransferase	false		refseq|kegg|uniprot|uniprot_especie	false
PA4451		PA4451	protein_coding	hypothetical protein	false		refseq|kegg|uniprot	false
PA4451.1		PA4451.1	ncRNA	P35	false		refseq|kegg	false
PA4452		PA4452	protein_coding	hypothetical protein	false		refseq|kegg|uniprot	false
PA4453		PA4453	protein_coding	hypothetical protein	false		refseq|kegg|uniprot	false
PA4454		PA4454	protein_coding	hypothetical protein	false		refseq|kegg|uniprot	false
PA4455		PA4455	protein_coding	ABC transporter permease	false		refseq|kegg|uniprot	false
PA4456		PA4456	protein_coding	ABC transporter ATP-binding protein	false		refseq|kegg|uniprot	false
PA4457	kdsD	PA4457	protein_coding	arabinose-5-phosphate isomerase KdsD	false		refseq|kegg|uniprot|uniprot_especie	false
PA4458		PA4458	protein_coding	hypothetical protein	false		refseq|kegg|uniprot	false
PA4459	lptC	PA4459	protein_coding	hypothetical protein	false		refseq|kegg|uniprot	false
PA4460	lptH	PA4460	protein_coding	hypothetical protein	false		refseq|kegg|uniprot|uniprot_especie	false
PA4461		PA4461	protein_coding	ABC transporter ATP-binding protein	false		refseq|kegg|uniprot	false
PA4462	rpoN	PA4462	protein_coding	RNA polymerase factor sigma-54	true	collectf|go_0006355|kw_sigma_factor|kw_transcription_regulation|producto_refseq	refseq|kegg|uniprot|uniprot_especie	false
PA4463		PA4463	protein_coding	hypothetical protein	false		refseq|kegg|uniprot	false
PA4464	ptsN	PA4464	protein_coding	nitrogen regulatory IIA protein	false		refseq|kegg|uniprot|uniprot_especie	false
PA4465		PA4465	protein_coding	hypothetical protein	false		refseq|kegg|uniprot|uniprot_especie	false
PA4466	ptsH	PA4466	protein_coding	phosphoryl carrier protein	false		refseq|kegg|uniprot|uniprot_especie	false
PA4467		PA4467	protein_coding	hypothetical protein	false		refseq|kegg|uniprot	false
PA4468	sodM	PA4468|sodA	protein_coding	superoxide dismutase	false		refseq|kegg|uniprot|uniprot_especie	false
PA4469		PA4469	protein_coding	hypothetical protein	false		refseq|kegg|uniprot	false
PA4470	fumC1	PA4470	protein_coding	fumarate hydratase	false		refseq|kegg|uniprot|uniprot_especie	false
PA4471		PA4471	protein_coding	hypothetical protein	false		refseq|kegg|uniprot	false
PA4472	pmbA	PA4472	protein_coding	PmbA protein	false		refseq|kegg|uniprot	false
PA4473	darP	PA4473	protein_coding	hypothetical protein	false		refseq|kegg|uniprot|uniprot_especie	false
PA4474		PA4474	protein_coding	hypothetical protein	false		refseq|kegg|uniprot	false
PA4475		PA4475	protein_coding	hypothetical protein	false		refseq|kegg|uniprot	false
PA4476	yhdP	PA4476	protein_coding	hypothetical protein	false		refseq|kegg|uniprot|uniprot_especie	false
PA4477	cafA	PA4477	protein_coding	cytoplasmic axial filament protein	false		refseq|kegg|uniprot	false
PA4478		PA4478	protein_coding	hypothetical protein	false		refseq|kegg|uniprot|uniprot_especie	false
PA4479	mreD	PA4479	protein_coding	rod shape-determining protein MreD	false		refseq|kegg|uniprot	false
PA4480	mreC	PA4480	protein_coding	rod shape-determining protein MreC	false		refseq|kegg|uniprot	false
PA4481	mreB	PA4481	protein_coding	rod shape-determining protein MreB	false		refseq|kegg|uniprot	false
PA4482	gatC	PA4482	protein_coding	aspartyl/glutamyl-tRNA amidotransferase subunit C	false		refseq|kegg|uniprot|uniprot_especie	false
PA4483	gatA	PA4483	protein_coding	aspartyl/glutamyl-tRNA amidotransferase subunit A	false		refseq|kegg|uniprot|uniprot_especie	false
PA4484	gatB	PA4484	protein_coding	aspartyl/glutamyl-tRNA amidotransferase subunit B	false		refseq|kegg|uniprot|uniprot_especie	false
PA4485	rlpA	PA4485	protein_coding	hypothetical protein	false		refseq|kegg|uniprot	false
PA4486		PA4486	protein_coding	hypothetical protein	false		refseq|kegg|uniprot	false
PA4487		PA4487	protein_coding	hypothetical protein	false		refseq|kegg|uniprot	false
PA4488		PA4488	protein_coding	hypothetical protein	false		refseq|kegg|uniprot	false
PA4489		PA4489	protein_coding	hypothetical protein	false		refseq|kegg|uniprot|uniprot_especie	false
PA4490		PA4490	protein_coding	hypothetical protein	false		refseq|kegg|uniprot|uniprot_especie	false
PA4491		PA4491	protein_coding	hypothetical protein	false		refseq|kegg|uniprot	false
PA4492		PA4492	protein_coding	hypothetical protein	false		refseq|kegg|uniprot	false
PA4493	roxR	PA4493	protein_coding	DNA-binding response regulator RoxR	true	go_0006355|kw_transcription_regulation|kw_two_component|producto_refseq	refseq|kegg|uniprot	false
PA4494	roxS	PA4494	protein_coding	sensor histidine kinase RoxS	false		refseq|kegg|uniprot	false
PA4495		PA4495	protein_coding	hypothetical protein	false		refseq|kegg|uniprot	false
PA4496		PA4496	protein_coding	ABC transporter	false		refseq|kegg|uniprot	false
PA4497		PA4497	protein_coding	ABC transporter	false		refseq|kegg|uniprot|uniprot_especie	false
PA4498		PA4498	protein_coding	metallopeptidase	false		refseq|kegg|uniprot	false
PA4499		PA4499	protein_coding	transcriptional regulator	true	go_0003700|go_0006355|producto_refseq	refseq|kegg|uniprot	false
PA4500		PA4500	protein_coding	ABC transporter	false		refseq|kegg|uniprot|uniprot_especie	false
PA4501	opdP	PA4501	protein_coding	glycine-glutamate dipeptide porin OpdP	false		refseq|kegg|uniprot	false
PA4502		PA4502	protein_coding	ABC transporter	false		refseq|kegg|uniprot	false
PA4503		PA4503	protein_coding	ABC transporter permease	false		refseq|kegg|uniprot	false
PA4504		PA4504	protein_coding	ABC transporter permease	false		refseq|kegg|uniprot	false
PA4505		PA4505	protein_coding	ABC transporter ATP-binding protein	false		refseq|kegg|uniprot	false
PA4506		PA4506	protein_coding	peptide ABC transporter ATP-binding protein	false		refseq|kegg|uniprot	false
PA4507		PA4507	protein_coding	hypothetical protein	false		refseq|kegg|uniprot	false
PA4508		PA4508	protein_coding	transcriptional regulator	true	go_0006355|kw_transcription_regulation|producto_refseq	refseq|kegg|uniprot	false
PA4509		PA4509	protein_coding	hypothetical protein	false		refseq|kegg|uniprot	false
PA4510		PA4510	protein_coding	hypothetical protein	false		refseq|kegg|uniprot	false
PA4511	pxpA3	PA4511	protein_coding	hypothetical protein	false		refseq|kegg|uniprot|uniprot_especie	false
PA4512	lpxO1	PA4512	protein_coding	lipopolysaccharide biosynthetic protein LpxO	false		refseq|kegg|uniprot	false
PA4513		PA4513	protein_coding	oxidoreductase	false		refseq|kegg|uniprot	false
PA4514	piuA	PA4514	protein_coding	iron transport outer membrane receptor	false		refseq|kegg|uniprot|uniprot_especie	false
PA4515	piuC	PA4515	protein_coding	hydroxylase	false		refseq|kegg|uniprot|uniprot_especie	false
PA4516		PA4516	protein_coding	hypothetical protein	false		refseq|kegg|uniprot	false
PA4517		PA4517	protein_coding	hypothetical protein	false		refseq|kegg|uniprot	false
PA4518		PA4518	protein_coding	hypothetical protein	false		refseq|kegg|uniprot	false
PA4519	speC	PA4519	protein_coding	ornithine decarboxylase	false		refseq|kegg|uniprot	false
PA4520		PA4520	protein_coding	chemotaxis transducer	false		refseq|kegg|uniprot	false
PA4521		PA4521	protein_coding	hypothetical protein	false		refseq|kegg|uniprot	false
PA4522	ampD	PA4522	protein_coding	N-acetyl-anhydromuranmyl-L-alanine amidase	false		refseq|kegg|uniprot	false
PA4523		PA4523	protein_coding	hypothetical protein	false		refseq|kegg|uniprot	false
PA4524	nadC	PA4524	protein_coding	nicotinate-nucleotide pyrophosphorylase	false		refseq|kegg|uniprot|uniprot_especie	false
PA4524.1		PA4524.1	tRNA	tRNA-Thr	false		refseq|kegg	false
PA4525	pilA	PA4525|fimA	protein_coding	type 4 fimbrial protein PilA	false		refseq|kegg|uniprot|uniprot_especie	false
PA4526	pilB	PA4526	protein_coding	type 4 fimbrial biogenesis protein PilB	false		refseq|kegg|uniprot|uniprot_especie	false
PA4527	pilC	PA4527	pseudogene	pseudogene	false		refseq|kegg|uniprot|uniprot_especie	false
PA4528	pilD	PA4528|xcpA	protein_coding	type 4 prepilin peptidase PilD	false		refseq|kegg|uniprot|uniprot_especie	false
PA4529	coaE	PA4529	protein_coding	dephospho-CoA kinase	false		refseq|kegg|uniprot|uniprot_especie	false
PA4530	yacG	PA4530	protein_coding	zinc-binding protein	true	go_0006355	refseq|kegg|uniprot|uniprot_especie	false
PA4531		PA4531	protein_coding	hypothetical protein	false		refseq|kegg|uniprot	false
PA4532		PA4532	protein_coding	hypothetical protein	false		refseq|kegg|uniprot	false
PA4533		PA4533	protein_coding	hypothetical protein	false		refseq|kegg|uniprot	false
PA4534		PA4534	protein_coding	hypothetical protein	false		refseq|kegg|uniprot	false
PA4535		PA4535	protein_coding	hypothetical protein	false		refseq|kegg|uniprot	false
PA4536		PA4536	protein_coding	hypothetical protein	false		refseq|kegg|uniprot	false
PA4537		PA4537	protein_coding	hypothetical protein	false		refseq|kegg|uniprot	false
PA4538	ndh	PA4538	protein_coding	NADH dehydrogenase	false		refseq|kegg|uniprot	true
PA4539		PA4539	protein_coding	hypothetical protein	false		refseq|kegg|uniprot	false
PA4540		PA4540	protein_coding	hypothetical protein	false		refseq|kegg|uniprot	false
PA4541		PA4541	protein_coding	hypothetical protein	false		refseq|kegg|uniprot	false
PA4541.1		PA4541.1	tRNA	tRNA-Lys	false		refseq|kegg	false
PA4541.2		PA4541.2	tRNA	tRNA-Pro	false		refseq|kegg	false
PA4541.3		PA4541.3	tRNA	tRNA-Asn	false		refseq|kegg	false
PA4542	clpB	PA4542	protein_coding	chaperone protein ClpB	false		refseq|kegg|uniprot|uniprot_especie	false
PA4543	pgeF	PA4543	protein_coding	hypothetical protein	false		refseq|kegg|uniprot|uniprot_especie	false
PA4544	rluD	PA4544	protein_coding	pseudouridine synthase	false		refseq|kegg|uniprot|uniprot_especie	false
PA4545	comL	PA4545|bamD	protein_coding	competence protein ComL	false		refseq|kegg|uniprot|uniprot_especie	false
PA4546	pilS	PA4546	protein_coding	two-component sensor PilS	true	kw_two_component	refseq|kegg|uniprot|uniprot_especie	false
PA4547	pilR	PA4547	protein_coding	two-component response regulator PilR	true	kw_transcription_regulation|kw_two_component|producto_refseq	refseq|kegg|uniprot|uniprot_especie	false
PA4548	thiO	PA4548	protein_coding	D-amino acid oxidase	false		refseq|kegg|uniprot|uniprot_especie	false
PA4549	fimT	PA4549	protein_coding	type 4 fimbrial biogenesis protein FimT	false		refseq|kegg|uniprot	false
PA4550	fimU	PA4550	protein_coding	type 4 fimbrial biogenesis protein FimU	false		refseq|kegg|uniprot	false
PA4551	pilV	PA4551	protein_coding	type 4 fimbrial biogenesis protein PilV	false		refseq|kegg|uniprot	false
PA4552	pilW	PA4552	protein_coding	type 4 fimbrial biogenesis protein PilW	false		refseq|kegg|uniprot	false
PA4553	pilX	PA4553	protein_coding	type 4 fimbrial biogenesis protein PilX	false		refseq|kegg|uniprot	false
PA4554	pilY1	PA4554	protein_coding	type 4 fimbrial biogenesis protein PilY1	false		refseq|kegg|uniprot|uniprot_especie	false
PA4555	pilY2	PA4555	protein_coding	type 4 fimbrial biogenesis protein PilY2	false		refseq|kegg|uniprot	false
PA4556	pilE	PA4556	protein_coding	type 4 fimbrial biogenesis protein PilE	false		refseq|kegg|uniprot|uniprot_especie	false
PA4557	lytB	PA4557|ispH	protein_coding	4-hydroxy-3-methylbut-2-enyl diphosphate reductase	false		refseq|kegg|uniprot|uniprot_especie	false
PA4558		PA4558	protein_coding	FkbP-type peptidyl-prolyl cis-trans isomerase	false		refseq|kegg|uniprot	false
PA4559	lspA	PA4559|ls	protein_coding	lipoprotein signal peptidase	false		refseq|kegg|uniprot|uniprot_especie	true
PA4560	ileS	PA4560	protein_coding	isoleucine--tRNA ligase	false		refseq|kegg|uniprot|uniprot_especie	false
PA4561	ribF	PA4561	protein_coding	bifunctional riboflavin kinase/FMN adenylyltransferase	false		refseq|kegg|uniprot	false
PA4562	murJ	PA4562	protein_coding	hypothetical protein	false		refseq|kegg|uniprot	false
PA4563	rpsT	PA4563	protein_coding	30S ribosomal protein S20	false		refseq|kegg|uniprot|uniprot_especie	false
PA4564		PA4564	protein_coding	hypothetical protein	false		refseq|kegg|uniprot	false
PA4565	proB	PA4565	protein_coding	gamma-glutamyl kinase	false		refseq|kegg|uniprot|uniprot_especie	false
PA4566	obg	PA4566	protein_coding	GTPase ObgE	false		refseq|kegg|uniprot|uniprot_especie	true
PA4567	rpmA	PA4567	protein_coding	50S ribosomal protein L27	false		refseq|kegg|uniprot|uniprot_especie	false
PA4568	rplU	PA4568	protein_coding	50S ribosomal protein L21	false		refseq|kegg|uniprot|uniprot_especie	false
PA4569	ispB	PA4569	protein_coding	octaprenyl-diphosphate synthase	false		refseq|kegg|uniprot	false
PA4570		PA4570	protein_coding	hypothetical protein	false		refseq|kegg|uniprot	false
PA4571		PA4571	protein_coding	cytochrome C	false		refseq|kegg|uniprot	false
PA4572	fklB	PA4572	protein_coding	peptidyl-prolyl cis-trans isomerase FklB	false		refseq|kegg|uniprot	false
PA4573		PA4573	protein_coding	hypothetical protein	false		refseq|kegg|uniprot	false
PA4574		PA4574	protein_coding	hypothetical protein	false		refseq|kegg|uniprot|uniprot_especie	false
PA4575		PA4575	protein_coding	hypothetical protein	false		refseq|kegg|uniprot	false
PA4576		PA4576	protein_coding	ATP-dependent protease	false		refseq|kegg|uniprot	false
PA4577		PA4577	protein_coding	hypothetical protein	false		refseq|kegg|uniprot	false
PA4578		PA4578	protein_coding	hypothetical protein	false		refseq|kegg|uniprot	false
PA4579		PA4579	protein_coding	hypothetical protein	false		refseq|kegg|uniprot	false
PA4580		PA4580	protein_coding	hypothetical protein	false		refseq|kegg|uniprot	false
PA4581	rtcR	PA4581	protein_coding	transcriptional regulator RtcR	true	producto_refseq	refseq|kegg|uniprot	false
PA4581.1		PA4581.1	tRNA	tRNA-Arg	false		refseq|kegg	false
PA4582		PA4582	protein_coding	hypothetical protein	false		refseq|kegg|uniprot	false
PA4583		PA4583	protein_coding	hypothetical protein	false		refseq|kegg|uniprot	false
PA4584		PA4584	protein_coding	hypothetical protein	false		refseq|kegg|uniprot	false
PA4585	rtcA	PA4585	protein_coding	RNA 3'-terminal-phosphate cyclase	false		refseq|kegg|uniprot|uniprot_especie	false
PA4586		PA4586	protein_coding	hypothetical protein	false		refseq|kegg|uniprot	false
PA4587	ccpR	PA4587|ccpA	protein_coding	cytochrome C551 peroxidase	false		refseq|kegg|uniprot|uniprot_especie	false
PA4588	gdhA	PA4588	protein_coding	glutamate dehydrogenase	false		refseq|kegg|uniprot	false
PA4589		PA4589	protein_coding	hypothetical protein	false		refseq|kegg|uniprot	false
PA4590	pra	PA4590	protein_coding	protein activator	false		refseq|kegg|uniprot	true
PA4591		PA4591	protein_coding	hypothetical protein	false		refseq|kegg|uniprot	false
PA4592		PA4592	protein_coding	hypothetical protein	false		refseq|kegg|uniprot	false
PA4593		PA4593	protein_coding	ABC transporter permease	false		refseq|kegg|uniprot	false
PA4594		PA4594	protein_coding	ABC transporter ATP-binding protein	false		refseq|kegg|uniprot	false
PA4595	ettA	PA4595	protein_coding	ABC transporter ATP-binding protein	false		refseq|kegg|uniprot	false
PA4596		PA4596	protein_coding	transcriptional regulator	true	go_0003700|go_0006355|kw_transcription_regulation|producto_refseq	refseq|kegg|uniprot	false
PA4597	oprJ	PA4597|oprK	protein_coding	multidrug efflux outer membrane protein OprJ	false		refseq|kegg|uniprot|uniprot_especie	false
PA4598	mexD	PA4598	protein_coding	resistance-nodulation-cell division (RND) multidrug efflux transporter MexD	false		refseq|kegg|uniprot|uniprot_especie	false
PA4599	mexC	PA4599	protein_coding	resistance-nodulation-cell division (RND) multidrug efflux membrane fusion protein MexC	false		refseq|kegg|uniprot|uniprot_especie	false
PA4600	nfxB	PA4600	protein_coding	transcriptional regulator NfxB	true	go_0003700|go_0006355|kw_transcription_regulation|producto_refseq	refseq|kegg|uniprot|uniprot_especie	false
PA4601	morA	PA4601	protein_coding	motility regulator	true	go_0006355	refseq|kegg|uniprot	false
PA4602	glyA3	PA4602	protein_coding	serine hydroxymethyltransferase	false		refseq|kegg|uniprot|uniprot_especie	false
PA4603		PA4603	protein_coding	hypothetical protein	false		refseq|kegg|uniprot	false
PA4604		PA4604	protein_coding	hypothetical protein	false		refseq|kegg|uniprot	false
PA4605		PA4605	protein_coding	hypothetical protein	false		refseq|kegg|uniprot	false
PA4606		PA4606	protein_coding	hypothetical protein	false		refseq|kegg|uniprot	false
PA4607		PA4607	protein_coding	hypothetical protein	false		refseq|kegg|uniprot	false
PA4608		PA4608	protein_coding	hypothetical protein	false		refseq|kegg|uniprot|uniprot_especie	false
PA4609	radA	PA4609	protein_coding	DNA repair protein RadA	false		refseq|kegg|uniprot|uniprot_especie	false
PA4610		PA4610	protein_coding	hypothetical protein	false		refseq|kegg|uniprot	false
PA4611		PA4611	protein_coding	hypothetical protein	false		refseq|kegg|uniprot	false
PA4612		PA4612	protein_coding	hypothetical protein	false		refseq|kegg|uniprot	false
PA4613	katB	PA4613	protein_coding	catalase	false		refseq|kegg|uniprot|uniprot_especie	false
PA4614	mscL	PA4614	protein_coding	large-conductance mechanosensitive channel	false		refseq|kegg|uniprot|uniprot_especie	false
PA4615		PA4615	protein_coding	oxidoreductase	false		refseq|kegg|uniprot	false
PA4616		PA4616	protein_coding	C4-dicarboxylate-binding protein	false		refseq|kegg|uniprot	false
PA4617	rlmG	PA4617	protein_coding	hypothetical protein	false		refseq|kegg|uniprot|uniprot_especie	false
PA4618		PA4618	protein_coding	hypothetical protein	false		refseq|kegg|uniprot	false
PA4619		PA4619	protein_coding	cytochrome C	false		refseq|kegg|uniprot	false
PA4620		PA4620	protein_coding	hypothetical protein	false		refseq|kegg|uniprot	false
PA4621		PA4621	protein_coding	oxidoreductase	false		refseq|kegg|uniprot	false
PA4622		PA4622	protein_coding	major facilitator superfamily transporter	false		refseq|kegg|uniprot	false
PA4623		PA4623	protein_coding	hypothetical protein	false		refseq|kegg|uniprot	false
PA4624		PA4624	protein_coding	hypothetical protein	false		refseq|kegg|uniprot	false
PA4625		PA4625	protein_coding	hypothetical protein	false		refseq|kegg|uniprot	false
PA4626	hprA	PA4626	protein_coding	glycerate dehydrogenase	false		refseq|kegg|uniprot	false
PA4627	rsmC	PA4627	protein_coding	16S rRNA methyltransferase	false		refseq|kegg|uniprot|uniprot_especie	false
PA4628	lysP	PA4628	protein_coding	lysine-specific permease	false		refseq|kegg|uniprot	false
PA4629		PA4629	protein_coding	hypothetical protein	false		refseq|kegg|uniprot	false
PA4630		PA4630	protein_coding	hypothetical protein	false		refseq|kegg|uniprot	false
PA4631		PA4631	protein_coding	hypothetical protein	false		refseq|kegg|uniprot	false
PA4632		PA4632	protein_coding	hypothetical protein	false		refseq|kegg|uniprot	false
PA4633		PA4633	protein_coding	chemotaxis transducer	false		refseq|kegg|uniprot	false
PA4634		PA4634	protein_coding	hypothetical protein	false		refseq|kegg|uniprot	false
PA4635		PA4635	protein_coding	hypothetical protein	false		refseq|kegg|uniprot	false
PA4636		PA4636	protein_coding	hypothetical protein	false		refseq|kegg|uniprot	false
PA4637		PA4637	protein_coding	hypothetical protein	false		refseq|kegg|uniprot	false
PA4639		PA4639	protein_coding	hypothetical protein	false		refseq|kegg|uniprot	false
PA4640	mqoB	PA4640|mqo2	protein_coding	malate:quinone oxidoreductase	false		refseq|kegg|uniprot|uniprot_especie	false
PA4641		PA4641	pseudogene	pseudogene	false		refseq|kegg	false
PA4642		PA4642	protein_coding	hypothetical protein	false		refseq|kegg|uniprot	false
PA4643		PA4643	protein_coding	hypothetical protein	false		refseq|kegg|uniprot	false
PA4644		PA4644	protein_coding	hypothetical protein	false		refseq|kegg|uniprot	false
PA4645		PA4645	protein_coding	hypoxanthine-guanine phosphoribosyltransferase	false		refseq|kegg|uniprot	false
PA4646	upp	PA4646	protein_coding	uracil phosphoribosyltransferase	false		refseq|kegg|uniprot|uniprot_especie	true
PA4647	uraA	PA4647	protein_coding	uracil permease	false		refseq|kegg|uniprot	false
PA4648		PA4648	protein_coding	hypothetical protein	false		refseq|kegg|uniprot	false
PA4649		PA4649	protein_coding	hypothetical protein	false		refseq|kegg|uniprot	false
PA4650		PA4650	protein_coding	hypothetical protein	false		refseq|kegg|uniprot	false
PA4651		PA4651	protein_coding	pili assembly chaperone	false		refseq|kegg|uniprot	false
PA4652		PA4652	protein_coding	hypothetical protein	false		refseq|kegg|uniprot	false
PA4653		PA4653	protein_coding	hypothetical protein	false		refseq|kegg|uniprot	false
PA4654		PA4654	protein_coding	major facilitator superfamily transporter	false		refseq|kegg|uniprot	false
PA4655	hemH	PA4655	protein_coding	ferrochelatase	false		refseq|kegg|uniprot|uniprot_especie	false
PA4656		PA4656	protein_coding	hypothetical protein	false		refseq|kegg|uniprot	false
PA4657		PA4657	protein_coding	hypothetical protein	false		refseq|kegg|uniprot	false
PA4658		PA4658	protein_coding	hypothetical protein	false		refseq|kegg|uniprot	false
PA4659		PA4659	protein_coding	transcriptional regulator	true	go_0003700|go_0006355|kw_transcription_regulation|producto_refseq	refseq|kegg|uniprot	false
PA4660	phr	PA4660	protein_coding	deoxyribodipyrimidine photolyase	false		refseq|kegg|uniprot	true
PA4661	pagL	PA4661	protein_coding	lipid A 3-O-deacylase	false		refseq|kegg|uniprot|uniprot_especie	false
PA4662	murI	PA4662	protein_coding	glutamate racemase	false		refseq|kegg|uniprot|uniprot_especie	false
PA4663	moeB	PA4663	protein_coding	molybdopterin biosynthesis protein MoeB	false		refseq|kegg|uniprot	false
PA4664	hemK	PA4664|prmC	protein_coding	methyl transferase	false		refseq|kegg|uniprot|uniprot_especie	false
PA4665	prfA	PA4665|prf1	protein_coding	peptide chain release factor 1	false		refseq|kegg|uniprot|uniprot_especie	false
PA4666	hemA	PA4666	protein_coding	glutamyl-tRNA reductase	false		refseq|kegg|uniprot|uniprot_especie	false
PA4667		PA4667	protein_coding	hypothetical protein	false		refseq|kegg|uniprot|uniprot_especie	false
PA4668	lolB	PA4668|hemM	protein_coding	molecular chaperone LolB	false		refseq|kegg|uniprot|uniprot_especie	false
PA4669	ipk	PA4669|ispE	protein_coding	4-diphosphocytidyl-2C-methyl-D-erythritol kinase	false		refseq|kegg|uniprot|uniprot_especie	true
PA4669.1		PA4669.1	tRNA	tRNA-Gln	false		refseq|kegg	false
PA4670	prs	PA4670	protein_coding	ribose-phosphate pyrophosphokinase	false		refseq|kegg|uniprot|uniprot_especie	true
PA4671	rplY	PA4671|ctc	protein_coding	50S ribosomal protein L25/general stress protein Ctc	false		refseq|kegg|uniprot|uniprot_especie	true
PA4672	pth	PA4672	protein_coding	peptidyl-tRNA hydrolase	false		refseq|kegg|uniprot|uniprot_especie	true
PA4673	ychF	PA4673	protein_coding	GTP-dependent nucleic acid-binding protein EngD	false		refseq|kegg|uniprot	false
PA4673.1		PA4673.1	tRNA	tRNA-Met	false		refseq|kegg	false
PA4674		PA4674	protein_coding	hypothetical protein	true	go_0006355	refseq|kegg|uniprot	false
PA4675		PA4675	protein_coding	TonB-dependent receptor	false		refseq|kegg|uniprot	false
PA4676		PA4676	protein_coding	carbonic anhydrase	false		refseq|kegg|uniprot	false
PA4677		PA4677	protein_coding	hypothetical protein	false		refseq|kegg|uniprot	false
PA4678	rimI	PA4678	protein_coding	peptide n-acetyltransferase RimI	false		refseq|kegg|uniprot	false
PA4679		PA4679	protein_coding	hypothetical protein	false		refseq|kegg|uniprot	false
PA4680		PA4680	protein_coding	hypothetical protein	false		refseq|kegg|uniprot	false
PA4681		PA4681	protein_coding	hypothetical protein	false		refseq|kegg|uniprot	false
PA4682		PA4682	protein_coding	hypothetical protein	false		refseq|kegg|uniprot	false
PA4683		PA4683	protein_coding	hypothetical protein	false		refseq|kegg|uniprot	false
PA4684		PA4684	protein_coding	hypothetical protein	false		refseq|kegg|uniprot	false
PA4685		PA4685	protein_coding	hypothetical protein	false		refseq|kegg|uniprot	false
PA4686		PA4686	protein_coding	hypothetical protein	false		refseq|kegg|uniprot	false
PA4687	hitA	PA4687	protein_coding	ferric iron-binding periplasmic protein HitA	false		refseq|kegg|uniprot	false
PA4688	hitB	PA4688	protein_coding	iron (III)-transporter permease HitB	false		refseq|kegg|uniprot	false
PA4689		PA4689	protein_coding	hypothetical protein	false		refseq|kegg|uniprot	false
PA4690		PA4690	protein_coding	hypothetical protein	false		refseq|kegg	false
PA4690.1		PA4690.1	rRNA	5S ribosomal RNA	false		refseq|kegg	false
PA4690.2		PA4690.2	rRNA	23S ribosomal RNA	false		refseq|kegg	false
PA4690.3		PA4690.3	tRNA	tRNA-Ala	false		refseq|kegg	false
PA4690.4		PA4690.4	tRNA	tRNA-Ile	false		refseq|kegg	false
PA4690.5		PA4690.5	rRNA	16S ribosomal RNA	false		refseq|kegg	false
PA4691	msrQ	PA4691	protein_coding	sulfite oxidase subunit YedZ	false		refseq|kegg|uniprot|uniprot_especie	false
PA4692	msrP	PA4692	protein_coding	sulfite oxidase subunit YedY	false		refseq|kegg|uniprot|uniprot_especie	false
PA4693	pssA	PA4693	protein_coding	phosphatidylserine synthase	false		refseq|kegg|uniprot	false
PA4694	ilvC	PA4694	protein_coding	ketol-acid reductoisomerase	false		refseq|kegg|uniprot|uniprot_especie	false
PA4695	ilvH	PA4695	protein_coding	acetolactate synthase small subunit	false		refseq|kegg|uniprot	false
PA4696	ilvI	PA4696	protein_coding	acetolactate synthase 3 catalytic subunit	false		refseq|kegg|uniprot	false
PA4697		PA4697	protein_coding	hypothetical protein	false		refseq|kegg|uniprot	false
PA4698		PA4698	protein_coding	hypothetical protein	false		refseq|kegg|uniprot	false
PA4699		PA4699	protein_coding	hypothetical protein	false		refseq|kegg|uniprot	false
PA4700	mrcB	PA4700	protein_coding	penicillin-binding protein 1B	false		refseq|kegg|uniprot	false
PA4701		PA4701	protein_coding	hypothetical protein	false		refseq|kegg|uniprot	false
PA4702		PA4702	protein_coding	hypothetical protein	false		refseq|kegg|uniprot	false
PA4703		PA4703	protein_coding	hypothetical protein	true	go_0006355	refseq|kegg|uniprot	false
PA4704	cbpA	PA4704	protein_coding	cAMP-binding protein A	true	go_0003700	refseq|kegg|uniprot	false
PA4704.1	prrF1	PA4704.1	ncRNA	regulatory RNA PrrF1	false		refseq|kegg	false
PA4704.2	prrF2	PA4704.2	ncRNA	regulatory RNA PrrF2	false		refseq|kegg	false
PA4705		PA4705	protein_coding	hypothetical protein	false		refseq|kegg|uniprot	false
PA4706	hmuV	PA4706|phuV	protein_coding	hemin importer ATP-binding subunit	false		refseq|kegg|uniprot|uniprot_especie	false
PA4707		PA4707	protein_coding	ABC transporter permease	false		refseq|kegg|uniprot	false
PA4708	phuT	PA4708	protein_coding	heme-transporter PhuT	false		refseq|kegg|uniprot	false
PA4709		PA4709	protein_coding	hemin degrading factor	false		refseq|kegg|uniprot	false
PA4710	phuR	PA4710	protein_coding	heme/hemoglobin uptake outer membrane receptor PhuR	false		refseq|kegg|uniprot	false
PA4711		PA4711	protein_coding	hypothetical protein	false		refseq|kegg|uniprot	false
PA4712		PA4712	protein_coding	hypothetical protein	false		refseq|kegg|uniprot	false
PA4713		PA4713	protein_coding	hypothetical protein	false		refseq|kegg|uniprot	false
PA4714		PA4714	protein_coding	hypothetical protein	false		refseq|kegg|uniprot	false
PA4715		PA4715	protein_coding	aminotransferase	false		refseq|kegg|uniprot	false
PA4716		PA4716	protein_coding	hypothetical protein	false		refseq|kegg|uniprot	false
PA4717		PA4717	protein_coding	hypothetical protein	false		refseq|kegg|uniprot	false
PA4718		PA4718	protein_coding	hypothetical protein	false		refseq|kegg|uniprot	false
PA4719		PA4719	protein_coding	transporter	false		refseq|kegg|uniprot	false
PA4720	trmA	PA4720	protein_coding	tRNA (uracil-5-)-methyltransferase	false		refseq|kegg|uniprot|uniprot_especie	false
PA4721	sfsA	PA4721	protein_coding	sugar fermentation stimulation protein A	false		refseq|kegg|uniprot|uniprot_especie	false
PA4722		PA4722	protein_coding	hypothetical protein	false		refseq|kegg|uniprot	false
PA4723	dksA	PA4723	protein_coding	suppressor protein DksA	true	go_0006355	refseq|kegg|uniprot	false
PA4724	gluQ	PA4724	protein_coding	glutamyl-Q tRNA(Asp) synthetase	false		refseq|kegg|uniprot|uniprot_especie	false
PA4724.1		PA4724.1	protein_coding	hypothetical protein	false		refseq|kegg|uniprot	false
PA4725	cbrA	PA4725	protein_coding	two-component sensor CbrA	true	go_0006355|kw_two_component	refseq|kegg|uniprot	false
PA4726	cbrB	PA4726	protein_coding	two-component response regulator CbrB	true	kw_transcription_regulation|kw_two_component|producto_refseq	refseq|kegg|uniprot	false
PA4726.1		PA4726.1	ncRNA	P36	false		refseq|kegg	false
PA4726.2		PA4726.2	ncRNA	P30	false		refseq|kegg	false
PA4727	pcnB	PA4727	protein_coding	poly(A) polymerase	false		refseq|kegg|uniprot	false
PA4728	folK	PA4728	protein_coding	2-amino-4-hydroxy-6-hydroxymethyldihydropteridine pyrophosphokinase	false		refseq|kegg|uniprot|uniprot_especie	false
PA4729	panB	PA4729|panB2	protein_coding	3-methyl-2-oxobutanoate hydroxymethyltransferase	false		refseq|kegg|uniprot|uniprot_especie	false
PA4730	panC	PA4730	protein_coding	pantoate--beta-alanine ligase	false		refseq|kegg|uniprot|uniprot_especie	false
PA4731	panD	PA4731	protein_coding	aspartate alpha-decarboxylase	false		refseq|kegg|uniprot|uniprot_especie	false
PA4732	pgi	PA4732	protein_coding	glucose-6-phosphate isomerase	false		refseq|kegg|uniprot|uniprot_especie	true
PA4733	acsB	PA4733|acsA2	protein_coding	acetyl-CoA synthetase	false		refseq|kegg|uniprot|uniprot_especie	false
PA4734		PA4734	protein_coding	hypothetical protein	false		refseq|kegg|uniprot	false
PA4735	epaF	PA4735	protein_coding	hypothetical protein	false		refseq|kegg|uniprot|uniprot_especie	false
PA4736		PA4736	protein_coding	hypothetical protein	false		refseq|kegg|uniprot	false
PA4737		PA4737	protein_coding	hypothetical protein	false		refseq|kegg|uniprot	false
PA4738		PA4738	protein_coding	hypothetical protein	false		refseq|kegg|uniprot|uniprot_especie	false
PA4739		PA4739	protein_coding	hypothetical protein	false		refseq|kegg|uniprot	false
PA4740	pnp	PA4740	protein_coding	polynucleotide phosphorylase	false		refseq|kegg|uniprot|uniprot_especie	true
PA4741	rpsO	PA4741	protein_coding	30S ribosomal protein S15	false		refseq|kegg|uniprot|uniprot_especie	false
PA4742	truB	PA4742|orp	protein_coding	tRNA pseudouridine synthase B	false		refseq|kegg|uniprot|uniprot_especie	true
PA4743	rbfA	PA4743	protein_coding	ribosome-binding factor A	false		refseq|kegg|uniprot|uniprot_especie	false
PA4744	infB	PA4744	protein_coding	translation initiation factor IF-2	false		refseq|kegg|uniprot|uniprot_especie	false
PA4745	nusA	PA4745	protein_coding	transcription elongation factor NusA	true	go_0003700|kw_transcription_regulation	refseq|kegg|uniprot	false
PA4746	rimP	PA4746	protein_coding	hypothetical protein	false		refseq|kegg|uniprot|uniprot_especie	false
PA4746.1		PA4746.1	tRNA	tRNA-Met	false		refseq|kegg	false
PA4746.2		PA4746.2	tRNA	tRNA-Leu	false		refseq|kegg	false
PA4747	secG	PA4747	protein_coding	preprotein translocase subunit SecG	false		refseq|kegg|uniprot|uniprot_especie	false
PA4748	tpiA	PA4748	protein_coding	triosephosphate isomerase	false		refseq|kegg|uniprot|uniprot_especie	false
PA4749	glmM	PA4749	protein_coding	phosphoglucosamine mutase	false		refseq|kegg|uniprot|uniprot_especie	false
PA4750	folP	PA4750	protein_coding	dihydropteroate synthase	false		refseq|kegg|uniprot	false
PA4751	ftsH	PA4751	protein_coding	cell division protein FtsH	false		refseq|kegg|uniprot	false
PA4752	ftsJ	PA4752|rlmE|rrmJ	protein_coding	cell division protein FtsJ	false		refseq|kegg|uniprot|uniprot_especie	false
PA4753		PA4753	protein_coding	hypothetical protein	false		refseq|kegg|uniprot|uniprot_especie	false
PA4754		PA4754	protein_coding	hypothetical protein	false		refseq|kegg|uniprot	false
PA4755	greA	PA4755	protein_coding	transcription elongation factor GreA	true	kw_transcription_regulation	refseq|kegg|uniprot|uniprot_especie	false
PA4756	carB	PA4756	protein_coding	carbamoyl phosphate synthase large subunit	false		refseq|kegg|uniprot|uniprot_especie	false
PA4757		PA4757	protein_coding	leucine export protein LeuE	false		refseq|kegg|uniprot|uniprot_especie	false
PA4758	carA	PA4758	protein_coding	carbamoyl phosphate synthase small subunit	false		refseq|kegg|uniprot|uniprot_especie	false
PA4758.1		PA4758.1	ncRNA	P32	false		refseq|kegg	false
PA4759	dapB	PA4759	protein_coding	4-hydroxy-tetrahydrodipicolinate reductase	false		refseq|kegg|uniprot|uniprot_especie	false
PA4760	dnaJ	PA4760	protein_coding	molecular chaperone DnaJ	false		refseq|kegg|uniprot|uniprot_especie	false
PA4761	dnaK	PA4761	protein_coding	molecular chaperone DnaK	false		refseq|kegg|uniprot|uniprot_especie	false
PA4762	grpE	PA4762	protein_coding	heat shock protein GrpE	false		refseq|kegg|uniprot|uniprot_especie	false
PA4763	recN	PA4763	protein_coding	DNA repair protein RecN	false		refseq|kegg|uniprot	false
PA4764	fur	Fur|PA4764	protein_coding	ferric uptake regulation protein	true	collectf|go_0003700|kw_transcription_regulation	refseq|kegg|uniprot|uniprot_especie|manual	true
PA4765	omlA	PA4765|bamE|oprX	protein_coding	outer membrane lipoprotein OmlA	false		refseq|kegg|uniprot|uniprot_especie	false
PA4766		PA4766	protein_coding	hypothetical protein	false		refseq|kegg|uniprot|uniprot_especie	false
PA4767	ratA	PA4767	protein_coding	hypothetical protein	false		refseq|kegg|uniprot|uniprot_especie	false
PA4768	smpB	PA4768	protein_coding	SsrA-binding protein	false		refseq|kegg|uniprot|uniprot_especie	false
PA4769		PA4769	protein_coding	transcriptional regulator	true	go_0003700|go_0006355|kw_transcription_regulation|producto_refseq	refseq|kegg|uniprot	false
PA4770	lldP	PA4770	protein_coding	L-lactate permease	false		refseq|kegg|uniprot	false
PA4771	lldD	PA4771	protein_coding	L-lactate dehydrogenase	false		refseq|kegg|uniprot|uniprot_especie	false
PA4772		PA4772	protein_coding	ferredoxin	false		refseq|kegg|uniprot	false
PA4773	speH	PA4773	protein_coding	hypothetical protein	false		refseq|kegg|uniprot|uniprot_especie	false
PA4774	speE2	PA4774	protein_coding	hypothetical protein	false		refseq|kegg|uniprot|uniprot_especie	false
PA4775		PA4775	protein_coding	hypothetical protein	false		refseq|kegg|uniprot	false
PA4776	pmrA	PA4776	protein_coding	two-component regulator system response regulator PmrA	true	go_0006355|kw_transcription_regulation|kw_two_component|producto_refseq	refseq|kegg|uniprot|uniprot_especie	false
PA4777	pmrB	PA4777	protein_coding	two-component regulator system signal sensor kinase PmrB	true	kw_two_component	refseq|kegg|uniprot|uniprot_especie	false
PA4778	cueR	PA4778	protein_coding	protein CueR	true	go_0003700|kw_transcription_regulation	refseq|kegg|uniprot|uniprot_especie	false
PA4779		PA4779	protein_coding	hypothetical protein	false		refseq|kegg|uniprot	false
PA4780		PA4780	protein_coding	hypothetical protein	false		refseq|kegg|uniprot	false
PA4781		PA4781	protein_coding	cyclic di-GMP phosphodiesterase	false		refseq|kegg|uniprot|uniprot_especie	false
PA4782		PA4782	protein_coding	hypothetical protein	false		refseq|kegg|uniprot	false
PA4783		PA4783	protein_coding	hypothetical protein	false		refseq|kegg|uniprot	false
PA4784		PA4784	protein_coding	transcriptional regulator	true	go_0006355|kw_transcription_regulation|producto_refseq	refseq|kegg|uniprot	false
PA4785		PA4785	protein_coding	acetyl-CoA acetyltransferase	false		refseq|kegg|uniprot	false
PA4786		PA4786	protein_coding	3-ketoacyl-ACP reductase	false		refseq|kegg|uniprot	false
PA4787		PA4787	protein_coding	transcriptional regulator	true	go_0003700|kw_transcription_regulation|producto_refseq	refseq|kegg|uniprot	false
PA4788		PA4788	protein_coding	hypothetical protein	false		refseq|kegg|uniprot	false
PA4789		PA4789	protein_coding	hypothetical protein	false		refseq|kegg|uniprot	false
PA4790	cmoM	PA4790	protein_coding	hypothetical protein	false		refseq|kegg|uniprot	false
PA4791		PA4791	protein_coding	hypothetical protein	false		refseq|kegg|uniprot	false
PA4792		PA4792	protein_coding	hypothetical protein	false		refseq|kegg|uniprot	false
PA4793		PA4793	protein_coding	hypothetical protein	false		refseq|kegg|uniprot	false
PA4794		PA4794	protein_coding	hypothetical protein	false		refseq|kegg|uniprot	false
PA4795		PA4795	protein_coding	hypothetical protein	false		refseq|kegg|uniprot	false
PA4796		PA4796	protein_coding	hypothetical protein	false		refseq|kegg|uniprot	false
PA4797	;	PA4797	protein_coding	transposase	false		refseq|kegg|uniprot|uniprot_especie	true
PA4798		PA4798	protein_coding	hypothetical protein	false		refseq|kegg|uniprot|uniprot_especie	false
PA4799		PA4799	protein_coding	hypothetical protein	false		refseq|kegg|uniprot	false
PA4800		PA4800	protein_coding	hypothetical protein	false		refseq|kegg|uniprot	false
PA4801		PA4801	protein_coding	hypothetical protein	false		refseq|kegg|uniprot	false
PA4802		PA4802	protein_coding	hypothetical protein	false		refseq|kegg|uniprot	false
PA4802.1		PA4802.1	tRNA	tRNA-Sec	false		refseq|kegg	false
PA4803		PA4803	protein_coding	hypothetical protein	false		refseq|kegg|uniprot	false
PA4804		PA4804	protein_coding	amino acid permease	false		refseq|kegg|uniprot	false
PA4805		PA4805	protein_coding	hypothetical protein	false		refseq|kegg|uniprot	false
PA4806		PA4806	protein_coding	transcriptional regulator	true	go_0003700|go_0006355|kw_transcription_regulation|producto_refseq	refseq|kegg|uniprot	false
PA4807	selB	PA4807	protein_coding	selenocysteine-specific elongation factor	false		refseq|kegg|uniprot	false
PA4808	selA	PA4808	protein_coding	selenocysteine synthase	false		refseq|kegg|uniprot|uniprot_especie	false
PA4809	fdhE	PA4809	protein_coding	formate dehydrogenase subunit epsilon	false		refseq|kegg|uniprot|uniprot_especie	false
PA4810	fdnI	PA4810	protein_coding	nitrate-inducible formate dehydrogenase subunit gamma	false		refseq|kegg|uniprot	false
PA4811	fdnH	PA4811	protein_coding	nitrate-inducible formate dehydrogenase subunit beta	false		refseq|kegg|uniprot	false
PA4812	fdnG	PA4812	protein_coding	formate dehydrogenase-O major subunit	false		refseq|kegg|uniprot	false
PA4813	lipC	PA4813	protein_coding	lipase LipC	false		refseq|kegg|uniprot	false
PA4814	fadH2	PA4814	protein_coding	2,4-dienoyl-CoA reductase	false		refseq|kegg|uniprot	false
PA4815		PA4815	protein_coding	hypothetical protein	false		refseq|kegg|uniprot	false
PA4816		PA4816	protein_coding	hypothetical protein	false		refseq|kegg|uniprot	false
PA4817		PA4817	protein_coding	hypothetical protein	false		refseq|kegg|uniprot	false
PA4818		PA4818	protein_coding	hypothetical protein	false		refseq|kegg|uniprot	false
PA4819		PA4819	protein_coding	glycosyl transferase family protein	false		refseq|kegg|uniprot	false
PA4820		PA4820	protein_coding	hypothetical protein	false		refseq|kegg|uniprot	false
PA4821		PA4821	protein_coding	transporter	false		refseq|kegg|uniprot	false
PA4822		PA4822	protein_coding	hypothetical protein	false		refseq|kegg|uniprot	false
PA4823		PA4823	protein_coding	hypothetical protein	false		refseq|kegg|uniprot	false
PA4824		PA4824	protein_coding	hypothetical protein	false		refseq|kegg|uniprot	false
PA4825	mgtA	PA4825	protein_coding	Mg(2+) transport ATPase	false		refseq|kegg|uniprot	false
PA4826		PA4826	protein_coding	hypothetical protein	false		refseq|kegg|uniprot	false
PA4827		PA4827	protein_coding	arylamine N-acetyltransferase	false		refseq|kegg|uniprot	false
PA4828		PA4828	protein_coding	hypothetical protein	false		refseq|kegg|uniprot	false
PA4829	lpd3	PA4829	protein_coding	dihydrolipoamide dehydrogenase	false		refseq|kegg|uniprot|uniprot_especie	false
PA4830		PA4830	protein_coding	hypothetical protein	false		refseq|kegg|uniprot	false
PA4831		PA4831	protein_coding	transcriptional regulator	true	go_0003700|go_0006355|kw_transcription_regulation|producto_refseq	refseq|kegg|uniprot	false
PA4832		PA4832	protein_coding	short-chain dehydrogenase	false		refseq|kegg|uniprot	false
PA4833		PA4833	protein_coding	hypothetical protein	false		refseq|kegg|uniprot	false
PA4834	cntI	PA4834|zrmD	protein_coding	hypothetical protein	false		refseq|kegg|uniprot|uniprot_especie	false
PA4835	cntM	PA4835|zrmC	protein_coding	hypothetical protein	false		refseq|kegg|uniprot|uniprot_especie	false
PA4836	cntL	PA4836|zrmB	protein_coding	hypothetical protein	false		refseq|kegg|uniprot|uniprot_especie	false
PA4837	cntO	PA4837|zrmA	protein_coding	hypothetical protein	false		refseq|kegg|uniprot|uniprot_especie	false
PA4838		PA4838	protein_coding	hypothetical protein	false		refseq|kegg|uniprot	false
PA4839	speA	PA4839	protein_coding	arginine decarboxylase	false		refseq|kegg|uniprot|uniprot_especie	false
PA4840		PA4840	protein_coding	translation initiation factor Sui1	false		refseq|kegg|uniprot	false
PA4841		PA4841	protein_coding	hypothetical protein	false		refseq|kegg|uniprot|uniprot_especie	false
PA4842		PA4842	protein_coding	hypothetical protein	false		refseq|kegg|uniprot	false
PA4843		PA4843	protein_coding	two-component response regulator	true	producto_refseq	refseq|kegg|uniprot	false
PA4844	ctpL	PA4844	protein_coding	chemotaxis transducer	false		refseq|kegg|uniprot|uniprot_especie	false
PA4845	dipZ	PA4845|dsbD1	protein_coding	thiol:disulfide interchange protein	false		refseq|kegg|uniprot|uniprot_especie	false
PA4846	aroQ1	PA4846	protein_coding	3-dehydroquinate dehydratase	false		refseq|kegg|uniprot|uniprot_especie	false
PA4847	accB	PA4847|fabE	protein_coding	acetyl-CoA carboxylase biotin carboxyl carrier protein subunit	false		refseq|kegg|uniprot|uniprot_especie	false
PA4848	accC	PA4848	protein_coding	acetyl-CoA carboxylase biotin carboxylase subunit	false		refseq|kegg|uniprot|uniprot_especie	false
PA4849		PA4849	protein_coding	hypothetical protein	false		refseq|kegg|uniprot	false
PA4850	prmA	PA4850	protein_coding	50S ribosomal protein L11 methyltransferase	false		refseq|kegg|uniprot|uniprot_especie	false
PA4851		PA4851	protein_coding	hypothetical protein	false		refseq|kegg|uniprot	false
PA4852	dusB	PA4852	protein_coding	hypothetical protein	false		refseq|kegg|uniprot|uniprot_especie	false
PA4853	fis	Fis|PA4853	protein_coding	Fis family transcriptional regulator	true	kw_transcription_regulation|producto_refseq	refseq|kegg|uniprot|uniprot_especie|manual	true
PA4854	purH	PA4854	protein_coding	bifunctional phosphoribosylaminoimidazolecarboxamide formyltransferase/IMP cyclohydrolase	false		refseq|kegg|uniprot|uniprot_especie	false
PA4855	purD	PA4855	protein_coding	phosphoribosylamine--glycine ligase	false		refseq|kegg|uniprot|uniprot_especie	false
PA4856	retS	PA4856	protein_coding	sensor histidine kinase MifS	true	kw_two_component	refseq|kegg|uniprot	false
PA4857		PA4857	protein_coding	hypothetical protein	false		refseq|kegg|uniprot	false
PA4858		PA4858	protein_coding	hypothetical protein	false		refseq|kegg|uniprot	false
PA4859		PA4859	protein_coding	ABC transporter permease	false		refseq|kegg|uniprot	false
PA4860		PA4860	protein_coding	ABC transporter permease	false		refseq|kegg|uniprot	false
PA4861		PA4861	protein_coding	ABC transporter ATP-binding protein	false		refseq|kegg|uniprot	false
PA4862		PA4862	protein_coding	ABC transporter ATP-binding protein	false		refseq|kegg|uniprot	false
PA4863		PA4863	protein_coding	hypothetical protein	false		refseq|kegg|uniprot	false
PA4864	ureD	PA4864	protein_coding	urease accessory protein	false		refseq|kegg|uniprot|uniprot_especie	false
PA4865	ureA	PA4865	protein_coding	urease subunit gamma	false		refseq|kegg|uniprot|uniprot_especie	false
PA4866	pitA	PA4866	protein_coding	hypothetical protein	false		refseq|kegg|uniprot|uniprot_especie	false
PA4867	ureB	PA4867	protein_coding	urease subunit beta	false		refseq|kegg|uniprot|uniprot_especie	false
PA4868	ureC	PA4868	protein_coding	urease subunit alpha	false		refseq|kegg|uniprot|uniprot_especie	false
PA4869		PA4869	protein_coding	hypothetical protein	false		refseq|kegg|uniprot	false
PA4870		PA4870	protein_coding	hypothetical protein	false		refseq|kegg|uniprot	false
PA4871		PA4871	protein_coding	hypothetical protein	false		refseq|kegg|uniprot	false
PA4872		PA4872	protein_coding	hypothetical protein	false		refseq|kegg|uniprot|uniprot_especie	false
PA4873		PA4873	protein_coding	heat-shock protein	false		refseq|kegg|uniprot	false
PA4874		PA4874	protein_coding	hypothetical protein	false		refseq|kegg|uniprot	false
PA4875		PA4875	pseudogene	pseudogene	false		refseq|kegg|uniprot	false
PA4876	osmE	PA4876	protein_coding	OsmE family transcriptional regulator	true	producto_refseq	refseq|kegg|uniprot	false
PA4877		PA4877	protein_coding	hypothetical protein	false		refseq|kegg|uniprot	false
PA4878	brlR	PA4878	protein_coding	transcriptional regulator	true	collectf|go_0003700|go_0006355|kw_transcription_regulation|producto_refseq	refseq|kegg|uniprot|uniprot_especie	false
PA4879		PA4879	protein_coding	hypothetical protein	false		refseq|kegg|uniprot	false
PA4880		PA4880	protein_coding	bacterioferritin	false		refseq|kegg|uniprot	false
PA4881		PA4881	protein_coding	hypothetical protein	false		refseq|kegg|uniprot	false
PA4882		PA4882	protein_coding	hypothetical protein	false		refseq|kegg|uniprot	false
PA4883		PA4883	protein_coding	hypothetical protein	false		refseq|kegg|uniprot	false
PA4884		PA4884	protein_coding	hypothetical protein	false		refseq|kegg|uniprot	false
PA4885	irlR	PA4885	protein_coding	two-component response regulator	true	go_0006355|kw_transcription_regulation|kw_two_component|producto_refseq	refseq|kegg|uniprot	false
PA4886		PA4886	protein_coding	two-component sensor	true	kw_two_component	refseq|kegg|uniprot	false
PA4887		PA4887	protein_coding	major facilitator superfamily transporter	false		refseq|kegg|uniprot	false
PA4888	desB	PA4888	protein_coding	acyl-CoA desaturase	false		refseq|kegg|uniprot	false
PA4889		PA4889	protein_coding	oxidoreductase	false		refseq|kegg|uniprot	false
PA4890	desT	PA4890	protein_coding	transcriptional regulator	true	collectf|kw_transcription_regulation|producto_refseq	refseq|kegg|uniprot	false
PA4891	ureE	PA4891	protein_coding	urease accessory protein UreE	false		refseq|kegg|uniprot|uniprot_especie	false
PA4892	ureF	PA4892	protein_coding	urease accessory protein UreF	false		refseq|kegg|uniprot|uniprot_especie	false
PA4893	ureG	PA4893	protein_coding	urease accessory protein UreG	false		refseq|kegg|uniprot|uniprot_especie	false
PA4894		PA4894	protein_coding	hypothetical protein	false		refseq|kegg|uniprot	false
PA4895		PA4895	protein_coding	transmembrane sensor	false		refseq|kegg|uniprot	false
PA4896		PA4896	protein_coding	RNA polymerase sigma factor	true	go_0006355|kw_sigma_factor|kw_transcription_regulation|producto_refseq	refseq|kegg|uniprot	false
PA4897		PA4897	protein_coding	hypothetical protein	false		refseq|kegg|uniprot	false
PA4898	opdK	PA4898	protein_coding	vanillate porin OpdK	false		refseq|kegg|uniprot	false
PA4899		PA4899	protein_coding	aldehyde dehydrogenase	false		refseq|kegg|uniprot	false
PA4900		PA4900	protein_coding	major facilitator superfamily transporter	false		refseq|kegg|uniprot	false
PA4901	mdlC	PA4901	protein_coding	benzoylformate decarboxylase	false		refseq|kegg|uniprot|uniprot_especie	false
PA4902		PA4902	protein_coding	transcriptional regulator	true	go_0003700|go_0006355|kw_transcription_regulation|producto_refseq	refseq|kegg|uniprot	false
PA4903		PA4903	protein_coding	major facilitator superfamily transporter	false		refseq|kegg|uniprot	false
PA4904	vanA	PA4904	protein_coding	vanillate O-demethylase oxygenase	false		refseq|kegg|uniprot	false
PA4905	vanB	PA4905	protein_coding	vanillate O-demethylase	false		refseq|kegg|uniprot	false
PA4906		PA4906	protein_coding	transcriptional regulator	true	go_0003700|go_0006355|kw_transcription_regulation|producto_refseq	refseq|kegg|uniprot	false
PA4907		PA4907	protein_coding	short-chain dehydrogenase	false		refseq|kegg|uniprot	false
PA4908		PA4908	protein_coding	ornithine cyclodeaminase	false		refseq|kegg|uniprot	false
PA4909		PA4909	protein_coding	ABC transporter ATP-binding protein	false		refseq|kegg|uniprot	false
PA4910		PA4910	protein_coding	ABC transporter ATP-binding protein	false		refseq|kegg|uniprot	false
PA4911		PA4911	protein_coding	branched-chain amino acid ABC transporter permease	false		refseq|kegg|uniprot	false
PA4912		PA4912	protein_coding	branched-chain amino acid ABC transporter	false		refseq|kegg|uniprot	false
PA4913		PA4913	protein_coding	ABC transporter	false		refseq|kegg|uniprot|uniprot_especie	false
PA4914		PA4914	protein_coding	transcriptional regulator	true	go_0003700|kw_transcription_regulation|producto_refseq	refseq|kegg|uniprot	false
PA4915		PA4915	protein_coding	chemotaxis transducer	false		refseq|kegg|uniprot	false
PA4916		PA4916	protein_coding	hypothetical protein	false		refseq|kegg|uniprot	false
PA4917		PA4917	protein_coding	hypothetical protein	false		refseq|kegg|uniprot	false
PA4918		PA4918	protein_coding	hypothetical protein	false		refseq|kegg|uniprot	false
PA4919	pncB1	PA4919	protein_coding	nicotinate phosphoribosyltransferase	false		refseq|kegg|uniprot|uniprot_especie	false
PA4920	nadE	PA4920	protein_coding	NAD synthetase	false		refseq|kegg|uniprot|uniprot_especie	false
PA4921		PA4921	protein_coding	hypothetical protein	false		refseq|kegg|uniprot	false
PA4922	azu	PA4922	protein_coding	azurin	false		refseq|kegg|uniprot|uniprot_especie	true
PA4923		PA4923	protein_coding	hypothetical protein	false		refseq|kegg|uniprot|uniprot_especie	false
PA4924		PA4924	protein_coding	hypothetical protein	false		refseq|kegg|uniprot	false
PA4925		PA4925	protein_coding	hypothetical protein	false		refseq|kegg|uniprot	false
PA4926		PA4926	protein_coding	hypothetical protein	false		refseq|kegg|uniprot	false
PA4927		PA4927	protein_coding	hypothetical protein	false		refseq|kegg|uniprot	false
PA4928		PA4928	protein_coding	hypothetical protein	false		refseq|kegg|uniprot|uniprot_especie	false
PA4929		PA4929	protein_coding	hypothetical protein	false		refseq|kegg|uniprot	false
PA4930	alr	PA4930	protein_coding	biosynthetic alanine racemase	false		refseq|kegg|uniprot|uniprot_especie	true
PA4931	dnaB	PA4931	protein_coding	replicative DNA helicase	false		refseq|kegg|uniprot	false
PA4932	rplI	PA4932	protein_coding	50S ribosomal protein L9	false		refseq|kegg|uniprot|uniprot_especie	false
PA4933		PA4933	protein_coding	hypothetical protein	false		refseq|kegg|uniprot	false
PA4934	rpsR	PA4934	protein_coding	30S ribosomal protein S18	false		refseq|kegg|uniprot|uniprot_especie	false
PA4935	rpsF	PA4935	protein_coding	30S ribosomal protein S6	false		refseq|kegg|uniprot|uniprot_especie	false
PA4936	rlmB	PA4936	protein_coding	23S rRNA (guanosine(2251)-2'-O)-methyltransferase RlmB	false		refseq|kegg|uniprot|uniprot_especie	false
PA4937	rnr	PA4937	protein_coding	exoribonuclease R	false		refseq|kegg|uniprot	true
PA4937.1		PA4937.1	tRNA	tRNA-Leu	false		refseq|kegg	false
PA4937.2		PA4937.2	tRNA	tRNA-Leu	false		refseq|kegg	false
PA4938	purA	PA4938	protein_coding	adenylosuccinate synthetase	false		refseq|kegg|uniprot|uniprot_especie	false
PA4939	hisZ	PA4939	protein_coding	ATP phosphoribosyltransferase	false		refseq|kegg|uniprot|uniprot_especie	false
PA4940		PA4940	protein_coding	hypothetical protein	false		refseq|kegg|uniprot	false
PA4941	hflC	PA4941	protein_coding	protease subunit HflC	false		refseq|kegg|uniprot	false
PA4942	hflK	PA4942	protein_coding	protease subunit HflK	false		refseq|kegg|uniprot	false
PA4943	hflX	PA4943	protein_coding	GTP-binding protein	false		refseq|kegg|uniprot	false
PA4944	hfq	Hfq|PA4944	protein_coding	RNA-binding protein Hfq	true	go_0006355	refseq|kegg|uniprot|uniprot_especie|manual	true
PA4945	miaA	PA4945	protein_coding	tRNA delta(2)-isopentenylpyrophosphate transferase	false		refseq|kegg|uniprot|uniprot_especie	false
PA4946	mutL	PA4946	protein_coding	DNA mismatch repair protein	false		refseq|kegg|uniprot|uniprot_especie	false
PA4947	amiB	PA4947	protein_coding	N-acetylmuramoyl-L-alanine amidase	false		refseq|kegg|uniprot	false
PA4948		PA4948	protein_coding	hypothetical protein	false		refseq|kegg|uniprot	false
PA4949	nnrD	PA4949|nnrE	protein_coding	hypothetical protein	false		refseq|kegg|uniprot	false
PA4950	queG	PA4950	protein_coding	hypothetical protein	false		refseq|kegg|uniprot|uniprot_especie	false
PA4951	orn	PA4951	protein_coding	oligoribonuclease	false		refseq|kegg|uniprot|uniprot_especie	true
PA4952	rsgA	PA4952	protein_coding	ribosome-associated GTPase	false		refseq|kegg|uniprot|uniprot_especie	false
PA4953	motB	PA4953	protein_coding	flagellar motor protein MotB	false		refseq|kegg|uniprot	false
PA4954	motA	PA4954	protein_coding	flagellar motor protein MotA	false		refseq|kegg|uniprot	false
PA4955		PA4955	protein_coding	hypothetical protein	false		refseq|kegg|uniprot	false
PA4956	rhdA	PA4956	protein_coding	thiosulfate:cyanide sulfurtransferase	false		refseq|kegg|uniprot|uniprot_especie	false
PA4957	psd	PA4957	protein_coding	phosphatidylserine decarboxylase	false		refseq|kegg|uniprot|uniprot_especie	true
PA4958	fimW	PA4958	protein_coding	cyclic-di-GMP receptor FimW	false		refseq|kegg|uniprot|uniprot_especie	false
PA4959	fimX	PA4959	protein_coding	protein FimX	true	go_0006355	refseq|kegg|uniprot	false
PA4960		PA4960	protein_coding	phosphoserine phosphatase	false		refseq|kegg|uniprot	false
PA4961		PA4961	protein_coding	hypothetical protein	false		refseq|kegg|uniprot	false
PA4962		PA4962	protein_coding	hypothetical protein	false		refseq|kegg|uniprot	false
PA4963		PA4963	protein_coding	hypothetical protein	false		refseq|kegg|uniprot	false
PA4964	parC	PA4964	protein_coding	DNA topoisomerase IV subunit A	false		refseq|kegg|uniprot|uniprot_especie	false
PA4965		PA4965	protein_coding	hypothetical protein	false		refseq|kegg|uniprot	false
PA4966		PA4966	protein_coding	hypothetical protein	false		refseq|kegg|uniprot	false
PA4967	parE	PA4967	protein_coding	DNA topoisomerase IV subunit B	false		refseq|kegg|uniprot|uniprot_especie	false
PA4968		PA4968	protein_coding	hypothetical protein	false		refseq|kegg|uniprot	false
PA4969	cpdA	PA4969	protein_coding	cAMP phosphodiesterase	false		refseq|kegg|uniprot	false
PA4970		PA4970	protein_coding	hypothetical protein	false		refseq|kegg|uniprot	false
PA4971	aspP	PA4971	protein_coding	adenosine diphosphate sugar pyrophosphatase	false		refseq|kegg|uniprot	false
PA4972		PA4972	protein_coding	hypothetical protein	false		refseq|kegg|uniprot	false
PA4973	thiC	PA4973	protein_coding	thiamine biosynthesis protein ThiC	false		refseq|kegg|uniprot|uniprot_especie	false
PA4974		PA4974	protein_coding	hypothetical protein	false		refseq|kegg|uniprot	false
PA4975		PA4975	protein_coding	NAD(P)H quinone oxidoreductase	false		refseq|kegg|uniprot	false
PA4976	aruH	PA4976	protein_coding	arginine:pyruvate transaminase AruH	false		refseq|kegg|uniprot|uniprot_especie	false
PA4977	aruI	PA4977	protein_coding	hypothetical protein	false		refseq|kegg|uniprot|uniprot_especie	false
PA4978		PA4978	protein_coding	hypothetical protein	false		refseq|kegg|uniprot	false
PA4979		PA4979	protein_coding	acyl-CoA dehydrogenase	false		refseq|kegg|uniprot	false
PA4980		PA4980	protein_coding	enoyl-CoA hydratase	false		refseq|kegg|uniprot	false
PA4981		PA4981	protein_coding	amino acid permease	false		refseq|kegg|uniprot	false
PA4982	aruS	PA4982	protein_coding	two-component sensor	true	kw_two_component	refseq|kegg|uniprot|uniprot_especie	false
PA4983	aruR	PA4983	protein_coding	two-component response regulator	true	go_0006355|kw_transcription_regulation|kw_two_component|producto_refseq	refseq|kegg|uniprot|uniprot_especie	false
PA4984		PA4984	protein_coding	transcriptional regulator	true	go_0003700|go_0006355|kw_transcription_regulation|producto_refseq	refseq|kegg|uniprot	false
PA4985		PA4985	protein_coding	hypothetical protein	false		refseq|kegg|uniprot	false
PA4986		PA4986	protein_coding	oxidoreductase	false		refseq|kegg|uniprot	false
PA4987		PA4987	protein_coding	transcriptional regulator	true	go_0003700|go_0006355|producto_refseq	refseq|kegg|uniprot	false
PA4988	waaA	PA4988	protein_coding	3-deoxy-D-manno-octulosonic acid transferase	false		refseq|kegg|uniprot	false
PA4989		PA4989	protein_coding	transcriptional regulator	true	go_0003700|go_0006355|kw_transcription_regulation|producto_refseq	refseq|kegg|uniprot	false
PA4990		PA4990	protein_coding	SMR multidrug efflux transporter	false		refseq|kegg|uniprot|uniprot_especie	false
PA4991		PA4991	protein_coding	hypothetical protein	false		refseq|kegg|uniprot|uniprot_especie	false
PA4992		PA4992	protein_coding	hypothetical protein	false		refseq|kegg|uniprot	false
PA4993		PA4993	protein_coding	hypothetical protein	false		refseq|kegg|uniprot	false
PA4994		PA4994	protein_coding	acyl-CoA dehydrogenase	false		refseq|kegg|uniprot	false
PA4995		PA4995	protein_coding	acyl-CoA dehydrogenase	false		refseq|kegg|uniprot	false
PA4996	rfaE	PA4996|hldE	protein_coding	bifunctional heptose 7-phosphate kinase/heptose 1-phosphate adenyltransferase	false		refseq|kegg|uniprot|uniprot_especie	false
PA4997	msbA	PA4997	protein_coding	transporter MsbA	false		refseq|kegg|uniprot|uniprot_especie	false
PA4998		PA4998	protein_coding	hypothetical protein	false		refseq|kegg|uniprot	false
PA4999	waaL	PA4999	protein_coding	O-antigen ligase WaaL	false		refseq|kegg|uniprot|uniprot_especie	false
PA5000	wapR	PA5000	protein_coding	alpha-1,3-rhamnosyltransferase WapR	false		refseq|kegg|uniprot	false
PA5001		PA5001	protein_coding	hypothetical protein	false		refseq|kegg|uniprot	false
PA5002		PA5002	protein_coding	hypothetical protein	false		refseq|kegg|uniprot	false
PA5003		PA5003	protein_coding	hypothetical protein	false		refseq|kegg|uniprot	false
PA5004		PA5004	protein_coding	glycosyl transferase family protein	false		refseq|kegg|uniprot	false
PA5005		PA5005	protein_coding	carbamoyl transferase	false		refseq|kegg|uniprot	false
PA5006		PA5006	protein_coding	hypothetical protein	false		refseq|kegg|uniprot	false
PA5007		PA5007	protein_coding	hypothetical protein	false		refseq|kegg|uniprot	false
PA5008		PA5008	protein_coding	hypothetical protein	false		refseq|kegg|uniprot	false
PA5009	waaP	PA5009|rfaP	protein_coding	lipopolysaccharide kinase WaaP	false		refseq|kegg|uniprot|uniprot_especie	false
PA5010	waaG	PA5010	protein_coding	UDP-glucose:(heptosyl) LPS alpha 1,3-glucosyltransferase WaaG	false		refseq|kegg|uniprot	false
PA5011	waaC	PA5011|rfaC	protein_coding	heptosyltransferase I	false		refseq|kegg|uniprot|uniprot_especie	false
PA5012	waaF	PA5012	protein_coding	heptosyltransferase II	false		refseq|kegg|uniprot	false
PA5013	ilvE	PA5013	protein_coding	branched-chain amino acid aminotransferase	false		refseq|kegg|uniprot|uniprot_especie	false
PA5014	glnE	PA5014	protein_coding	bifunctional glutamine-synthetase adenylyltransferase/deadenyltransferase	false		refseq|kegg|uniprot|uniprot_especie	false
PA5015	aceE	PA5015	protein_coding	pyruvate dehydrogenase subunit E1	false		refseq|kegg|uniprot|uniprot_especie	false
PA5016	aceF	PA5016|aceB	protein_coding	dihydrolipoamide acetyltransferase	false		refseq|kegg|uniprot|uniprot_especie	false
PA5017		PA5017	protein_coding	hypothetical protein	false		refseq|kegg|uniprot	false
PA5018	msrA	PA5018	protein_coding	peptide methionine sulfoxide reductase	false		refseq|kegg|uniprot|uniprot_especie	false
PA5019	rlmJ	PA5019	protein_coding	hypothetical protein	false		refseq|kegg|uniprot	false
PA5020		PA5020	protein_coding	acyl-CoA dehydrogenase	false		refseq|kegg|uniprot	false
PA5021	nhaP2	PA5021|cvrA	protein_coding	sodium/hydrogen antiporter	false		refseq|kegg|uniprot|uniprot_especie	false
PA5022		PA5022	protein_coding	potassium efflux protein KefA	false		refseq|kegg|uniprot	false
PA5023	ydiU	PA5023|selO	protein_coding	hypothetical protein	false		refseq|kegg|uniprot|uniprot_especie	false
PA5024		PA5024	protein_coding	hypothetical protein	false		refseq|kegg|uniprot	false
PA5025	metY	PA5025	protein_coding	O-acetylhomoserine aminocarboxypropyltransferase	false		refseq|kegg|uniprot	false
PA5026		PA5026	protein_coding	hypothetical protein	false		refseq|kegg|uniprot	false
PA5027		PA5027	protein_coding	hypothetical protein	false		refseq|kegg|uniprot	false
PA5028		PA5028	protein_coding	hypothetical protein	false		refseq|kegg|uniprot	false
PA5029		PA5029	protein_coding	transcriptional regulator	true	go_0003700|go_0006355|kw_transcription_regulation|producto_refseq	refseq|kegg|uniprot	false
PA5030		PA5030	protein_coding	major facilitator superfamily transporter	false		refseq|kegg|uniprot	false
PA5031		PA5031	protein_coding	short-chain dehydrogenase	false		refseq|kegg|uniprot	false
PA5032		PA5032	protein_coding	transcriptional regulator	true	go_0003700|kw_transcription_regulation|producto_refseq	refseq|kegg|uniprot	false
PA5033		PA5033	protein_coding	hypothetical protein	false		refseq|kegg|uniprot	false
PA5034	hemE	PA5034	protein_coding	uroporphyrinogen decarboxylase	false		refseq|kegg|uniprot|uniprot_especie	false
PA5035	gltD	PA5035	protein_coding	glutamate synthase subunit beta	false		refseq|kegg|uniprot	false
PA5036	gltB	PA5036	protein_coding	glutamate synthase subunit alpha	false		refseq|kegg|uniprot	false
PA5037		PA5037	protein_coding	hypothetical protein	false		refseq|kegg|uniprot	false
PA5038	aroB	PA5038	protein_coding	3-dehydroquinate synthase	false		refseq|kegg|uniprot|uniprot_especie	false
PA5039	aroK	PA5039	protein_coding	shikimate kinase	false		refseq|kegg|uniprot|uniprot_especie	false
PA5040	pilQ	PA5040	protein_coding	type 4 fimbrial biogenesis outer membrane protein PilQ	false		refseq|kegg|uniprot|uniprot_especie	false
PA5041	pilP	PA5041	protein_coding	type 4 fimbrial biogenesis protein PilP	false		refseq|kegg|uniprot|uniprot_especie	false
PA5042	pilO	PA5042	protein_coding	type 4 fimbrial biogenesis protein PilO	false		refseq|kegg|uniprot|uniprot_especie	false
PA5043	pilN	PA5043	protein_coding	type 4 fimbrial biogenesis protein PilN	false		refseq|kegg|uniprot|uniprot_especie	false
PA5044	pilM	PA5044	protein_coding	type 4 fimbrial biogenesis protein PilM	false		refseq|kegg|uniprot|uniprot_especie	false
PA5045	ponA	PA5045|mrcA	protein_coding	penicillin-binding protein 1A	false		refseq|kegg|uniprot|uniprot_especie	false
PA5046		PA5046	protein_coding	malic enzyme	false		refseq|kegg|uniprot	false
PA5047		PA5047	protein_coding	hypothetical protein	false		refseq|kegg|uniprot	false
PA5048		PA5048	protein_coding	nuclease	false		refseq|kegg|uniprot	false
PA5049	rpmE	PA5049	protein_coding	50S ribosomal protein L31	false		refseq|kegg|uniprot|uniprot_especie	false
PA5050	priA	PA5050	protein_coding	primosome assembly protein PriA	false		refseq|kegg|uniprot	false
PA5051	argS	PA5051	protein_coding	arginine--tRNA ligase	false		refseq|kegg|uniprot|uniprot_especie	false
PA5052		PA5052	protein_coding	hypothetical protein	false		refseq|kegg|uniprot	false
PA5053	hslV	PA5053	protein_coding	ATP-dependent protease peptidase subunit	false		refseq|kegg|uniprot|uniprot_especie	false
PA5054	hslU	PA5054	protein_coding	ATP-dependent protease ATP-binding subunit HslU	false		refseq|kegg|uniprot|uniprot_especie	false
PA5055		PA5055	protein_coding	hypothetical protein	false		refseq|kegg|uniprot	false
PA5056	phaC1	PA5056	protein_coding	poly(3-hydroxyalkanoic acid) synthase	false		refseq|kegg|uniprot	false
PA5057	phaD	PA5057	protein_coding	poly(3-hydroxyalkanoic acid) depolymerase	false		refseq|kegg|uniprot	false
PA5058	phaC2	PA5058	protein_coding	poly(3-hydroxyalkanoic acid) synthase	false		refseq|kegg|uniprot	false
PA5059		PA5059	protein_coding	transcriptional regulator	true	go_0003700|go_0006355|producto_refseq	refseq|kegg|uniprot	false
PA5060	phaF	PA5060	protein_coding	polyhydroxyalkanoate synthesis protein PhaF	false		refseq|kegg|uniprot	false
PA5061		PA5061	protein_coding	hypothetical protein	false		refseq|kegg|uniprot	false
PA5062		PA5062	protein_coding	hypothetical protein	false		refseq|kegg|uniprot	false
PA5063	ubiE	PA5063	protein_coding	ubiquinone/menaquinone biosynthesis methyltransferase	false		refseq|kegg|uniprot|uniprot_especie	false
PA5064	ubiJ	PA5064	protein_coding	hypothetical protein	false		refseq|kegg|uniprot	false
PA5065	ubiB	PA5065	protein_coding	ubiquinone biosynthetic protein UbiB	false		refseq|kegg|uniprot|uniprot_especie	false
PA5066	hisI	PA5066	protein_coding	phosphoribosyl-AMP cyclohydrolase	false		refseq|kegg|uniprot|uniprot_especie	false
PA5067	hisE	PA5067	protein_coding	phosphoribosyl-ATP pyrophosphatase	false		refseq|kegg|uniprot|uniprot_especie	false
PA5068	tatA	PA5068	protein_coding	twin-arginine translocation protein TatA	false		refseq|kegg|uniprot|uniprot_especie	false
PA5069	tatB	PA5069	protein_coding	sec-independent translocase	false		refseq|kegg|uniprot|uniprot_especie	false
PA5070	tatC	PA5070	protein_coding	transporter TatC	false		refseq|kegg|uniprot	false
PA5071		PA5071	protein_coding	16S ribosomal RNA methyltransferase RsmE	false		refseq|kegg|uniprot	false
PA5072	mcpK	PA5072	protein_coding	chemotaxis transducer	false		refseq|kegg|uniprot|uniprot_especie	false
PA5073		PA5073	protein_coding	hypothetical protein	false		refseq|kegg|uniprot|uniprot_especie	false
PA5074		PA5074	protein_coding	ABC transporter ATP-binding protein	false		refseq|kegg|uniprot	false
PA5075		PA5075	protein_coding	ABC transporter permease	false		refseq|kegg|uniprot	false
PA5076		PA5076	protein_coding	ABC transporter	false		refseq|kegg|uniprot	false
PA5077	mdoH	PA5077|opgH	protein_coding	glucosyltransferase MdoH	false		refseq|kegg|uniprot|uniprot_especie	false
PA5078	opgG	PA5078	protein_coding	glucan biosynthesis protein G	false		refseq|kegg|uniprot|uniprot_especie	false
PA5079	dtd	PA5079	protein_coding	D-tyrosyl-tRNA(Tyr) deacylase	false		refseq|kegg|uniprot|uniprot_especie	true
PA5080		PA5080	protein_coding	prolyl aminopeptidase	false		refseq|kegg|uniprot	false
PA5081		PA5081	protein_coding	hypothetical protein	false		refseq|kegg|uniprot	false
PA5082		PA5082	protein_coding	ABC transporter	false		refseq|kegg|uniprot	false
PA5083		PA5083	protein_coding	hypothetical protein	false		refseq|kegg|uniprot	false
PA5084	dadA2	PA5084	protein_coding	oxidoreductase	false		refseq|kegg|uniprot|uniprot_especie	false
PA5085		PA5085	protein_coding	transcriptional regulator	true	go_0003700|kw_transcription_regulation|producto_refseq	refseq|kegg|uniprot	false
PA5087		PA5087	protein_coding	hypothetical protein	false		refseq|kegg|uniprot	false
PA5088		PA5088	protein_coding	hypothetical protein	false		refseq|kegg|uniprot	false
PA5089		PA5089	protein_coding	hypothetical protein	false		refseq|kegg|uniprot	false
PA5090	vgrG5	PA5090	protein_coding	hypothetical protein	false		refseq|kegg|uniprot|uniprot_especie	false
PA5091	hutG	PA5091	protein_coding	N-formylglutamate amidohydrolase	false		refseq|kegg|uniprot|uniprot_especie	false
PA5092	hutI	PA5092	protein_coding	imidazolonepropionase	false		refseq|kegg|uniprot|uniprot_especie	false
PA5093		PA5093	protein_coding	histidine/phenylalanine ammonia-lyase	false		refseq|kegg|uniprot	false
PA5094		PA5094	protein_coding	ABC transporter ATP-binding protein	false		refseq|kegg|uniprot	false
PA5095		PA5095	protein_coding	ABC transporter permease	false		refseq|kegg|uniprot	false
PA5096		PA5096	protein_coding	ABC transporter	false		refseq|kegg|uniprot	false
PA5097		PA5097	protein_coding	amino acid permease	false		refseq|kegg|uniprot	false
PA5098	hutH	PA5098	protein_coding	histidine ammonia-lyase	false		refseq|kegg|uniprot|uniprot_especie	false
PA5099		PA5099	protein_coding	transporter	false		refseq|kegg|uniprot	false
PA5100	hutU	PA5100	protein_coding	urocanate hydratase	false		refseq|kegg|uniprot|uniprot_especie	false
PA5101		PA5101	protein_coding	hypothetical protein	false		refseq|kegg|uniprot	false
PA5102		PA5102	protein_coding	hypothetical protein	false		refseq|kegg|uniprot	false
PA5103		PA5103	protein_coding	hypothetical protein	false		refseq|kegg|uniprot	false
PA5104		PA5104	protein_coding	hypothetical protein	false		refseq|kegg|uniprot	false
PA5105	hutC	PA5105	protein_coding	histidine utilization repressor HutC	true	go_0003700|kw_transcription_regulation	refseq|kegg|uniprot|uniprot_especie	false
PA5106	hutF	PA5106	protein_coding	N-formimino-L-glutamate deiminase	false		refseq|kegg|uniprot|uniprot_especie	false
PA5107	blc	PA5107	protein_coding	outer membrane lipoprotein Blc	false		refseq|kegg|uniprot	true
PA5108		PA5108	protein_coding	hypothetical protein	false		refseq|kegg|uniprot	false
PA5109		PA5109	protein_coding	hypothetical protein	false		refseq|kegg|uniprot	false
PA5110	fbp	PA5110	protein_coding	fructose-1,6-bisphosphatase	false		refseq|kegg|uniprot|uniprot_especie	true
PA5111	gloA3	PA5111|gloA	protein_coding	lactoylglutathione lyase	false		refseq|kegg|uniprot|uniprot_especie	false
PA5112	estA	PA5112|papA	protein_coding	esterase	false		refseq|kegg|uniprot|uniprot_especie	false
PA5113		PA5113	protein_coding	hypothetical protein	false		refseq|kegg|uniprot	false
PA5114		PA5114	protein_coding	hypothetical protein	false		refseq|kegg|uniprot	false
PA5115		PA5115	protein_coding	hypothetical protein	false		refseq|kegg|uniprot	false
PA5116		PA5116	protein_coding	transcriptional regulator	true	go_0003700|go_0006355|producto_refseq	refseq|kegg|uniprot	false
PA5117	typA	PA5117|bipA	protein_coding	regulatory protein TypA	false		refseq|kegg|uniprot	false
PA5118	thiI	PA5118	protein_coding	thiamine biosynthesis protein ThiI	false		refseq|kegg|uniprot|uniprot_especie	false
PA5119	glnA	PA5119	protein_coding	glutamine synthetase	false		refseq|kegg|uniprot|uniprot_especie	false
PA5120		PA5120	protein_coding	hypothetical protein	false		refseq|kegg|uniprot	false
PA5121		PA5121	protein_coding	hypothetical protein	false		refseq|kegg|uniprot	false
PA5122		PA5122	protein_coding	hypothetical protein	false		refseq|kegg|uniprot	false
PA5123		PA5123	protein_coding	hypothetical protein	false		refseq|kegg|uniprot	false
PA5124	ntrB	PA5124	protein_coding	two-component sensor NtrB	true	go_0006355|kw_two_component	refseq|kegg|uniprot	false
PA5125	ntrC	PA5125	protein_coding	two-component response regulator NtrC	true	kw_transcription_regulation|kw_two_component|producto_refseq	refseq|kegg|uniprot	false
PA5126		PA5126	protein_coding	hypothetical protein	false		refseq|kegg|uniprot	false
PA5127	trmL	PA5127	protein_coding	rRNA methylase	false		refseq|kegg|uniprot	false
PA5128	secB	PA5128	protein_coding	preprotein translocase subunit SecB	false		refseq|kegg|uniprot|uniprot_especie	false
PA5129	grx	PA5129	protein_coding	glutaredoxin	false		refseq|kegg|uniprot|uniprot_especie	true
PA5130		PA5130	protein_coding	hypothetical protein	false		refseq|kegg|uniprot	false
PA5131	pgm	PA5131|gpmI	protein_coding	2,3-bisphosphoglycerate-independent phosphoglycerate mutase	false		refseq|kegg|uniprot|uniprot_especie	true
PA5132		PA5132	protein_coding	hypothetical protein	false		refseq|kegg|uniprot	false
PA5133		PA5133	protein_coding	hypothetical protein	false		refseq|kegg|uniprot	false
PA5134		PA5134	protein_coding	carboxyl-terminal protease	false		refseq|kegg|uniprot	false
PA5135		PA5135	protein_coding	hypothetical protein	false		refseq|kegg|uniprot	false
PA5136		PA5136	protein_coding	hypothetical protein	false		refseq|kegg|uniprot	false
PA5137		PA5137	protein_coding	hypothetical protein	false		refseq|kegg|uniprot	false
PA5138		PA5138	protein_coding	hypothetical protein	false		refseq|kegg|uniprot	false
PA5139		PA5139	protein_coding	hypothetical protein	false		refseq|kegg|uniprot	false
PA5140	hisF1	PA5140	protein_coding	imidazole glycerol phosphate synthase subunit HisF	false		refseq|kegg|uniprot|uniprot_especie	false
PA5141	hisA	PA5141	protein_coding	1-(5-phosphoribosyl)-5-[(5-phosphoribosylamino)methylideneamino] imidazole-4-carboxamide isomerase	false		refseq|kegg|uniprot|uniprot_especie	false
PA5142	hisH1	PA5142	protein_coding	imidazole glycerol phosphate synthase subunit HisH	false		refseq|kegg|uniprot|uniprot_especie	false
PA5143	hisB	PA5143	protein_coding	imidazoleglycerol-phosphate dehydratase	false		refseq|kegg|uniprot|uniprot_especie	false
PA5144		PA5144	protein_coding	hypothetical protein	false		refseq|kegg|uniprot	false
PA5145		PA5145	protein_coding	hypothetical protein	false		refseq|kegg|uniprot	false
PA5146		PA5146	protein_coding	hypothetical protein	false		refseq|kegg|uniprot	false
PA5147	mutY	PA5147	protein_coding	A/G-specific adenine glycosylase	false		refseq|kegg|uniprot	false
PA5148		PA5148	protein_coding	hypothetical protein	false		refseq|kegg|uniprot|uniprot_especie	false
PA5149		PA5149	protein_coding	hypothetical protein	false		refseq|kegg|uniprot	false
PA5149.1		PA5149.1	tRNA	tRNA-Phe	false		refseq|kegg	false
PA5150		PA5150	protein_coding	short-chain dehydrogenase	false		refseq|kegg|uniprot	false
PA5151		PA5151	protein_coding	hypothetical protein	false		refseq|kegg|uniprot	false
PA5152		PA5152	protein_coding	ABC transporter ATP-binding protein	false		refseq|kegg|uniprot	false
PA5153		PA5153	protein_coding	amino acid ABC transporter substrate-binding protein	false		refseq|kegg|uniprot	false
PA5154		PA5154	protein_coding	ABC transporter permease	false		refseq|kegg|uniprot	false
PA5155		PA5155	protein_coding	amino acid ABC transporter permease	false		refseq|kegg|uniprot	false
PA5156		PA5156	protein_coding	hypothetical protein	false		refseq|kegg|uniprot	false
PA5157		PA5157	protein_coding	transcriptional regulator	true	go_0003700|go_0006355|kw_transcription_regulation|producto_refseq	refseq|kegg|uniprot	false
PA5158		PA5158	protein_coding	hypothetical protein	false		refseq|kegg|uniprot	false
PA5159		PA5159	protein_coding	multidrug resistance protein	false		refseq|kegg|uniprot	false
PA5160		PA5160	protein_coding	drug efflux transporter	false		refseq|kegg|uniprot	false
PA5160.1		PA5160.1	tRNA	tRNA-Thr	false		refseq|kegg	false
PA5161	rmlB	PA5161	protein_coding	dTDP-D-glucose 4,6-dehydratase	false		refseq|kegg|uniprot	false
PA5162	rmlD	PA5162	protein_coding	dTDP-4-dehydrorhamnose reductase	false		refseq|kegg|uniprot	false
PA5163	rmlA	PA5163	protein_coding	glucose-1-phosphate thymidylyltransferase	false		refseq|kegg|uniprot	false
PA5164	rmlC	PA5164	protein_coding	dTDP-4-dehydrorhamnose 3,5-epimerase	false		refseq|kegg|uniprot|uniprot_especie	false
PA5165	dctB	PA5165	protein_coding	two-component sensor	true	kw_two_component	refseq|kegg|uniprot|uniprot_especie	false
PA5166	dctD	PA5166	protein_coding	two-component response regulator	true	kw_transcription_regulation|kw_two_component|producto_refseq	refseq|kegg|uniprot|uniprot_especie	false
PA5167	dctP	PA5167	protein_coding	C4-dicarboxylate-binding protein	false		refseq|kegg|uniprot|uniprot_especie	false
PA5168	dctQ	PA5168	protein_coding	dicarboxylate transporter	false		refseq|kegg|uniprot|uniprot_especie	false
PA5169	dctM	PA5169	protein_coding	C4-dicarboxylate transporter	false		refseq|kegg|uniprot|uniprot_especie	false
PA5170	arcD	PA5170	protein_coding	arginine/ornithine antiporter	false		refseq|kegg|uniprot|uniprot_especie	false
PA5171	arcA	PA5171	protein_coding	arginine deiminase	false		refseq|kegg|uniprot|uniprot_especie	false
PA5172	arcB	PA5172	protein_coding	ornithine carbamoyltransferase	false		refseq|kegg|uniprot|uniprot_especie	false
PA5173	arcC	PA5173	protein_coding	carbamate kinase	false		refseq|kegg|uniprot|uniprot_especie	false
PA5174	fabY	PA5174	protein_coding	beta-ketoacyl synthase	false		refseq|kegg|uniprot|uniprot_especie	false
PA5175	cysQ	PA5175	protein_coding	3'(2'),5'-bisphosphate nucleotidase CysQ	false		refseq|kegg|uniprot	false
PA5176		PA5176	protein_coding	ADP-ribose diphosphatase NudE	false		refseq|kegg|uniprot	false
PA5177		PA5177	protein_coding	hydrolase	false		refseq|kegg|uniprot	false
PA5178		PA5178	protein_coding	hypothetical protein	false		refseq|kegg|uniprot	false
PA5179		PA5179	protein_coding	transcriptional regulator	true	go_0003700|kw_transcription_regulation|producto_refseq	refseq|kegg|uniprot	false
PA5180	fdhD	PA5180	protein_coding	hypothetical protein	false		refseq|kegg|uniprot	false
PA5181		PA5181	protein_coding	oxidoreductase	false		refseq|kegg|uniprot	false
PA5181.1		PA5181.1	ncRNA	P34	false		refseq|kegg	false
PA5182		PA5182	protein_coding	hypothetical protein	false		refseq|kegg|uniprot	false
PA5183		PA5183	protein_coding	hypothetical protein	false		refseq|kegg|uniprot	false
PA5184	aroQ	PA5184	protein_coding	chorismate mutase	false		refseq|kegg|uniprot|uniprot_especie	false
PA5185		PA5185	protein_coding	hypothetical protein	false		refseq|kegg|uniprot	false
PA5186		PA5186	protein_coding	iron-containing alcohol dehydrogenase	false		refseq|kegg|uniprot	false
PA5187		PA5187	protein_coding	acyl-CoA dehydrogenase	false		refseq|kegg|uniprot	false
PA5188		PA5188	protein_coding	3-hydroxyacyl-CoA dehydrogenase	false		refseq|kegg|uniprot	false
PA5189		PA5189	protein_coding	transcriptional regulator	true	go_0003700|go_0006355|kw_transcription_regulation|producto_refseq	refseq|kegg|uniprot	false
PA5190		PA5190	protein_coding	nitroreductase	false		refseq|kegg|uniprot	false
PA5191		PA5191	protein_coding	hypothetical protein	false		refseq|kegg|uniprot	false
PA5192	pckA	PA5192	protein_coding	phosphoenolpyruvate carboxykinase	false		refseq|kegg|uniprot|uniprot_especie	false
PA5193	yrfI	PA5193|hslO	protein_coding	heat shock protein 33	false		refseq|kegg|uniprot|uniprot_especie	false
PA5194		PA5194	protein_coding	hypothetical protein	false		refseq|kegg|uniprot	false
PA5195		PA5195	protein_coding	heat shock protein	false		refseq|kegg|uniprot	false
PA5196		PA5196	protein_coding	hypothetical protein	false		refseq|kegg|uniprot	false
PA5197	rimK	PA5197	protein_coding	ribosomal protein S6 modification protein	false		refseq|kegg|uniprot|uniprot_especie	false
PA5198		PA5198	protein_coding	LD-carboxypeptidase	false		refseq|kegg|uniprot|uniprot_especie	false
PA5199	amgS	PA5199	protein_coding	protein AmgS	true	kw_two_component	refseq|kegg|uniprot	false
PA5200	amgR	PA5200	protein_coding	osmolarity response regulator	true	go_0006355|kw_transcription_regulation|kw_two_component|producto_refseq	refseq|kegg|uniprot	false
PA5201		PA5201	protein_coding	hypothetical protein	false		refseq|kegg|uniprot	false
PA5202		PA5202	protein_coding	hypothetical protein	false		refseq|kegg|uniprot	false
PA5203	gshA	PA5203	protein_coding	glutamate--cysteine ligase	false		refseq|kegg|uniprot|uniprot_especie	false
PA5204	argA	PA5204	protein_coding	N-acetylglutamate synthase	false		refseq|kegg|uniprot|uniprot_especie	false
PA5205		PA5205	protein_coding	multiple drug resistance protein MarC	false		refseq|kegg|uniprot	false
PA5206	argE	PA5206	protein_coding	acetylornithine deacetylase	false		refseq|kegg|uniprot	false
PA5207		PA5207	protein_coding	phosphate transporter	false		refseq|kegg|uniprot	false
PA5208		PA5208	protein_coding	hypothetical protein	false		refseq|kegg|uniprot	false
PA5209		PA5209	protein_coding	hypothetical protein	false		refseq|kegg|uniprot	false
PA5210		PA5210	protein_coding	secretion pathway ATPase	false		refseq|kegg|uniprot	false
PA5211		PA5211	protein_coding	hypothetical protein	false		refseq|kegg|uniprot	false
PA5212		PA5212	protein_coding	hypothetical protein	false		refseq|kegg|uniprot	false
PA5213	gcvP1	PA5213	protein_coding	glycine dehydrogenase	false		refseq|kegg|uniprot|uniprot_especie	false
PA5214	gcvH1	PA5214	protein_coding	glycine cleavage system protein H	false		refseq|kegg|uniprot|uniprot_especie	false
PA5215	gcvT1	PA5215|gcvT	protein_coding	glycine cleavage system aminomethyltransferase T	false		refseq|kegg|uniprot|uniprot_especie	false
PA5216		PA5216	protein_coding	iron ABC transporter substrate-binding protein	false		refseq|kegg|uniprot	false
PA5217		PA5217	protein_coding	iron ABC transporter substrate-binding protein	false		refseq|kegg|uniprot|uniprot_especie	false
PA5218		PA5218	protein_coding	transcriptional regulator	true	go_0003700|go_0006355|kw_transcription_regulation|producto_refseq	refseq|kegg|uniprot	false
PA5219		PA5219	protein_coding	hypothetical protein	false		refseq|kegg|uniprot	false
PA5220		PA5220	protein_coding	hypothetical protein	false		refseq|kegg|uniprot	false
PA5221		PA5221	protein_coding	2-octaprenyl-3-methyl-6-methoxy-1,4-benzoquinol hydroxylase	false		refseq|kegg|uniprot	false
PA5222		PA5222	protein_coding	hypothetical protein	false		refseq|kegg|uniprot	false
PA5223	ubiH	PA5223	protein_coding	2-octaprenyl-6-methoxyphenyl hydroxylase	false		refseq|kegg|uniprot	false
PA5224	pepP	PA5224	protein_coding	aminopeptidase	false		refseq|kegg|uniprot	false
PA5225		PA5225	protein_coding	hypothetical protein	false		refseq|kegg|uniprot|uniprot_especie	false
PA5226		PA5226	protein_coding	hypothetical protein	false		refseq|kegg|uniprot	false
PA5227	zapA	PA5227	protein_coding	hypothetical protein	false		refseq|kegg|uniprot|uniprot_especie	false
PA5227.1	ssrS	PA5227.1	ncRNA	6S RNA	false		refseq|kegg	false
PA5228		PA5228	protein_coding	5-formyltetrahydrofolate cyclo-ligase	false		refseq|kegg|uniprot	false
PA5229		PA5229	protein_coding	hypothetical protein	false		refseq|kegg|uniprot	false
PA5230		PA5230	protein_coding	ABC transporter permease	false		refseq|kegg|uniprot	false
PA5231		PA5231	protein_coding	ABC transporter ATP-binding protein/permease	false		refseq|kegg|uniprot	false
PA5232		PA5232	protein_coding	hypothetical protein	false		refseq|kegg|uniprot	false
PA5233		PA5233	protein_coding	flagellar basal body protein FliL	false		refseq|kegg|uniprot	false
PA5234		PA5234	protein_coding	oxidoreductase	false		refseq|kegg|uniprot	false
PA5235	glpT	PA5235	protein_coding	sn-glycerol-3-phosphate transporter	false		refseq|kegg|uniprot	false
PA5236		PA5236	protein_coding	CDP-6-deoxy-delta-3,4-glucoseen reductase	false		refseq|kegg|uniprot	false
PA5237	ubiD	PA5237	protein_coding	3-octaprenyl-4-hydroxybenzoate carboxy-lyase	false		refseq|kegg|uniprot|uniprot_especie	false
PA5238		PA5238	protein_coding	O-antigen acetylase	false		refseq|kegg|uniprot	false
PA5239	rho	PA5239	protein_coding	transcription termination factor Rho	true	kw_transcription_regulation	refseq|kegg|uniprot|uniprot_especie	true
PA5240	trxA	PA5240|trx	protein_coding	thioredoxin	false		refseq|kegg|uniprot|uniprot_especie	true
PA5241	ppx	PA5241	protein_coding	exopolyphosphatase	false		refseq|kegg|uniprot|uniprot_especie	true
PA5242	ppk	PA5242	protein_coding	polyphosphate kinase	false		refseq|kegg|uniprot|uniprot_especie	true
PA5243	hemB	PA5243	protein_coding	delta-aminolevulinic acid dehydratase	false		refseq|kegg|uniprot|uniprot_especie	false
PA5244		PA5244	protein_coding	hypothetical protein	false		refseq|kegg|uniprot	false
PA5245		PA5245	protein_coding	glutamine amidotransferase	false		refseq|kegg|uniprot	false
PA5246		PA5246	protein_coding	hypothetical protein	false		refseq|kegg|uniprot	false
PA5247		PA5247	protein_coding	hypothetical protein	false		refseq|kegg|uniprot|uniprot_especie	false
PA5248		PA5248	protein_coding	hypothetical protein	false		refseq|kegg|uniprot	false
PA5249		PA5249	protein_coding	hypothetical protein	false		refseq|kegg|uniprot	false
PA5250		PA5250	protein_coding	hypothetical protein	false		refseq|kegg|uniprot	false
PA5251		PA5251	protein_coding	hypothetical protein	false		refseq|kegg|uniprot	false
PA5252		PA5252	protein_coding	ABC transporter ATP-binding protein	false		refseq|kegg|uniprot	false
PA5253	algP	PA5253|algR3	protein_coding	alginate regulatory protein AlgP	true	go_0006355|kw_transcription_regulation	refseq|kegg|uniprot|uniprot_especie	false
PA5254	fkl	PA5254	protein_coding	FkbP-type peptidyl-prolyl cis-trans isomerase	false		refseq|kegg|uniprot|uniprot_especie	true
PA5255	algQ	PA5255|algR2	protein_coding	anti-RNA polymerase sigma 70 factor	true	go_0006355|kw_transcription_regulation|producto_refseq	refseq|kegg|uniprot|uniprot_especie	false
PA5256	dsbH	PA5256|dsbB1	protein_coding	disulfide bond formation protein	false		refseq|kegg|uniprot|uniprot_especie	false
PA5257		PA5257	protein_coding	hypothetical protein	false		refseq|kegg|uniprot	false
PA5258		PA5258	protein_coding	hypothetical protein	false		refseq|kegg|uniprot	false
PA5259	hemD	PA5259	protein_coding	uroporphyrinogen-III synthase	false		refseq|kegg|uniprot|uniprot_especie	false
PA5260	hemC	PA5260	protein_coding	porphobilinogen deaminase	false		refseq|kegg|uniprot|uniprot_especie	false
PA5261	algR	PA5261	protein_coding	alginate biosynthesis regulatory protein AlgR	true	collectf|go_0006355|kw_transcription_regulation|kw_two_component	refseq|kegg|uniprot|uniprot_especie	false
PA5262	algZ	PA5262	protein_coding	alginate biosynthesis protein AlgZ/FimS	false		refseq|kegg|uniprot	false
PA5263	argH	PA5263	protein_coding	argininosuccinate lyase	false		refseq|kegg|uniprot|uniprot_especie	false
PA5264		PA5264	protein_coding	hypothetical protein	false		refseq|kegg|uniprot	false
PA5265		PA5265	protein_coding	hypothetical protein	false		refseq|kegg|uniprot	false
PA5266		PA5266	protein_coding	hypothetical protein	false		refseq|kegg|uniprot	false
PA5267	hcpB	PA5267	protein_coding	secreted protein Hcp	false		refseq|kegg|uniprot|uniprot_especie	false
PA5268	corA	PA5268	protein_coding	magnesium/cobalt transporter	false		refseq|kegg|uniprot	false
PA5269		PA5269	protein_coding	hypothetical protein	false		refseq|kegg|uniprot	false
PA5270		PA5270	protein_coding	hypothetical protein	false		refseq|kegg|uniprot	false
PA5271		PA5271	protein_coding	hypothetical protein	false		refseq|kegg|uniprot	false
PA5272	cyaA	PA5272	protein_coding	adenylate cyclase	false		refseq|kegg|uniprot	false
PA5273		PA5273	protein_coding	hypothetical protein	false		refseq|kegg|uniprot	false
PA5274	rnk	PA5274	protein_coding	nucleoside diphosphate kinase regulator	false		refseq|kegg|uniprot	true
PA5275	cyaY	PA5275	protein_coding	frataxin-like protein	false		refseq|kegg|uniprot|uniprot_especie	false
PA5276	lppL	PA5276	protein_coding	lipopeptide LppL	false		refseq|kegg|uniprot|uniprot_especie	false
PA5277	lysA	PA5277	protein_coding	diaminopimelate decarboxylase	false		refseq|kegg|uniprot|uniprot_especie	false
PA5278	dapF	PA5278	protein_coding	diaminopimelate epimerase	false		refseq|kegg|uniprot|uniprot_especie	false
PA5279		PA5279	protein_coding	hypothetical protein	false		refseq|kegg|uniprot	false
PA5280	sss	PA5280|xerC	protein_coding	site-specific tyrosine recombinase XerC	false		refseq|kegg|uniprot|uniprot_especie	true
PA5281		PA5281	protein_coding	hydrolase	false		refseq|kegg|uniprot	false
PA5282		PA5282	protein_coding	major facilitator superfamily transporter	false		refseq|kegg|uniprot	false
PA5283		PA5283	protein_coding	transcriptional regulator	true	go_0003700|kw_transcription_regulation|producto_refseq	refseq|kegg|uniprot	false
PA5284		PA5284	protein_coding	hypothetical protein	false		refseq|kegg|uniprot	false
PA5285		PA5285	protein_coding	hypothetical protein	false		refseq|kegg|uniprot	false
PA5286		PA5286	protein_coding	hypothetical protein	false		refseq|kegg|uniprot	false
PA5287	amtB	PA5287	protein_coding	ammonium transporter	false		refseq|kegg|uniprot	false
PA5288	glnK	PA5288	protein_coding	nitrogen regulatory protein P-II 2	false		refseq|kegg|uniprot	false
PA5289	ubiK	PA5289	protein_coding	hypothetical protein	false		refseq|kegg|uniprot	false
PA5290		PA5290	protein_coding	hypothetical protein	false		refseq|kegg|uniprot	false
PA5291		PA5291	protein_coding	choline transporter	false		refseq|kegg|uniprot	false
PA5292	pchP	PA5292	protein_coding	phosphorylcholine phosphatase	false		refseq|kegg|uniprot|uniprot_especie	false
PA5293		PA5293	protein_coding	transcriptional regulator	true	go_0003700|kw_transcription_regulation|producto_refseq	refseq|kegg|uniprot	false
PA5294	norM	PA5294	protein_coding	multidrug efflux protein NorA	false		refseq|kegg|uniprot|uniprot_especie	false
PA5295		PA5295	protein_coding	hypothetical protein	false		refseq|kegg|uniprot	false
PA5296	rep	PA5296	protein_coding	ATP-dependent DNA helicase Rep	false		refseq|kegg|uniprot	true
PA5297	poxB	PA5297	protein_coding	pyruvate dehydrogenase	false		refseq|kegg|uniprot	false
PA5298	xpt	PA5298	protein_coding	xanthine phosphoribosyltransferase	false		refseq|kegg|uniprot|uniprot_especie	true
PA5299		PA5299	protein_coding	hypothetical protein	false		refseq|kegg|uniprot	false
PA5300	cycB	PA5300	protein_coding	cytochrome C5	false		refseq|kegg|uniprot	false
PA5301		PA5301	protein_coding	transcriptional regulator	true	go_0003700|go_0006355|producto_refseq	refseq|kegg|uniprot	false
PA5302	dadX	PA5302	protein_coding	alanine racemase	false		refseq|kegg|uniprot|uniprot_especie	false
PA5303		PA5303	protein_coding	hypothetical protein	false		refseq|kegg|uniprot	false
PA5304	dadA	PA5304|dadA1	protein_coding	D-amino acid dehydrogenase small subunit	false		refseq|kegg|uniprot|uniprot_especie	false
PA5305		PA5305	protein_coding	hypothetical protein	false		refseq|kegg|uniprot	false
PA5306		PA5306	protein_coding	hypothetical protein	false		refseq|kegg|uniprot	false
PA5307	ydbH	PA5307	protein_coding	hypothetical protein	false		refseq|kegg|uniprot|uniprot_especie	false
PA5308	lrp	Lrp|PA5308	protein_coding	leucine-responsive regulatory protein	true	go_0006355|kw_transcription_regulation	refseq|kegg|uniprot|manual	true
PA5309		PA5309	protein_coding	oxidoreductase	false		refseq|kegg|uniprot	false
PA5310		PA5310	protein_coding	hypothetical protein	false		refseq|kegg|uniprot	false
PA5311		PA5311	protein_coding	major facilitator superfamily transporter	false		refseq|kegg|uniprot	false
PA5312		PA5312	protein_coding	aldehyde dehydrogenase	false		refseq|kegg|uniprot	false
PA5313		PA5313	protein_coding	omega amino acid--pyruvate transaminase	false		refseq|kegg|uniprot	false
PA5314		PA5314	protein_coding	hypothetical protein	false		refseq|kegg|uniprot	false
PA5315	rpmG	PA5315	protein_coding	50S ribosomal protein L33	false		refseq|kegg|uniprot|uniprot_especie	false
PA5316	rpmB	PA5316	protein_coding	50S ribosomal protein L28	false		refseq|kegg|uniprot|uniprot_especie	false
PA5316.1		PA5316.1	ncRNA	Product name confidence: class 1: Function experimentally demonstrated in P. aeruginosa.	false		refseq|kegg	false
PA5317		PA5317	protein_coding	dipeptide ABC transporter substrate-binding protein	false		refseq|kegg|uniprot	false
PA5318		PA5318	protein_coding	hypothetical protein	false		refseq|kegg|uniprot	false
PA5319	radC	PA5319	protein_coding	DNA repair protein RadC	false		refseq|kegg|uniprot|uniprot_especie	false
PA5320	coaC	PA5320|coaBC	protein_coding	bifunctional phosphopantothenoylcysteine decarboxylase/phosphopantothenate synthase	false		refseq|kegg|uniprot	false
PA5321	dut	PA5321	protein_coding	deoxyuridine 5'-triphosphate nucleotidohydrolase	false		refseq|kegg|uniprot|uniprot_especie	true
PA5322	algC	PA5322	protein_coding	phosphomannomutase	false		refseq|kegg|uniprot|uniprot_especie	false
PA5323	argB	PA5323	protein_coding	acetylglutamate kinase	false		refseq|kegg|uniprot|uniprot_especie	false
PA5324		PA5324	protein_coding	transcriptional regulator	true	go_0003700|kw_transcription_regulation|producto_refseq	refseq|kegg|uniprot	false
PA5325		PA5325	protein_coding	hypothetical protein	false		refseq|kegg|uniprot	false
PA5326		PA5326	protein_coding	hypothetical protein	false		refseq|kegg|uniprot	false
PA5327		PA5327	protein_coding	oxidoreductase	false		refseq|kegg|uniprot	false
PA5328		PA5328	protein_coding	mono-heme cytochrome C	false		refseq|kegg|uniprot	false
PA5329		PA5329	protein_coding	hypothetical protein	false		refseq|kegg|uniprot	false
PA5330		PA5330	protein_coding	hypothetical protein	false		refseq|kegg|uniprot	false
PA5331	pyrE	PA5331	protein_coding	orotate phosphoribosyltransferase	false		refseq|kegg|uniprot|uniprot_especie	false
PA5332	crc	Crc|PA5332	protein_coding	catabolite repression control protein	false		refseq|kegg|uniprot|manual	true
PA5333		PA5333	protein_coding	hypothetical protein	false		refseq|kegg|uniprot	false
PA5334	rph	PA5334	protein_coding	ribonuclease PH	false		refseq|kegg|uniprot|uniprot_especie	true
PA5335		PA5335	protein_coding	hypothetical protein	false		refseq|kegg|uniprot	false
PA5336	gmk	PA5336	protein_coding	guanylate kinase	false		refseq|kegg|uniprot|uniprot_especie	true
PA5337	rpoZ	PA5337	protein_coding	DNA-directed RNA polymerase subunit omega	false		refseq|kegg|uniprot|uniprot_especie	false
PA5338	spoT	PA5338	protein_coding	guanosine-3',5'-bis(diphosphate) 3'-pyrophosphohydrolase	false		refseq|kegg|uniprot	false
PA5339		PA5339	protein_coding	hypothetical protein	false		refseq|kegg|uniprot	false
PA5340		PA5340	protein_coding	hypothetical protein	false		refseq|kegg|uniprot	false
PA5341		PA5341	protein_coding	hypothetical protein	false		refseq|kegg|uniprot	false
PA5342		PA5342	protein_coding	transcriptional regulator	true	go_0003700|go_0006355|kw_transcription_regulation|producto_refseq	refseq|kegg|uniprot	false
PA5343		PA5343	protein_coding	hypothetical protein	false		refseq|kegg|uniprot	false
PA5344	oxyR	PA5344	protein_coding	transcriptional regulator	true	collectf|go_0003700|go_0006355|kw_transcription_regulation|producto_refseq	refseq|kegg|uniprot	false
PA5345	recG	PA5345	protein_coding	ATP-dependent DNA helicase RecG	false		refseq|kegg|uniprot	false
PA5346		PA5346	protein_coding	hypothetical protein	false		refseq|kegg|uniprot	false
PA5347		PA5347	protein_coding	hypothetical protein	false		refseq|kegg|uniprot	false
PA5348	hupA	PA5348	protein_coding	DNA-binding protein	false		refseq|kegg|uniprot|uniprot_especie	false
PA5349	alkT	PA5349	protein_coding	rubredoxin reductase	false		refseq|kegg|uniprot|uniprot_especie	false
PA5350	rubA2	PA5350|alkG2	protein_coding	rubredoxin	false		refseq|kegg|uniprot|uniprot_especie	false
PA5351	rubA1	PA5351|alkG1	protein_coding	rubredoxin	false		refseq|kegg|uniprot|uniprot_especie	false
PA5352		PA5352	protein_coding	hypothetical protein	false		refseq|kegg|uniprot	false
PA5353	glcF	PA5353	protein_coding	glycolate oxidase iron-sulfur subunit	false		refseq|kegg|uniprot	false
PA5354	glcE	PA5354	protein_coding	glycolate oxidase FAD binding subunit	false		refseq|kegg|uniprot	false
PA5355	glcD	PA5355	protein_coding	glycolate oxidase subunit GlcD	false		refseq|kegg|uniprot	false
PA5356	glcC	PA5356	protein_coding	DNA-binding transcriptional regulator GlcC	true	go_0003700|go_0006355|kw_transcription_regulation|producto_refseq	refseq|kegg|uniprot	false
PA5357	ubiC	PA5357	protein_coding	hypothetical protein	false		refseq|kegg|uniprot|uniprot_especie	false
PA5358	ubiA	PA5358	protein_coding	4-hydroxybenzoate octaprenyltransferase	false		refseq|kegg|uniprot|uniprot_especie	false
PA5359		PA5359	protein_coding	hypothetical protein	false		refseq|kegg|uniprot	false
PA5360	phoB	PA5360	protein_coding	two-component response regulator PhoB	true	collectf|go_0006355|kw_transcription_regulation|kw_two_component|producto_refseq	refseq|kegg|uniprot|uniprot_especie	false
PA5361	phoR	PA5361	protein_coding	two-component sensor PhoR	true	go_0006355|kw_two_component	refseq|kegg|uniprot|uniprot_especie	false
PA5362		PA5362	protein_coding	hypothetical protein	false		refseq|kegg|uniprot	false
PA5363		PA5363	protein_coding	hypothetical protein	false		refseq|kegg|uniprot	false
PA5364		PA5364	protein_coding	two-component response regulator	true	producto_refseq	refseq|kegg|uniprot	false
PA5365	phoU	PA5365	protein_coding	phosphate uptake regulatory protein PhoU	false		refseq|kegg|uniprot|uniprot_especie	false
PA5366	pstB	PA5366	protein_coding	phosphate ABC transporter ATP-binding protein	false		refseq|kegg|uniprot|uniprot_especie	false
PA5367	pstA	PA5367	protein_coding	phosphate ABC transporter permease	false		refseq|kegg|uniprot	false
PA5368	pstC	PA5368	protein_coding	phosphate ABC transporter permease	false		refseq|kegg|uniprot	false
PA5369	pstS	PA5369	protein_coding	phosphate ABC transporter substrate-binding protein	false		refseq|kegg|uniprot|uniprot_especie	false
PA5369.1		PA5369.1	rRNA	5S ribosomal RNA	false		refseq|kegg	false
PA5369.2		PA5369.2	rRNA	23S ribosomal RNA	false		refseq|kegg	false
PA5369.3		PA5369.3	tRNA	tRNA-Ala	false		refseq|kegg	false
PA5369.4		PA5369.4	tRNA	tRNA-Ile	false		refseq|kegg	false
PA5369.5		PA5369.5	rRNA	16S ribosomal RNA	false		refseq|kegg	false
PA5370		PA5370	protein_coding	major facilitator superfamily transporter	false		refseq|kegg|uniprot	false
PA5371		PA5371	protein_coding	acyl-CoA thioesterase	false		refseq|kegg|uniprot	false
PA5372	betA	PA5372	protein_coding	choline dehydrogenase	false		refseq|kegg|uniprot|uniprot_especie	false
PA5373	betB	PA5373	protein_coding	betaine aldehyde dehydrogenase	false		refseq|kegg|uniprot|uniprot_especie	false
PA5374	betI	PA5374	protein_coding	BetI family transcriptional regulator	true	go_0003700|go_0006355|kw_transcription_regulation|producto_refseq	refseq|kegg|uniprot|uniprot_especie	false
PA5375	betT1	PA5375	protein_coding	choline transporter BetT	false		refseq|kegg|uniprot	false
PA5376		PA5376	protein_coding	ABC transporter ATP-binding protein	false		refseq|kegg|uniprot	false
PA5377		PA5377	protein_coding	ABC transporter permease	false		refseq|kegg|uniprot	false
PA5378		PA5378	protein_coding	hypothetical protein	false		refseq|kegg|uniprot	false
PA5379	sdaB	PA5379	protein_coding	L-serine dehydratase	false		refseq|kegg|uniprot	false
PA5380	gbdR	PA5380	protein_coding	protein GbdR	true	go_0006355|kw_transcription_regulation	refseq|kegg|uniprot|uniprot_especie	false
PA5381		PA5381	protein_coding	hypothetical protein	false		refseq|kegg|uniprot	false
PA5382		PA5382	protein_coding	transcriptional regulator	true	go_0003700|go_0006355|kw_transcription_regulation|producto_refseq	refseq|kegg|uniprot	false
PA5383		PA5383	protein_coding	hypothetical protein	false		refseq|kegg|uniprot|uniprot_especie	false
PA5384		PA5384	protein_coding	lipolytic protein	false		refseq|kegg|uniprot	false
PA5385	cdhB	PA5385	protein_coding	carnitine dehydrogenase	false		refseq|kegg|uniprot|uniprot_especie	false
PA5386	cdhA	PA5386	protein_coding	3-hydroxybutyryl-CoA dehydrogenase	false		refseq|kegg|uniprot|uniprot_especie	false
PA5387	cdhC	PA5387	protein_coding	carnitine dehydrogenase	false		refseq|kegg|uniprot|uniprot_especie	false
PA5388		PA5388	protein_coding	hypothetical protein	false		refseq|kegg|uniprot	false
PA5389	cdhR	PA5389	protein_coding	CdhR family transcriptional regulator	true	go_0003700|go_0006355|kw_transcription_regulation|producto_refseq	refseq|kegg|uniprot|uniprot_especie	false
PA5390		PA5390	protein_coding	acetylornithine deacetylase	false		refseq|kegg|uniprot	false
PA5391		PA5391	protein_coding	hypothetical protein	false		refseq|kegg|uniprot	false
PA5392		PA5392	protein_coding	hypothetical protein	false		refseq|kegg|uniprot	false
PA5393		PA5393	protein_coding	hypothetical protein	false		refseq|kegg|uniprot	false
PA5394	cls	PA5394|clsA	protein_coding	cardiolipin synthetase	false		refseq|kegg|uniprot|uniprot_especie	true
PA5395		PA5395	protein_coding	hypothetical protein	false		refseq|kegg|uniprot	false
PA5396		PA5396	protein_coding	hypothetical protein	false		refseq|kegg|uniprot	false
PA5397		PA5397	protein_coding	hypothetical protein	false		refseq|kegg|uniprot	false
PA5398	dgcA	PA5398	protein_coding	dimethylglycine catabolism protein DgcA	false		refseq|kegg|uniprot	false
PA5399	dgcB	PA5399	protein_coding	dimethylglycine catabolism protein DgcB	false		refseq|kegg|uniprot	false
PA5400		PA5400	protein_coding	electron transfer flavoprotein subunit alpha	false		refseq|kegg|uniprot	false
PA5401		PA5401	protein_coding	hypothetical protein	false		refseq|kegg|uniprot	false
PA5402		PA5402	protein_coding	hypothetical protein	false		refseq|kegg|uniprot	false
PA5403		PA5403	protein_coding	transcriptional regulator	true	producto_refseq	refseq|kegg|uniprot	false
PA5404		PA5404	protein_coding	hypothetical protein	false		refseq|kegg|uniprot	false
PA5405		PA5405	protein_coding	hypothetical protein	false		refseq|kegg|uniprot	false
PA5406		PA5406	protein_coding	hypothetical protein	false		refseq|kegg|uniprot	false
PA5407		PA5407	protein_coding	hypothetical protein	false		refseq|kegg|uniprot	false
PA5408		PA5408	protein_coding	hypothetical protein	false		refseq|kegg|uniprot	false
PA5409		PA5409	protein_coding	hypothetical protein	false		refseq|kegg|uniprot	false
PA5410	gbcA	PA5410	protein_coding	protein GbcA	false		refseq|kegg|uniprot|uniprot_especie	false
PA5411	gbcB	PA5411	protein_coding	protein GbcB	false		refseq|kegg|uniprot|uniprot_especie	false
PA5412		PA5412	protein_coding	hypothetical protein	false		refseq|kegg|uniprot	false
PA5413	ltaA	PA5413|ltaE	protein_coding	low specificity l-threonine aldolase	false		refseq|kegg|uniprot|uniprot_especie	false
PA5414		PA5414	protein_coding	hypothetical protein	false		refseq|kegg|uniprot	false
PA5415	glyA1	PA5415	protein_coding	serine hydroxymethyltransferase	false		refseq|kegg|uniprot|uniprot_especie	false
PA5416	soxB	PA5416	protein_coding	sarcosine oxidase subunit beta	false		refseq|kegg|uniprot	false
PA5417	soxD	PA5417	protein_coding	sarcosine oxidase subunit delta	false		refseq|kegg|uniprot	false
PA5418	soxA	PA5418	protein_coding	sarcosine oxidase subunit alpha	false		refseq|kegg|uniprot	false
PA5419	soxG	PA5419	protein_coding	sarcosine oxidase subunit gamma	false		refseq|kegg|uniprot	false
PA5420	purU2	PA5420|purU	protein_coding	formyltetrahydrofolate deformylase	false		refseq|kegg|uniprot	false
PA5421	fdhA	PA5421	protein_coding	glutathione-independent formaldehyde dehydrogenase	false		refseq|kegg|uniprot|uniprot_especie	false
PA5422		PA5422	protein_coding	hypothetical protein	false		refseq|kegg|uniprot	false
PA5423		PA5423	protein_coding	hypothetical protein	false		refseq|kegg|uniprot	false
PA5424		PA5424	protein_coding	hypothetical protein	false		refseq|kegg|uniprot	false
PA5425	purK	PA5425	protein_coding	5-(carboxyamino)imidazole ribonucleotide synthase	false		refseq|kegg|uniprot|uniprot_especie	false
PA5426	purE	PA5426	protein_coding	5-(carboxyamino)imidazole ribonucleotide mutase	false		refseq|kegg|uniprot|uniprot_especie	false
PA5427	adhA	PA5427	protein_coding	alcohol dehydrogenase	false		refseq|kegg|uniprot	false
PA5428		PA5428	protein_coding	transcriptional regulator	true	go_0003700|go_0006355|kw_transcription_regulation|producto_refseq	refseq|kegg|uniprot	false
PA5429	aspA	PA5429	protein_coding	aspartate ammonia-lyase	false		refseq|kegg|uniprot|uniprot_especie	false
PA5430		PA5430	protein_coding	hypothetical protein	false		refseq|kegg|uniprot	false
PA5431		PA5431	protein_coding	transcriptional regulator	true	go_0003700|kw_transcription_regulation|producto_refseq	refseq|kegg|uniprot	false
PA5432		PA5432	protein_coding	acetyltransferase	false		refseq|kegg|uniprot	false
PA5433		PA5433	protein_coding	hypothetical protein	false		refseq|kegg|uniprot	false
PA5434	mtr	PA5434	protein_coding	tryptophan permease	false		refseq|kegg|uniprot	true
PA5435		PA5435	protein_coding	pyruvate carboxylase subunit B	false		refseq|kegg|uniprot	false
PA5436		PA5436	protein_coding	acetyl-CoA carboxylase subunit alpha	false		refseq|kegg|uniprot	false
PA5437		PA5437	protein_coding	transcriptional regulator	true	go_0003700|go_0006355|kw_transcription_regulation|producto_refseq	refseq|kegg|uniprot	false
PA5438	rccR	PA5438|RccR	protein_coding	transcriptional regulator	true	go_0003700|go_0006355|kw_transcription_regulation|producto_refseq	refseq|kegg|uniprot|manual	false
PA5439	zwf	PA5439	protein_coding	glucose-6-phosphate 1-dehydrogenase	false		refseq|kegg|uniprot	true
PA5440		PA5440	protein_coding	peptidase	false		refseq|kegg|uniprot	false
PA5441		PA5441	protein_coding	hypothetical protein	false		refseq|kegg|uniprot	false
PA5442		PA5442	protein_coding	hypothetical protein	false		refseq|kegg|uniprot	false
PA5443	uvrD	PA5443	protein_coding	DNA-dependent helicase II	false		refseq|kegg|uniprot	false
PA5444		PA5444	protein_coding	hypothetical protein	false		refseq|kegg|uniprot	false
PA5445		PA5445	protein_coding	coenzyme A transferase	false		refseq|kegg|uniprot	false
PA5446		PA5446	protein_coding	hypothetical protein	false		refseq|kegg|uniprot	false
PA5447	wbpZ	PA5447	protein_coding	glycosyltransferase WbpZ	false		refseq|kegg|uniprot|uniprot_especie	false
PA5448	wbpY	PA5448	protein_coding	glycosyltransferase WbpY	false		refseq|kegg|uniprot	false
PA5449	wbpX	PA5449	protein_coding	glycosyltransferase WbpX	false		refseq|kegg|uniprot	false
PA5450	wzt	PA5450	protein_coding	ABC transporter	false		refseq|kegg|uniprot	true
PA5451	wzm	PA5451	protein_coding	LPS efflux transporter membrane protein	false		refseq|kegg|uniprot	true
PA5452	wbpW	PA5452	protein_coding	phosphomannose isomerase/mannose-1-phosphate guanylyl transferase	false		refseq|kegg|uniprot	false
PA5453	gmd	PA5453|gca	protein_coding	GDP-mannose 4,6-dehydratase	false		refseq|kegg|uniprot|uniprot_especie	true
PA5454	rmd	PA5454	protein_coding	oxidoreductase Rmd	false		refseq|kegg|uniprot|uniprot_especie	true
PA5455		PA5455	protein_coding	hypothetical protein	false		refseq|kegg|uniprot	false
PA5456		PA5456	protein_coding	hypothetical protein	false		refseq|kegg|uniprot	false
PA5457		PA5457	protein_coding	hypothetical protein	false		refseq|kegg|uniprot	false
PA5458		PA5458	protein_coding	acyltransferase	false		refseq|kegg|uniprot	false
PA5459		PA5459	protein_coding	hypothetical protein	false		refseq|kegg|uniprot	false
PA5460		PA5460	protein_coding	hypothetical protein	false		refseq|kegg|uniprot	false
PA5461		PA5461	protein_coding	hypothetical protein	false		refseq|kegg|uniprot	false
PA5462		PA5462	protein_coding	hypothetical protein	false		refseq|kegg|uniprot	false
PA5463		PA5463	protein_coding	hypothetical protein	false		refseq|kegg|uniprot	false
PA5464		PA5464	protein_coding	hypothetical protein	false		refseq|kegg|uniprot	false
PA5465		PA5465	protein_coding	hypothetical protein	false		refseq|kegg|uniprot	false
PA5466		PA5466	protein_coding	hypothetical protein	false		refseq|kegg|uniprot	false
PA5467		PA5467	protein_coding	hypothetical protein	false		refseq|kegg|uniprot	false
PA5468		PA5468	protein_coding	citrate transporter	false		refseq|kegg|uniprot	false
PA5469		PA5469	protein_coding	hypothetical protein	false		refseq|kegg|uniprot	false
PA5470		PA5470	protein_coding	peptide chain release factor-like protein	false		refseq|kegg|uniprot	false
PA5471	armZ	PA5471	protein_coding	hypothetical protein	false		refseq|kegg|uniprot|uniprot_especie	false
PA5472		PA5472	protein_coding	hypothetical protein	false		refseq|kegg|uniprot	false
PA5473		PA5473	protein_coding	hypothetical protein	false		refseq|kegg|uniprot	false
PA5474		PA5474	protein_coding	metalloprotease	false		refseq|kegg|uniprot	false
PA5475		PA5475	protein_coding	hypothetical protein	false		refseq|kegg|uniprot|uniprot_especie	false
PA5476	citA	PA5476	protein_coding	citrate transporter	false		refseq|kegg|uniprot	false
PA5477		PA5477	protein_coding	hypothetical protein	false		refseq|kegg|uniprot	false
PA5478		PA5478	protein_coding	hypothetical protein	false		refseq|kegg|uniprot	false
PA5479	gltP	PA5479	protein_coding	glutamate/aspartate:proton symporter	false		refseq|kegg|uniprot	false
PA5481		PA5481	protein_coding	hypothetical protein	false		refseq|kegg|uniprot|uniprot_especie	false
PA5482		PA5482	protein_coding	hypothetical protein	false		refseq|kegg|uniprot|uniprot_especie	false
PA5483	algB	PA5483	protein_coding	two-component response regulator AlgB	true	kw_transcription_regulation|kw_two_component|producto_refseq	refseq|kegg|uniprot|uniprot_especie	false
PA5484		PA5484	protein_coding	two-component sensor	false		refseq|kegg|uniprot	false
PA5485	ampDh2	PA5485	protein_coding	protein AmpDh2	false		refseq|kegg|uniprot	false
PA5486		PA5486	protein_coding	hypothetical protein	false		refseq|kegg|uniprot	false
PA5487	dgcP	PA5487	protein_coding	hypothetical protein	false		refseq|kegg|uniprot|uniprot_especie	false
PA5488		PA5488	protein_coding	hypothetical protein	false		refseq|kegg|uniprot	false
PA5489	dsbA	PA5489	protein_coding	thiol:disulfide interchange protein DsbA	false		refseq|kegg|uniprot|uniprot_especie	false
PA5490	cc4	PA5490	protein_coding	cytochrome C4	false		refseq|kegg|uniprot|uniprot_especie	true
PA5491		PA5491	protein_coding	cytochrome	false		refseq|kegg|uniprot	false
PA5492	engB	PA5492	protein_coding	ribosome biogenesis GTP-binding protein YsxC	false		refseq|kegg|uniprot|uniprot_especie	false
PA5493	polA	PA5493	protein_coding	DNA polymerase I	false		refseq|kegg|uniprot|uniprot_especie	false
PA5494		PA5494	protein_coding	hypothetical protein	false		refseq|kegg|uniprot	false
PA5495	thrB	PA5495	protein_coding	homoserine kinase	false		refseq|kegg|uniprot|uniprot_especie	false
PA5496	nrdJb	PA5496	protein_coding	hypothetical protein	false		refseq|kegg|uniprot	false
PA5497	nrdJa	PA5497	protein_coding	ribonucleoside-diphosphate reductase	false		refseq|kegg|uniprot	false
PA5498		PA5498	protein_coding	adhesin	false		refseq|kegg|uniprot	false
PA5499	np20	PA5499	protein_coding	transcriptional regulator	true	go_0003700|kw_transcription_regulation|producto_refseq	refseq|kegg|uniprot	false
PA5500	znuC	PA5500	protein_coding	zinc transporter ZnuC	false		refseq|kegg|uniprot|uniprot_especie	false
PA5501	znuB	PA5501	protein_coding	zinc ABC transporter permease	false		refseq|kegg|uniprot	false
PA5502		PA5502	protein_coding	hypothetical protein	false		refseq|kegg|uniprot	false
PA5503	metN2	PA5503	protein_coding	ABC transporter ATP-binding protein	false		refseq|kegg|uniprot|uniprot_especie	false
PA5504		PA5504	protein_coding	D-methionine ABC transporter	false		refseq|kegg|uniprot	false
PA5505		PA5505	protein_coding	TonB-dependent receptor	false		refseq|kegg|uniprot	false
PA5506		PA5506	protein_coding	hypothetical protein	true	go_0003700|kw_transcription_regulation	refseq|kegg|uniprot	false
PA5507		PA5507	protein_coding	hypothetical protein	false		refseq|kegg|uniprot	false
PA5508		PA5508	protein_coding	glutamine synthetase	false		refseq|kegg|uniprot	false
PA5509		PA5509	protein_coding	hypothetical protein	false		refseq|kegg|uniprot	false
PA5510		PA5510	protein_coding	transporter	false		refseq|kegg|uniprot	false
PA5511	mifR	PA5511	protein_coding	DNA-binding response regulator MifR	true	kw_transcription_regulation|kw_two_component|producto_refseq	refseq|kegg|uniprot	false
PA5512	mifS	PA5512	protein_coding	sensor histidine kinase MifS	true	kw_two_component	refseq|kegg|uniprot	false
PA5513	poxA	PA5513	protein_coding	hypothetical protein	false		refseq|kegg|uniprot	false
PA5514		PA5514	protein_coding	beta-lactamase	false		refseq|kegg|uniprot	false
PA5515		PA5515	protein_coding	hypothetical protein	false		refseq|kegg|uniprot	false
PA5516	pdxY	PA5516	protein_coding	pyridoxamine kinase	false		refseq|kegg|uniprot|uniprot_especie	false
PA5517		PA5517	protein_coding	hypothetical protein	false		refseq|kegg|uniprot	false
PA5518		PA5518	protein_coding	potassium efflux transporter	false		refseq|kegg|uniprot	false
PA5519		PA5519	protein_coding	acyl-CoA thioesterase	false		refseq|kegg|uniprot	false
PA5520		PA5520	protein_coding	hypothetical protein	false		refseq|kegg|uniprot	false
PA5521		PA5521	protein_coding	short-chain dehydrogenase	false		refseq|kegg|uniprot	false
PA5522		PA5522	protein_coding	glutamine synthetase	false		refseq|kegg|uniprot	false
PA5523		PA5523	protein_coding	aminotransferase	false		refseq|kegg|uniprot	false
PA5524		PA5524	protein_coding	short-chain dehydrogenase	false		refseq|kegg|uniprot	false
PA5525		PA5525	protein_coding	transcriptional regulator	true	go_0003700|go_0006355|kw_transcription_regulation|producto_refseq	refseq|kegg|uniprot	false
PA5526		PA5526	protein_coding	hypothetical protein	false		refseq|kegg|uniprot	false
PA5527		PA5527	protein_coding	hypothetical protein	false		refseq|kegg|uniprot	false
PA5528		PA5528	protein_coding	hypothetical protein	false		refseq|kegg|uniprot	false
PA5529		PA5529	protein_coding	sodium/proton antiporter	false		refseq|kegg|uniprot	false
PA5530		PA5530	protein_coding	MFS dicarboxylate transporter	false		refseq|kegg|uniprot	false
PA5531	tonB1	PA5531|tonB	protein_coding	transporter TonB	false		refseq|kegg|uniprot|uniprot_especie	false
PA5532		PA5532	pseudogene	pseudogene	false		refseq|kegg|uniprot	false
PA5533		PA5533	protein_coding	hypothetical protein	false		refseq|kegg|uniprot	false
PA5534		PA5534	protein_coding	hypothetical protein	false		refseq|kegg|uniprot	false
PA5535		PA5535	protein_coding	hypothetical protein	false		refseq|kegg|uniprot	false
PA5536	dksA	PA5536	protein_coding	hypothetical protein	true	go_0006355	refseq|kegg|uniprot	false
PA5537		PA5537	protein_coding	hypothetical protein	false		refseq|kegg|uniprot	false
PA5538	amiA	PA5538	protein_coding	N-acetylmuramoyl-L-alanine amidase	false		refseq|kegg|uniprot	false
PA5539	folE2	PA5539	protein_coding	GTP cyclohydrolase	false		refseq|kegg|uniprot|uniprot_especie	false
PA5540		PA5540	protein_coding	hypothetical protein	false		refseq|kegg|uniprot	false
PA5541	pyrQ	PA5541	protein_coding	dihydroorotase	false		refseq|kegg|uniprot	false
PA5542		PA5542	protein_coding	hypothetical protein	false		refseq|kegg|uniprot	false
PA5543		PA5543	protein_coding	hypothetical protein	false		refseq|kegg|uniprot	false
PA5544		PA5544	protein_coding	hypothetical protein	false		refseq|kegg|uniprot	false
PA5545		PA5545	protein_coding	hypothetical protein	false		refseq|kegg|uniprot	false
PA5546		PA5546	protein_coding	hypothetical protein	false		refseq|kegg|uniprot	false
PA5547		PA5547	protein_coding	hypothetical protein	false		refseq|kegg|uniprot	false
PA5548		PA5548	protein_coding	major facilitator superfamily transporter	false		refseq|kegg|uniprot	false
PA5549	glmS	PA5549	protein_coding	glucosamine--fructose-6-phosphate aminotransferase	false		refseq|kegg|uniprot|uniprot_especie	false
PA5550	glmR	PA5550	protein_coding	GlmR transcriptional regulator	true	go_0006355|kw_transcription_regulation|producto_refseq	refseq|kegg|uniprot	false
PA5551		PA5551	protein_coding	hypothetical protein	false		refseq|kegg|uniprot	false
PA5552	glmU	PA5552	protein_coding	bifunctional glucosamine-1-phosphate acetyltransferase/N-acetylglucosamine-1-phosphate uridyltransferase	false		refseq|kegg|uniprot|uniprot_especie	false
PA5553	atpC	PA5553	protein_coding	ATP synthase subunit epsilon	false		refseq|kegg|uniprot|uniprot_especie	false
PA5554	atpD	PA5554	protein_coding	ATP synthase subunit beta	false		refseq|kegg|uniprot|uniprot_especie	false
PA5555	atpG	PA5555	protein_coding	ATP synthase subunit gamma	false		refseq|kegg|uniprot|uniprot_especie	false
PA5556	atpA	PA5556	protein_coding	ATP synthase subunit alpha	false		refseq|kegg|uniprot|uniprot_especie	false
PA5557	atpH	PA5557	protein_coding	ATP synthase subunit delta	false		refseq|kegg|uniprot|uniprot_especie	false
PA5558	atpF	PA5558	protein_coding	ATP synthase subunit B	false		refseq|kegg|uniprot|uniprot_especie	false
PA5559	atpE	PA5559	protein_coding	ATP synthase subunit C	false		refseq|kegg|uniprot|uniprot_especie	false
PA5560	atpB	PA5560	protein_coding	ATP synthase subunit A	false		refseq|kegg|uniprot|uniprot_especie	false
PA5561	atpI	PA5561	protein_coding	ATP synthase subunit I	false		refseq|kegg|uniprot|uniprot_especie	false
PA5562	spoOJ	PA5562	protein_coding	chromosome partitioning protein	false		refseq|kegg|uniprot	false
PA5563	soj	PA5563	protein_coding	chromosome partitioning protein Soj	false		refseq|kegg|uniprot	true
PA5564	gidB	PA5564|rsmG	protein_coding	16S rRNA methyltransferase GidB	false		refseq|kegg|uniprot|uniprot_especie	false
PA5565	gidA	PA5565|mnmG	protein_coding	tRNA uridine 5-carboxymethylaminomethyl modification protein GidA	false		refseq|kegg|uniprot|uniprot_especie	false
PA5566		PA5566	protein_coding	hypothetical protein	false		refseq|kegg|uniprot	false
PA5567	mnmE	PA5567|trmE	protein_coding	tRNA modification GTPase TrmE	false		refseq|kegg|uniprot|uniprot_especie	false
PA5568	yidC	PA5568	protein_coding	inner membrane protein translocase subunit YidC	false		refseq|kegg|uniprot|uniprot_especie	false
PA5569	rnpA	PA5569	protein_coding	ribonuclease P	false		refseq|kegg|uniprot|uniprot_especie	false
PA5570	rpmH	PA5570	protein_coding	50S ribosomal protein L34	false		refseq|kegg|uniprot|uniprot_especie	false
	IHF	ihf	complejo	TF: heterodimero de himA (PA2738, "integration host factor subunit alpha") y himD (PA3161, "integration host factor subunit beta"). Las dos subunidades estan en RefSeq con esos productos y las dos llevan marca de TF por GO; lo que ninguna fuente publica trae es el nombre del complejo, que es como la literatura lo nombra siempre. No se le puede dar un locus tag porque son dos. Medido: 31 menciones de IHF en 13 documentos.	true	manual	manual	true
	PrrF	prrF	familia	prrF1 (PA4704.1) y prrF2 (PA4704.2) estan en RefSeq como "regulatory RNA PrrF1" y "PrrF2", pero el nombre colectivo `PrrF`, que es el que usa la literatura, no esta en ninguna fuente. No lleva marca de TF: los PrrF son sRNAs y regulan por apareamiento con el mensajero, no uniendo ADN. Es la misma decision que con RsmA, y por el mismo motivo. Medido: 286 menciones en 23 documentos.	false		manual	false
	PrrH	prrH	familia	El transcrito de lectura continua que abarca prrF1, la region intergenica y prrF2, y que responde a hemo. Comparte miembros con PrrF y aun asi es otra entidad: ninguna fuente publica le da locus propio ni nombre. Tampoco lleva marca de TF, por lo mismo que PrrF. Medido: 652 menciones en 15 documentos.	false		manual	false
