operon	miembros	locus_tags	fuente
accA-tilS	accA|tilS	PA3639|PA3638	refseq_adyacencia
accA-tilS-pyrG	accA|tilS|pyrG	PA3639|PA3638|PA3637	refseq_adyacencia
accA-tilS-pyrG-kdsA	accA|tilS|pyrG|kdsA	PA3639|PA3638|PA3637|PA3636	refseq_adyacencia
accBC	accB|accC	PA4847|PA4848	refseq_adyacencia
accD-folC	accD|folC	PA3112|PA3111	refseq_adyacencia
aceEF	aceE|aceF	PA5015|PA5016	refseq_adyacencia
aguBA	aguB|aguA	PA0293|PA0292	refseq_adyacencia
aguRB	aguR|aguB	PA0294|PA0293	refseq_adyacencia
aguRBA	aguR|aguB|aguA	PA0294|PA0293|PA0292	refseq_adyacencia
ahpCF	ahpC|ahpF	PA0139|PA0140	refseq_adyacencia
alaS-lysC	alaS|lysC	PA0903|PA0904	refseq_adyacencia
alaS-lysC-rsmA	alaS|lysC|rsmA	PA0903|PA0904|PA0905	refseq_adyacencia
algA-arnB	algA|arnB	PA3551|PA3552	refseq_adyacencia
algA-arnBC	algA|arnB|arnC	PA3551|PA3552|PA3553	refseq_adyacencia
algA-arnBCA	algA|arnB|arnC|arnA	PA3551|PA3552|PA3553|PA3554	refseq_adyacencia
algA-arnBCAD	algA|arnB|arnC|arnA|arnD	PA3551|PA3552|PA3553|PA3554|PA3555	refseq_adyacencia
algA-arnBCADT	algA|arnB|arnC|arnA|arnD|arnT	PA3551|PA3552|PA3553|PA3554|PA3555|PA3556	refseq_adyacencia
algA-arnBCADTE	algA|arnB|arnC|arnA|arnD|arnT|arnE	PA3551|PA3552|PA3553|PA3554|PA3555|PA3556|PA3557	refseq_adyacencia
algA-arnBCADTEF	algA|arnB|arnC|arnA|arnD|arnT|arnE|arnF	PA3551|PA3552|PA3553|PA3554|PA3555|PA3556|PA3557|PA3558	refseq_adyacencia
algC-argB	algC|argB	PA5322|PA5323	refseq_adyacencia
algEG	algE|algG	PA3544|PA3545	refseq_adyacencia
algEGX	algE|algG|algX	PA3544|PA3545|PA3546	refseq_adyacencia
algEGXL	algE|algG|algX|algL	PA3544|PA3545|PA3546|PA3547	refseq_adyacencia
algEGXLI	algE|algG|algX|algL|algI	PA3544|PA3545|PA3546|PA3547|PA3548	refseq_adyacencia
algEGXLIJ	algE|algG|algX|algL|algI|algJ	PA3544|PA3545|PA3546|PA3547|PA3548|PA3549	refseq_adyacencia
algEGXLIJF	algE|algG|algX|algL|algI|algJ|algF	PA3544|PA3545|PA3546|PA3547|PA3548|PA3549|PA3550	refseq_adyacencia
algEGXLIJFA	algE|algG|algX|algL|algI|algJ|algF|algA	PA3544|PA3545|PA3546|PA3547|PA3548|PA3549|PA3550|PA3551	refseq_adyacencia
algEGXLIJFA-arnB	algE|algG|algX|algL|algI|algJ|algF|algA|arnB	PA3544|PA3545|PA3546|PA3547|PA3548|PA3549|PA3550|PA3551|PA3552	refseq_adyacencia
algEGXLIJFA-arnBC	algE|algG|algX|algL|algI|algJ|algF|algA|arnB|arnC	PA3544|PA3545|PA3546|PA3547|PA3548|PA3549|PA3550|PA3551|PA3552|PA3553	refseq_adyacencia
algEGXLIJFA-arnBCA	algE|algG|algX|algL|algI|algJ|algF|algA|arnB|arnC|arnA	PA3544|PA3545|PA3546|PA3547|PA3548|PA3549|PA3550|PA3551|PA3552|PA3553|PA3554	refseq_adyacencia
algEGXLIJFA-arnBCAD	algE|algG|algX|algL|algI|algJ|algF|algA|arnB|arnC|arnA|arnD	PA3544|PA3545|PA3546|PA3547|PA3548|PA3549|PA3550|PA3551|PA3552|PA3553|PA3554|PA3555	refseq_adyacencia
algEGXLIJFA-arnBCADT	algE|algG|algX|algL|algI|algJ|algF|algA|arnB|arnC|arnA|arnD|arnT	PA3544|PA3545|PA3546|PA3547|PA3548|PA3549|PA3550|PA3551|PA3552|PA3553|PA3554|PA3555|PA3556	refseq_adyacencia
algEGXLIJFA-arnBCADTE	algE|algG|algX|algL|algI|algJ|algF|algA|arnB|arnC|arnA|arnD|arnT|arnE	PA3544|PA3545|PA3546|PA3547|PA3548|PA3549|PA3550|PA3551|PA3552|PA3553|PA3554|PA3555|PA3556|PA3557	refseq_adyacencia
algEGXLIJFA-arnBCADTEF	algE|algG|algX|algL|algI|algJ|algF|algA|arnB|arnC|arnA|arnD|arnT|arnE|arnF	PA3544|PA3545|PA3546|PA3547|PA3548|PA3549|PA3550|PA3551|PA3552|PA3553|PA3554|PA3555|PA3556|PA3557|PA3558	refseq_adyacencia
algFA	algF|algA	PA3550|PA3551	refseq_adyacencia
algFA-arnB	algF|algA|arnB	PA3550|PA3551|PA3552	refseq_adyacencia
algFA-arnBC	algF|algA|arnB|arnC	PA3550|PA3551|PA3552|PA3553	refseq_adyacencia
algFA-arnBCA	algF|algA|arnB|arnC|arnA	PA3550|PA3551|PA3552|PA3553|PA3554	refseq_adyacencia
algFA-arnBCAD	algF|algA|arnB|arnC|arnA|arnD	PA3550|PA3551|PA3552|PA3553|PA3554|PA3555	refseq_adyacencia
algFA-arnBCADT	algF|algA|arnB|arnC|arnA|arnD|arnT	PA3550|PA3551|PA3552|PA3553|PA3554|PA3555|PA3556	refseq_adyacencia
algFA-arnBCADTE	algF|algA|arnB|arnC|arnA|arnD|arnT|arnE	PA3550|PA3551|PA3552|PA3553|PA3554|PA3555|PA3556|PA3557	refseq_adyacencia
algFA-arnBCADTEF	algF|algA|arnB|arnC|arnA|arnD|arnT|arnE|arnF	PA3550|PA3551|PA3552|PA3553|PA3554|PA3555|PA3556|PA3557|PA3558	refseq_adyacencia
algGX	algG|algX	PA3545|PA3546	refseq_adyacencia
algGXL	algG|algX|algL	PA3545|PA3546|PA3547	refseq_adyacencia
algGXLI	algG|algX|algL|algI	PA3545|PA3546|PA3547|PA3548	refseq_adyacencia
algGXLIJ	algG|algX|algL|algI|algJ	PA3545|PA3546|PA3547|PA3548|PA3549	refseq_adyacencia
algGXLIJF	algG|algX|algL|algI|algJ|algF	PA3545|PA3546|PA3547|PA3548|PA3549|PA3550	refseq_adyacencia
algGXLIJFA	algG|algX|algL|algI|algJ|algF|algA	PA3545|PA3546|PA3547|PA3548|PA3549|PA3550|PA3551	refseq_adyacencia
algGXLIJFA-arnB	algG|algX|algL|algI|algJ|algF|algA|arnB	PA3545|PA3546|PA3547|PA3548|PA3549|PA3550|PA3551|PA3552	refseq_adyacencia
algGXLIJFA-arnBC	algG|algX|algL|algI|algJ|algF|algA|arnB|arnC	PA3545|PA3546|PA3547|PA3548|PA3549|PA3550|PA3551|PA3552|PA3553	refseq_adyacencia
algGXLIJFA-arnBCA	algG|algX|algL|algI|algJ|algF|algA|arnB|arnC|arnA	PA3545|PA3546|PA3547|PA3548|PA3549|PA3550|PA3551|PA3552|PA3553|PA3554	refseq_adyacencia
algGXLIJFA-arnBCAD	algG|algX|algL|algI|algJ|algF|algA|arnB|arnC|arnA|arnD	PA3545|PA3546|PA3547|PA3548|PA3549|PA3550|PA3551|PA3552|PA3553|PA3554|PA3555	refseq_adyacencia
algGXLIJFA-arnBCADT	algG|algX|algL|algI|algJ|algF|algA|arnB|arnC|arnA|arnD|arnT	PA3545|PA3546|PA3547|PA3548|PA3549|PA3550|PA3551|PA3552|PA3553|PA3554|PA3555|PA3556	refseq_adyacencia
algGXLIJFA-arnBCADTE	algG|algX|algL|algI|algJ|algF|algA|arnB|arnC|arnA|arnD|arnT|arnE	PA3545|PA3546|PA3547|PA3548|PA3549|PA3550|PA3551|PA3552|PA3553|PA3554|PA3555|PA3556|PA3557	refseq_adyacencia
algGXLIJFA-arnBCADTEF	algG|algX|algL|algI|algJ|algF|algA|arnB|arnC|arnA|arnD|arnT|arnE|arnF	PA3545|PA3546|PA3547|PA3548|PA3549|PA3550|PA3551|PA3552|PA3553|PA3554|PA3555|PA3556|PA3557|PA3558	refseq_adyacencia
algIJ	algI|algJ	PA3548|PA3549	refseq_adyacencia
algIJF	algI|algJ|algF	PA3548|PA3549|PA3550	refseq_adyacencia
algIJFA	algI|algJ|algF|algA	PA3548|PA3549|PA3550|PA3551	refseq_adyacencia
algIJFA-arnB	algI|algJ|algF|algA|arnB	PA3548|PA3549|PA3550|PA3551|PA3552	refseq_adyacencia
algIJFA-arnBC	algI|algJ|algF|algA|arnB|arnC	PA3548|PA3549|PA3550|PA3551|PA3552|PA3553	refseq_adyacencia
algIJFA-arnBCA	algI|algJ|algF|algA|arnB|arnC|arnA	PA3548|PA3549|PA3550|PA3551|PA3552|PA3553|PA3554	refseq_adyacencia
algIJFA-arnBCAD	algI|algJ|algF|algA|arnB|arnC|arnA|arnD	PA3548|PA3549|PA3550|PA3551|PA3552|PA3553|PA3554|PA3555	refseq_adyacencia
algIJFA-arnBCADT	algI|algJ|algF|algA|arnB|arnC|arnA|arnD|arnT	PA3548|PA3549|PA3550|PA3551|PA3552|PA3553|PA3554|PA3555|PA3556	refseq_adyacencia
algIJFA-arnBCADTE	algI|algJ|algF|algA|arnB|arnC|arnA|arnD|arnT|arnE	PA3548|PA3549|PA3550|PA3551|PA3552|PA3553|PA3554|PA3555|PA3556|PA3557	refseq_adyacencia
algIJFA-arnBCADTEF	algI|algJ|algF|algA|arnB|arnC|arnA|arnD|arnT|arnE|arnF	PA3548|PA3549|PA3550|PA3551|PA3552|PA3553|PA3554|PA3555|PA3556|PA3557|PA3558	refseq_adyacencia
algJF	algJ|algF	PA3549|PA3550	refseq_adyacencia
algJFA	algJ|algF|algA	PA3549|PA3550|PA3551	refseq_adyacencia
algJFA-arnB	algJ|algF|algA|arnB	PA3549|PA3550|PA3551|PA3552	refseq_adyacencia
algJFA-arnBC	algJ|algF|algA|arnB|arnC	PA3549|PA3550|PA3551|PA3552|PA3553	refseq_adyacencia
algJFA-arnBCA	algJ|algF|algA|arnB|arnC|arnA	PA3549|PA3550|PA3551|PA3552|PA3553|PA3554	refseq_adyacencia
algJFA-arnBCAD	algJ|algF|algA|arnB|arnC|arnA|arnD	PA3549|PA3550|PA3551|PA3552|PA3553|PA3554|PA3555	refseq_adyacencia
algJFA-arnBCADT	algJ|algF|algA|arnB|arnC|arnA|arnD|arnT	PA3549|PA3550|PA3551|PA3552|PA3553|PA3554|PA3555|PA3556	refseq_adyacencia
algJFA-arnBCADTE	algJ|algF|algA|arnB|arnC|arnA|arnD|arnT|arnE	PA3549|PA3550|PA3551|PA3552|PA3553|PA3554|PA3555|PA3556|PA3557	refseq_adyacencia
algJFA-arnBCADTEF	algJ|algF|algA|arnB|arnC|arnA|arnD|arnT|arnE|arnF	PA3549|PA3550|PA3551|PA3552|PA3553|PA3554|PA3555|PA3556|PA3557|PA3558	refseq_adyacencia
algKE	algK|algE	PA3543|PA3544	refseq_adyacencia
algKEG	algK|algE|algG	PA3543|PA3544|PA3545	refseq_adyacencia
algKEGX	algK|algE|algG|algX	PA3543|PA3544|PA3545|PA3546	refseq_adyacencia
algKEGXL	algK|algE|algG|algX|algL	PA3543|PA3544|PA3545|PA3546|PA3547	refseq_adyacencia
algKEGXLI	algK|algE|algG|algX|algL|algI	PA3543|PA3544|PA3545|PA3546|PA3547|PA3548	refseq_adyacencia
algKEGXLIJ	algK|algE|algG|algX|algL|algI|algJ	PA3543|PA3544|PA3545|PA3546|PA3547|PA3548|PA3549	refseq_adyacencia
algKEGXLIJF	algK|algE|algG|algX|algL|algI|algJ|algF	PA3543|PA3544|PA3545|PA3546|PA3547|PA3548|PA3549|PA3550	refseq_adyacencia
algKEGXLIJFA	algK|algE|algG|algX|algL|algI|algJ|algF|algA	PA3543|PA3544|PA3545|PA3546|PA3547|PA3548|PA3549|PA3550|PA3551	refseq_adyacencia
algKEGXLIJFA-arnB	algK|algE|algG|algX|algL|algI|algJ|algF|algA|arnB	PA3543|PA3544|PA3545|PA3546|PA3547|PA3548|PA3549|PA3550|PA3551|PA3552	refseq_adyacencia
algKEGXLIJFA-arnBC	algK|algE|algG|algX|algL|algI|algJ|algF|algA|arnB|arnC	PA3543|PA3544|PA3545|PA3546|PA3547|PA3548|PA3549|PA3550|PA3551|PA3552|PA3553	refseq_adyacencia
algKEGXLIJFA-arnBCA	algK|algE|algG|algX|algL|algI|algJ|algF|algA|arnB|arnC|arnA	PA3543|PA3544|PA3545|PA3546|PA3547|PA3548|PA3549|PA3550|PA3551|PA3552|PA3553|PA3554	refseq_adyacencia
algKEGXLIJFA-arnBCAD	algK|algE|algG|algX|algL|algI|algJ|algF|algA|arnB|arnC|arnA|arnD	PA3543|PA3544|PA3545|PA3546|PA3547|PA3548|PA3549|PA3550|PA3551|PA3552|PA3553|PA3554|PA3555	refseq_adyacencia
algKEGXLIJFA-arnBCADT	algK|algE|algG|algX|algL|algI|algJ|algF|algA|arnB|arnC|arnA|arnD|arnT	PA3543|PA3544|PA3545|PA3546|PA3547|PA3548|PA3549|PA3550|PA3551|PA3552|PA3553|PA3554|PA3555|PA3556	refseq_adyacencia
algKEGXLIJFA-arnBCADTE	algK|algE|algG|algX|algL|algI|algJ|algF|algA|arnB|arnC|arnA|arnD|arnT|arnE	PA3543|PA3544|PA3545|PA3546|PA3547|PA3548|PA3549|PA3550|PA3551|PA3552|PA3553|PA3554|PA3555|PA3556|PA3557	refseq_adyacencia
algKEGXLIJFA-arnBCADTEF	algK|algE|algG|algX|algL|algI|algJ|algF|algA|arnB|arnC|arnA|arnD|arnT|arnE|arnF	PA3543|PA3544|PA3545|PA3546|PA3547|PA3548|PA3549|PA3550|PA3551|PA3552|PA3553|PA3554|PA3555|PA3556|PA3557|PA3558	refseq_adyacencia
algLI	algL|algI	PA3547|PA3548	refseq_adyacencia
algLIJ	algL|algI|algJ	PA3547|PA3548|PA3549	refseq_adyacencia
algLIJF	algL|algI|algJ|algF	PA3547|PA3548|PA3549|PA3550	refseq_adyacencia
algLIJFA	algL|algI|algJ|algF|algA	PA3547|PA3548|PA3549|PA3550|PA3551	refseq_adyacencia
algLIJFA-arnB	algL|algI|algJ|algF|algA|arnB	PA3547|PA3548|PA3549|PA3550|PA3551|PA3552	refseq_adyacencia
algLIJFA-arnBC	algL|algI|algJ|algF|algA|arnB|arnC	PA3547|PA3548|PA3549|PA3550|PA3551|PA3552|PA3553	refseq_adyacencia
algLIJFA-arnBCA	algL|algI|algJ|algF|algA|arnB|arnC|arnA	PA3547|PA3548|PA3549|PA3550|PA3551|PA3552|PA3553|PA3554	refseq_adyacencia
algLIJFA-arnBCAD	algL|algI|algJ|algF|algA|arnB|arnC|arnA|arnD	PA3547|PA3548|PA3549|PA3550|PA3551|PA3552|PA3553|PA3554|PA3555	refseq_adyacencia
algLIJFA-arnBCADT	algL|algI|algJ|algF|algA|arnB|arnC|arnA|arnD|arnT	PA3547|PA3548|PA3549|PA3550|PA3551|PA3552|PA3553|PA3554|PA3555|PA3556	refseq_adyacencia
algLIJFA-arnBCADTE	algL|algI|algJ|algF|algA|arnB|arnC|arnA|arnD|arnT|arnE	PA3547|PA3548|PA3549|PA3550|PA3551|PA3552|PA3553|PA3554|PA3555|PA3556|PA3557	refseq_adyacencia
algLIJFA-arnBCADTEF	algL|algI|algJ|algF|algA|arnB|arnC|arnA|arnD|arnT|arnE|arnF	PA3547|PA3548|PA3549|PA3550|PA3551|PA3552|PA3553|PA3554|PA3555|PA3556|PA3557|PA3558	refseq_adyacencia
algR-hemC	algR|hemC	PA5261|PA5260	refseq_adyacencia
algR-hemCD	algR|hemC|hemD	PA5261|PA5260|PA5259	refseq_adyacencia
algU-mucA	algU|mucA	PA0762|PA0763	refseq_adyacencia
algU-mucAB	algU|mucA|mucB	PA0762|PA0763|PA0764	refseq_adyacencia
algU-mucABC	algU|mucA|mucB|mucC	PA0762|PA0763|PA0764|PA0765	refseq_adyacencia
algU-mucABCD	algU|mucA|mucB|mucC|mucD	PA0762|PA0763|PA0764|PA0765|PA0766	refseq_adyacencia
algU-mucABCD-lepA	algU|mucA|mucB|mucC|mucD|lepA	PA0762|PA0763|PA0764|PA0765|PA0766|PA0767	refseq_adyacencia
algU-mucABCD-lepAB	algU|mucA|mucB|mucC|mucD|lepA|lepB	PA0762|PA0763|PA0764|PA0765|PA0766|PA0767|PA0768	refseq_adyacencia
algXL	algX|algL	PA3546|PA3547	refseq_adyacencia
algXLI	algX|algL|algI	PA3546|PA3547|PA3548	refseq_adyacencia
algXLIJ	algX|algL|algI|algJ	PA3546|PA3547|PA3548|PA3549	refseq_adyacencia
algXLIJF	algX|algL|algI|algJ|algF	PA3546|PA3547|PA3548|PA3549|PA3550	refseq_adyacencia
algXLIJFA	algX|algL|algI|algJ|algF|algA	PA3546|PA3547|PA3548|PA3549|PA3550|PA3551	refseq_adyacencia
algXLIJFA-arnB	algX|algL|algI|algJ|algF|algA|arnB	PA3546|PA3547|PA3548|PA3549|PA3550|PA3551|PA3552	refseq_adyacencia
algXLIJFA-arnBC	algX|algL|algI|algJ|algF|algA|arnB|arnC	PA3546|PA3547|PA3548|PA3549|PA3550|PA3551|PA3552|PA3553	refseq_adyacencia
algXLIJFA-arnBCA	algX|algL|algI|algJ|algF|algA|arnB|arnC|arnA	PA3546|PA3547|PA3548|PA3549|PA3550|PA3551|PA3552|PA3553|PA3554	refseq_adyacencia
algXLIJFA-arnBCAD	algX|algL|algI|algJ|algF|algA|arnB|arnC|arnA|arnD	PA3546|PA3547|PA3548|PA3549|PA3550|PA3551|PA3552|PA3553|PA3554|PA3555	refseq_adyacencia
algXLIJFA-arnBCADT	algX|algL|algI|algJ|algF|algA|arnB|arnC|arnA|arnD|arnT	PA3546|PA3547|PA3548|PA3549|PA3550|PA3551|PA3552|PA3553|PA3554|PA3555|PA3556	refseq_adyacencia
algXLIJFA-arnBCADTE	algX|algL|algI|algJ|algF|algA|arnB|arnC|arnA|arnD|arnT|arnE	PA3546|PA3547|PA3548|PA3549|PA3550|PA3551|PA3552|PA3553|PA3554|PA3555|PA3556|PA3557	refseq_adyacencia
algXLIJFA-arnBCADTEF	algX|algL|algI|algJ|algF|algA|arnB|arnC|arnA|arnD|arnT|arnE|arnF	PA3546|PA3547|PA3548|PA3549|PA3550|PA3551|PA3552|PA3553|PA3554|PA3555|PA3556|PA3557|PA3558	refseq_adyacencia
algZR	algZ|algR	PA5262|PA5261	refseq_adyacencia
algZR-hemC	algZ|algR|hemC	PA5262|PA5261|PA5260	refseq_adyacencia
algZR-hemCD	algZ|algR|hemC|hemD	PA5262|PA5261|PA5260|PA5259	refseq_adyacencia
alkT-hupA	alkT|hupA	PA5349|PA5348	refseq_adyacencia
ambAB	ambA|ambB	PA2306|PA2305	refseq_adyacencia
ambABC	ambA|ambB|ambC	PA2306|PA2305|PA2304	refseq_adyacencia
ambABCD	ambA|ambB|ambC|ambD	PA2306|PA2305|PA2304|PA2303	refseq_adyacencia
ambABCDE	ambA|ambB|ambC|ambD|ambE	PA2306|PA2305|PA2304|PA2303|PA2302	refseq_adyacencia
ambBC	ambB|ambC	PA2305|PA2304	refseq_adyacencia
ambBCD	ambB|ambC|ambD	PA2305|PA2304|PA2303	refseq_adyacencia
ambBCDE	ambB|ambC|ambD|ambE	PA2305|PA2304|PA2303|PA2302	refseq_adyacencia
ambCD	ambC|ambD	PA2304|PA2303	refseq_adyacencia
ambCDE	ambC|ambD|ambE	PA2304|PA2303|PA2302	refseq_adyacencia
ambDE	ambD|ambE	PA2303|PA2302	refseq_adyacencia
amgK-murU	amgK|murU	PA0596|PA0597	refseq_adyacencia
amgRS	amgR|amgS	PA5200|PA5199	refseq_adyacencia
amiB-mutL	amiB|mutL	PA4947|PA4946	refseq_adyacencia
amiB-mutL-miaA	amiB|mutL|miaA	PA4947|PA4946|PA4945	refseq_adyacencia
amiBC	amiB|amiC	PA3365|PA3364	refseq_adyacencia
amiBCR	amiB|amiC|amiR	PA3365|PA3364|PA3363	refseq_adyacencia
amiBCRS	amiB|amiC|amiR|amiS	PA3365|PA3364|PA3363|PA3362	refseq_adyacencia
amiCR	amiC|amiR	PA3364|PA3363	refseq_adyacencia
amiCRS	amiC|amiR|amiS	PA3364|PA3363|PA3362	refseq_adyacencia
amiEB	amiE|amiB	PA3366|PA3365	refseq_adyacencia
amiEBC	amiE|amiB|amiC	PA3366|PA3365|PA3364	refseq_adyacencia
amiEBCR	amiE|amiB|amiC|amiR	PA3366|PA3365|PA3364|PA3363	refseq_adyacencia
amiEBCRS	amiE|amiB|amiC|amiR|amiS	PA3366|PA3365|PA3364|PA3363|PA3362	refseq_adyacencia
amiLE	amiL|amiE	PA3366.1|PA3366	refseq_adyacencia
amiLEB	amiL|amiE|amiB	PA3366.1|PA3366|PA3365	refseq_adyacencia
amiLEBC	amiL|amiE|amiB|amiC	PA3366.1|PA3366|PA3365|PA3364	refseq_adyacencia
amiLEBCR	amiL|amiE|amiB|amiC|amiR	PA3366.1|PA3366|PA3365|PA3364|PA3363	refseq_adyacencia
amiLEBCRS	amiL|amiE|amiB|amiC|amiR|amiS	PA3366.1|PA3366|PA3365|PA3364|PA3363|PA3362	refseq_adyacencia
amiRS	amiR|amiS	PA3363|PA3362	refseq_adyacencia
ansA-pvcA	ansA|pvcA	PA2253|PA2254	refseq_adyacencia
ansA-pvcAB	ansA|pvcA|pvcB	PA2253|PA2254|PA2255	refseq_adyacencia
ansA-pvcABC	ansA|pvcA|pvcB|pvcC	PA2253|PA2254|PA2255|PA2256	refseq_adyacencia
ansA-pvcABCD	ansA|pvcA|pvcB|pvcC|pvcD	PA2253|PA2254|PA2255|PA2256|PA2257	refseq_adyacencia
antAB	antA|antB	PA2512|PA2513	refseq_adyacencia
antABC	antA|antB|antC	PA2512|PA2513|PA2514	refseq_adyacencia
antBC	antB|antC	PA2513|PA2514	refseq_adyacencia
aotJQ	aotJ|aotQ	PA0888|PA0889	refseq_adyacencia
aotJQM	aotJ|aotQ|aotM	PA0888|PA0889|PA0890	refseq_adyacencia
aotP-argR	aotP|argR	PA0892|PA0893	refseq_adyacencia
aotQM	aotQ|aotM	PA0889|PA0890	refseq_adyacencia
apaGH	apaG|apaH	PA0591|PA0590	refseq_adyacencia
apaGH-glpE	apaG|apaH|glpE	PA0591|PA0590|PA0589	refseq_adyacencia
apaH-glpE	apaH|glpE	PA0590|PA0589	refseq_adyacencia
aprAI	aprA|aprI	PA1249|PA1250	refseq_adyacencia
aprDE	aprD|aprE	PA1246|PA1247	refseq_adyacencia
aprDEF	aprD|aprE|aprF	PA1246|PA1247|PA1248	refseq_adyacencia
aprDEFA	aprD|aprE|aprF|aprA	PA1246|PA1247|PA1248|PA1249	refseq_adyacencia
aprDEFAI	aprD|aprE|aprF|aprA|aprI	PA1246|PA1247|PA1248|PA1249|PA1250	refseq_adyacencia
aprEF	aprE|aprF	PA1247|PA1248	refseq_adyacencia
aprEFA	aprE|aprF|aprA	PA1247|PA1248|PA1249	refseq_adyacencia
aprEFAI	aprE|aprF|aprA|aprI	PA1247|PA1248|PA1249|PA1250	refseq_adyacencia
aprFA	aprF|aprA	PA1248|PA1249	refseq_adyacencia
aprFAI	aprF|aprA|aprI	PA1248|PA1249|PA1250	refseq_adyacencia
arcAB	arcA|arcB	PA5171|PA5172	refseq_adyacencia
arcABC	arcA|arcB|arcC	PA5171|PA5172|PA5173	refseq_adyacencia
arcABC-fabY	arcA|arcB|arcC|fabY	PA5171|PA5172|PA5173|PA5174	refseq_adyacencia
arcBC	arcB|arcC	PA5172|PA5173	refseq_adyacencia
arcBC-fabY	arcB|arcC|fabY	PA5172|PA5173|PA5174	refseq_adyacencia
arcC-fabY	arcC|fabY	PA5173|PA5174	refseq_adyacencia
arcDA	arcD|arcA	PA5170|PA5171	refseq_adyacencia
arcDAB	arcD|arcA|arcB	PA5170|PA5171|PA5172	refseq_adyacencia
arcDABC	arcD|arcA|arcB|arcC	PA5170|PA5171|PA5172|PA5173	refseq_adyacencia
arcDABC-fabY	arcD|arcA|arcB|arcC|fabY	PA5170|PA5171|PA5172|PA5173|PA5174	refseq_adyacencia
arnAD	arnA|arnD	PA3554|PA3555	refseq_adyacencia
arnADT	arnA|arnD|arnT	PA3554|PA3555|PA3556	refseq_adyacencia
arnADTE	arnA|arnD|arnT|arnE	PA3554|PA3555|PA3556|PA3557	refseq_adyacencia
arnADTEF	arnA|arnD|arnT|arnE|arnF	PA3554|PA3555|PA3556|PA3557|PA3558	refseq_adyacencia
arnBC	arnB|arnC	PA3552|PA3553	refseq_adyacencia
arnBCA	arnB|arnC|arnA	PA3552|PA3553|PA3554	refseq_adyacencia
arnBCAD	arnB|arnC|arnA|arnD	PA3552|PA3553|PA3554|PA3555	refseq_adyacencia
arnBCADT	arnB|arnC|arnA|arnD|arnT	PA3552|PA3553|PA3554|PA3555|PA3556	refseq_adyacencia
arnBCADTE	arnB|arnC|arnA|arnD|arnT|arnE	PA3552|PA3553|PA3554|PA3555|PA3556|PA3557	refseq_adyacencia
arnBCADTEF	arnB|arnC|arnA|arnD|arnT|arnE|arnF	PA3552|PA3553|PA3554|PA3555|PA3556|PA3557|PA3558	refseq_adyacencia
arnCA	arnC|arnA	PA3553|PA3554	refseq_adyacencia
arnCAD	arnC|arnA|arnD	PA3553|PA3554|PA3555	refseq_adyacencia
arnCADT	arnC|arnA|arnD|arnT	PA3553|PA3554|PA3555|PA3556	refseq_adyacencia
arnCADTE	arnC|arnA|arnD|arnT|arnE	PA3553|PA3554|PA3555|PA3556|PA3557	refseq_adyacencia
arnCADTEF	arnC|arnA|arnD|arnT|arnE|arnF	PA3553|PA3554|PA3555|PA3556|PA3557|PA3558	refseq_adyacencia
arnDT	arnD|arnT	PA3555|PA3556	refseq_adyacencia
arnDTE	arnD|arnT|arnE	PA3555|PA3556|PA3557	refseq_adyacencia
arnDTEF	arnD|arnT|arnE|arnF	PA3555|PA3556|PA3557|PA3558	refseq_adyacencia
arnEF	arnE|arnF	PA3557|PA3558	refseq_adyacencia
arnTE	arnT|arnE	PA3556|PA3557	refseq_adyacencia
arnTEF	arnT|arnE|arnF	PA3556|PA3557|PA3558	refseq_adyacencia
aroE-plcB	aroE|plcB	PA0025|PA0026	refseq_adyacencia
aroKB	aroK|aroB	PA5039|PA5038	refseq_adyacencia
arsBC	arsB|arsC	PA2278|PA2279	refseq_adyacencia
arsRB	arsR|arsB	PA2277|PA2278	refseq_adyacencia
arsRBC	arsR|arsB|arsC	PA2277|PA2278|PA2279	refseq_adyacencia
aruCF	aruC|aruF	PA0895|PA0896	refseq_adyacencia
aruCFG	aruC|aruF|aruG	PA0895|PA0896|PA0897	refseq_adyacencia
aruCFGD	aruC|aruF|aruG|aruD	PA0895|PA0896|PA0897|PA0898	refseq_adyacencia
aruCFGDB	aruC|aruF|aruG|aruD|aruB	PA0895|PA0896|PA0897|PA0898|PA0899	refseq_adyacencia
aruDB	aruD|aruB	PA0898|PA0899	refseq_adyacencia
aruFG	aruF|aruG	PA0896|PA0897	refseq_adyacencia
aruFGD	aruF|aruG|aruD	PA0896|PA0897|PA0898	refseq_adyacencia
aruFGDB	aruF|aruG|aruD|aruB	PA0896|PA0897|PA0898|PA0899	refseq_adyacencia
aruGD	aruG|aruD	PA0897|PA0898	refseq_adyacencia
aruGDB	aruG|aruD|aruB	PA0897|PA0898|PA0899	refseq_adyacencia
aruIH	aruI|aruH	PA4977|PA4976	refseq_adyacencia
aruRS	aruR|aruS	PA4983|PA4982	refseq_adyacencia
aspS-pmpR	aspS|pmpR	PA0963|PA0964	refseq_adyacencia
aspS-pmpR-ruvC	aspS|pmpR|ruvC	PA0963|PA0964|PA0965	refseq_adyacencia
aspS-pmpR-ruvCA	aspS|pmpR|ruvC|ruvA	PA0963|PA0964|PA0965|PA0966	refseq_adyacencia
aspS-pmpR-ruvCAB	aspS|pmpR|ruvC|ruvA|ruvB	PA0963|PA0964|PA0965|PA0966|PA0967	refseq_adyacencia
atpAG	atpA|atpG	PA5556|PA5555	refseq_adyacencia
atpAGD	atpA|atpG|atpD	PA5556|PA5555|PA5554	refseq_adyacencia
atpAGDC	atpA|atpG|atpD|atpC	PA5556|PA5555|PA5554|PA5553	refseq_adyacencia
atpAGDC-glmU	atpA|atpG|atpD|atpC|glmU	PA5556|PA5555|PA5554|PA5553|PA5552	refseq_adyacencia
atpBE	atpB|atpE	PA5560|PA5559	refseq_adyacencia
atpBEF	atpB|atpE|atpF	PA5560|PA5559|PA5558	refseq_adyacencia
atpBEFH	atpB|atpE|atpF|atpH	PA5560|PA5559|PA5558|PA5557	refseq_adyacencia
atpBEFHA	atpB|atpE|atpF|atpH|atpA	PA5560|PA5559|PA5558|PA5557|PA5556	refseq_adyacencia
atpBEFHAG	atpB|atpE|atpF|atpH|atpA|atpG	PA5560|PA5559|PA5558|PA5557|PA5556|PA5555	refseq_adyacencia
atpBEFHAGD	atpB|atpE|atpF|atpH|atpA|atpG|atpD	PA5560|PA5559|PA5558|PA5557|PA5556|PA5555|PA5554	refseq_adyacencia
atpBEFHAGDC	atpB|atpE|atpF|atpH|atpA|atpG|atpD|atpC	PA5560|PA5559|PA5558|PA5557|PA5556|PA5555|PA5554|PA5553	refseq_adyacencia
atpBEFHAGDC-glmU	atpB|atpE|atpF|atpH|atpA|atpG|atpD|atpC|glmU	PA5560|PA5559|PA5558|PA5557|PA5556|PA5555|PA5554|PA5553|PA5552	refseq_adyacencia
atpC-glmU	atpC|glmU	PA5553|PA5552	refseq_adyacencia
atpDC	atpD|atpC	PA5554|PA5553	refseq_adyacencia
atpDC-glmU	atpD|atpC|glmU	PA5554|PA5553|PA5552	refseq_adyacencia
atpEF	atpE|atpF	PA5559|PA5558	refseq_adyacencia
atpEFH	atpE|atpF|atpH	PA5559|PA5558|PA5557	refseq_adyacencia
atpEFHA	atpE|atpF|atpH|atpA	PA5559|PA5558|PA5557|PA5556	refseq_adyacencia
atpEFHAG	atpE|atpF|atpH|atpA|atpG	PA5559|PA5558|PA5557|PA5556|PA5555	refseq_adyacencia
atpEFHAGD	atpE|atpF|atpH|atpA|atpG|atpD	PA5559|PA5558|PA5557|PA5556|PA5555|PA5554	refseq_adyacencia
atpEFHAGDC	atpE|atpF|atpH|atpA|atpG|atpD|atpC	PA5559|PA5558|PA5557|PA5556|PA5555|PA5554|PA5553	refseq_adyacencia
atpEFHAGDC-glmU	atpE|atpF|atpH|atpA|atpG|atpD|atpC|glmU	PA5559|PA5558|PA5557|PA5556|PA5555|PA5554|PA5553|PA5552	refseq_adyacencia
atpFH	atpF|atpH	PA5558|PA5557	refseq_adyacencia
atpFHA	atpF|atpH|atpA	PA5558|PA5557|PA5556	refseq_adyacencia
atpFHAG	atpF|atpH|atpA|atpG	PA5558|PA5557|PA5556|PA5555	refseq_adyacencia
atpFHAGD	atpF|atpH|atpA|atpG|atpD	PA5558|PA5557|PA5556|PA5555|PA5554	refseq_adyacencia
atpFHAGDC	atpF|atpH|atpA|atpG|atpD|atpC	PA5558|PA5557|PA5556|PA5555|PA5554|PA5553	refseq_adyacencia
atpFHAGDC-glmU	atpF|atpH|atpA|atpG|atpD|atpC|glmU	PA5558|PA5557|PA5556|PA5555|PA5554|PA5553|PA5552	refseq_adyacencia
atpGD	atpG|atpD	PA5555|PA5554	refseq_adyacencia
atpGDC	atpG|atpD|atpC	PA5555|PA5554|PA5553	refseq_adyacencia
atpGDC-glmU	atpG|atpD|atpC|glmU	PA5555|PA5554|PA5553|PA5552	refseq_adyacencia
atpHA	atpH|atpA	PA5557|PA5556	refseq_adyacencia
atpHAG	atpH|atpA|atpG	PA5557|PA5556|PA5555	refseq_adyacencia
atpHAGD	atpH|atpA|atpG|atpD	PA5557|PA5556|PA5555|PA5554	refseq_adyacencia
atpHAGDC	atpH|atpA|atpG|atpD|atpC	PA5557|PA5556|PA5555|PA5554|PA5553	refseq_adyacencia
atpHAGDC-glmU	atpH|atpA|atpG|atpD|atpC|glmU	PA5557|PA5556|PA5555|PA5554|PA5553|PA5552	refseq_adyacencia
atpIB	atpI|atpB	PA5561|PA5560	refseq_adyacencia
atpIBE	atpI|atpB|atpE	PA5561|PA5560|PA5559	refseq_adyacencia
atpIBEF	atpI|atpB|atpE|atpF	PA5561|PA5560|PA5559|PA5558	refseq_adyacencia
atpIBEFH	atpI|atpB|atpE|atpF|atpH	PA5561|PA5560|PA5559|PA5558|PA5557	refseq_adyacencia
atpIBEFHA	atpI|atpB|atpE|atpF|atpH|atpA	PA5561|PA5560|PA5559|PA5558|PA5557|PA5556	refseq_adyacencia
atpIBEFHAG	atpI|atpB|atpE|atpF|atpH|atpA|atpG	PA5561|PA5560|PA5559|PA5558|PA5557|PA5556|PA5555	refseq_adyacencia
atpIBEFHAGD	atpI|atpB|atpE|atpF|atpH|atpA|atpG|atpD	PA5561|PA5560|PA5559|PA5558|PA5557|PA5556|PA5555|PA5554	refseq_adyacencia
atpIBEFHAGDC	atpI|atpB|atpE|atpF|atpH|atpA|atpG|atpD|atpC	PA5561|PA5560|PA5559|PA5558|PA5557|PA5556|PA5555|PA5554|PA5553	refseq_adyacencia
atpIBEFHAGDC-glmU	atpI|atpB|atpE|atpF|atpH|atpA|atpG|atpD|atpC|glmU	PA5561|PA5560|PA5559|PA5558|PA5557|PA5556|PA5555|PA5554|PA5553|PA5552	refseq_adyacencia
atuAB	atuA|atuB	PA2886|PA2887	refseq_adyacencia
atuABC	atuA|atuB|atuC	PA2886|PA2887|PA2888	refseq_adyacencia
atuABCD	atuA|atuB|atuC|atuD	PA2886|PA2887|PA2888|PA2889	refseq_adyacencia
atuABCDE	atuA|atuB|atuC|atuD|atuE	PA2886|PA2887|PA2888|PA2889|PA2890	refseq_adyacencia
atuABCDEF	atuA|atuB|atuC|atuD|atuE|atuF	PA2886|PA2887|PA2888|PA2889|PA2890|PA2891	refseq_adyacencia
atuABCDEFG	atuA|atuB|atuC|atuD|atuE|atuF|atuG	PA2886|PA2887|PA2888|PA2889|PA2890|PA2891|PA2892	refseq_adyacencia
atuABCDEFGH	atuA|atuB|atuC|atuD|atuE|atuF|atuG|atuH	PA2886|PA2887|PA2888|PA2889|PA2890|PA2891|PA2892|PA2893	refseq_adyacencia
atuBC	atuB|atuC	PA2887|PA2888	refseq_adyacencia
atuBCD	atuB|atuC|atuD	PA2887|PA2888|PA2889	refseq_adyacencia
atuBCDE	atuB|atuC|atuD|atuE	PA2887|PA2888|PA2889|PA2890	refseq_adyacencia
atuBCDEF	atuB|atuC|atuD|atuE|atuF	PA2887|PA2888|PA2889|PA2890|PA2891	refseq_adyacencia
atuBCDEFG	atuB|atuC|atuD|atuE|atuF|atuG	PA2887|PA2888|PA2889|PA2890|PA2891|PA2892	refseq_adyacencia
atuBCDEFGH	atuB|atuC|atuD|atuE|atuF|atuG|atuH	PA2887|PA2888|PA2889|PA2890|PA2891|PA2892|PA2893	refseq_adyacencia
atuCD	atuC|atuD	PA2888|PA2889	refseq_adyacencia
atuCDE	atuC|atuD|atuE	PA2888|PA2889|PA2890	refseq_adyacencia
atuCDEF	atuC|atuD|atuE|atuF	PA2888|PA2889|PA2890|PA2891	refseq_adyacencia
atuCDEFG	atuC|atuD|atuE|atuF|atuG	PA2888|PA2889|PA2890|PA2891|PA2892	refseq_adyacencia
atuCDEFGH	atuC|atuD|atuE|atuF|atuG|atuH	PA2888|PA2889|PA2890|PA2891|PA2892|PA2893	refseq_adyacencia
atuDE	atuD|atuE	PA2889|PA2890	refseq_adyacencia
atuDEF	atuD|atuE|atuF	PA2889|PA2890|PA2891	refseq_adyacencia
atuDEFG	atuD|atuE|atuF|atuG	PA2889|PA2890|PA2891|PA2892	refseq_adyacencia
atuDEFGH	atuD|atuE|atuF|atuG|atuH	PA2889|PA2890|PA2891|PA2892|PA2893	refseq_adyacencia
atuEF	atuE|atuF	PA2890|PA2891	refseq_adyacencia
atuEFG	atuE|atuF|atuG	PA2890|PA2891|PA2892	refseq_adyacencia
atuEFGH	atuE|atuF|atuG|atuH	PA2890|PA2891|PA2892|PA2893	refseq_adyacencia
atuFG	atuF|atuG	PA2891|PA2892	refseq_adyacencia
atuFGH	atuF|atuG|atuH	PA2891|PA2892|PA2893	refseq_adyacencia
atuGH	atuG|atuH	PA2892|PA2893	refseq_adyacencia
bauAB	bauA|bauB	PA0132|PA0131	refseq_adyacencia
bauABC	bauA|bauB|bauC	PA0132|PA0131|PA0130	refseq_adyacencia
bauABC-gabP	bauA|bauB|bauC|gabP	PA0132|PA0131|PA0130|PA0129	refseq_adyacencia
bauBC	bauB|bauC	PA0131|PA0130	refseq_adyacencia
bauBC-gabP	bauB|bauC|gabP	PA0131|PA0130|PA0129	refseq_adyacencia
bauC-gabP	bauC|gabP	PA0130|PA0129	refseq_adyacencia
betBA	betB|betA	PA5373|PA5372	refseq_adyacencia
betIB	betI|betB	PA5374|PA5373	refseq_adyacencia
betIBA	betI|betB|betA	PA5374|PA5373|PA5372	refseq_adyacencia
bfiSR	bfiS|bfiR	PA4197|PA4196	refseq_adyacencia
bfmRS	bfmR|bfmS	PA4101|PA4102	refseq_adyacencia
bioBF	bioB|bioF	PA0500|PA0501	refseq_adyacencia
bioCD	bioC|bioD	PA0503|PA0504	refseq_adyacencia
birA-coaX	birA|coaX	PA4280|PA4279	refseq_adyacencia
bkdB-lpdV	bkdB|lpdV	PA2249|PA2250	refseq_adyacencia
bolA-trhO	bolA|trhO	PA0857|PA0858	refseq_adyacencia
bphOP	bphO|bphP	PA4116|PA4117	refseq_adyacencia
braCD	braC|braD	PA1074|PA1073	refseq_adyacencia
braCDE	braC|braD|braE	PA1074|PA1073|PA1072	refseq_adyacencia
braCDEF	braC|braD|braE|braF	PA1074|PA1073|PA1072|PA1071	refseq_adyacencia
braCDEFG	braC|braD|braE|braF|braG	PA1074|PA1073|PA1072|PA1071|PA1070	refseq_adyacencia
braDE	braD|braE	PA1073|PA1072	refseq_adyacencia
braDEF	braD|braE|braF	PA1073|PA1072|PA1071	refseq_adyacencia
braDEFG	braD|braE|braF|braG	PA1073|PA1072|PA1071|PA1070	refseq_adyacencia
braEF	braE|braF	PA1072|PA1071	refseq_adyacencia
braEFG	braE|braF|braG	PA1072|PA1071|PA1070	refseq_adyacencia
braFG	braF|braG	PA1071|PA1070	refseq_adyacencia
cafA-yhdP	cafA|yhdP	PA4477|PA4476	refseq_adyacencia
carB-greA	carB|greA	PA4756|PA4755	refseq_adyacencia
carRS	carR|carS	PA2657|PA2656	refseq_adyacencia
catBC	catB|catC	PA2509|PA2508	refseq_adyacencia
catBCA	catB|catC|catA	PA2509|PA2508|PA2507	refseq_adyacencia
catCA	catC|catA	PA2508|PA2507	refseq_adyacencia
cbrAB	cbrA|cbrB	PA4725|PA4726	refseq_adyacencia
ccmAB	ccmA|ccmB	PA1475|PA1476	refseq_adyacencia
ccmABC	ccmA|ccmB|ccmC	PA1475|PA1476|PA1477	refseq_adyacencia
ccmABCD	ccmA|ccmB|ccmC|ccmD	PA1475|PA1476|PA1477|PA1478	refseq_adyacencia
ccmABCDE	ccmA|ccmB|ccmC|ccmD|ccmE	PA1475|PA1476|PA1477|PA1478|PA1479	refseq_adyacencia
ccmABCDEF	ccmA|ccmB|ccmC|ccmD|ccmE|ccmF	PA1475|PA1476|PA1477|PA1478|PA1479|PA1480	refseq_adyacencia
ccmABCDEFG	ccmA|ccmB|ccmC|ccmD|ccmE|ccmF|ccmG	PA1475|PA1476|PA1477|PA1478|PA1479|PA1480|PA1481	refseq_adyacencia
ccmABCDEFGH	ccmA|ccmB|ccmC|ccmD|ccmE|ccmF|ccmG|ccmH	PA1475|PA1476|PA1477|PA1478|PA1479|PA1480|PA1481|PA1482	refseq_adyacencia
ccmABCDEFGH-cycH	ccmA|ccmB|ccmC|ccmD|ccmE|ccmF|ccmG|ccmH|cycH	PA1475|PA1476|PA1477|PA1478|PA1479|PA1480|PA1481|PA1482|PA1483	refseq_adyacencia
ccmBC	ccmB|ccmC	PA1476|PA1477	refseq_adyacencia
ccmBCD	ccmB|ccmC|ccmD	PA1476|PA1477|PA1478	refseq_adyacencia
ccmBCDE	ccmB|ccmC|ccmD|ccmE	PA1476|PA1477|PA1478|PA1479	refseq_adyacencia
ccmBCDEF	ccmB|ccmC|ccmD|ccmE|ccmF	PA1476|PA1477|PA1478|PA1479|PA1480	refseq_adyacencia
ccmBCDEFG	ccmB|ccmC|ccmD|ccmE|ccmF|ccmG	PA1476|PA1477|PA1478|PA1479|PA1480|PA1481	refseq_adyacencia
ccmBCDEFGH	ccmB|ccmC|ccmD|ccmE|ccmF|ccmG|ccmH	PA1476|PA1477|PA1478|PA1479|PA1480|PA1481|PA1482	refseq_adyacencia
ccmBCDEFGH-cycH	ccmB|ccmC|ccmD|ccmE|ccmF|ccmG|ccmH|cycH	PA1476|PA1477|PA1478|PA1479|PA1480|PA1481|PA1482|PA1483	refseq_adyacencia
ccmCD	ccmC|ccmD	PA1477|PA1478	refseq_adyacencia
ccmCDE	ccmC|ccmD|ccmE	PA1477|PA1478|PA1479	refseq_adyacencia
ccmCDEF	ccmC|ccmD|ccmE|ccmF	PA1477|PA1478|PA1479|PA1480	refseq_adyacencia
ccmCDEFG	ccmC|ccmD|ccmE|ccmF|ccmG	PA1477|PA1478|PA1479|PA1480|PA1481	refseq_adyacencia
ccmCDEFGH	ccmC|ccmD|ccmE|ccmF|ccmG|ccmH	PA1477|PA1478|PA1479|PA1480|PA1481|PA1482	refseq_adyacencia
ccmCDEFGH-cycH	ccmC|ccmD|ccmE|ccmF|ccmG|ccmH|cycH	PA1477|PA1478|PA1479|PA1480|PA1481|PA1482|PA1483	refseq_adyacencia
ccmDE	ccmD|ccmE	PA1478|PA1479	refseq_adyacencia
ccmDEF	ccmD|ccmE|ccmF	PA1478|PA1479|PA1480	refseq_adyacencia
ccmDEFG	ccmD|ccmE|ccmF|ccmG	PA1478|PA1479|PA1480|PA1481	refseq_adyacencia
ccmDEFGH	ccmD|ccmE|ccmF|ccmG|ccmH	PA1478|PA1479|PA1480|PA1481|PA1482	refseq_adyacencia
ccmDEFGH-cycH	ccmD|ccmE|ccmF|ccmG|ccmH|cycH	PA1478|PA1479|PA1480|PA1481|PA1482|PA1483	refseq_adyacencia
ccmEF	ccmE|ccmF	PA1479|PA1480	refseq_adyacencia
ccmEFG	ccmE|ccmF|ccmG	PA1479|PA1480|PA1481	refseq_adyacencia
ccmEFGH	ccmE|ccmF|ccmG|ccmH	PA1479|PA1480|PA1481|PA1482	refseq_adyacencia
ccmEFGH-cycH	ccmE|ccmF|ccmG|ccmH|cycH	PA1479|PA1480|PA1481|PA1482|PA1483	refseq_adyacencia
ccmFG	ccmF|ccmG	PA1480|PA1481	refseq_adyacencia
ccmFGH	ccmF|ccmG|ccmH	PA1480|PA1481|PA1482	refseq_adyacencia
ccmFGH-cycH	ccmF|ccmG|ccmH|cycH	PA1480|PA1481|PA1482|PA1483	refseq_adyacencia
ccmGH	ccmG|ccmH	PA1481|PA1482	refseq_adyacencia
ccmGH-cycH	ccmG|ccmH|cycH	PA1481|PA1482|PA1483	refseq_adyacencia
ccmH-cycH	ccmH|cycH	PA1482|PA1483	refseq_adyacencia
cdhAB	cdhA|cdhB	PA5386|PA5385	refseq_adyacencia
cdhCA	cdhC|cdhA	PA5387|PA5386	refseq_adyacencia
cdhCAB	cdhC|cdhA|cdhB	PA5387|PA5386|PA5385	refseq_adyacencia
cheYZ	cheY|cheZ	PA1456|PA1457	refseq_adyacencia
chpAB	chpA|chpB	PA0413|PA0414	refseq_adyacencia
chpABC	chpA|chpB|chpC	PA0413|PA0414|PA0415	refseq_adyacencia
chpABCD	chpA|chpB|chpC|chpD	PA0413|PA0414|PA0415|PA0416	refseq_adyacencia
chpABCDE	chpA|chpB|chpC|chpD|chpE	PA0413|PA0414|PA0415|PA0416|PA0417	refseq_adyacencia
chpBC	chpB|chpC	PA0414|PA0415	refseq_adyacencia
chpBCD	chpB|chpC|chpD	PA0414|PA0415|PA0416	refseq_adyacencia
chpBCDE	chpB|chpC|chpD|chpE	PA0414|PA0415|PA0416|PA0417	refseq_adyacencia
chpCD	chpC|chpD	PA0415|PA0416	refseq_adyacencia
chpCDE	chpC|chpD|chpE	PA0415|PA0416|PA0417	refseq_adyacencia
chpDE	chpD|chpE	PA0416|PA0417	refseq_adyacencia
cioAB	cioA|cioB	PA3930|PA3929	refseq_adyacencia
clpPX	clpP|clpX	PA1801|PA1802	refseq_adyacencia
clpSA	clpS|clpA	PA2621|PA2620	refseq_adyacencia
cmaX-crfX	cmaX|crfX	PA1773|PA1774	refseq_adyacencia
cmaX-crfX-cmpX	cmaX|crfX|cmpX	PA1773|PA1774|PA1775	refseq_adyacencia
cmaX-crfX-cmpX-sigX	cmaX|crfX|cmpX|sigX	PA1773|PA1774|PA1775|PA1776	refseq_adyacencia
cmaX-crfX-cmpX-sigX-oprF	cmaX|crfX|cmpX|sigX|oprF	PA1773|PA1774|PA1775|PA1776|PA1777	refseq_adyacencia
cmoAB	cmoA|cmoB	PA0775|PA0774	refseq_adyacencia
cmpX-sigX	cmpX|sigX	PA1775|PA1776	refseq_adyacencia
cmpX-sigX-oprF	cmpX|sigX|oprF	PA1775|PA1776|PA1777	refseq_adyacencia
cntLM	cntL|cntM	PA4836|PA4835	refseq_adyacencia
cntLMI	cntL|cntM|cntI	PA4836|PA4835|PA4834	refseq_adyacencia
cntMI	cntM|cntI	PA4835|PA4834	refseq_adyacencia
cntOL	cntO|cntL	PA4837|PA4836	refseq_adyacencia
cntOLM	cntO|cntL|cntM	PA4837|PA4836|PA4835	refseq_adyacencia
cntOLMI	cntO|cntL|cntM|cntI	PA4837|PA4836|PA4835|PA4834	refseq_adyacencia
coaE-yacG	coaE|yacG	PA4529|PA4530	refseq_adyacencia
cobCQ	cobC|cobQ	PA1276|PA1277	refseq_adyacencia
cobCQP	cobC|cobQ|cobP	PA1276|PA1277|PA1278	refseq_adyacencia
cobCQPU	cobC|cobQ|cobP|cobU	PA1276|PA1277|PA1278|PA1279	refseq_adyacencia
cobDC	cobD|cobC	PA1275|PA1276	refseq_adyacencia
cobDCQ	cobD|cobC|cobQ	PA1275|PA1276|PA1277	refseq_adyacencia
cobDCQP	cobD|cobC|cobQ|cobP	PA1275|PA1276|PA1277|PA1278	refseq_adyacencia
cobDCQPU	cobD|cobC|cobQ|cobP|cobU	PA1275|PA1276|PA1277|PA1278|PA1279	refseq_adyacencia
cobHI	cobH|cobI	PA2905|PA2904	refseq_adyacencia
cobHIJ	cobH|cobI|cobJ	PA2905|PA2904|PA2903	refseq_adyacencia
cobIJ	cobI|cobJ	PA2904|PA2903	refseq_adyacencia
cobL-cbiD	cobL|cbiD	PA2907|PA2908	refseq_adyacencia
cobOB	cobO|cobB	PA1272|PA1273	refseq_adyacencia
cobPU	cobP|cobU	PA1278|PA1279	refseq_adyacencia
cobQP	cobQ|cobP	PA1277|PA1278	refseq_adyacencia
cobQPU	cobQ|cobP|cobU	PA1277|PA1278|PA1279	refseq_adyacencia
cobWN	cobW|cobN	PA2945|PA2944	refseq_adyacencia
codBA	codB|codA	PA0438|PA0437	refseq_adyacencia
comL-pilS	comL|pilS	PA4545|PA4546	refseq_adyacencia
comL-pilSR	comL|pilS|pilR	PA4545|PA4546|PA4547	refseq_adyacencia
copI-queF	copI|queF	PA2807|PA2806	refseq_adyacencia
copRS	copR|copS	PA2809|PA2810	refseq_adyacencia
corA-hcpB	corA|hcpB	PA5268|PA5267	refseq_adyacencia
coxBA	coxB|coxA	PA0105|PA0106	refseq_adyacencia
cpoB-queE	cpoB|queE	PA0974|PA0975	refseq_adyacencia
cpoB-queEC	cpoB|queE|queC	PA0974|PA0975|PA0976	refseq_adyacencia
creBC	creB|creC	PA0463|PA0464	refseq_adyacencia
creBCD	creB|creC|creD	PA0463|PA0464|PA0465	refseq_adyacencia
creCD	creC|creD	PA0464|PA0465	refseq_adyacencia
crfX-cmpX	crfX|cmpX	PA1774|PA1775	refseq_adyacencia
crfX-cmpX-sigX	crfX|cmpX|sigX	PA1774|PA1775|PA1776	refseq_adyacencia
crfX-cmpX-sigX-oprF	crfX|cmpX|sigX|oprF	PA1774|PA1775|PA1776|PA1777	refseq_adyacencia
ctpL-dipZ	ctpL|dipZ	PA4844|PA4845	refseq_adyacencia
cynTS	cynT|cynS	PA2053|PA2052	refseq_adyacencia
cyoAB	cyoA|cyoB	PA1317|PA1318	refseq_adyacencia
cyoABC	cyoA|cyoB|cyoC	PA1317|PA1318|PA1319	refseq_adyacencia
cyoABCD	cyoA|cyoB|cyoC|cyoD	PA1317|PA1318|PA1319|PA1320	refseq_adyacencia
cyoABCDE	cyoA|cyoB|cyoC|cyoD|cyoE	PA1317|PA1318|PA1319|PA1320|PA1321	refseq_adyacencia
cyoBC	cyoB|cyoC	PA1318|PA1319	refseq_adyacencia
cyoBCD	cyoB|cyoC|cyoD	PA1318|PA1319|PA1320	refseq_adyacencia
cyoBCDE	cyoB|cyoC|cyoD|cyoE	PA1318|PA1319|PA1320|PA1321	refseq_adyacencia
cyoCD	cyoC|cyoD	PA1319|PA1320	refseq_adyacencia
cyoCDE	cyoC|cyoD|cyoE	PA1319|PA1320|PA1321	refseq_adyacencia
cyoDE	cyoD|cyoE	PA1320|PA1321	refseq_adyacencia
cysDN	cysD|cysN	PA4443|PA4442	refseq_adyacencia
cysE-iscR	cysE|iscR	PA3816|PA3815	refseq_adyacencia
cysE-iscRS	cysE|iscR|iscS	PA3816|PA3815|PA3814	refseq_adyacencia
cysE-iscRSU	cysE|iscR|iscS|iscU	PA3816|PA3815|PA3814|PA3813	refseq_adyacencia
cysE-iscRSUA	cysE|iscR|iscS|iscU|iscA	PA3816|PA3815|PA3814|PA3813|PA3812	refseq_adyacencia
cysE-iscRSUA-hscB	cysE|iscR|iscS|iscU|iscA|hscB	PA3816|PA3815|PA3814|PA3813|PA3812|PA3811	refseq_adyacencia
cysE-iscRSUA-hscBA	cysE|iscR|iscS|iscU|iscA|hscB|hscA	PA3816|PA3815|PA3814|PA3813|PA3812|PA3811|PA3810	refseq_adyacencia
cysM-ygcA	cysM|ygcA	PA0932|PA0933	refseq_adyacencia
cysM-ygcA-relA	cysM|ygcA|relA	PA0932|PA0933|PA0934	refseq_adyacencia
cysTW	cysT|cysW	PA0282|PA0281	refseq_adyacencia
cysTWA	cysT|cysW|cysA	PA0282|PA0281|PA0280	refseq_adyacencia
cysWA	cysW|cysA	PA0281|PA0280	refseq_adyacencia
czcA-xylS	czcA|xylS	PA2520|PA2519	refseq_adyacencia
czcA-xylSX	czcA|xylS|xylX	PA2520|PA2519|PA2518	refseq_adyacencia
czcA-xylSXY	czcA|xylS|xylX|xylY	PA2520|PA2519|PA2518|PA2517	refseq_adyacencia
czcA-xylSXYZ	czcA|xylS|xylX|xylY|xylZ	PA2520|PA2519|PA2518|PA2517|PA2516	refseq_adyacencia
czcA-xylSXYZL	czcA|xylS|xylX|xylY|xylZ|xylL	PA2520|PA2519|PA2518|PA2517|PA2516|PA2515	refseq_adyacencia
czcBA	czcB|czcA	PA2521|PA2520	refseq_adyacencia
czcBA-xylS	czcB|czcA|xylS	PA2521|PA2520|PA2519	refseq_adyacencia
czcBA-xylSX	czcB|czcA|xylS|xylX	PA2521|PA2520|PA2519|PA2518	refseq_adyacencia
czcBA-xylSXY	czcB|czcA|xylS|xylX|xylY	PA2521|PA2520|PA2519|PA2518|PA2517	refseq_adyacencia
czcBA-xylSXYZ	czcB|czcA|xylS|xylX|xylY|xylZ	PA2521|PA2520|PA2519|PA2518|PA2517|PA2516	refseq_adyacencia
czcBA-xylSXYZL	czcB|czcA|xylS|xylX|xylY|xylZ|xylL	PA2521|PA2520|PA2519|PA2518|PA2517|PA2516|PA2515	refseq_adyacencia
czcCB	czcC|czcB	PA2522|PA2521	refseq_adyacencia
czcCBA	czcC|czcB|czcA	PA2522|PA2521|PA2520	refseq_adyacencia
czcCBA-xylS	czcC|czcB|czcA|xylS	PA2522|PA2521|PA2520|PA2519	refseq_adyacencia
czcCBA-xylSX	czcC|czcB|czcA|xylS|xylX	PA2522|PA2521|PA2520|PA2519|PA2518	refseq_adyacencia
czcCBA-xylSXY	czcC|czcB|czcA|xylS|xylX|xylY	PA2522|PA2521|PA2520|PA2519|PA2518|PA2517	refseq_adyacencia
czcCBA-xylSXYZ	czcC|czcB|czcA|xylS|xylX|xylY|xylZ	PA2522|PA2521|PA2520|PA2519|PA2518|PA2517|PA2516	refseq_adyacencia
czcCBA-xylSXYZL	czcC|czcB|czcA|xylS|xylX|xylY|xylZ|xylL	PA2522|PA2521|PA2520|PA2519|PA2518|PA2517|PA2516|PA2515	refseq_adyacencia
dapE-rrmA	dapE|rrmA	PA1162|PA1161	refseq_adyacencia
dauAR	dauA|dauR	PA3863|PA3864	refseq_adyacencia
dauBA	dauB|dauA	PA3862|PA3863	refseq_adyacencia
dauBAR	dauB|dauA|dauR	PA3862|PA3863|PA3864	refseq_adyacencia
dctBD	dctB|dctD	PA5165|PA5166	refseq_adyacencia
dctBDP	dctB|dctD|dctP	PA5165|PA5166|PA5167	refseq_adyacencia
dctBDPQ	dctB|dctD|dctP|dctQ	PA5165|PA5166|PA5167|PA5168	refseq_adyacencia
dctBDPQM	dctB|dctD|dctP|dctQ|dctM	PA5165|PA5166|PA5167|PA5168|PA5169	refseq_adyacencia
dctBDPQM-arcD	dctB|dctD|dctP|dctQ|dctM|arcD	PA5165|PA5166|PA5167|PA5168|PA5169|PA5170	refseq_adyacencia
dctBDPQM-arcDA	dctB|dctD|dctP|dctQ|dctM|arcD|arcA	PA5165|PA5166|PA5167|PA5168|PA5169|PA5170|PA5171	refseq_adyacencia
dctBDPQM-arcDAB	dctB|dctD|dctP|dctQ|dctM|arcD|arcA|arcB	PA5165|PA5166|PA5167|PA5168|PA5169|PA5170|PA5171|PA5172	refseq_adyacencia
dctBDPQM-arcDABC	dctB|dctD|dctP|dctQ|dctM|arcD|arcA|arcB|arcC	PA5165|PA5166|PA5167|PA5168|PA5169|PA5170|PA5171|PA5172|PA5173	refseq_adyacencia
dctBDPQM-arcDABC-fabY	dctB|dctD|dctP|dctQ|dctM|arcD|arcA|arcB|arcC|fabY	PA5165|PA5166|PA5167|PA5168|PA5169|PA5170|PA5171|PA5172|PA5173|PA5174	refseq_adyacencia
dctDP	dctD|dctP	PA5166|PA5167	refseq_adyacencia
dctDPQ	dctD|dctP|dctQ	PA5166|PA5167|PA5168	refseq_adyacencia
dctDPQM	dctD|dctP|dctQ|dctM	PA5166|PA5167|PA5168|PA5169	refseq_adyacencia
dctDPQM-arcD	dctD|dctP|dctQ|dctM|arcD	PA5166|PA5167|PA5168|PA5169|PA5170	refseq_adyacencia
dctDPQM-arcDA	dctD|dctP|dctQ|dctM|arcD|arcA	PA5166|PA5167|PA5168|PA5169|PA5170|PA5171	refseq_adyacencia
dctDPQM-arcDAB	dctD|dctP|dctQ|dctM|arcD|arcA|arcB	PA5166|PA5167|PA5168|PA5169|PA5170|PA5171|PA5172	refseq_adyacencia
dctDPQM-arcDABC	dctD|dctP|dctQ|dctM|arcD|arcA|arcB|arcC	PA5166|PA5167|PA5168|PA5169|PA5170|PA5171|PA5172|PA5173	refseq_adyacencia
dctDPQM-arcDABC-fabY	dctD|dctP|dctQ|dctM|arcD|arcA|arcB|arcC|fabY	PA5166|PA5167|PA5168|PA5169|PA5170|PA5171|PA5172|PA5173|PA5174	refseq_adyacencia
dctM-arcD	dctM|arcD	PA5169|PA5170	refseq_adyacencia
dctM-arcDA	dctM|arcD|arcA	PA5169|PA5170|PA5171	refseq_adyacencia
dctM-arcDAB	dctM|arcD|arcA|arcB	PA5169|PA5170|PA5171|PA5172	refseq_adyacencia
dctM-arcDABC	dctM|arcD|arcA|arcB|arcC	PA5169|PA5170|PA5171|PA5172|PA5173	refseq_adyacencia
dctM-arcDABC-fabY	dctM|arcD|arcA|arcB|arcC|fabY	PA5169|PA5170|PA5171|PA5172|PA5173|PA5174	refseq_adyacencia
dctPQ	dctP|dctQ	PA5167|PA5168	refseq_adyacencia
dctPQM	dctP|dctQ|dctM	PA5167|PA5168|PA5169	refseq_adyacencia
dctPQM-arcD	dctP|dctQ|dctM|arcD	PA5167|PA5168|PA5169|PA5170	refseq_adyacencia
dctPQM-arcDA	dctP|dctQ|dctM|arcD|arcA	PA5167|PA5168|PA5169|PA5170|PA5171	refseq_adyacencia
dctPQM-arcDAB	dctP|dctQ|dctM|arcD|arcA|arcB	PA5167|PA5168|PA5169|PA5170|PA5171|PA5172	refseq_adyacencia
dctPQM-arcDABC	dctP|dctQ|dctM|arcD|arcA|arcB|arcC	PA5167|PA5168|PA5169|PA5170|PA5171|PA5172|PA5173	refseq_adyacencia
dctPQM-arcDABC-fabY	dctP|dctQ|dctM|arcD|arcA|arcB|arcC|fabY	PA5167|PA5168|PA5169|PA5170|PA5171|PA5172|PA5173|PA5174	refseq_adyacencia
dctQM	dctQ|dctM	PA5168|PA5169	refseq_adyacencia
dctQM-arcD	dctQ|dctM|arcD	PA5168|PA5169|PA5170	refseq_adyacencia
dctQM-arcDA	dctQ|dctM|arcD|arcA	PA5168|PA5169|PA5170|PA5171	refseq_adyacencia
dctQM-arcDAB	dctQ|dctM|arcD|arcA|arcB	PA5168|PA5169|PA5170|PA5171|PA5172	refseq_adyacencia
dctQM-arcDABC	dctQ|dctM|arcD|arcA|arcB|arcC	PA5168|PA5169|PA5170|PA5171|PA5172|PA5173	refseq_adyacencia
dctQM-arcDABC-fabY	dctQ|dctM|arcD|arcA|arcB|arcC|fabY	PA5168|PA5169|PA5170|PA5171|PA5172|PA5173|PA5174	refseq_adyacencia
ddlB-ftsQ	ddlB|ftsQ	PA4410|PA4409	refseq_adyacencia
ddlB-ftsQA	ddlB|ftsQ|ftsA	PA4410|PA4409|PA4408	refseq_adyacencia
ddlB-ftsQAZ	ddlB|ftsQ|ftsA|ftsZ	PA4410|PA4409|PA4408|PA4407	refseq_adyacencia
desA-gpuP	desA|gpuP	PA0286|PA0287	refseq_adyacencia
desA-gpuPA	desA|gpuP|gpuA	PA0286|PA0287|PA0288	refseq_adyacencia
desA-gpuPAR	desA|gpuP|gpuA|gpuR	PA0286|PA0287|PA0288|PA0289	refseq_adyacencia
desT-ureE	desT|ureE	PA4890|PA4891	refseq_adyacencia
desT-ureEF	desT|ureE|ureF	PA4890|PA4891|PA4892	refseq_adyacencia
desT-ureEFG	desT|ureE|ureF|ureG	PA4890|PA4891|PA4892|PA4893	refseq_adyacencia
dgcAB	dgcA|dgcB	PA5398|PA5399	refseq_adyacencia
dhcAB	dhcA|dhcB	PA1999|PA2000	refseq_adyacencia
dhcAB-atoB	dhcA|dhcB|atoB	PA1999|PA2000|PA2001	refseq_adyacencia
dhcB-atoB	dhcB|atoB	PA2000|PA2001	refseq_adyacencia
dksA-gluQ	dksA|gluQ	PA4723|PA4724	refseq_adyacencia
dnaAN	dnaA|dnaN	PA0001|PA0002	refseq_adyacencia
dnaAN-recF	dnaA|dnaN|recF	PA0001|PA0002|PA0003	refseq_adyacencia
dnaAN-recF-gyrB	dnaA|dnaN|recF|gyrB	PA0001|PA0002|PA0003|PA0004	refseq_adyacencia
dnaE-accA	dnaE|accA	PA3640|PA3639	refseq_adyacencia
dnaE-accA-tilS	dnaE|accA|tilS	PA3640|PA3639|PA3638	refseq_adyacencia
dnaE-accA-tilS-pyrG	dnaE|accA|tilS|pyrG	PA3640|PA3639|PA3638|PA3637	refseq_adyacencia
dnaE-accA-tilS-pyrG-kdsA	dnaE|accA|tilS|pyrG|kdsA	PA3640|PA3639|PA3638|PA3637|PA3636	refseq_adyacencia
dnaG-rpoD	dnaG|rpoD	PA0577|PA0576	refseq_adyacencia
dnaJ-dapB	dnaJ|dapB	PA4760|PA4759	refseq_adyacencia
dnaKJ	dnaK|dnaJ	PA4761|PA4760	refseq_adyacencia
dnaKJ-dapB	dnaK|dnaJ|dapB	PA4761|PA4760|PA4759	refseq_adyacencia
dnaN-recF	dnaN|recF	PA0002|PA0003	refseq_adyacencia
dnaN-recF-gyrB	dnaN|recF|gyrB	PA0002|PA0003|PA0004	refseq_adyacencia
dsbH-algQ	dsbH|algQ	PA5256|PA5255	refseq_adyacencia
eddAB	eddA|eddB	PA3910|PA3909	refseq_adyacencia
eraSR	eraS|eraR	PA1979|PA1980	refseq_adyacencia
ercAS	ercA|ercS	PA1991|PA1992	refseq_adyacencia
erdR-dgkA	erdR|dgkA	PA3604|PA3603	refseq_adyacencia
etfA-fabV	etfA|fabV	PA2951|PA2950	refseq_adyacencia
etfBA	etfB|etfA	PA2952|PA2951	refseq_adyacencia
etfBA-fabV	etfB|etfA|fabV	PA2952|PA2951|PA2950	refseq_adyacencia
eutBC	eutB|eutC	PA4024|PA4025	refseq_adyacencia
exaBC	exaB|exaC	PA1983|PA1984	refseq_adyacencia
exaBC-pqqA	exaB|exaC|pqqA	PA1983|PA1984|PA1985	refseq_adyacencia
exaBC-pqqAB	exaB|exaC|pqqA|pqqB	PA1983|PA1984|PA1985|PA1986	refseq_adyacencia
exaBC-pqqABC	exaB|exaC|pqqA|pqqB|pqqC	PA1983|PA1984|PA1985|PA1986|PA1987	refseq_adyacencia
exaBC-pqqABCD	exaB|exaC|pqqA|pqqB|pqqC|pqqD	PA1983|PA1984|PA1985|PA1986|PA1987|PA1988	refseq_adyacencia
exaBC-pqqABCDE	exaB|exaC|pqqA|pqqB|pqqC|pqqD|pqqE	PA1983|PA1984|PA1985|PA1986|PA1987|PA1988|PA1989	refseq_adyacencia
exaBC-pqqABCDEH	exaB|exaC|pqqA|pqqB|pqqC|pqqD|pqqE|pqqH	PA1983|PA1984|PA1985|PA1986|PA1987|PA1988|PA1989|PA1990	refseq_adyacencia
exaBC-pqqABCDEH-ercA	exaB|exaC|pqqA|pqqB|pqqC|pqqD|pqqE|pqqH|ercA	PA1983|PA1984|PA1985|PA1986|PA1987|PA1988|PA1989|PA1990|PA1991	refseq_adyacencia
exaBC-pqqABCDEH-ercAS	exaB|exaC|pqqA|pqqB|pqqC|pqqD|pqqE|pqqH|ercA|ercS	PA1983|PA1984|PA1985|PA1986|PA1987|PA1988|PA1989|PA1990|PA1991|PA1992	refseq_adyacencia
exaC-pqqA	exaC|pqqA	PA1984|PA1985	refseq_adyacencia
exaC-pqqAB	exaC|pqqA|pqqB	PA1984|PA1985|PA1986	refseq_adyacencia
exaC-pqqABC	exaC|pqqA|pqqB|pqqC	PA1984|PA1985|PA1986|PA1987	refseq_adyacencia
exaC-pqqABCD	exaC|pqqA|pqqB|pqqC|pqqD	PA1984|PA1985|PA1986|PA1987|PA1988	refseq_adyacencia
exaC-pqqABCDE	exaC|pqqA|pqqB|pqqC|pqqD|pqqE	PA1984|PA1985|PA1986|PA1987|PA1988|PA1989	refseq_adyacencia
exaC-pqqABCDEH	exaC|pqqA|pqqB|pqqC|pqqD|pqqE|pqqH	PA1984|PA1985|PA1986|PA1987|PA1988|PA1989|PA1990	refseq_adyacencia
exaC-pqqABCDEH-ercA	exaC|pqqA|pqqB|pqqC|pqqD|pqqE|pqqH|ercA	PA1984|PA1985|PA1986|PA1987|PA1988|PA1989|PA1990|PA1991	refseq_adyacencia
exaC-pqqABCDEH-ercAS	exaC|pqqA|pqqB|pqqC|pqqD|pqqE|pqqH|ercA|ercS	PA1984|PA1985|PA1986|PA1987|PA1988|PA1989|PA1990|PA1991|PA1992	refseq_adyacencia
exsAD	exsA|exsD	PA1713|PA1714	refseq_adyacencia
exsAD-pscB	exsA|exsD|pscB	PA1713|PA1714|PA1715	refseq_adyacencia
exsAD-pscBC	exsA|exsD|pscB|pscC	PA1713|PA1714|PA1715|PA1716	refseq_adyacencia
exsAD-pscBCD	exsA|exsD|pscB|pscC|pscD	PA1713|PA1714|PA1715|PA1716|PA1717	refseq_adyacencia
exsAD-pscBCDE	exsA|exsD|pscB|pscC|pscD|pscE	PA1713|PA1714|PA1715|PA1716|PA1717|PA1718	refseq_adyacencia
exsAD-pscBCDEF	exsA|exsD|pscB|pscC|pscD|pscE|pscF	PA1713|PA1714|PA1715|PA1716|PA1717|PA1718|PA1719	refseq_adyacencia
exsAD-pscBCDEFG	exsA|exsD|pscB|pscC|pscD|pscE|pscF|pscG	PA1713|PA1714|PA1715|PA1716|PA1717|PA1718|PA1719|PA1720	refseq_adyacencia
exsAD-pscBCDEFGH	exsA|exsD|pscB|pscC|pscD|pscE|pscF|pscG|pscH	PA1713|PA1714|PA1715|PA1716|PA1717|PA1718|PA1719|PA1720|PA1721	refseq_adyacencia
exsAD-pscBCDEFGHI	exsA|exsD|pscB|pscC|pscD|pscE|pscF|pscG|pscH|pscI	PA1713|PA1714|PA1715|PA1716|PA1717|PA1718|PA1719|PA1720|PA1721|PA1722	refseq_adyacencia
exsAD-pscBCDEFGHIJ	exsA|exsD|pscB|pscC|pscD|pscE|pscF|pscG|pscH|pscI|pscJ	PA1713|PA1714|PA1715|PA1716|PA1717|PA1718|PA1719|PA1720|PA1721|PA1722|PA1723	refseq_adyacencia
exsAD-pscBCDEFGHIJK	exsA|exsD|pscB|pscC|pscD|pscE|pscF|pscG|pscH|pscI|pscJ|pscK	PA1713|PA1714|PA1715|PA1716|PA1717|PA1718|PA1719|PA1720|PA1721|PA1722|PA1723|PA1724	refseq_adyacencia
exsAD-pscBCDEFGHIJKL	exsA|exsD|pscB|pscC|pscD|pscE|pscF|pscG|pscH|pscI|pscJ|pscK|pscL	PA1713|PA1714|PA1715|PA1716|PA1717|PA1718|PA1719|PA1720|PA1721|PA1722|PA1723|PA1724|PA1725	refseq_adyacencia
exsBA	exsB|exsA	PA1712|PA1713	refseq_adyacencia
exsBAD	exsB|exsA|exsD	PA1712|PA1713|PA1714	refseq_adyacencia
exsBAD-pscB	exsB|exsA|exsD|pscB	PA1712|PA1713|PA1714|PA1715	refseq_adyacencia
exsBAD-pscBC	exsB|exsA|exsD|pscB|pscC	PA1712|PA1713|PA1714|PA1715|PA1716	refseq_adyacencia
exsBAD-pscBCD	exsB|exsA|exsD|pscB|pscC|pscD	PA1712|PA1713|PA1714|PA1715|PA1716|PA1717	refseq_adyacencia
exsBAD-pscBCDE	exsB|exsA|exsD|pscB|pscC|pscD|pscE	PA1712|PA1713|PA1714|PA1715|PA1716|PA1717|PA1718	refseq_adyacencia
exsBAD-pscBCDEF	exsB|exsA|exsD|pscB|pscC|pscD|pscE|pscF	PA1712|PA1713|PA1714|PA1715|PA1716|PA1717|PA1718|PA1719	refseq_adyacencia
exsBAD-pscBCDEFG	exsB|exsA|exsD|pscB|pscC|pscD|pscE|pscF|pscG	PA1712|PA1713|PA1714|PA1715|PA1716|PA1717|PA1718|PA1719|PA1720	refseq_adyacencia
exsBAD-pscBCDEFGH	exsB|exsA|exsD|pscB|pscC|pscD|pscE|pscF|pscG|pscH	PA1712|PA1713|PA1714|PA1715|PA1716|PA1717|PA1718|PA1719|PA1720|PA1721	refseq_adyacencia
exsBAD-pscBCDEFGHI	exsB|exsA|exsD|pscB|pscC|pscD|pscE|pscF|pscG|pscH|pscI	PA1712|PA1713|PA1714|PA1715|PA1716|PA1717|PA1718|PA1719|PA1720|PA1721|PA1722	refseq_adyacencia
exsBAD-pscBCDEFGHIJ	exsB|exsA|exsD|pscB|pscC|pscD|pscE|pscF|pscG|pscH|pscI|pscJ	PA1712|PA1713|PA1714|PA1715|PA1716|PA1717|PA1718|PA1719|PA1720|PA1721|PA1722|PA1723	refseq_adyacencia
exsBAD-pscBCDEFGHIJK	exsB|exsA|exsD|pscB|pscC|pscD|pscE|pscF|pscG|pscH|pscI|pscJ|pscK	PA1712|PA1713|PA1714|PA1715|PA1716|PA1717|PA1718|PA1719|PA1720|PA1721|PA1722|PA1723|PA1724	refseq_adyacencia
exsBAD-pscBCDEFGHIJKL	exsB|exsA|exsD|pscB|pscC|pscD|pscE|pscF|pscG|pscH|pscI|pscJ|pscK|pscL	PA1712|PA1713|PA1714|PA1715|PA1716|PA1717|PA1718|PA1719|PA1720|PA1721|PA1722|PA1723|PA1724|PA1725	refseq_adyacencia
exsCE	exsC|exsE	PA1710|PA1711	refseq_adyacencia
exsCEB	exsC|exsE|exsB	PA1710|PA1711|PA1712	refseq_adyacencia
exsCEBA	exsC|exsE|exsB|exsA	PA1710|PA1711|PA1712|PA1713	refseq_adyacencia
exsCEBAD	exsC|exsE|exsB|exsA|exsD	PA1710|PA1711|PA1712|PA1713|PA1714	refseq_adyacencia
exsCEBAD-pscB	exsC|exsE|exsB|exsA|exsD|pscB	PA1710|PA1711|PA1712|PA1713|PA1714|PA1715	refseq_adyacencia
exsCEBAD-pscBC	exsC|exsE|exsB|exsA|exsD|pscB|pscC	PA1710|PA1711|PA1712|PA1713|PA1714|PA1715|PA1716	refseq_adyacencia
exsCEBAD-pscBCD	exsC|exsE|exsB|exsA|exsD|pscB|pscC|pscD	PA1710|PA1711|PA1712|PA1713|PA1714|PA1715|PA1716|PA1717	refseq_adyacencia
exsCEBAD-pscBCDE	exsC|exsE|exsB|exsA|exsD|pscB|pscC|pscD|pscE	PA1710|PA1711|PA1712|PA1713|PA1714|PA1715|PA1716|PA1717|PA1718	refseq_adyacencia
exsCEBAD-pscBCDEF	exsC|exsE|exsB|exsA|exsD|pscB|pscC|pscD|pscE|pscF	PA1710|PA1711|PA1712|PA1713|PA1714|PA1715|PA1716|PA1717|PA1718|PA1719	refseq_adyacencia
exsCEBAD-pscBCDEFG	exsC|exsE|exsB|exsA|exsD|pscB|pscC|pscD|pscE|pscF|pscG	PA1710|PA1711|PA1712|PA1713|PA1714|PA1715|PA1716|PA1717|PA1718|PA1719|PA1720	refseq_adyacencia
exsCEBAD-pscBCDEFGH	exsC|exsE|exsB|exsA|exsD|pscB|pscC|pscD|pscE|pscF|pscG|pscH	PA1710|PA1711|PA1712|PA1713|PA1714|PA1715|PA1716|PA1717|PA1718|PA1719|PA1720|PA1721	refseq_adyacencia
exsCEBAD-pscBCDEFGHI	exsC|exsE|exsB|exsA|exsD|pscB|pscC|pscD|pscE|pscF|pscG|pscH|pscI	PA1710|PA1711|PA1712|PA1713|PA1714|PA1715|PA1716|PA1717|PA1718|PA1719|PA1720|PA1721|PA1722	refseq_adyacencia
exsCEBAD-pscBCDEFGHIJ	exsC|exsE|exsB|exsA|exsD|pscB|pscC|pscD|pscE|pscF|pscG|pscH|pscI|pscJ	PA1710|PA1711|PA1712|PA1713|PA1714|PA1715|PA1716|PA1717|PA1718|PA1719|PA1720|PA1721|PA1722|PA1723	refseq_adyacencia
exsCEBAD-pscBCDEFGHIJK	exsC|exsE|exsB|exsA|exsD|pscB|pscC|pscD|pscE|pscF|pscG|pscH|pscI|pscJ|pscK	PA1710|PA1711|PA1712|PA1713|PA1714|PA1715|PA1716|PA1717|PA1718|PA1719|PA1720|PA1721|PA1722|PA1723|PA1724	refseq_adyacencia
exsCEBAD-pscBCDEFGHIJKL	exsC|exsE|exsB|exsA|exsD|pscB|pscC|pscD|pscE|pscF|pscG|pscH|pscI|pscJ|pscK|pscL	PA1710|PA1711|PA1712|PA1713|PA1714|PA1715|PA1716|PA1717|PA1718|PA1719|PA1720|PA1721|PA1722|PA1723|PA1724|PA1725	refseq_adyacencia
exsD-pscB	exsD|pscB	PA1714|PA1715	refseq_adyacencia
exsD-pscBC	exsD|pscB|pscC	PA1714|PA1715|PA1716	refseq_adyacencia
exsD-pscBCD	exsD|pscB|pscC|pscD	PA1714|PA1715|PA1716|PA1717	refseq_adyacencia
exsD-pscBCDE	exsD|pscB|pscC|pscD|pscE	PA1714|PA1715|PA1716|PA1717|PA1718	refseq_adyacencia
exsD-pscBCDEF	exsD|pscB|pscC|pscD|pscE|pscF	PA1714|PA1715|PA1716|PA1717|PA1718|PA1719	refseq_adyacencia
exsD-pscBCDEFG	exsD|pscB|pscC|pscD|pscE|pscF|pscG	PA1714|PA1715|PA1716|PA1717|PA1718|PA1719|PA1720	refseq_adyacencia
exsD-pscBCDEFGH	exsD|pscB|pscC|pscD|pscE|pscF|pscG|pscH	PA1714|PA1715|PA1716|PA1717|PA1718|PA1719|PA1720|PA1721	refseq_adyacencia
exsD-pscBCDEFGHI	exsD|pscB|pscC|pscD|pscE|pscF|pscG|pscH|pscI	PA1714|PA1715|PA1716|PA1717|PA1718|PA1719|PA1720|PA1721|PA1722	refseq_adyacencia
exsD-pscBCDEFGHIJ	exsD|pscB|pscC|pscD|pscE|pscF|pscG|pscH|pscI|pscJ	PA1714|PA1715|PA1716|PA1717|PA1718|PA1719|PA1720|PA1721|PA1722|PA1723	refseq_adyacencia
exsD-pscBCDEFGHIJK	exsD|pscB|pscC|pscD|pscE|pscF|pscG|pscH|pscI|pscJ|pscK	PA1714|PA1715|PA1716|PA1717|PA1718|PA1719|PA1720|PA1721|PA1722|PA1723|PA1724	refseq_adyacencia
exsD-pscBCDEFGHIJKL	exsD|pscB|pscC|pscD|pscE|pscF|pscG|pscH|pscI|pscJ|pscK|pscL	PA1714|PA1715|PA1716|PA1717|PA1718|PA1719|PA1720|PA1721|PA1722|PA1723|PA1724|PA1725	refseq_adyacencia
exsEB	exsE|exsB	PA1711|PA1712	refseq_adyacencia
exsEBA	exsE|exsB|exsA	PA1711|PA1712|PA1713	refseq_adyacencia
exsEBAD	exsE|exsB|exsA|exsD	PA1711|PA1712|PA1713|PA1714	refseq_adyacencia
exsEBAD-pscB	exsE|exsB|exsA|exsD|pscB	PA1711|PA1712|PA1713|PA1714|PA1715	refseq_adyacencia
exsEBAD-pscBC	exsE|exsB|exsA|exsD|pscB|pscC	PA1711|PA1712|PA1713|PA1714|PA1715|PA1716	refseq_adyacencia
exsEBAD-pscBCD	exsE|exsB|exsA|exsD|pscB|pscC|pscD	PA1711|PA1712|PA1713|PA1714|PA1715|PA1716|PA1717	refseq_adyacencia
exsEBAD-pscBCDE	exsE|exsB|exsA|exsD|pscB|pscC|pscD|pscE	PA1711|PA1712|PA1713|PA1714|PA1715|PA1716|PA1717|PA1718	refseq_adyacencia
exsEBAD-pscBCDEF	exsE|exsB|exsA|exsD|pscB|pscC|pscD|pscE|pscF	PA1711|PA1712|PA1713|PA1714|PA1715|PA1716|PA1717|PA1718|PA1719	refseq_adyacencia
exsEBAD-pscBCDEFG	exsE|exsB|exsA|exsD|pscB|pscC|pscD|pscE|pscF|pscG	PA1711|PA1712|PA1713|PA1714|PA1715|PA1716|PA1717|PA1718|PA1719|PA1720	refseq_adyacencia
exsEBAD-pscBCDEFGH	exsE|exsB|exsA|exsD|pscB|pscC|pscD|pscE|pscF|pscG|pscH	PA1711|PA1712|PA1713|PA1714|PA1715|PA1716|PA1717|PA1718|PA1719|PA1720|PA1721	refseq_adyacencia
exsEBAD-pscBCDEFGHI	exsE|exsB|exsA|exsD|pscB|pscC|pscD|pscE|pscF|pscG|pscH|pscI	PA1711|PA1712|PA1713|PA1714|PA1715|PA1716|PA1717|PA1718|PA1719|PA1720|PA1721|PA1722	refseq_adyacencia
exsEBAD-pscBCDEFGHIJ	exsE|exsB|exsA|exsD|pscB|pscC|pscD|pscE|pscF|pscG|pscH|pscI|pscJ	PA1711|PA1712|PA1713|PA1714|PA1715|PA1716|PA1717|PA1718|PA1719|PA1720|PA1721|PA1722|PA1723	refseq_adyacencia
exsEBAD-pscBCDEFGHIJK	exsE|exsB|exsA|exsD|pscB|pscC|pscD|pscE|pscF|pscG|pscH|pscI|pscJ|pscK	PA1711|PA1712|PA1713|PA1714|PA1715|PA1716|PA1717|PA1718|PA1719|PA1720|PA1721|PA1722|PA1723|PA1724	refseq_adyacencia
exsEBAD-pscBCDEFGHIJKL	exsE|exsB|exsA|exsD|pscB|pscC|pscD|pscE|pscF|pscG|pscH|pscI|pscJ|pscK|pscL	PA1711|PA1712|PA1713|PA1714|PA1715|PA1716|PA1717|PA1718|PA1719|PA1720|PA1721|PA1722|PA1723|PA1724|PA1725	refseq_adyacencia
fabAB	fabA|fabB	PA1610|PA1609	refseq_adyacencia
fabDG	fabD|fabG	PA2968|PA2967	refseq_adyacencia
fabDG-acpP	fabD|fabG|acpP	PA2968|PA2967|PA2966	refseq_adyacencia
fabG-acpP	fabG|acpP	PA2967|PA2966	refseq_adyacencia
fabZ-lpxA	fabZ|lpxA	PA3645|PA3644	refseq_adyacencia
fabZ-lpxAB	fabZ|lpxA|lpxB	PA3645|PA3644|PA3643	refseq_adyacencia
fabZ-lpxAB-rnhB	fabZ|lpxA|lpxB|rnhB	PA3645|PA3644|PA3643|PA3642	refseq_adyacencia
fahA-maiA	fahA|maiA	PA2008|PA2007	refseq_adyacencia
faoA-foaB	faoA|foaB	PA3014|PA3013	refseq_adyacencia
fapAB	fapA|fapB	PA1956|PA1955	refseq_adyacencia
fapABC	fapA|fapB|fapC	PA1956|PA1955|PA1954	refseq_adyacencia
fapABCD	fapA|fapB|fapC|fapD	PA1956|PA1955|PA1954|PA1953	refseq_adyacencia
fapABCDE	fapA|fapB|fapC|fapD|fapE	PA1956|PA1955|PA1954|PA1953|PA1952	refseq_adyacencia
fapABCDEF	fapA|fapB|fapC|fapD|fapE|fapF	PA1956|PA1955|PA1954|PA1953|PA1952|PA1951	refseq_adyacencia
fapBC	fapB|fapC	PA1955|PA1954	refseq_adyacencia
fapBCD	fapB|fapC|fapD	PA1955|PA1954|PA1953	refseq_adyacencia
fapBCDE	fapB|fapC|fapD|fapE	PA1955|PA1954|PA1953|PA1952	refseq_adyacencia
fapBCDEF	fapB|fapC|fapD|fapE|fapF	PA1955|PA1954|PA1953|PA1952|PA1951	refseq_adyacencia
fapCD	fapC|fapD	PA1954|PA1953	refseq_adyacencia
fapCDE	fapC|fapD|fapE	PA1954|PA1953|PA1952	refseq_adyacencia
fapCDEF	fapC|fapD|fapE|fapF	PA1954|PA1953|PA1952|PA1951	refseq_adyacencia
fapDE	fapD|fapE	PA1953|PA1952	refseq_adyacencia
fapDEF	fapD|fapE|fapF	PA1953|PA1952|PA1951	refseq_adyacencia
fapEF	fapE|fapF	PA1952|PA1951	refseq_adyacencia
fdhE-selA	fdhE|selA	PA4809|PA4808	refseq_adyacencia
fdhE-selAB	fdhE|selA|selB	PA4809|PA4808|PA4807	refseq_adyacencia
fdnGH	fdnG|fdnH	PA4812|PA4811	refseq_adyacencia
fdnGHI	fdnG|fdnH|fdnI	PA4812|PA4811|PA4810	refseq_adyacencia
fdnGHI-fdhE	fdnG|fdnH|fdnI|fdhE	PA4812|PA4811|PA4810|PA4809	refseq_adyacencia
fdnGHI-fdhE-selA	fdnG|fdnH|fdnI|fdhE|selA	PA4812|PA4811|PA4810|PA4809|PA4808	refseq_adyacencia
fdnGHI-fdhE-selAB	fdnG|fdnH|fdnI|fdhE|selA|selB	PA4812|PA4811|PA4810|PA4809|PA4808|PA4807	refseq_adyacencia
fdnHI	fdnH|fdnI	PA4811|PA4810	refseq_adyacencia
fdnHI-fdhE	fdnH|fdnI|fdhE	PA4811|PA4810|PA4809	refseq_adyacencia
fdnHI-fdhE-selA	fdnH|fdnI|fdhE|selA	PA4811|PA4810|PA4809|PA4808	refseq_adyacencia
fdnHI-fdhE-selAB	fdnH|fdnI|fdhE|selA|selB	PA4811|PA4810|PA4809|PA4808|PA4807	refseq_adyacencia
fdnI-fdhE	fdnI|fdhE	PA4810|PA4809	refseq_adyacencia
fdnI-fdhE-selA	fdnI|fdhE|selA	PA4810|PA4809|PA4808	refseq_adyacencia
fdnI-fdhE-selAB	fdnI|fdhE|selA|selB	PA4810|PA4809|PA4808|PA4807	refseq_adyacencia
femIR	femI|femR	PA1912|PA1911	refseq_adyacencia
femIRA	femI|femR|femA	PA1912|PA1911|PA1910	refseq_adyacencia
femRA	femR|femA	PA1911|PA1910	refseq_adyacencia
fepBD	fepB|fepD	PA4159|PA4160	refseq_adyacencia
fepBDG	fepB|fepD|fepG	PA4159|PA4160|PA4161	refseq_adyacencia
fepDG	fepD|fepG	PA4160|PA4161	refseq_adyacencia
fgtA-fliC	fgtA|fliC	PA1091|PA1092	refseq_adyacencia
fimL-nudC	fimL|nudC	PA1822|PA1823	refseq_adyacencia
fimTU	fimT|fimU	PA4549|PA4550	refseq_adyacencia
fimTU-pilV	fimT|fimU|pilV	PA4549|PA4550|PA4551	refseq_adyacencia
fimTU-pilVW	fimT|fimU|pilV|pilW	PA4549|PA4550|PA4551|PA4552	refseq_adyacencia
fimTU-pilVWX	fimT|fimU|pilV|pilW|pilX	PA4549|PA4550|PA4551|PA4552|PA4553	refseq_adyacencia
fimU-pilV	fimU|pilV	PA4550|PA4551	refseq_adyacencia
fimU-pilVW	fimU|pilV|pilW	PA4550|PA4551|PA4552	refseq_adyacencia
fimU-pilVWX	fimU|pilV|pilW|pilX	PA4550|PA4551|PA4552|PA4553	refseq_adyacencia
fimV-truA	fimV|truA	PA3115|PA3114	refseq_adyacencia
fimV-truA-trpF	fimV|truA|trpF	PA3115|PA3114|PA3113	refseq_adyacencia
fimV-truA-trpF-accD	fimV|truA|trpF|accD	PA3115|PA3114|PA3113|PA3112	refseq_adyacencia
fimV-truA-trpF-accD-folC	fimV|truA|trpF|accD|folC	PA3115|PA3114|PA3113|PA3112|PA3111	refseq_adyacencia
fimWX	fimW|fimX	PA4958|PA4959	refseq_adyacencia
flcBA	flcB|flcA	PA3516|PA3515	refseq_adyacencia
flcCB	flcC|flcB	PA3517|PA3516	refseq_adyacencia
flcCBA	flcC|flcB|flcA	PA3517|PA3516|PA3515	refseq_adyacencia
flcDC	flcD|flcC	PA3518|PA3517	refseq_adyacencia
flcDCB	flcD|flcC|flcB	PA3518|PA3517|PA3516	refseq_adyacencia
flcDCBA	flcD|flcC|flcB|flcA	PA3518|PA3517|PA3516|PA3515	refseq_adyacencia
flcED	flcE|flcD	PA3519|PA3518	refseq_adyacencia
flcEDC	flcE|flcD|flcC	PA3519|PA3518|PA3517	refseq_adyacencia
flcEDCB	flcE|flcD|flcC|flcB	PA3519|PA3518|PA3517|PA3516	refseq_adyacencia
flcEDCBA	flcE|flcD|flcC|flcB|flcA	PA3519|PA3518|PA3517|PA3516|PA3515	refseq_adyacencia
fleN-fliA	fleN|fliA	PA1454|PA1455	refseq_adyacencia
fleN-fliA-cheY	fleN|fliA|cheY	PA1454|PA1455|PA1456	refseq_adyacencia
fleN-fliA-cheYZ	fleN|fliA|cheY|cheZ	PA1454|PA1455|PA1456|PA1457	refseq_adyacencia
fleQS	fleQ|fleS	PA1097|PA1098	refseq_adyacencia
fleQSR	fleQ|fleS|fleR	PA1097|PA1098|PA1099	refseq_adyacencia
fleQSR-fliE	fleQ|fleS|fleR|fliE	PA1097|PA1098|PA1099|PA1100	refseq_adyacencia
fleQSR-fliEF	fleQ|fleS|fleR|fliE|fliF	PA1097|PA1098|PA1099|PA1100|PA1101	refseq_adyacencia
fleQSR-fliEFG	fleQ|fleS|fleR|fliE|fliF|fliG	PA1097|PA1098|PA1099|PA1100|PA1101|PA1102	refseq_adyacencia
fleR-fliE	fleR|fliE	PA1099|PA1100	refseq_adyacencia
fleR-fliEF	fleR|fliE|fliF	PA1099|PA1100|PA1101	refseq_adyacencia
fleR-fliEFG	fleR|fliE|fliF|fliG	PA1099|PA1100|PA1101|PA1102	refseq_adyacencia
fleSR	fleS|fleR	PA1098|PA1099	refseq_adyacencia
fleSR-fliE	fleS|fleR|fliE	PA1098|PA1099|PA1100	refseq_adyacencia
fleSR-fliEF	fleS|fleR|fliE|fliF	PA1098|PA1099|PA1100|PA1101	refseq_adyacencia
fleSR-fliEFG	fleS|fleR|fliE|fliF|fliG	PA1098|PA1099|PA1100|PA1101|PA1102	refseq_adyacencia
flgBC	flgB|flgC	PA1077|PA1078	refseq_adyacencia
flgBCD	flgB|flgC|flgD	PA1077|PA1078|PA1079	refseq_adyacencia
flgBCDE	flgB|flgC|flgD|flgE	PA1077|PA1078|PA1079|PA1080	refseq_adyacencia
flgBCDEF	flgB|flgC|flgD|flgE|flgF	PA1077|PA1078|PA1079|PA1080|PA1081	refseq_adyacencia
flgBCDEFG	flgB|flgC|flgD|flgE|flgF|flgG	PA1077|PA1078|PA1079|PA1080|PA1081|PA1082	refseq_adyacencia
flgBCDEFGH	flgB|flgC|flgD|flgE|flgF|flgG|flgH	PA1077|PA1078|PA1079|PA1080|PA1081|PA1082|PA1083	refseq_adyacencia
flgBCDEFGHI	flgB|flgC|flgD|flgE|flgF|flgG|flgH|flgI	PA1077|PA1078|PA1079|PA1080|PA1081|PA1082|PA1083|PA1084	refseq_adyacencia
flgBCDEFGHIJ	flgB|flgC|flgD|flgE|flgF|flgG|flgH|flgI|flgJ	PA1077|PA1078|PA1079|PA1080|PA1081|PA1082|PA1083|PA1084|PA1085	refseq_adyacencia
flgBCDEFGHIJK	flgB|flgC|flgD|flgE|flgF|flgG|flgH|flgI|flgJ|flgK	PA1077|PA1078|PA1079|PA1080|PA1081|PA1082|PA1083|PA1084|PA1085|PA1086	refseq_adyacencia
flgBCDEFGHIJKL	flgB|flgC|flgD|flgE|flgF|flgG|flgH|flgI|flgJ|flgK|flgL	PA1077|PA1078|PA1079|PA1080|PA1081|PA1082|PA1083|PA1084|PA1085|PA1086|PA1087	refseq_adyacencia
flgCD	flgC|flgD	PA1078|PA1079	refseq_adyacencia
flgCDE	flgC|flgD|flgE	PA1078|PA1079|PA1080	refseq_adyacencia
flgCDEF	flgC|flgD|flgE|flgF	PA1078|PA1079|PA1080|PA1081	refseq_adyacencia
flgCDEFG	flgC|flgD|flgE|flgF|flgG	PA1078|PA1079|PA1080|PA1081|PA1082	refseq_adyacencia
flgCDEFGH	flgC|flgD|flgE|flgF|flgG|flgH	PA1078|PA1079|PA1080|PA1081|PA1082|PA1083	refseq_adyacencia
flgCDEFGHI	flgC|flgD|flgE|flgF|flgG|flgH|flgI	PA1078|PA1079|PA1080|PA1081|PA1082|PA1083|PA1084	refseq_adyacencia
flgCDEFGHIJ	flgC|flgD|flgE|flgF|flgG|flgH|flgI|flgJ	PA1078|PA1079|PA1080|PA1081|PA1082|PA1083|PA1084|PA1085	refseq_adyacencia
flgCDEFGHIJK	flgC|flgD|flgE|flgF|flgG|flgH|flgI|flgJ|flgK	PA1078|PA1079|PA1080|PA1081|PA1082|PA1083|PA1084|PA1085|PA1086	refseq_adyacencia
flgCDEFGHIJKL	flgC|flgD|flgE|flgF|flgG|flgH|flgI|flgJ|flgK|flgL	PA1078|PA1079|PA1080|PA1081|PA1082|PA1083|PA1084|PA1085|PA1086|PA1087	refseq_adyacencia
flgDE	flgD|flgE	PA1079|PA1080	refseq_adyacencia
flgDEF	flgD|flgE|flgF	PA1079|PA1080|PA1081	refseq_adyacencia
flgDEFG	flgD|flgE|flgF|flgG	PA1079|PA1080|PA1081|PA1082	refseq_adyacencia
flgDEFGH	flgD|flgE|flgF|flgG|flgH	PA1079|PA1080|PA1081|PA1082|PA1083	refseq_adyacencia
flgDEFGHI	flgD|flgE|flgF|flgG|flgH|flgI	PA1079|PA1080|PA1081|PA1082|PA1083|PA1084	refseq_adyacencia
flgDEFGHIJ	flgD|flgE|flgF|flgG|flgH|flgI|flgJ	PA1079|PA1080|PA1081|PA1082|PA1083|PA1084|PA1085	refseq_adyacencia
flgDEFGHIJK	flgD|flgE|flgF|flgG|flgH|flgI|flgJ|flgK	PA1079|PA1080|PA1081|PA1082|PA1083|PA1084|PA1085|PA1086	refseq_adyacencia
flgDEFGHIJKL	flgD|flgE|flgF|flgG|flgH|flgI|flgJ|flgK|flgL	PA1079|PA1080|PA1081|PA1082|PA1083|PA1084|PA1085|PA1086|PA1087	refseq_adyacencia
flgEF	flgE|flgF	PA1080|PA1081	refseq_adyacencia
flgEFG	flgE|flgF|flgG	PA1080|PA1081|PA1082	refseq_adyacencia
flgEFGH	flgE|flgF|flgG|flgH	PA1080|PA1081|PA1082|PA1083	refseq_adyacencia
flgEFGHI	flgE|flgF|flgG|flgH|flgI	PA1080|PA1081|PA1082|PA1083|PA1084	refseq_adyacencia
flgEFGHIJ	flgE|flgF|flgG|flgH|flgI|flgJ	PA1080|PA1081|PA1082|PA1083|PA1084|PA1085	refseq_adyacencia
flgEFGHIJK	flgE|flgF|flgG|flgH|flgI|flgJ|flgK	PA1080|PA1081|PA1082|PA1083|PA1084|PA1085|PA1086	refseq_adyacencia
flgEFGHIJKL	flgE|flgF|flgG|flgH|flgI|flgJ|flgK|flgL	PA1080|PA1081|PA1082|PA1083|PA1084|PA1085|PA1086|PA1087	refseq_adyacencia
flgFG	flgF|flgG	PA1081|PA1082	refseq_adyacencia
flgFGH	flgF|flgG|flgH	PA1081|PA1082|PA1083	refseq_adyacencia
flgFGHI	flgF|flgG|flgH|flgI	PA1081|PA1082|PA1083|PA1084	refseq_adyacencia
flgFGHIJ	flgF|flgG|flgH|flgI|flgJ	PA1081|PA1082|PA1083|PA1084|PA1085	refseq_adyacencia
flgFGHIJK	flgF|flgG|flgH|flgI|flgJ|flgK	PA1081|PA1082|PA1083|PA1084|PA1085|PA1086	refseq_adyacencia
flgFGHIJKL	flgF|flgG|flgH|flgI|flgJ|flgK|flgL	PA1081|PA1082|PA1083|PA1084|PA1085|PA1086|PA1087	refseq_adyacencia
flgGH	flgG|flgH	PA1082|PA1083	refseq_adyacencia
flgGHI	flgG|flgH|flgI	PA1082|PA1083|PA1084	refseq_adyacencia
flgGHIJ	flgG|flgH|flgI|flgJ	PA1082|PA1083|PA1084|PA1085	refseq_adyacencia
flgGHIJK	flgG|flgH|flgI|flgJ|flgK	PA1082|PA1083|PA1084|PA1085|PA1086	refseq_adyacencia
flgGHIJKL	flgG|flgH|flgI|flgJ|flgK|flgL	PA1082|PA1083|PA1084|PA1085|PA1086|PA1087	refseq_adyacencia
flgHI	flgH|flgI	PA1083|PA1084	refseq_adyacencia
flgHIJ	flgH|flgI|flgJ	PA1083|PA1084|PA1085	refseq_adyacencia
flgHIJK	flgH|flgI|flgJ|flgK	PA1083|PA1084|PA1085|PA1086	refseq_adyacencia
flgHIJKL	flgH|flgI|flgJ|flgK|flgL	PA1083|PA1084|PA1085|PA1086|PA1087	refseq_adyacencia
flgIJ	flgI|flgJ	PA1084|PA1085	refseq_adyacencia
flgIJK	flgI|flgJ|flgK	PA1084|PA1085|PA1086	refseq_adyacencia
flgIJKL	flgI|flgJ|flgK|flgL	PA1084|PA1085|PA1086|PA1087	refseq_adyacencia
flgJK	flgJ|flgK	PA1085|PA1086	refseq_adyacencia
flgJKL	flgJ|flgK|flgL	PA1085|PA1086|PA1087	refseq_adyacencia
flgKL	flgK|flgL	PA1086|PA1087	refseq_adyacencia
flhAF	flhA|flhF	PA1452|PA1453	refseq_adyacencia
flhAF-fleN	flhA|flhF|fleN	PA1452|PA1453|PA1454	refseq_adyacencia
flhAF-fleN-fliA	flhA|flhF|fleN|fliA	PA1452|PA1453|PA1454|PA1455	refseq_adyacencia
flhAF-fleN-fliA-cheY	flhA|flhF|fleN|fliA|cheY	PA1452|PA1453|PA1454|PA1455|PA1456	refseq_adyacencia
flhAF-fleN-fliA-cheYZ	flhA|flhF|fleN|fliA|cheY|cheZ	PA1452|PA1453|PA1454|PA1455|PA1456|PA1457	refseq_adyacencia
flhF-fleN	flhF|fleN	PA1453|PA1454	refseq_adyacencia
flhF-fleN-fliA	flhF|fleN|fliA	PA1453|PA1454|PA1455	refseq_adyacencia
flhF-fleN-fliA-cheY	flhF|fleN|fliA|cheY	PA1453|PA1454|PA1455|PA1456	refseq_adyacencia
flhF-fleN-fliA-cheYZ	flhF|fleN|fliA|cheY|cheZ	PA1453|PA1454|PA1455|PA1456|PA1457	refseq_adyacencia
fliA-cheY	fliA|cheY	PA1455|PA1456	refseq_adyacencia
fliA-cheYZ	fliA|cheY|cheZ	PA1455|PA1456|PA1457	refseq_adyacencia
fliDS	fliD|fliS	PA1094|PA1095	refseq_adyacencia
fliEF	fliE|fliF	PA1100|PA1101	refseq_adyacencia
fliEFG	fliE|fliF|fliG	PA1100|PA1101|PA1102	refseq_adyacencia
fliFG	fliF|fliG	PA1101|PA1102	refseq_adyacencia
fliIJ	fliI|fliJ	PA1104|PA1105	refseq_adyacencia
fliMN	fliM|fliN	PA1443|PA1444	refseq_adyacencia
fliMNO	fliM|fliN|fliO	PA1443|PA1444|PA1445	refseq_adyacencia
fliMNOP	fliM|fliN|fliO|fliP	PA1443|PA1444|PA1445|PA1446	refseq_adyacencia
fliMNOPQ	fliM|fliN|fliO|fliP|fliQ	PA1443|PA1444|PA1445|PA1446|PA1447	refseq_adyacencia
fliMNOPQR	fliM|fliN|fliO|fliP|fliQ|fliR	PA1443|PA1444|PA1445|PA1446|PA1447|PA1448	refseq_adyacencia
fliMNOPQR-flhB	fliM|fliN|fliO|fliP|fliQ|fliR|flhB	PA1443|PA1444|PA1445|PA1446|PA1447|PA1448|PA1449	refseq_adyacencia
fliNO	fliN|fliO	PA1444|PA1445	refseq_adyacencia
fliNOP	fliN|fliO|fliP	PA1444|PA1445|PA1446	refseq_adyacencia
fliNOPQ	fliN|fliO|fliP|fliQ	PA1444|PA1445|PA1446|PA1447	refseq_adyacencia
fliNOPQR	fliN|fliO|fliP|fliQ|fliR	PA1444|PA1445|PA1446|PA1447|PA1448	refseq_adyacencia
fliNOPQR-flhB	fliN|fliO|fliP|fliQ|fliR|flhB	PA1444|PA1445|PA1446|PA1447|PA1448|PA1449	refseq_adyacencia
fliOP	fliO|fliP	PA1445|PA1446	refseq_adyacencia
fliOPQ	fliO|fliP|fliQ	PA1445|PA1446|PA1447	refseq_adyacencia
fliOPQR	fliO|fliP|fliQ|fliR	PA1445|PA1446|PA1447|PA1448	refseq_adyacencia
fliOPQR-flhB	fliO|fliP|fliQ|fliR|flhB	PA1445|PA1446|PA1447|PA1448|PA1449	refseq_adyacencia
fliPQ	fliP|fliQ	PA1446|PA1447	refseq_adyacencia
fliPQR	fliP|fliQ|fliR	PA1446|PA1447|PA1448	refseq_adyacencia
fliPQR-flhB	fliP|fliQ|fliR|flhB	PA1446|PA1447|PA1448|PA1449	refseq_adyacencia
fliQR	fliQ|fliR	PA1447|PA1448	refseq_adyacencia
fliQR-flhB	fliQ|fliR|flhB	PA1447|PA1448|PA1449	refseq_adyacencia
fliR-flhB	fliR|flhB	PA1448|PA1449	refseq_adyacencia
folK-panB	folK|panB	PA4728|PA4729	refseq_adyacencia
folK-panBC	folK|panB|panC	PA4728|PA4729|PA4730	refseq_adyacencia
folK-panBCD	folK|panB|panC|panD	PA4728|PA4729|PA4730|PA4731	refseq_adyacencia
folP-glmM	folP|glmM	PA4750|PA4749	refseq_adyacencia
folP-glmM-tpiA	folP|glmM|tpiA	PA4750|PA4749|PA4748	refseq_adyacencia
folP-glmM-tpiA-secG	folP|glmM|tpiA|secG	PA4750|PA4749|PA4748|PA4747	refseq_adyacencia
foxIR	foxI|foxR	PA2468|PA2467	refseq_adyacencia
foxIRA	foxI|foxR|foxA	PA2468|PA2467|PA2466	refseq_adyacencia
foxRA	foxR|foxA	PA2467|PA2466	refseq_adyacencia
fppA-pprB	fppA|pprB	PA4295|PA4296	refseq_adyacencia
fptAB	fptA|fptB	PA4221|PA4220	refseq_adyacencia
fpvI-pvdA	fpvI|pvdA	PA2387|PA2386	refseq_adyacencia
fpvI-pvdAQ	fpvI|pvdA|pvdQ	PA2387|PA2386|PA2385	refseq_adyacencia
fpvR-pvdR	fpvR|pvdR	PA2388|PA2389	refseq_adyacencia
fpvR-pvdRT	fpvR|pvdR|pvdT	PA2388|PA2389|PA2390	refseq_adyacencia
fpvR-pvdRT-opmQ	fpvR|pvdR|pvdT|opmQ	PA2388|PA2389|PA2390|PA2391	refseq_adyacencia
fruIK	fruI|fruK	PA3562|PA3561	refseq_adyacencia
fruIKA	fruI|fruK|fruA	PA3562|PA3561|PA3560	refseq_adyacencia
fruKA	fruK|fruA	PA3561|PA3560	refseq_adyacencia
ftsAZ	ftsA|ftsZ	PA4408|PA4407	refseq_adyacencia
ftsB-ygbP	ftsB|ygbP	PA3634|PA3633	refseq_adyacencia
ftsEX	ftsE|ftsX	PA0374|PA0375	refseq_adyacencia
ftsEX-rpoH	ftsE|ftsX|rpoH	PA0374|PA0375|PA0376	refseq_adyacencia
ftsH-folP	ftsH|folP	PA4751|PA4750	refseq_adyacencia
ftsH-folP-glmM	ftsH|folP|glmM	PA4751|PA4750|PA4749	refseq_adyacencia
ftsH-folP-glmM-tpiA	ftsH|folP|glmM|tpiA	PA4751|PA4750|PA4749|PA4748	refseq_adyacencia
ftsH-folP-glmM-tpiA-secG	ftsH|folP|glmM|tpiA|secG	PA4751|PA4750|PA4749|PA4748|PA4747	refseq_adyacencia
ftsI-murE	ftsI|murE	PA4418|PA4417	refseq_adyacencia
ftsI-murEF	ftsI|murE|murF	PA4418|PA4417|PA4416	refseq_adyacencia
ftsI-murEF-mraY	ftsI|murE|murF|mraY	PA4418|PA4417|PA4416|PA4415	refseq_adyacencia
ftsI-murEF-mraY-murD	ftsI|murE|murF|mraY|murD	PA4418|PA4417|PA4416|PA4415|PA4414	refseq_adyacencia
ftsI-murEF-mraY-murD-ftsW	ftsI|murE|murF|mraY|murD|ftsW	PA4418|PA4417|PA4416|PA4415|PA4414|PA4413	refseq_adyacencia
ftsI-murEF-mraY-murD-ftsW-murG	ftsI|murE|murF|mraY|murD|ftsW|murG	PA4418|PA4417|PA4416|PA4415|PA4414|PA4413|PA4412	refseq_adyacencia
ftsI-murEF-mraY-murD-ftsW-murGC	ftsI|murE|murF|mraY|murD|ftsW|murG|murC	PA4418|PA4417|PA4416|PA4415|PA4414|PA4413|PA4412|PA4411	refseq_adyacencia
ftsI-murEF-mraY-murD-ftsW-murGC-ddlB	ftsI|murE|murF|mraY|murD|ftsW|murG|murC|ddlB	PA4418|PA4417|PA4416|PA4415|PA4414|PA4413|PA4412|PA4411|PA4410	refseq_adyacencia
ftsI-murEF-mraY-murD-ftsW-murGC-ddlB-ftsQ	ftsI|murE|murF|mraY|murD|ftsW|murG|murC|ddlB|ftsQ	PA4418|PA4417|PA4416|PA4415|PA4414|PA4413|PA4412|PA4411|PA4410|PA4409	refseq_adyacencia
ftsI-murEF-mraY-murD-ftsW-murGC-ddlB-ftsQA	ftsI|murE|murF|mraY|murD|ftsW|murG|murC|ddlB|ftsQ|ftsA	PA4418|PA4417|PA4416|PA4415|PA4414|PA4413|PA4412|PA4411|PA4410|PA4409|PA4408	refseq_adyacencia
ftsI-murEF-mraY-murD-ftsW-murGC-ddlB-ftsQAZ	ftsI|murE|murF|mraY|murD|ftsW|murG|murC|ddlB|ftsQ|ftsA|ftsZ	PA4418|PA4417|PA4416|PA4415|PA4414|PA4413|PA4412|PA4411|PA4410|PA4409|PA4408|PA4407	refseq_adyacencia
ftsJH	ftsJ|ftsH	PA4752|PA4751	refseq_adyacencia
ftsJH-folP	ftsJ|ftsH|folP	PA4752|PA4751|PA4750	refseq_adyacencia
ftsJH-folP-glmM	ftsJ|ftsH|folP|glmM	PA4752|PA4751|PA4750|PA4749	refseq_adyacencia
ftsJH-folP-glmM-tpiA	ftsJ|ftsH|folP|glmM|tpiA	PA4752|PA4751|PA4750|PA4749|PA4748	refseq_adyacencia
ftsJH-folP-glmM-tpiA-secG	ftsJ|ftsH|folP|glmM|tpiA|secG	PA4752|PA4751|PA4750|PA4749|PA4748|PA4747	refseq_adyacencia
ftsK-lolA	ftsK|lolA	PA2615|PA2614	refseq_adyacencia
ftsLI	ftsL|ftsI	PA4419|PA4418	refseq_adyacencia
ftsLI-murE	ftsL|ftsI|murE	PA4419|PA4418|PA4417	refseq_adyacencia
ftsLI-murEF	ftsL|ftsI|murE|murF	PA4419|PA4418|PA4417|PA4416	refseq_adyacencia
ftsLI-murEF-mraY	ftsL|ftsI|murE|murF|mraY	PA4419|PA4418|PA4417|PA4416|PA4415	refseq_adyacencia
ftsLI-murEF-mraY-murD	ftsL|ftsI|murE|murF|mraY|murD	PA4419|PA4418|PA4417|PA4416|PA4415|PA4414	refseq_adyacencia
ftsLI-murEF-mraY-murD-ftsW	ftsL|ftsI|murE|murF|mraY|murD|ftsW	PA4419|PA4418|PA4417|PA4416|PA4415|PA4414|PA4413	refseq_adyacencia
ftsLI-murEF-mraY-murD-ftsW-murG	ftsL|ftsI|murE|murF|mraY|murD|ftsW|murG	PA4419|PA4418|PA4417|PA4416|PA4415|PA4414|PA4413|PA4412	refseq_adyacencia
ftsLI-murEF-mraY-murD-ftsW-murGC	ftsL|ftsI|murE|murF|mraY|murD|ftsW|murG|murC	PA4419|PA4418|PA4417|PA4416|PA4415|PA4414|PA4413|PA4412|PA4411	refseq_adyacencia
ftsLI-murEF-mraY-murD-ftsW-murGC-ddlB	ftsL|ftsI|murE|murF|mraY|murD|ftsW|murG|murC|ddlB	PA4419|PA4418|PA4417|PA4416|PA4415|PA4414|PA4413|PA4412|PA4411|PA4410	refseq_adyacencia
ftsLI-murEF-mraY-murD-ftsW-murGC-ddlB-ftsQ	ftsL|ftsI|murE|murF|mraY|murD|ftsW|murG|murC|ddlB|ftsQ	PA4419|PA4418|PA4417|PA4416|PA4415|PA4414|PA4413|PA4412|PA4411|PA4410|PA4409	refseq_adyacencia
ftsLI-murEF-mraY-murD-ftsW-murGC-ddlB-ftsQA	ftsL|ftsI|murE|murF|mraY|murD|ftsW|murG|murC|ddlB|ftsQ|ftsA	PA4419|PA4418|PA4417|PA4416|PA4415|PA4414|PA4413|PA4412|PA4411|PA4410|PA4409|PA4408	refseq_adyacencia
ftsLI-murEF-mraY-murD-ftsW-murGC-ddlB-ftsQAZ	ftsL|ftsI|murE|murF|mraY|murD|ftsW|murG|murC|ddlB|ftsQ|ftsA|ftsZ	PA4419|PA4418|PA4417|PA4416|PA4415|PA4414|PA4413|PA4412|PA4411|PA4410|PA4409|PA4408|PA4407	refseq_adyacencia
ftsQA	ftsQ|ftsA	PA4409|PA4408	refseq_adyacencia
ftsQAZ	ftsQ|ftsA|ftsZ	PA4409|PA4408|PA4407	refseq_adyacencia
ftsW-murG	ftsW|murG	PA4413|PA4412	refseq_adyacencia
ftsW-murGC	ftsW|murG|murC	PA4413|PA4412|PA4411	refseq_adyacencia
ftsW-murGC-ddlB	ftsW|murG|murC|ddlB	PA4413|PA4412|PA4411|PA4410	refseq_adyacencia
ftsW-murGC-ddlB-ftsQ	ftsW|murG|murC|ddlB|ftsQ	PA4413|PA4412|PA4411|PA4410|PA4409	refseq_adyacencia
ftsW-murGC-ddlB-ftsQA	ftsW|murG|murC|ddlB|ftsQ|ftsA	PA4413|PA4412|PA4411|PA4410|PA4409|PA4408	refseq_adyacencia
ftsW-murGC-ddlB-ftsQAZ	ftsW|murG|murC|ddlB|ftsQ|ftsA|ftsZ	PA4413|PA4412|PA4411|PA4410|PA4409|PA4408|PA4407	refseq_adyacencia
ftsX-rpoH	ftsX|rpoH	PA0375|PA0376	refseq_adyacencia
ftsYE	ftsY|ftsE	PA0373|PA0374	refseq_adyacencia
ftsYEX	ftsY|ftsE|ftsX	PA0373|PA0374|PA0375	refseq_adyacencia
ftsYEX-rpoH	ftsY|ftsE|ftsX|rpoH	PA0373|PA0374|PA0375|PA0376	refseq_adyacencia
gabD-davT	gabD|davT	PA0265|PA0266	refseq_adyacencia
gacA-uvrC	gacA|uvrC	PA2586|PA2585	refseq_adyacencia
gacA-uvrC-pgsA	gacA|uvrC|pgsA	PA2586|PA2585|PA2584	refseq_adyacencia
gacS-ldhA	gacS|ldhA	PA0928|PA0927	refseq_adyacencia
gatAB	gatA|gatB	PA4483|PA4484	refseq_adyacencia
gatAB-rlpA	gatA|gatB|rlpA	PA4483|PA4484|PA4485	refseq_adyacencia
gatB-rlpA	gatB|rlpA	PA4484|PA4485	refseq_adyacencia
gatCA	gatC|gatA	PA4482|PA4483	refseq_adyacencia
gatCAB	gatC|gatA|gatB	PA4482|PA4483|PA4484	refseq_adyacencia
gatCAB-rlpA	gatC|gatA|gatB|rlpA	PA4482|PA4483|PA4484|PA4485	refseq_adyacencia
gcpE-hisS	gcpE|hisS	PA3803|PA3802	refseq_adyacencia
gidAB	gidA|gidB	PA5565|PA5564	refseq_adyacencia
glcC-ubiC	glcC|ubiC	PA5356|PA5357	refseq_adyacencia
glcC-ubiCA	glcC|ubiC|ubiA	PA5356|PA5357|PA5358	refseq_adyacencia
glcDE	glcD|glcE	PA5355|PA5354	refseq_adyacencia
glcDEF	glcD|glcE|glcF	PA5355|PA5354|PA5353	refseq_adyacencia
glcEF	glcE|glcF	PA5354|PA5353	refseq_adyacencia
glmM-tpiA	glmM|tpiA	PA4749|PA4748	refseq_adyacencia
glmM-tpiA-secG	glmM|tpiA|secG	PA4749|PA4748|PA4747	refseq_adyacencia
glmRS	glmR|glmS	PA5550|PA5549	refseq_adyacencia
glnE-ilvE	glnE|ilvE	PA5014|PA5013	refseq_adyacencia
glnE-ilvE-waaF	glnE|ilvE|waaF	PA5014|PA5013|PA5012	refseq_adyacencia
glnE-ilvE-waaFC	glnE|ilvE|waaF|waaC	PA5014|PA5013|PA5012|PA5011	refseq_adyacencia
glnE-ilvE-waaFCG	glnE|ilvE|waaF|waaC|waaG	PA5014|PA5013|PA5012|PA5011|PA5010	refseq_adyacencia
glnE-ilvE-waaFCGP	glnE|ilvE|waaF|waaC|waaG|waaP	PA5014|PA5013|PA5012|PA5011|PA5010|PA5009	refseq_adyacencia
glnK-amtB	glnK|amtB	PA5288|PA5287	refseq_adyacencia
glnS-cysS	glnS|cysS	PA1794|PA1795	refseq_adyacencia
gloB-mltD	gloB|mltD	PA1813|PA1812	refseq_adyacencia
glpDM	glpD|glpM	PA3584|PA3585	refseq_adyacencia
glpFK	glpF|glpK	PA3581|PA3582	refseq_adyacencia
glpFKR	glpF|glpK|glpR	PA3581|PA3582|PA3583	refseq_adyacencia
glpFKRD	glpF|glpK|glpR|glpD	PA3581|PA3582|PA3583|PA3584	refseq_adyacencia
glpFKRDM	glpF|glpK|glpR|glpD|glpM	PA3581|PA3582|PA3583|PA3584|PA3585	refseq_adyacencia
glpKR	glpK|glpR	PA3582|PA3583	refseq_adyacencia
glpKRD	glpK|glpR|glpD	PA3582|PA3583|PA3584	refseq_adyacencia
glpKRDM	glpK|glpR|glpD|glpM	PA3582|PA3583|PA3584|PA3585	refseq_adyacencia
glpRD	glpR|glpD	PA3583|PA3584	refseq_adyacencia
glpRDM	glpR|glpD|glpM	PA3583|PA3584|PA3585	refseq_adyacencia
gltBD	gltB|gltD	PA5036|PA5035	refseq_adyacencia
gltBD-hemE	gltB|gltD|hemE	PA5036|PA5035|PA5034	refseq_adyacencia
gltD-hemE	gltD|hemE	PA5035|PA5034	refseq_adyacencia
gltR-gtrS	gltR|gtrS	PA3192|PA3191	refseq_adyacencia
glyQS	glyQ|glyS	PA0009|PA0008	refseq_adyacencia
gmhB-lptA	gmhB|lptA	PA0006|PA0005	refseq_adyacencia
gpuAR	gpuA|gpuR	PA0288|PA0289	refseq_adyacencia
gpuPA	gpuP|gpuA	PA0287|PA0288	refseq_adyacencia
gpuPAR	gpuP|gpuA|gpuR	PA0287|PA0288|PA0289	refseq_adyacencia
grpE-dnaK	grpE|dnaK	PA4762|PA4761	refseq_adyacencia
grpE-dnaKJ	grpE|dnaK|dnaJ	PA4762|PA4761|PA4760	refseq_adyacencia
grpE-dnaKJ-dapB	grpE|dnaK|dnaJ|dapB	PA4762|PA4761|PA4760|PA4759	refseq_adyacencia
guaBA	guaB|guaA	PA3770|PA3769	refseq_adyacencia
gyrA-serC	gyrA|serC	PA3168|PA3167	refseq_adyacencia
gyrA-serC-pheA	gyrA|serC|pheA	PA3168|PA3167|PA3166	refseq_adyacencia
hasDE	hasD|hasE	PA3406|PA3405	refseq_adyacencia
hcnAB	hcnA|hcnB	PA2193|PA2194	refseq_adyacencia
hcnABC	hcnA|hcnB|hcnC	PA2193|PA2194|PA2195	refseq_adyacencia
hcnBC	hcnB|hcnC	PA2194|PA2195	refseq_adyacencia
hemA-prfA	hemA|prfA	PA4666|PA4665	refseq_adyacencia
hemA-prfA-hemK	hemA|prfA|hemK	PA4666|PA4665|PA4664	refseq_adyacencia
hemA-prfA-hemK-moeB	hemA|prfA|hemK|moeB	PA4666|PA4665|PA4664|PA4663	refseq_adyacencia
hemA-prfA-hemK-moeB-murI	hemA|prfA|hemK|moeB|murI	PA4666|PA4665|PA4664|PA4663|PA4662	refseq_adyacencia
hemA-prfA-hemK-moeB-murI-pagL	hemA|prfA|hemK|moeB|murI|pagL	PA4666|PA4665|PA4664|PA4663|PA4662|PA4661	refseq_adyacencia
hemCD	hemC|hemD	PA5260|PA5259	refseq_adyacencia
hemF-aroE	hemF|aroE	PA0024|PA0025	refseq_adyacencia
hemF-aroE-plcB	hemF|aroE|plcB	PA0024|PA0025|PA0026	refseq_adyacencia
hemK-moeB	hemK|moeB	PA4664|PA4663	refseq_adyacencia
hemK-moeB-murI	hemK|moeB|murI	PA4664|PA4663|PA4662	refseq_adyacencia
hemK-moeB-murI-pagL	hemK|moeB|murI|pagL	PA4664|PA4663|PA4662|PA4661	refseq_adyacencia
hflKC	hflK|hflC	PA4942|PA4941	refseq_adyacencia
hflXK	hflX|hflK	PA4943|PA4942	refseq_adyacencia
hflXKC	hflX|hflK|hflC	PA4943|PA4942|PA4941	refseq_adyacencia
hisE-tatA	hisE|tatA	PA5067|PA5068	refseq_adyacencia
hisE-tatAB	hisE|tatA|tatB	PA5067|PA5068|PA5069	refseq_adyacencia
hisE-tatABC	hisE|tatA|tatB|tatC	PA5067|PA5068|PA5069|PA5070	refseq_adyacencia
hisGD	hisG|hisD	PA4449|PA4448	refseq_adyacencia
hisIE	hisI|hisE	PA5066|PA5067	refseq_adyacencia
hisIE-tatA	hisI|hisE|tatA	PA5066|PA5067|PA5068	refseq_adyacencia
hisIE-tatAB	hisI|hisE|tatA|tatB	PA5066|PA5067|PA5068|PA5069	refseq_adyacencia
hisIE-tatABC	hisI|hisE|tatA|tatB|tatC	PA5066|PA5067|PA5068|PA5069|PA5070	refseq_adyacencia
hisJQ	hisJ|hisQ	PA2923|PA2924	refseq_adyacencia
hisJQM	hisJ|hisQ|hisM	PA2923|PA2924|PA2925	refseq_adyacencia
hisJQMP	hisJ|hisQ|hisM|hisP	PA2923|PA2924|PA2925|PA2926	refseq_adyacencia
hisMP	hisM|hisP	PA2925|PA2926	refseq_adyacencia
hisQM	hisQ|hisM	PA2924|PA2925	refseq_adyacencia
hisQMP	hisQ|hisM|hisP	PA2924|PA2925|PA2926	refseq_adyacencia
hisZ-purA	hisZ|purA	PA4939|PA4938	refseq_adyacencia
hitAB	hitA|hitB	PA4687|PA4688	refseq_adyacencia
hmgA-fahA	hmgA|fahA	PA2009|PA2008	refseq_adyacencia
hmgA-fahA-maiA	hmgA|fahA|maiA	PA2009|PA2008|PA2007	refseq_adyacencia
holB-pilZ	holB|pilZ	PA2961|PA2960	refseq_adyacencia
hpaAC	hpaA|hpaC	PA4091|PA4092	refseq_adyacencia
hpcBD	hpcB|hpcD	PA4124|PA4125	refseq_adyacencia
hpcCB	hpcC|hpcB	PA4123|PA4124	refseq_adyacencia
hpcCBD	hpcC|hpcB|hpcD	PA4123|PA4124|PA4125	refseq_adyacencia
hprA-rsmC	hprA|rsmC	PA4626|PA4627	refseq_adyacencia
hprA-rsmC-lysP	hprA|rsmC|lysP	PA4626|PA4627|PA4628	refseq_adyacencia
hptB-recQ	hptB|recQ	PA3345|PA3344	refseq_adyacencia
hscBA	hscB|hscA	PA3811|PA3810	refseq_adyacencia
hslVU	hslV|hslU	PA5053|PA5054	refseq_adyacencia
hutIG	hutI|hutG	PA5092|PA5091	refseq_adyacencia
ileS-lspA	ileS|lspA	PA4560|PA4559	refseq_adyacencia
ilvC-pssA	ilvC|pssA	PA4694|PA4693	refseq_adyacencia
ilvC-pssA-msrP	ilvC|pssA|msrP	PA4694|PA4693|PA4692	refseq_adyacencia
ilvC-pssA-msrPQ	ilvC|pssA|msrP|msrQ	PA4694|PA4693|PA4692|PA4691	refseq_adyacencia
ilvE-waaF	ilvE|waaF	PA5013|PA5012	refseq_adyacencia
ilvE-waaFC	ilvE|waaF|waaC	PA5013|PA5012|PA5011	refseq_adyacencia
ilvE-waaFCG	ilvE|waaF|waaC|waaG	PA5013|PA5012|PA5011|PA5010	refseq_adyacencia
ilvE-waaFCGP	ilvE|waaF|waaC|waaG|waaP	PA5013|PA5012|PA5011|PA5010|PA5009	refseq_adyacencia
ilvHC	ilvH|ilvC	PA4695|PA4694	refseq_adyacencia
ilvHC-pssA	ilvH|ilvC|pssA	PA4695|PA4694|PA4693	refseq_adyacencia
ilvHC-pssA-msrP	ilvH|ilvC|pssA|msrP	PA4695|PA4694|PA4693|PA4692	refseq_adyacencia
ilvHC-pssA-msrPQ	ilvH|ilvC|pssA|msrP|msrQ	PA4695|PA4694|PA4693|PA4692|PA4691	refseq_adyacencia
ilvIH	ilvI|ilvH	PA4696|PA4695	refseq_adyacencia
ilvIHC	ilvI|ilvH|ilvC	PA4696|PA4695|PA4694	refseq_adyacencia
ilvIHC-pssA	ilvI|ilvH|ilvC|pssA	PA4696|PA4695|PA4694|PA4693	refseq_adyacencia
ilvIHC-pssA-msrP	ilvI|ilvH|ilvC|pssA|msrP	PA4696|PA4695|PA4694|PA4693|PA4692	refseq_adyacencia
ilvIHC-pssA-msrPQ	ilvI|ilvH|ilvC|pssA|msrP|msrQ	PA4696|PA4695|PA4694|PA4693|PA4692|PA4691	refseq_adyacencia
infB-rbfA	infB|rbfA	PA4744|PA4743	refseq_adyacencia
infB-rbfA-truB	infB|rbfA|truB	PA4744|PA4743|PA4742	refseq_adyacencia
infB-rbfA-truB-rpsO	infB|rbfA|truB|rpsO	PA4744|PA4743|PA4742|PA4741	refseq_adyacencia
infC-rpmI	infC|rpmI	PA2743|PA2742	refseq_adyacencia
infC-rpmI-rplT	infC|rpmI|rplT	PA2743|PA2742|PA2741	refseq_adyacencia
infC-rpmI-rplT-pheS	infC|rpmI|rplT|pheS	PA2743|PA2742|PA2741|PA2740	refseq_adyacencia
infC-rpmI-rplT-pheST	infC|rpmI|rplT|pheS|pheT	PA2743|PA2742|PA2741|PA2740|PA2739	refseq_adyacencia
infC-rpmI-rplT-pheST-himA	infC|rpmI|rplT|pheS|pheT|himA	PA2743|PA2742|PA2741|PA2740|PA2739|PA2738	refseq_adyacencia
iscA-hscB	iscA|hscB	PA3812|PA3811	refseq_adyacencia
iscA-hscBA	iscA|hscB|hscA	PA3812|PA3811|PA3810	refseq_adyacencia
iscRS	iscR|iscS	PA3815|PA3814	refseq_adyacencia
iscRSU	iscR|iscS|iscU	PA3815|PA3814|PA3813	refseq_adyacencia
iscRSUA	iscR|iscS|iscU|iscA	PA3815|PA3814|PA3813|PA3812	refseq_adyacencia
iscRSUA-hscB	iscR|iscS|iscU|iscA|hscB	PA3815|PA3814|PA3813|PA3812|PA3811	refseq_adyacencia
iscRSUA-hscBA	iscR|iscS|iscU|iscA|hscB|hscA	PA3815|PA3814|PA3813|PA3812|PA3811|PA3810	refseq_adyacencia
iscSU	iscS|iscU	PA3814|PA3813	refseq_adyacencia
iscSUA	iscS|iscU|iscA	PA3814|PA3813|PA3812	refseq_adyacencia
iscSUA-hscB	iscS|iscU|iscA|hscB	PA3814|PA3813|PA3812|PA3811	refseq_adyacencia
iscSUA-hscBA	iscS|iscU|iscA|hscB|hscA	PA3814|PA3813|PA3812|PA3811|PA3810	refseq_adyacencia
iscUA	iscU|iscA	PA3813|PA3812	refseq_adyacencia
iscUA-hscB	iscU|iscA|hscB	PA3813|PA3812|PA3811	refseq_adyacencia
iscUA-hscBA	iscU|iscA|hscB|hscA	PA3813|PA3812|PA3811|PA3810	refseq_adyacencia
katA-bfrA	katA|bfrA	PA4236|PA4235	refseq_adyacencia
kdpAB	kdpA|kdpB	PA1633|PA1634	refseq_adyacencia
kdpABC	kdpA|kdpB|kdpC	PA1633|PA1634|PA1635	refseq_adyacencia
kdpABCD	kdpA|kdpB|kdpC|kdpD	PA1633|PA1634|PA1635|PA1636	refseq_adyacencia
kdpABCDE	kdpA|kdpB|kdpC|kdpD|kdpE	PA1633|PA1634|PA1635|PA1636|PA1637	refseq_adyacencia
kdpABCDE-glsA	kdpA|kdpB|kdpC|kdpD|kdpE|glsA	PA1633|PA1634|PA1635|PA1636|PA1637|PA1638	refseq_adyacencia
kdpBC	kdpB|kdpC	PA1634|PA1635	refseq_adyacencia
kdpBCD	kdpB|kdpC|kdpD	PA1634|PA1635|PA1636	refseq_adyacencia
kdpBCDE	kdpB|kdpC|kdpD|kdpE	PA1634|PA1635|PA1636|PA1637	refseq_adyacencia
kdpBCDE-glsA	kdpB|kdpC|kdpD|kdpE|glsA	PA1634|PA1635|PA1636|PA1637|PA1638	refseq_adyacencia
kdpCD	kdpC|kdpD	PA1635|PA1636	refseq_adyacencia
kdpCDE	kdpC|kdpD|kdpE	PA1635|PA1636|PA1637	refseq_adyacencia
kdpCDE-glsA	kdpC|kdpD|kdpE|glsA	PA1635|PA1636|PA1637|PA1638	refseq_adyacencia
kdpDE	kdpD|kdpE	PA1636|PA1637	refseq_adyacencia
kdpDE-glsA	kdpD|kdpE|glsA	PA1636|PA1637|PA1638	refseq_adyacencia
kdpE-glsA	kdpE|glsA	PA1637|PA1638	refseq_adyacencia
kdpFA	kdpF|kdpA	PA1632|PA1633	refseq_adyacencia
kdpFAB	kdpF|kdpA|kdpB	PA1632|PA1633|PA1634	refseq_adyacencia
kdpFABC	kdpF|kdpA|kdpB|kdpC	PA1632|PA1633|PA1634|PA1635	refseq_adyacencia
kdpFABCD	kdpF|kdpA|kdpB|kdpC|kdpD	PA1632|PA1633|PA1634|PA1635|PA1636	refseq_adyacencia
kdpFABCDE	kdpF|kdpA|kdpB|kdpC|kdpD|kdpE	PA1632|PA1633|PA1634|PA1635|PA1636|PA1637	refseq_adyacencia
kdpFABCDE-glsA	kdpF|kdpA|kdpB|kdpC|kdpD|kdpE|glsA	PA1632|PA1633|PA1634|PA1635|PA1636|PA1637|PA1638	refseq_adyacencia
kdsB-ptpA	kdsB|ptpA	PA2979|PA2978	refseq_adyacencia
kdsB-ptpA-murB	kdsB|ptpA|murB	PA2979|PA2978|PA2977	refseq_adyacencia
ksgA-apaG	ksgA|apaG	PA0592|PA0591	refseq_adyacencia
ksgA-apaGH	ksgA|apaG|apaH	PA0592|PA0591|PA0590	refseq_adyacencia
ksgA-apaGH-glpE	ksgA|apaG|apaH|glpE	PA0592|PA0591|PA0590|PA0589	refseq_adyacencia
kynBU	kynB|kynU	PA2081|PA2080	refseq_adyacencia
lepAB	lepA|lepB	PA0767|PA0768	refseq_adyacencia
leuCD	leuC|leuD	PA3121|PA3120	refseq_adyacencia
leuS-lptE	leuS|lptE	PA3987|PA3988	refseq_adyacencia
leuS-lptE-holA	leuS|lptE|holA	PA3987|PA3988|PA3989	refseq_adyacencia
lexA-sulA	lexA|sulA	PA3007|PA3008	refseq_adyacencia
ligT-lipA	ligT|lipA	PA2861|PA2862	refseq_adyacencia
ligT-lipAH	ligT|lipA|lipH	PA2861|PA2862|PA2863	refseq_adyacencia
lipAH	lipA|lipH	PA2862|PA2863	refseq_adyacencia
lipC-fdnG	lipC|fdnG	PA4813|PA4812	refseq_adyacencia
lipC-fdnGH	lipC|fdnG|fdnH	PA4813|PA4812|PA4811	refseq_adyacencia
lipC-fdnGHI	lipC|fdnG|fdnH|fdnI	PA4813|PA4812|PA4811|PA4810	refseq_adyacencia
lipC-fdnGHI-fdhE	lipC|fdnG|fdnH|fdnI|fdhE	PA4813|PA4812|PA4811|PA4810|PA4809	refseq_adyacencia
lipC-fdnGHI-fdhE-selA	lipC|fdnG|fdnH|fdnI|fdhE|selA	PA4813|PA4812|PA4811|PA4810|PA4809|PA4808	refseq_adyacencia
lipC-fdnGHI-fdhE-selAB	lipC|fdnG|fdnH|fdnI|fdhE|selA|selB	PA4813|PA4812|PA4811|PA4810|PA4809|PA4808|PA4807	refseq_adyacencia
liuAB	liuA|liuB	PA2015|PA2014	refseq_adyacencia
liuABC	liuA|liuB|liuC	PA2015|PA2014|PA2013	refseq_adyacencia
liuABCD	liuA|liuB|liuC|liuD	PA2015|PA2014|PA2013|PA2012	refseq_adyacencia
liuABCDE	liuA|liuB|liuC|liuD|liuE	PA2015|PA2014|PA2013|PA2012|PA2011	refseq_adyacencia
liuBC	liuB|liuC	PA2014|PA2013	refseq_adyacencia
liuBCD	liuB|liuC|liuD	PA2014|PA2013|PA2012	refseq_adyacencia
liuBCDE	liuB|liuC|liuD|liuE	PA2014|PA2013|PA2012|PA2011	refseq_adyacencia
liuCD	liuC|liuD	PA2013|PA2012	refseq_adyacencia
liuCDE	liuC|liuD|liuE	PA2013|PA2012|PA2011	refseq_adyacencia
liuDE	liuD|liuE	PA2012|PA2011	refseq_adyacencia
liuRA	liuR|liuA	PA2016|PA2015	refseq_adyacencia
liuRAB	liuR|liuA|liuB	PA2016|PA2015|PA2014	refseq_adyacencia
liuRABC	liuR|liuA|liuB|liuC	PA2016|PA2015|PA2014|PA2013	refseq_adyacencia
liuRABCD	liuR|liuA|liuB|liuC|liuD	PA2016|PA2015|PA2014|PA2013|PA2012	refseq_adyacencia
liuRABCDE	liuR|liuA|liuB|liuC|liuD|liuE	PA2016|PA2015|PA2014|PA2013|PA2012|PA2011	refseq_adyacencia
lldPD	lldP|lldD	PA4770|PA4771	refseq_adyacencia
lpdG-sucC	lpdG|sucC	PA1587|PA1588	refseq_adyacencia
lpdG-sucCD	lpdG|sucC|sucD	PA1587|PA1588|PA1589	refseq_adyacencia
lpdG-sucCD-braB	lpdG|sucC|sucD|braB	PA1587|PA1588|PA1589|PA1590	refseq_adyacencia
lppL-lysA	lppL|lysA	PA5276|PA5277	refseq_adyacencia
lppL-lysA-dapF	lppL|lysA|dapF	PA5276|PA5277|PA5278	refseq_adyacencia
lptCH	lptC|lptH	PA4459|PA4460	refseq_adyacencia
lptE-holA	lptE|holA	PA3988|PA3989	refseq_adyacencia
lpxAB	lpxA|lpxB	PA3644|PA3643	refseq_adyacencia
lpxAB-rnhB	lpxA|lpxB|rnhB	PA3644|PA3643|PA3642	refseq_adyacencia
lpxB-rnhB	lpxB|rnhB	PA3643|PA3642	refseq_adyacencia
lpxD-fabZ	lpxD|fabZ	PA3646|PA3645	refseq_adyacencia
lpxD-fabZ-lpxA	lpxD|fabZ|lpxA	PA3646|PA3645|PA3644	refseq_adyacencia
lpxD-fabZ-lpxAB	lpxD|fabZ|lpxA|lpxB	PA3646|PA3645|PA3644|PA3643	refseq_adyacencia
lpxD-fabZ-lpxAB-rnhB	lpxD|fabZ|lpxA|lpxB|rnhB	PA3646|PA3645|PA3644|PA3643|PA3642	refseq_adyacencia
lysA-dapF	lysA|dapF	PA5277|PA5278	refseq_adyacencia
lysC-rsmA	lysC|rsmA	PA0904|PA0905	refseq_adyacencia
lyxD-kdaD	lyxD|kdaD	PA2215|PA2216	refseq_adyacencia
mdcAB	mdcA|mdcB	PA0208|PA0209	refseq_adyacencia
mdcABC	mdcA|mdcB|mdcC	PA0208|PA0209|PA0210	refseq_adyacencia
mdcABCD	mdcA|mdcB|mdcC|mdcD	PA0208|PA0209|PA0210|PA0211	refseq_adyacencia
mdcABCDE	mdcA|mdcB|mdcC|mdcD|mdcE	PA0208|PA0209|PA0210|PA0211|PA0212	refseq_adyacencia
mdcABCDEG	mdcA|mdcB|mdcC|mdcD|mdcE|mdcG	PA0208|PA0209|PA0210|PA0211|PA0212|PA0213	refseq_adyacencia
mdcBC	mdcB|mdcC	PA0209|PA0210	refseq_adyacencia
mdcBCD	mdcB|mdcC|mdcD	PA0209|PA0210|PA0211	refseq_adyacencia
mdcBCDE	mdcB|mdcC|mdcD|mdcE	PA0209|PA0210|PA0211|PA0212	refseq_adyacencia
mdcBCDEG	mdcB|mdcC|mdcD|mdcE|mdcG	PA0209|PA0210|PA0211|PA0212|PA0213	refseq_adyacencia
mdcCD	mdcC|mdcD	PA0210|PA0211	refseq_adyacencia
mdcCDE	mdcC|mdcD|mdcE	PA0210|PA0211|PA0212	refseq_adyacencia
mdcCDEG	mdcC|mdcD|mdcE|mdcG	PA0210|PA0211|PA0212|PA0213	refseq_adyacencia
mdcDE	mdcD|mdcE	PA0211|PA0212	refseq_adyacencia
mdcDEG	mdcD|mdcE|mdcG	PA0211|PA0212|PA0213	refseq_adyacencia
mdcEG	mdcE|mdcG	PA0212|PA0213	refseq_adyacencia
mexAB	mexA|mexB	PA0425|PA0426	refseq_adyacencia
mexAB-oprM	mexA|mexB|oprM	PA0425|PA0426|PA0427	refseq_adyacencia
mexB-oprM	mexB|oprM	PA0426|PA0427	refseq_adyacencia
mexCD	mexC|mexD	PA4599|PA4598	refseq_adyacencia
mexCD-oprJ	mexC|mexD|oprJ	PA4599|PA4598|PA4597	refseq_adyacencia
mexD-oprJ	mexD|oprJ	PA4598|PA4597	refseq_adyacencia
mexEF	mexE|mexF	PA2493|PA2494	refseq_adyacencia
mexEF-oprN	mexE|mexF|oprN	PA2493|PA2494|PA2495	refseq_adyacencia
mexF-oprN	mexF|oprN	PA2494|PA2495	refseq_adyacencia
mexGH	mexG|mexH	PA4205|PA4206	refseq_adyacencia
mexGHI	mexG|mexH|mexI	PA4205|PA4206|PA4207	refseq_adyacencia
mexGHI-opmD	mexG|mexH|mexI|opmD	PA4205|PA4206|PA4207|PA4208	refseq_adyacencia
mexHI	mexH|mexI	PA4206|PA4207	refseq_adyacencia
mexHI-opmD	mexH|mexI|opmD	PA4206|PA4207|PA4208	refseq_adyacencia
mexI-opmD	mexI|opmD	PA4207|PA4208	refseq_adyacencia
mexJK	mexJ|mexK	PA3677|PA3676	refseq_adyacencia
mexTE	mexT|mexE	PA2492|PA2493	refseq_adyacencia
mexTEF	mexT|mexE|mexF	PA2492|PA2493|PA2494	refseq_adyacencia
mexTEF-oprN	mexT|mexE|mexF|oprN	PA2492|PA2493|PA2494|PA2495	refseq_adyacencia
mexXY	mexX|mexY	PA2019|PA2018	refseq_adyacencia
mifSR	mifS|mifR	PA5512|PA5511	refseq_adyacencia
minCD	minC|minD	PA3243|PA3244	refseq_adyacencia
minCDE	minC|minD|minE	PA3243|PA3244|PA3245	refseq_adyacencia
minCDE-rluA	minC|minD|minE|rluA	PA3243|PA3244|PA3245|PA3246	refseq_adyacencia
minCDE-rluA-apeB	minC|minD|minE|rluA|apeB	PA3243|PA3244|PA3245|PA3246|PA3247	refseq_adyacencia
minDE	minD|minE	PA3244|PA3245	refseq_adyacencia
minDE-rluA	minD|minE|rluA	PA3244|PA3245|PA3246	refseq_adyacencia
minDE-rluA-apeB	minD|minE|rluA|apeB	PA3244|PA3245|PA3246|PA3247	refseq_adyacencia
minE-rluA	minE|rluA	PA3245|PA3246	refseq_adyacencia
minE-rluA-apeB	minE|rluA|apeB	PA3245|PA3246|PA3247	refseq_adyacencia
mmsAB	mmsA|mmsB	PA3570|PA3569	refseq_adyacencia
moaCD	moaC|moaD	PA3918|PA3917	refseq_adyacencia
moaCDE	moaC|moaD|moaE	PA3918|PA3917|PA3916	refseq_adyacencia
moaDE	moaD|moaE	PA3917|PA3916	refseq_adyacencia
modAB	modA|modB	PA1863|PA1862	refseq_adyacencia
modABC	modA|modB|modC	PA1863|PA1862|PA1861	refseq_adyacencia
modBC	modB|modC	PA1862|PA1861	refseq_adyacencia
moeB-murI	moeB|murI	PA4663|PA4662	refseq_adyacencia
moeB-murI-pagL	moeB|murI|pagL	PA4663|PA4662|PA4661	refseq_adyacencia
motAB	motA|motB	PA4954|PA4953	refseq_adyacencia
motCD	motC|motD	PA1460|PA1461	refseq_adyacencia
mraY-murD	mraY|murD	PA4415|PA4414	refseq_adyacencia
mraY-murD-ftsW	mraY|murD|ftsW	PA4415|PA4414|PA4413	refseq_adyacencia
mraY-murD-ftsW-murG	mraY|murD|ftsW|murG	PA4415|PA4414|PA4413|PA4412	refseq_adyacencia
mraY-murD-ftsW-murGC	mraY|murD|ftsW|murG|murC	PA4415|PA4414|PA4413|PA4412|PA4411	refseq_adyacencia
mraY-murD-ftsW-murGC-ddlB	mraY|murD|ftsW|murG|murC|ddlB	PA4415|PA4414|PA4413|PA4412|PA4411|PA4410	refseq_adyacencia
mraY-murD-ftsW-murGC-ddlB-ftsQ	mraY|murD|ftsW|murG|murC|ddlB|ftsQ	PA4415|PA4414|PA4413|PA4412|PA4411|PA4410|PA4409	refseq_adyacencia
mraY-murD-ftsW-murGC-ddlB-ftsQA	mraY|murD|ftsW|murG|murC|ddlB|ftsQ|ftsA	PA4415|PA4414|PA4413|PA4412|PA4411|PA4410|PA4409|PA4408	refseq_adyacencia
mraY-murD-ftsW-murGC-ddlB-ftsQAZ	mraY|murD|ftsW|murG|murC|ddlB|ftsQ|ftsA|ftsZ	PA4415|PA4414|PA4413|PA4412|PA4411|PA4410|PA4409|PA4408|PA4407	refseq_adyacencia
mraZ-rsmH	mraZ|rsmH	PA4421|PA4420	refseq_adyacencia
mraZ-rsmH-ftsL	mraZ|rsmH|ftsL	PA4421|PA4420|PA4419	refseq_adyacencia
mraZ-rsmH-ftsLI	mraZ|rsmH|ftsL|ftsI	PA4421|PA4420|PA4419|PA4418	refseq_adyacencia
mraZ-rsmH-ftsLI-murE	mraZ|rsmH|ftsL|ftsI|murE	PA4421|PA4420|PA4419|PA4418|PA4417	refseq_adyacencia
mraZ-rsmH-ftsLI-murEF	mraZ|rsmH|ftsL|ftsI|murE|murF	PA4421|PA4420|PA4419|PA4418|PA4417|PA4416	refseq_adyacencia
mraZ-rsmH-ftsLI-murEF-mraY	mraZ|rsmH|ftsL|ftsI|murE|murF|mraY	PA4421|PA4420|PA4419|PA4418|PA4417|PA4416|PA4415	refseq_adyacencia
mraZ-rsmH-ftsLI-murEF-mraY-murD	mraZ|rsmH|ftsL|ftsI|murE|murF|mraY|murD	PA4421|PA4420|PA4419|PA4418|PA4417|PA4416|PA4415|PA4414	refseq_adyacencia
mraZ-rsmH-ftsLI-murEF-mraY-murD-ftsW	mraZ|rsmH|ftsL|ftsI|murE|murF|mraY|murD|ftsW	PA4421|PA4420|PA4419|PA4418|PA4417|PA4416|PA4415|PA4414|PA4413	refseq_adyacencia
mraZ-rsmH-ftsLI-murEF-mraY-murD-ftsW-murG	mraZ|rsmH|ftsL|ftsI|murE|murF|mraY|murD|ftsW|murG	PA4421|PA4420|PA4419|PA4418|PA4417|PA4416|PA4415|PA4414|PA4413|PA4412	refseq_adyacencia
mraZ-rsmH-ftsLI-murEF-mraY-murD-ftsW-murGC	mraZ|rsmH|ftsL|ftsI|murE|murF|mraY|murD|ftsW|murG|murC	PA4421|PA4420|PA4419|PA4418|PA4417|PA4416|PA4415|PA4414|PA4413|PA4412|PA4411	refseq_adyacencia
mraZ-rsmH-ftsLI-murEF-mraY-murD-ftsW-murGC-ddlB	mraZ|rsmH|ftsL|ftsI|murE|murF|mraY|murD|ftsW|murG|murC|ddlB	PA4421|PA4420|PA4419|PA4418|PA4417|PA4416|PA4415|PA4414|PA4413|PA4412|PA4411|PA4410	refseq_adyacencia
mraZ-rsmH-ftsLI-murEF-mraY-murD-ftsW-murGC-ddlB-ftsQ	mraZ|rsmH|ftsL|ftsI|murE|murF|mraY|murD|ftsW|murG|murC|ddlB|ftsQ	PA4421|PA4420|PA4419|PA4418|PA4417|PA4416|PA4415|PA4414|PA4413|PA4412|PA4411|PA4410|PA4409	refseq_adyacencia
mraZ-rsmH-ftsLI-murEF-mraY-murD-ftsW-murGC-ddlB-ftsQA	mraZ|rsmH|ftsL|ftsI|murE|murF|mraY|murD|ftsW|murG|murC|ddlB|ftsQ|ftsA	PA4421|PA4420|PA4419|PA4418|PA4417|PA4416|PA4415|PA4414|PA4413|PA4412|PA4411|PA4410|PA4409|PA4408	refseq_adyacencia
mraZ-rsmH-ftsLI-murEF-mraY-murD-ftsW-murGC-ddlB-ftsQAZ	mraZ|rsmH|ftsL|ftsI|murE|murF|mraY|murD|ftsW|murG|murC|ddlB|ftsQ|ftsA|ftsZ	PA4421|PA4420|PA4419|PA4418|PA4417|PA4416|PA4415|PA4414|PA4413|PA4412|PA4411|PA4410|PA4409|PA4408|PA4407	refseq_adyacencia
mreBC	mreB|mreC	PA4481|PA4480	refseq_adyacencia
mreBCD	mreB|mreC|mreD	PA4481|PA4480|PA4479	refseq_adyacencia
mreCD	mreC|mreD	PA4480|PA4479	refseq_adyacencia
msbA-rfaE	msbA|rfaE	PA4997|PA4996	refseq_adyacencia
msrPQ	msrP|msrQ	PA4692|PA4691	refseq_adyacencia
msuED	msuE|msuD	PA2357|PA2356	refseq_adyacencia
mtlDY	mtlD|mtlY	PA2342|PA2343	refseq_adyacencia
mtlDYZ	mtlD|mtlY|mtlZ	PA2342|PA2343|PA2344	refseq_adyacencia
mtlYZ	mtlY|mtlZ	PA2343|PA2344	refseq_adyacencia
mtnA-gyrA	mtnA|gyrA	PA3169|PA3168	refseq_adyacencia
mtnA-gyrA-serC	mtnA|gyrA|serC	PA3169|PA3168|PA3167	refseq_adyacencia
mtnA-gyrA-serC-pheA	mtnA|gyrA|serC|pheA	PA3169|PA3168|PA3167|PA3166	refseq_adyacencia
mtnBD	mtnB|mtnD	PA1683|PA1684	refseq_adyacencia
mtnBD-masA	mtnB|mtnD|masA	PA1683|PA1684|PA1685	refseq_adyacencia
mtnD-masA	mtnD|masA	PA1684|PA1685	refseq_adyacencia
mucAB	mucA|mucB	PA0763|PA0764	refseq_adyacencia
mucABC	mucA|mucB|mucC	PA0763|PA0764|PA0765	refseq_adyacencia
mucABCD	mucA|mucB|mucC|mucD	PA0763|PA0764|PA0765|PA0766	refseq_adyacencia
mucABCD-lepA	mucA|mucB|mucC|mucD|lepA	PA0763|PA0764|PA0765|PA0766|PA0767	refseq_adyacencia
mucABCD-lepAB	mucA|mucB|mucC|mucD|lepA|lepB	PA0763|PA0764|PA0765|PA0766|PA0767|PA0768	refseq_adyacencia
mucBC	mucB|mucC	PA0764|PA0765	refseq_adyacencia
mucBCD	mucB|mucC|mucD	PA0764|PA0765|PA0766	refseq_adyacencia
mucBCD-lepA	mucB|mucC|mucD|lepA	PA0764|PA0765|PA0766|PA0767	refseq_adyacencia
mucBCD-lepAB	mucB|mucC|mucD|lepA|lepB	PA0764|PA0765|PA0766|PA0767|PA0768	refseq_adyacencia
mucCD	mucC|mucD	PA0765|PA0766	refseq_adyacencia
mucCD-lepA	mucC|mucD|lepA	PA0765|PA0766|PA0767	refseq_adyacencia
mucCD-lepAB	mucC|mucD|lepA|lepB	PA0765|PA0766|PA0767|PA0768	refseq_adyacencia
mucD-lepA	mucD|lepA	PA0766|PA0767	refseq_adyacencia
mucD-lepAB	mucD|lepA|lepB	PA0766|PA0767|PA0768	refseq_adyacencia
mucR-bglX	mucR|bglX	PA1727|PA1726	refseq_adyacencia
murA-hisG	murA|hisG	PA4450|PA4449	refseq_adyacencia
murA-hisGD	murA|hisG|hisD	PA4450|PA4449|PA4448	refseq_adyacencia
murC-ddlB	murC|ddlB	PA4411|PA4410	refseq_adyacencia
murC-ddlB-ftsQ	murC|ddlB|ftsQ	PA4411|PA4410|PA4409	refseq_adyacencia
murC-ddlB-ftsQA	murC|ddlB|ftsQ|ftsA	PA4411|PA4410|PA4409|PA4408	refseq_adyacencia
murC-ddlB-ftsQAZ	murC|ddlB|ftsQ|ftsA|ftsZ	PA4411|PA4410|PA4409|PA4408|PA4407	refseq_adyacencia
murD-ftsW	murD|ftsW	PA4414|PA4413	refseq_adyacencia
murD-ftsW-murG	murD|ftsW|murG	PA4414|PA4413|PA4412	refseq_adyacencia
murD-ftsW-murGC	murD|ftsW|murG|murC	PA4414|PA4413|PA4412|PA4411	refseq_adyacencia
murD-ftsW-murGC-ddlB	murD|ftsW|murG|murC|ddlB	PA4414|PA4413|PA4412|PA4411|PA4410	refseq_adyacencia
murD-ftsW-murGC-ddlB-ftsQ	murD|ftsW|murG|murC|ddlB|ftsQ	PA4414|PA4413|PA4412|PA4411|PA4410|PA4409	refseq_adyacencia
murD-ftsW-murGC-ddlB-ftsQA	murD|ftsW|murG|murC|ddlB|ftsQ|ftsA	PA4414|PA4413|PA4412|PA4411|PA4410|PA4409|PA4408	refseq_adyacencia
murD-ftsW-murGC-ddlB-ftsQAZ	murD|ftsW|murG|murC|ddlB|ftsQ|ftsA|ftsZ	PA4414|PA4413|PA4412|PA4411|PA4410|PA4409|PA4408|PA4407	refseq_adyacencia
murEF	murE|murF	PA4417|PA4416	refseq_adyacencia
murEF-mraY	murE|murF|mraY	PA4417|PA4416|PA4415	refseq_adyacencia
murEF-mraY-murD	murE|murF|mraY|murD	PA4417|PA4416|PA4415|PA4414	refseq_adyacencia
murEF-mraY-murD-ftsW	murE|murF|mraY|murD|ftsW	PA4417|PA4416|PA4415|PA4414|PA4413	refseq_adyacencia
murEF-mraY-murD-ftsW-murG	murE|murF|mraY|murD|ftsW|murG	PA4417|PA4416|PA4415|PA4414|PA4413|PA4412	refseq_adyacencia
murEF-mraY-murD-ftsW-murGC	murE|murF|mraY|murD|ftsW|murG|murC	PA4417|PA4416|PA4415|PA4414|PA4413|PA4412|PA4411	refseq_adyacencia
murEF-mraY-murD-ftsW-murGC-ddlB	murE|murF|mraY|murD|ftsW|murG|murC|ddlB	PA4417|PA4416|PA4415|PA4414|PA4413|PA4412|PA4411|PA4410	refseq_adyacencia
murEF-mraY-murD-ftsW-murGC-ddlB-ftsQ	murE|murF|mraY|murD|ftsW|murG|murC|ddlB|ftsQ	PA4417|PA4416|PA4415|PA4414|PA4413|PA4412|PA4411|PA4410|PA4409	refseq_adyacencia
murEF-mraY-murD-ftsW-murGC-ddlB-ftsQA	murE|murF|mraY|murD|ftsW|murG|murC|ddlB|ftsQ|ftsA	PA4417|PA4416|PA4415|PA4414|PA4413|PA4412|PA4411|PA4410|PA4409|PA4408	refseq_adyacencia
murEF-mraY-murD-ftsW-murGC-ddlB-ftsQAZ	murE|murF|mraY|murD|ftsW|murG|murC|ddlB|ftsQ|ftsA|ftsZ	PA4417|PA4416|PA4415|PA4414|PA4413|PA4412|PA4411|PA4410|PA4409|PA4408|PA4407	refseq_adyacencia
murF-mraY	murF|mraY	PA4416|PA4415	refseq_adyacencia
murF-mraY-murD	murF|mraY|murD	PA4416|PA4415|PA4414	refseq_adyacencia
murF-mraY-murD-ftsW	murF|mraY|murD|ftsW	PA4416|PA4415|PA4414|PA4413	refseq_adyacencia
murF-mraY-murD-ftsW-murG	murF|mraY|murD|ftsW|murG	PA4416|PA4415|PA4414|PA4413|PA4412	refseq_adyacencia
murF-mraY-murD-ftsW-murGC	murF|mraY|murD|ftsW|murG|murC	PA4416|PA4415|PA4414|PA4413|PA4412|PA4411	refseq_adyacencia
murF-mraY-murD-ftsW-murGC-ddlB	murF|mraY|murD|ftsW|murG|murC|ddlB	PA4416|PA4415|PA4414|PA4413|PA4412|PA4411|PA4410	refseq_adyacencia
murF-mraY-murD-ftsW-murGC-ddlB-ftsQ	murF|mraY|murD|ftsW|murG|murC|ddlB|ftsQ	PA4416|PA4415|PA4414|PA4413|PA4412|PA4411|PA4410|PA4409	refseq_adyacencia
murF-mraY-murD-ftsW-murGC-ddlB-ftsQA	murF|mraY|murD|ftsW|murG|murC|ddlB|ftsQ|ftsA	PA4416|PA4415|PA4414|PA4413|PA4412|PA4411|PA4410|PA4409|PA4408	refseq_adyacencia
murF-mraY-murD-ftsW-murGC-ddlB-ftsQAZ	murF|mraY|murD|ftsW|murG|murC|ddlB|ftsQ|ftsA|ftsZ	PA4416|PA4415|PA4414|PA4413|PA4412|PA4411|PA4410|PA4409|PA4408|PA4407	refseq_adyacencia
murGC	murG|murC	PA4412|PA4411	refseq_adyacencia
murGC-ddlB	murG|murC|ddlB	PA4412|PA4411|PA4410	refseq_adyacencia
murGC-ddlB-ftsQ	murG|murC|ddlB|ftsQ	PA4412|PA4411|PA4410|PA4409	refseq_adyacencia
murGC-ddlB-ftsQA	murG|murC|ddlB|ftsQ|ftsA	PA4412|PA4411|PA4410|PA4409|PA4408	refseq_adyacencia
murGC-ddlB-ftsQAZ	murG|murC|ddlB|ftsQ|ftsA|ftsZ	PA4412|PA4411|PA4410|PA4409|PA4408|PA4407	refseq_adyacencia
murI-pagL	murI|pagL	PA4662|PA4661	refseq_adyacencia
murJ-ribF	murJ|ribF	PA4562|PA4561	refseq_adyacencia
murJ-ribF-ileS	murJ|ribF|ileS	PA4562|PA4561|PA4560	refseq_adyacencia
murJ-ribF-ileS-lspA	murJ|ribF|ileS|lspA	PA4562|PA4561|PA4560|PA4559	refseq_adyacencia
mutL-miaA	mutL|miaA	PA4946|PA4945	refseq_adyacencia
mutS-fdxA	mutS|fdxA	PA3620|PA3621	refseq_adyacencia
nadD-rsfS	nadD|rsfS	PA4006|PA4005	refseq_adyacencia
nadD-rsfS-rlmH	nadD|rsfS|rlmH	PA4006|PA4005|PA4004	refseq_adyacencia
nadD-rsfS-rlmH-pbpA	nadD|rsfS|rlmH|pbpA	PA4006|PA4005|PA4004|PA4003	refseq_adyacencia
nadD-rsfS-rlmH-pbpA-rodA	nadD|rsfS|rlmH|pbpA|rodA	PA4006|PA4005|PA4004|PA4003|PA4002	refseq_adyacencia
napAB	napA|napB	PA1174|PA1173	refseq_adyacencia
napABC	napA|napB|napC	PA1174|PA1173|PA1172	refseq_adyacencia
napBC	napB|napC	PA1173|PA1172	refseq_adyacencia
napDA	napD|napA	PA1175|PA1174	refseq_adyacencia
napDAB	napD|napA|napB	PA1175|PA1174|PA1173	refseq_adyacencia
napDABC	napD|napA|napB|napC	PA1175|PA1174|PA1173|PA1172	refseq_adyacencia
napEF	napE|napF	PA1177|PA1176	refseq_adyacencia
napEFD	napE|napF|napD	PA1177|PA1176|PA1175	refseq_adyacencia
napEFDA	napE|napF|napD|napA	PA1177|PA1176|PA1175|PA1174	refseq_adyacencia
napEFDAB	napE|napF|napD|napA|napB	PA1177|PA1176|PA1175|PA1174|PA1173	refseq_adyacencia
napEFDABC	napE|napF|napD|napA|napB|napC	PA1177|PA1176|PA1175|PA1174|PA1173|PA1172	refseq_adyacencia
napFD	napF|napD	PA1176|PA1175	refseq_adyacencia
napFDA	napF|napD|napA	PA1176|PA1175|PA1174	refseq_adyacencia
napFDAB	napF|napD|napA|napB	PA1176|PA1175|PA1174|PA1173	refseq_adyacencia
napFDABC	napF|napD|napA|napB|napC	PA1176|PA1175|PA1174|PA1173|PA1172	refseq_adyacencia
narGH	narG|narH	PA3875|PA3874	refseq_adyacencia
narGHJ	narG|narH|narJ	PA3875|PA3874|PA3873	refseq_adyacencia
narGHJI	narG|narH|narJ|narI	PA3875|PA3874|PA3873|PA3872	refseq_adyacencia
narHJ	narH|narJ	PA3874|PA3873	refseq_adyacencia
narHJI	narH|narJ|narI	PA3874|PA3873|PA3872	refseq_adyacencia
narJI	narJ|narI	PA3873|PA3872	refseq_adyacencia
narL-anvM	narL|anvM	PA3879|PA3880	refseq_adyacencia
narXL	narX|narL	PA3878|PA3879	refseq_adyacencia
narXL-anvM	narX|narL|anvM	PA3878|PA3879|PA3880	refseq_adyacencia
ndvB-dapE	ndvB|dapE	PA1163|PA1162	refseq_adyacencia
ndvB-dapE-rrmA	ndvB|dapE|rrmA	PA1163|PA1162|PA1161	refseq_adyacencia
nfxB-morA	nfxB|morA	PA4600|PA4601	refseq_adyacencia
nirBD	nirB|nirD	PA1781|PA1780	refseq_adyacencia
nirCF	nirC|nirF	PA0517|PA0516	refseq_adyacencia
nirCFD	nirC|nirF|nirD	PA0517|PA0516|PA0515	refseq_adyacencia
nirCFDL	nirC|nirF|nirD|nirL	PA0517|PA0516|PA0515|PA0514	refseq_adyacencia
nirCFDLG	nirC|nirF|nirD|nirL|nirG	PA0517|PA0516|PA0515|PA0514|PA0513	refseq_adyacencia
nirCFDLGH	nirC|nirF|nirD|nirL|nirG|nirH	PA0517|PA0516|PA0515|PA0514|PA0513|PA0512	refseq_adyacencia
nirCFDLGHJ	nirC|nirF|nirD|nirL|nirG|nirH|nirJ	PA0517|PA0516|PA0515|PA0514|PA0513|PA0512|PA0511	refseq_adyacencia
nirDL	nirD|nirL	PA0515|PA0514	refseq_adyacencia
nirDLG	nirD|nirL|nirG	PA0515|PA0514|PA0513	refseq_adyacencia
nirDLGH	nirD|nirL|nirG|nirH	PA0515|PA0514|PA0513|PA0512	refseq_adyacencia
nirDLGHJ	nirD|nirL|nirG|nirH|nirJ	PA0515|PA0514|PA0513|PA0512|PA0511	refseq_adyacencia
nirFD	nirF|nirD	PA0516|PA0515	refseq_adyacencia
nirFDL	nirF|nirD|nirL	PA0516|PA0515|PA0514	refseq_adyacencia
nirFDLG	nirF|nirD|nirL|nirG	PA0516|PA0515|PA0514|PA0513	refseq_adyacencia
nirFDLGH	nirF|nirD|nirL|nirG|nirH	PA0516|PA0515|PA0514|PA0513|PA0512	refseq_adyacencia
nirFDLGHJ	nirF|nirD|nirL|nirG|nirH|nirJ	PA0516|PA0515|PA0514|PA0513|PA0512|PA0511	refseq_adyacencia
nirGH	nirG|nirH	PA0513|PA0512	refseq_adyacencia
nirGHJ	nirG|nirH|nirJ	PA0513|PA0512|PA0511	refseq_adyacencia
nirHJ	nirH|nirJ	PA0512|PA0511	refseq_adyacencia
nirLG	nirL|nirG	PA0514|PA0513	refseq_adyacencia
nirLGH	nirL|nirG|nirH	PA0514|PA0513|PA0512	refseq_adyacencia
nirLGHJ	nirL|nirG|nirH|nirJ	PA0514|PA0513|PA0512|PA0511	refseq_adyacencia
nirMC	nirM|nirC	PA0518|PA0517	refseq_adyacencia
nirMCF	nirM|nirC|nirF	PA0518|PA0517|PA0516	refseq_adyacencia
nirMCFD	nirM|nirC|nirF|nirD	PA0518|PA0517|PA0516|PA0515	refseq_adyacencia
nirMCFDL	nirM|nirC|nirF|nirD|nirL	PA0518|PA0517|PA0516|PA0515|PA0514	refseq_adyacencia
nirMCFDLG	nirM|nirC|nirF|nirD|nirL|nirG	PA0518|PA0517|PA0516|PA0515|PA0514|PA0513	refseq_adyacencia
nirMCFDLGH	nirM|nirC|nirF|nirD|nirL|nirG|nirH	PA0518|PA0517|PA0516|PA0515|PA0514|PA0513|PA0512	refseq_adyacencia
nirMCFDLGHJ	nirM|nirC|nirF|nirD|nirL|nirG|nirH|nirJ	PA0518|PA0517|PA0516|PA0515|PA0514|PA0513|PA0512|PA0511	refseq_adyacencia
nirSM	nirS|nirM	PA0519|PA0518	refseq_adyacencia
nirSMC	nirS|nirM|nirC	PA0519|PA0518|PA0517	refseq_adyacencia
nirSMCF	nirS|nirM|nirC|nirF	PA0519|PA0518|PA0517|PA0516	refseq_adyacencia
nirSMCFD	nirS|nirM|nirC|nirF|nirD	PA0519|PA0518|PA0517|PA0516|PA0515	refseq_adyacencia
nirSMCFDL	nirS|nirM|nirC|nirF|nirD|nirL	PA0519|PA0518|PA0517|PA0516|PA0515|PA0514	refseq_adyacencia
nirSMCFDLG	nirS|nirM|nirC|nirF|nirD|nirL|nirG	PA0519|PA0518|PA0517|PA0516|PA0515|PA0514|PA0513	refseq_adyacencia
nirSMCFDLGH	nirS|nirM|nirC|nirF|nirD|nirL|nirG|nirH	PA0519|PA0518|PA0517|PA0516|PA0515|PA0514|PA0513|PA0512	refseq_adyacencia
nirSMCFDLGHJ	nirS|nirM|nirC|nirF|nirD|nirL|nirG|nirH|nirJ	PA0519|PA0518|PA0517|PA0516|PA0515|PA0514|PA0513|PA0512|PA0511	refseq_adyacencia
nmoA-ddlA	nmoA|ddlA	PA4202|PA4201	refseq_adyacencia
nmoR-ppgL	nmoR|ppgL	PA4203|PA4204	refseq_adyacencia
nmoR-ppgL-mexG	nmoR|ppgL|mexG	PA4203|PA4204|PA4205	refseq_adyacencia
nmoR-ppgL-mexGH	nmoR|ppgL|mexG|mexH	PA4203|PA4204|PA4205|PA4206	refseq_adyacencia
nmoR-ppgL-mexGHI	nmoR|ppgL|mexG|mexH|mexI	PA4203|PA4204|PA4205|PA4206|PA4207	refseq_adyacencia
nmoR-ppgL-mexGHI-opmD	nmoR|ppgL|mexG|mexH|mexI|opmD	PA4203|PA4204|PA4205|PA4206|PA4207|PA4208	refseq_adyacencia
norCB	norC|norB	PA0523|PA0524	refseq_adyacencia
nosDF	nosD|nosF	PA3393|PA3394	refseq_adyacencia
nosDFY	nosD|nosF|nosY	PA3393|PA3394|PA3395	refseq_adyacencia
nosDFYL	nosD|nosF|nosY|nosL	PA3393|PA3394|PA3395|PA3396	refseq_adyacencia
nosFY	nosF|nosY	PA3394|PA3395	refseq_adyacencia
nosFYL	nosF|nosY|nosL	PA3394|PA3395|PA3396	refseq_adyacencia
nosRZ	nosR|nosZ	PA3391|PA3392	refseq_adyacencia
nosRZD	nosR|nosZ|nosD	PA3391|PA3392|PA3393	refseq_adyacencia
nosRZDF	nosR|nosZ|nosD|nosF	PA3391|PA3392|PA3393|PA3394	refseq_adyacencia
nosRZDFY	nosR|nosZ|nosD|nosF|nosY	PA3391|PA3392|PA3393|PA3394|PA3395	refseq_adyacencia
nosRZDFYL	nosR|nosZ|nosD|nosF|nosY|nosL	PA3391|PA3392|PA3393|PA3394|PA3395|PA3396	refseq_adyacencia
nosYL	nosY|nosL	PA3395|PA3396	refseq_adyacencia
nosZD	nosZ|nosD	PA3392|PA3393	refseq_adyacencia
nosZDF	nosZ|nosD|nosF	PA3392|PA3393|PA3394	refseq_adyacencia
nosZDFY	nosZ|nosD|nosF|nosY	PA3392|PA3393|PA3394|PA3395	refseq_adyacencia
nosZDFYL	nosZ|nosD|nosF|nosY|nosL	PA3392|PA3393|PA3394|PA3395|PA3396	refseq_adyacencia
nqrAB	nqrA|nqrB	PA2999|PA2998	refseq_adyacencia
nqrABC	nqrA|nqrB|nqrC	PA2999|PA2998|PA2997	refseq_adyacencia
nqrABCD	nqrA|nqrB|nqrC|nqrD	PA2999|PA2998|PA2997|PA2996	refseq_adyacencia
nqrABCDE	nqrA|nqrB|nqrC|nqrD|nqrE	PA2999|PA2998|PA2997|PA2996|PA2995	refseq_adyacencia
nqrABCDEF	nqrA|nqrB|nqrC|nqrD|nqrE|nqrF	PA2999|PA2998|PA2997|PA2996|PA2995|PA2994	refseq_adyacencia
nqrBC	nqrB|nqrC	PA2998|PA2997	refseq_adyacencia
nqrBCD	nqrB|nqrC|nqrD	PA2998|PA2997|PA2996	refseq_adyacencia
nqrBCDE	nqrB|nqrC|nqrD|nqrE	PA2998|PA2997|PA2996|PA2995	refseq_adyacencia
nqrBCDEF	nqrB|nqrC|nqrD|nqrE|nqrF	PA2998|PA2997|PA2996|PA2995|PA2994	refseq_adyacencia
nqrCD	nqrC|nqrD	PA2997|PA2996	refseq_adyacencia
nqrCDE	nqrC|nqrD|nqrE	PA2997|PA2996|PA2995	refseq_adyacencia
nqrCDEF	nqrC|nqrD|nqrE|nqrF	PA2997|PA2996|PA2995|PA2994	refseq_adyacencia
nqrDE	nqrD|nqrE	PA2996|PA2995	refseq_adyacencia
nqrDEF	nqrD|nqrE|nqrF	PA2996|PA2995|PA2994	refseq_adyacencia
nqrEF	nqrE|nqrF	PA2995|PA2994	refseq_adyacencia
nrdAB	nrdA|nrdB	PA1156|PA1155	refseq_adyacencia
nrdDG	nrdD|nrdG	PA1920|PA1919	refseq_adyacencia
nrdR-ribD	nrdR|ribD	PA4057|PA4056	refseq_adyacencia
nrdR-ribDC	nrdR|ribD|ribC	PA4057|PA4056|PA4055	refseq_adyacencia
nrdR-ribDCB	nrdR|ribD|ribC|ribB	PA4057|PA4056|PA4055|PA4054	refseq_adyacencia
nrdR-ribDCBE	nrdR|ribD|ribC|ribB|ribE	PA4057|PA4056|PA4055|PA4054|PA4053	refseq_adyacencia
nrdR-ribDCBE-nusB	nrdR|ribD|ribC|ribB|ribE|nusB	PA4057|PA4056|PA4055|PA4054|PA4053|PA4052	refseq_adyacencia
nrdR-ribDCBE-nusB-thiL	nrdR|ribD|ribC|ribB|ribE|nusB|thiL	PA4057|PA4056|PA4055|PA4054|PA4053|PA4052|PA4051	refseq_adyacencia
nrdR-ribDCBE-nusB-thiL-pgpA	nrdR|ribD|ribC|ribB|ribE|nusB|thiL|pgpA	PA4057|PA4056|PA4055|PA4054|PA4053|PA4052|PA4051|PA4050	refseq_adyacencia
ntrBC	ntrB|ntrC	PA5124|PA5125	refseq_adyacencia
nudJ-trmU	nudJ|trmU	PA2625|PA2626	refseq_adyacencia
nudJ-trmU-hflD	nudJ|trmU|hflD	PA2625|PA2626|PA2627	refseq_adyacencia
nuoAB	nuoA|nuoB	PA2637|PA2638	refseq_adyacencia
nuoABD	nuoA|nuoB|nuoD	PA2637|PA2638|PA2639	refseq_adyacencia
nuoABDE	nuoA|nuoB|nuoD|nuoE	PA2637|PA2638|PA2639|PA2640	refseq_adyacencia
nuoABDEF	nuoA|nuoB|nuoD|nuoE|nuoF	PA2637|PA2638|PA2639|PA2640|PA2641	refseq_adyacencia
nuoABDEFG	nuoA|nuoB|nuoD|nuoE|nuoF|nuoG	PA2637|PA2638|PA2639|PA2640|PA2641|PA2642	refseq_adyacencia
nuoABDEFGH	nuoA|nuoB|nuoD|nuoE|nuoF|nuoG|nuoH	PA2637|PA2638|PA2639|PA2640|PA2641|PA2642|PA2643	refseq_adyacencia
nuoABDEFGHI	nuoA|nuoB|nuoD|nuoE|nuoF|nuoG|nuoH|nuoI	PA2637|PA2638|PA2639|PA2640|PA2641|PA2642|PA2643|PA2644	refseq_adyacencia
nuoABDEFGHIJ	nuoA|nuoB|nuoD|nuoE|nuoF|nuoG|nuoH|nuoI|nuoJ	PA2637|PA2638|PA2639|PA2640|PA2641|PA2642|PA2643|PA2644|PA2645	refseq_adyacencia
nuoABDEFGHIJK	nuoA|nuoB|nuoD|nuoE|nuoF|nuoG|nuoH|nuoI|nuoJ|nuoK	PA2637|PA2638|PA2639|PA2640|PA2641|PA2642|PA2643|PA2644|PA2645|PA2646	refseq_adyacencia
nuoABDEFGHIJKL	nuoA|nuoB|nuoD|nuoE|nuoF|nuoG|nuoH|nuoI|nuoJ|nuoK|nuoL	PA2637|PA2638|PA2639|PA2640|PA2641|PA2642|PA2643|PA2644|PA2645|PA2646|PA2647	refseq_adyacencia
nuoABDEFGHIJKLM	nuoA|nuoB|nuoD|nuoE|nuoF|nuoG|nuoH|nuoI|nuoJ|nuoK|nuoL|nuoM	PA2637|PA2638|PA2639|PA2640|PA2641|PA2642|PA2643|PA2644|PA2645|PA2646|PA2647|PA2648	refseq_adyacencia
nuoABDEFGHIJKLMN	nuoA|nuoB|nuoD|nuoE|nuoF|nuoG|nuoH|nuoI|nuoJ|nuoK|nuoL|nuoM|nuoN	PA2637|PA2638|PA2639|PA2640|PA2641|PA2642|PA2643|PA2644|PA2645|PA2646|PA2647|PA2648|PA2649	refseq_adyacencia
nuoBD	nuoB|nuoD	PA2638|PA2639	refseq_adyacencia
nuoBDE	nuoB|nuoD|nuoE	PA2638|PA2639|PA2640	refseq_adyacencia
nuoBDEF	nuoB|nuoD|nuoE|nuoF	PA2638|PA2639|PA2640|PA2641	refseq_adyacencia
nuoBDEFG	nuoB|nuoD|nuoE|nuoF|nuoG	PA2638|PA2639|PA2640|PA2641|PA2642	refseq_adyacencia
nuoBDEFGH	nuoB|nuoD|nuoE|nuoF|nuoG|nuoH	PA2638|PA2639|PA2640|PA2641|PA2642|PA2643	refseq_adyacencia
nuoBDEFGHI	nuoB|nuoD|nuoE|nuoF|nuoG|nuoH|nuoI	PA2638|PA2639|PA2640|PA2641|PA2642|PA2643|PA2644	refseq_adyacencia
nuoBDEFGHIJ	nuoB|nuoD|nuoE|nuoF|nuoG|nuoH|nuoI|nuoJ	PA2638|PA2639|PA2640|PA2641|PA2642|PA2643|PA2644|PA2645	refseq_adyacencia
nuoBDEFGHIJK	nuoB|nuoD|nuoE|nuoF|nuoG|nuoH|nuoI|nuoJ|nuoK	PA2638|PA2639|PA2640|PA2641|PA2642|PA2643|PA2644|PA2645|PA2646	refseq_adyacencia
nuoBDEFGHIJKL	nuoB|nuoD|nuoE|nuoF|nuoG|nuoH|nuoI|nuoJ|nuoK|nuoL	PA2638|PA2639|PA2640|PA2641|PA2642|PA2643|PA2644|PA2645|PA2646|PA2647	refseq_adyacencia
nuoBDEFGHIJKLM	nuoB|nuoD|nuoE|nuoF|nuoG|nuoH|nuoI|nuoJ|nuoK|nuoL|nuoM	PA2638|PA2639|PA2640|PA2641|PA2642|PA2643|PA2644|PA2645|PA2646|PA2647|PA2648	refseq_adyacencia
nuoBDEFGHIJKLMN	nuoB|nuoD|nuoE|nuoF|nuoG|nuoH|nuoI|nuoJ|nuoK|nuoL|nuoM|nuoN	PA2638|PA2639|PA2640|PA2641|PA2642|PA2643|PA2644|PA2645|PA2646|PA2647|PA2648|PA2649	refseq_adyacencia
nuoDE	nuoD|nuoE	PA2639|PA2640	refseq_adyacencia
nuoDEF	nuoD|nuoE|nuoF	PA2639|PA2640|PA2641	refseq_adyacencia
nuoDEFG	nuoD|nuoE|nuoF|nuoG	PA2639|PA2640|PA2641|PA2642	refseq_adyacencia
nuoDEFGH	nuoD|nuoE|nuoF|nuoG|nuoH	PA2639|PA2640|PA2641|PA2642|PA2643	refseq_adyacencia
nuoDEFGHI	nuoD|nuoE|nuoF|nuoG|nuoH|nuoI	PA2639|PA2640|PA2641|PA2642|PA2643|PA2644	refseq_adyacencia
nuoDEFGHIJ	nuoD|nuoE|nuoF|nuoG|nuoH|nuoI|nuoJ	PA2639|PA2640|PA2641|PA2642|PA2643|PA2644|PA2645	refseq_adyacencia
nuoDEFGHIJK	nuoD|nuoE|nuoF|nuoG|nuoH|nuoI|nuoJ|nuoK	PA2639|PA2640|PA2641|PA2642|PA2643|PA2644|PA2645|PA2646	refseq_adyacencia
nuoDEFGHIJKL	nuoD|nuoE|nuoF|nuoG|nuoH|nuoI|nuoJ|nuoK|nuoL	PA2639|PA2640|PA2641|PA2642|PA2643|PA2644|PA2645|PA2646|PA2647	refseq_adyacencia
nuoDEFGHIJKLM	nuoD|nuoE|nuoF|nuoG|nuoH|nuoI|nuoJ|nuoK|nuoL|nuoM	PA2639|PA2640|PA2641|PA2642|PA2643|PA2644|PA2645|PA2646|PA2647|PA2648	refseq_adyacencia
nuoDEFGHIJKLMN	nuoD|nuoE|nuoF|nuoG|nuoH|nuoI|nuoJ|nuoK|nuoL|nuoM|nuoN	PA2639|PA2640|PA2641|PA2642|PA2643|PA2644|PA2645|PA2646|PA2647|PA2648|PA2649	refseq_adyacencia
nuoEF	nuoE|nuoF	PA2640|PA2641	refseq_adyacencia
nuoEFG	nuoE|nuoF|nuoG	PA2640|PA2641|PA2642	refseq_adyacencia
nuoEFGH	nuoE|nuoF|nuoG|nuoH	PA2640|PA2641|PA2642|PA2643	refseq_adyacencia
nuoEFGHI	nuoE|nuoF|nuoG|nuoH|nuoI	PA2640|PA2641|PA2642|PA2643|PA2644	refseq_adyacencia
nuoEFGHIJ	nuoE|nuoF|nuoG|nuoH|nuoI|nuoJ	PA2640|PA2641|PA2642|PA2643|PA2644|PA2645	refseq_adyacencia
nuoEFGHIJK	nuoE|nuoF|nuoG|nuoH|nuoI|nuoJ|nuoK	PA2640|PA2641|PA2642|PA2643|PA2644|PA2645|PA2646	refseq_adyacencia
nuoEFGHIJKL	nuoE|nuoF|nuoG|nuoH|nuoI|nuoJ|nuoK|nuoL	PA2640|PA2641|PA2642|PA2643|PA2644|PA2645|PA2646|PA2647	refseq_adyacencia
nuoEFGHIJKLM	nuoE|nuoF|nuoG|nuoH|nuoI|nuoJ|nuoK|nuoL|nuoM	PA2640|PA2641|PA2642|PA2643|PA2644|PA2645|PA2646|PA2647|PA2648	refseq_adyacencia
nuoEFGHIJKLMN	nuoE|nuoF|nuoG|nuoH|nuoI|nuoJ|nuoK|nuoL|nuoM|nuoN	PA2640|PA2641|PA2642|PA2643|PA2644|PA2645|PA2646|PA2647|PA2648|PA2649	refseq_adyacencia
nuoFG	nuoF|nuoG	PA2641|PA2642	refseq_adyacencia
nuoFGH	nuoF|nuoG|nuoH	PA2641|PA2642|PA2643	refseq_adyacencia
nuoFGHI	nuoF|nuoG|nuoH|nuoI	PA2641|PA2642|PA2643|PA2644	refseq_adyacencia
nuoFGHIJ	nuoF|nuoG|nuoH|nuoI|nuoJ	PA2641|PA2642|PA2643|PA2644|PA2645	refseq_adyacencia
nuoFGHIJK	nuoF|nuoG|nuoH|nuoI|nuoJ|nuoK	PA2641|PA2642|PA2643|PA2644|PA2645|PA2646	refseq_adyacencia
nuoFGHIJKL	nuoF|nuoG|nuoH|nuoI|nuoJ|nuoK|nuoL	PA2641|PA2642|PA2643|PA2644|PA2645|PA2646|PA2647	refseq_adyacencia
nuoFGHIJKLM	nuoF|nuoG|nuoH|nuoI|nuoJ|nuoK|nuoL|nuoM	PA2641|PA2642|PA2643|PA2644|PA2645|PA2646|PA2647|PA2648	refseq_adyacencia
nuoFGHIJKLMN	nuoF|nuoG|nuoH|nuoI|nuoJ|nuoK|nuoL|nuoM|nuoN	PA2641|PA2642|PA2643|PA2644|PA2645|PA2646|PA2647|PA2648|PA2649	refseq_adyacencia
nuoGH	nuoG|nuoH	PA2642|PA2643	refseq_adyacencia
nuoGHI	nuoG|nuoH|nuoI	PA2642|PA2643|PA2644	refseq_adyacencia
nuoGHIJ	nuoG|nuoH|nuoI|nuoJ	PA2642|PA2643|PA2644|PA2645	refseq_adyacencia
nuoGHIJK	nuoG|nuoH|nuoI|nuoJ|nuoK	PA2642|PA2643|PA2644|PA2645|PA2646	refseq_adyacencia
nuoGHIJKL	nuoG|nuoH|nuoI|nuoJ|nuoK|nuoL	PA2642|PA2643|PA2644|PA2645|PA2646|PA2647	refseq_adyacencia
nuoGHIJKLM	nuoG|nuoH|nuoI|nuoJ|nuoK|nuoL|nuoM	PA2642|PA2643|PA2644|PA2645|PA2646|PA2647|PA2648	refseq_adyacencia
nuoGHIJKLMN	nuoG|nuoH|nuoI|nuoJ|nuoK|nuoL|nuoM|nuoN	PA2642|PA2643|PA2644|PA2645|PA2646|PA2647|PA2648|PA2649	refseq_adyacencia
nuoHI	nuoH|nuoI	PA2643|PA2644	refseq_adyacencia
nuoHIJ	nuoH|nuoI|nuoJ	PA2643|PA2644|PA2645	refseq_adyacencia
nuoHIJK	nuoH|nuoI|nuoJ|nuoK	PA2643|PA2644|PA2645|PA2646	refseq_adyacencia
nuoHIJKL	nuoH|nuoI|nuoJ|nuoK|nuoL	PA2643|PA2644|PA2645|PA2646|PA2647	refseq_adyacencia
nuoHIJKLM	nuoH|nuoI|nuoJ|nuoK|nuoL|nuoM	PA2643|PA2644|PA2645|PA2646|PA2647|PA2648	refseq_adyacencia
nuoHIJKLMN	nuoH|nuoI|nuoJ|nuoK|nuoL|nuoM|nuoN	PA2643|PA2644|PA2645|PA2646|PA2647|PA2648|PA2649	refseq_adyacencia
nuoIJ	nuoI|nuoJ	PA2644|PA2645	refseq_adyacencia
nuoIJK	nuoI|nuoJ|nuoK	PA2644|PA2645|PA2646	refseq_adyacencia
nuoIJKL	nuoI|nuoJ|nuoK|nuoL	PA2644|PA2645|PA2646|PA2647	refseq_adyacencia
nuoIJKLM	nuoI|nuoJ|nuoK|nuoL|nuoM	PA2644|PA2645|PA2646|PA2647|PA2648	refseq_adyacencia
nuoIJKLMN	nuoI|nuoJ|nuoK|nuoL|nuoM|nuoN	PA2644|PA2645|PA2646|PA2647|PA2648|PA2649	refseq_adyacencia
nuoJK	nuoJ|nuoK	PA2645|PA2646	refseq_adyacencia
nuoJKL	nuoJ|nuoK|nuoL	PA2645|PA2646|PA2647	refseq_adyacencia
nuoJKLM	nuoJ|nuoK|nuoL|nuoM	PA2645|PA2646|PA2647|PA2648	refseq_adyacencia
nuoJKLMN	nuoJ|nuoK|nuoL|nuoM|nuoN	PA2645|PA2646|PA2647|PA2648|PA2649	refseq_adyacencia
nuoKL	nuoK|nuoL	PA2646|PA2647	refseq_adyacencia
nuoKLM	nuoK|nuoL|nuoM	PA2646|PA2647|PA2648	refseq_adyacencia
nuoKLMN	nuoK|nuoL|nuoM|nuoN	PA2646|PA2647|PA2648|PA2649	refseq_adyacencia
nuoLM	nuoL|nuoM	PA2647|PA2648	refseq_adyacencia
nuoLMN	nuoL|nuoM|nuoN	PA2647|PA2648|PA2649	refseq_adyacencia
nuoMN	nuoM|nuoN	PA2648|PA2649	refseq_adyacencia
nusA-infB	nusA|infB	PA4745|PA4744	refseq_adyacencia
nusA-infB-rbfA	nusA|infB|rbfA	PA4745|PA4744|PA4743	refseq_adyacencia
nusA-infB-rbfA-truB	nusA|infB|rbfA|truB	PA4745|PA4744|PA4743|PA4742	refseq_adyacencia
nusA-infB-rbfA-truB-rpsO	nusA|infB|rbfA|truB|rpsO	PA4745|PA4744|PA4743|PA4742|PA4741	refseq_adyacencia
nusB-thiL	nusB|thiL	PA4052|PA4051	refseq_adyacencia
nusB-thiL-pgpA	nusB|thiL|pgpA	PA4052|PA4051|PA4050	refseq_adyacencia
nusG-rplK	nusG|rplK	PA4275|PA4274	refseq_adyacencia
nusG-rplKA	nusG|rplK|rplA	PA4275|PA4274|PA4273	refseq_adyacencia
olsBA	olsB|olsA	PA4350|PA4351	refseq_adyacencia
opgG-mdoH	opgG|mdoH	PA5078|PA5077	refseq_adyacencia
oprH-phoP	oprH|phoP	PA1178|PA1179	refseq_adyacencia
oprH-phoPQ	oprH|phoP|phoQ	PA1178|PA1179|PA1180	refseq_adyacencia
oprL-cpoB	oprL|cpoB	PA0973|PA0974	refseq_adyacencia
oprL-cpoB-queE	oprL|cpoB|queE	PA0973|PA0974|PA0975	refseq_adyacencia
oprL-cpoB-queEC	oprL|cpoB|queE|queC	PA0973|PA0974|PA0975|PA0976	refseq_adyacencia
oprOP	oprO|oprP	PA3280|PA3279	refseq_adyacencia
ostA-surA	ostA|surA	PA0595|PA0594	refseq_adyacencia
ostA-surA-pdxA	ostA|surA|pdxA	PA0595|PA0594|PA0593	refseq_adyacencia
ostA-surA-pdxA-ksgA	ostA|surA|pdxA|ksgA	PA0595|PA0594|PA0593|PA0592	refseq_adyacencia
ostA-surA-pdxA-ksgA-apaG	ostA|surA|pdxA|ksgA|apaG	PA0595|PA0594|PA0593|PA0592|PA0591	refseq_adyacencia
ostA-surA-pdxA-ksgA-apaGH	ostA|surA|pdxA|ksgA|apaG|apaH	PA0595|PA0594|PA0593|PA0592|PA0591|PA0590	refseq_adyacencia
ostA-surA-pdxA-ksgA-apaGH-glpE	ostA|surA|pdxA|ksgA|apaG|apaH|glpE	PA0595|PA0594|PA0593|PA0592|PA0591|PA0590|PA0589	refseq_adyacencia
oxyR-recG	oxyR|recG	PA5344|PA5345	refseq_adyacencia
pabC-mltG	pabC|mltG	PA2964|PA2963	refseq_adyacencia
panBC	panB|panC	PA4729|PA4730	refseq_adyacencia
panBCD	panB|panC|panD	PA4729|PA4730|PA4731	refseq_adyacencia
panCD	panC|panD	PA4730|PA4731	refseq_adyacencia
parRS	parR|parS	PA1799|PA1798	refseq_adyacencia
pbpA-rodA	pbpA|rodA	PA4003|PA4002	refseq_adyacencia
pcaBD	pcaB|pcaD	PA0230|PA0231	refseq_adyacencia
pcaBDC	pcaB|pcaD|pcaC	PA0230|PA0231|PA0232	refseq_adyacencia
pcaDC	pcaD|pcaC	PA0231|PA0232	refseq_adyacencia
pcaFT	pcaF|pcaT	PA0228|PA0229	refseq_adyacencia
pcaFTB	pcaF|pcaT|pcaB	PA0228|PA0229|PA0230	refseq_adyacencia
pcaFTBD	pcaF|pcaT|pcaB|pcaD	PA0228|PA0229|PA0230|PA0231	refseq_adyacencia
pcaFTBDC	pcaF|pcaT|pcaB|pcaD|pcaC	PA0228|PA0229|PA0230|PA0231|PA0232	refseq_adyacencia
pcaGR	pcaG|pcaR	PA0154|PA0155	refseq_adyacencia
pcaHG	pcaH|pcaG	PA0153|PA0154	refseq_adyacencia
pcaHGR	pcaH|pcaG|pcaR	PA0153|PA0154|PA0155	refseq_adyacencia
pcaQH	pcaQ|pcaH	PA0152|PA0153	refseq_adyacencia
pcaQHG	pcaQ|pcaH|pcaG	PA0152|PA0153|PA0154	refseq_adyacencia
pcaQHGR	pcaQ|pcaH|pcaG|pcaR	PA0152|PA0153|PA0154|PA0155	refseq_adyacencia
pcaTB	pcaT|pcaB	PA0229|PA0230	refseq_adyacencia
pcaTBD	pcaT|pcaB|pcaD	PA0229|PA0230|PA0231	refseq_adyacencia
pcaTBDC	pcaT|pcaB|pcaD|pcaC	PA0229|PA0230|PA0231|PA0232	refseq_adyacencia
pchBA	pchB|pchA	PA4230|PA4231	refseq_adyacencia
pchCB	pchC|pchB	PA4229|PA4230	refseq_adyacencia
pchCBA	pchC|pchB|pchA	PA4229|PA4230|PA4231	refseq_adyacencia
pchDC	pchD|pchC	PA4228|PA4229	refseq_adyacencia
pchDCB	pchD|pchC|pchB	PA4228|PA4229|PA4230	refseq_adyacencia
pchDCBA	pchD|pchC|pchB|pchA	PA4228|PA4229|PA4230|PA4231	refseq_adyacencia
pchEF	pchE|pchF	PA4226|PA4225	refseq_adyacencia
pchEFG	pchE|pchF|pchG	PA4226|PA4225|PA4224	refseq_adyacencia
pchFG	pchF|pchG	PA4225|PA4224	refseq_adyacencia
pchRE	pchR|pchE	PA4227|PA4226	refseq_adyacencia
pchREF	pchR|pchE|pchF	PA4227|PA4226|PA4225	refseq_adyacencia
pchREFG	pchR|pchE|pchF|pchG	PA4227|PA4226|PA4225|PA4224	refseq_adyacencia
pcnB-folK	pcnB|folK	PA4727|PA4728	refseq_adyacencia
pcnB-folK-panB	pcnB|folK|panB	PA4727|PA4728|PA4729	refseq_adyacencia
pcnB-folK-panBC	pcnB|folK|panB|panC	PA4727|PA4728|PA4729|PA4730	refseq_adyacencia
pcnB-folK-panBCD	pcnB|folK|panB|panC|panD	PA4727|PA4728|PA4729|PA4730|PA4731	refseq_adyacencia
pcoAB	pcoA|pcoB	PA2065|PA2064	refseq_adyacencia
pcrDR	pcrD|pcrR	PA1703|PA1704	refseq_adyacencia
pcrDRG	pcrD|pcrR|pcrG	PA1703|PA1704|PA1705	refseq_adyacencia
pcrDRGV	pcrD|pcrR|pcrG|pcrV	PA1703|PA1704|PA1705|PA1706	refseq_adyacencia
pcrDRGVH	pcrD|pcrR|pcrG|pcrV|pcrH	PA1703|PA1704|PA1705|PA1706|PA1707	refseq_adyacencia
pcrDRGVH-popB	pcrD|pcrR|pcrG|pcrV|pcrH|popB	PA1703|PA1704|PA1705|PA1706|PA1707|PA1708	refseq_adyacencia
pcrDRGVH-popBD	pcrD|pcrR|pcrG|pcrV|pcrH|popB|popD	PA1703|PA1704|PA1705|PA1706|PA1707|PA1708|PA1709	refseq_adyacencia
pcrDRGVH-popBD-exsC	pcrD|pcrR|pcrG|pcrV|pcrH|popB|popD|exsC	PA1703|PA1704|PA1705|PA1706|PA1707|PA1708|PA1709|PA1710	refseq_adyacencia
pcrDRGVH-popBD-exsCE	pcrD|pcrR|pcrG|pcrV|pcrH|popB|popD|exsC|exsE	PA1703|PA1704|PA1705|PA1706|PA1707|PA1708|PA1709|PA1710|PA1711	refseq_adyacencia
pcrDRGVH-popBD-exsCEB	pcrD|pcrR|pcrG|pcrV|pcrH|popB|popD|exsC|exsE|exsB	PA1703|PA1704|PA1705|PA1706|PA1707|PA1708|PA1709|PA1710|PA1711|PA1712	refseq_adyacencia
pcrDRGVH-popBD-exsCEBA	pcrD|pcrR|pcrG|pcrV|pcrH|popB|popD|exsC|exsE|exsB|exsA	PA1703|PA1704|PA1705|PA1706|PA1707|PA1708|PA1709|PA1710|PA1711|PA1712|PA1713	refseq_adyacencia
pcrDRGVH-popBD-exsCEBAD	pcrD|pcrR|pcrG|pcrV|pcrH|popB|popD|exsC|exsE|exsB|exsA|exsD	PA1703|PA1704|PA1705|PA1706|PA1707|PA1708|PA1709|PA1710|PA1711|PA1712|PA1713|PA1714	refseq_adyacencia
pcrDRGVH-popBD-exsCEBAD-pscB	pcrD|pcrR|pcrG|pcrV|pcrH|popB|popD|exsC|exsE|exsB|exsA|exsD|pscB	PA1703|PA1704|PA1705|PA1706|PA1707|PA1708|PA1709|PA1710|PA1711|PA1712|PA1713|PA1714|PA1715	refseq_adyacencia
pcrDRGVH-popBD-exsCEBAD-pscBC	pcrD|pcrR|pcrG|pcrV|pcrH|popB|popD|exsC|exsE|exsB|exsA|exsD|pscB|pscC	PA1703|PA1704|PA1705|PA1706|PA1707|PA1708|PA1709|PA1710|PA1711|PA1712|PA1713|PA1714|PA1715|PA1716	refseq_adyacencia
pcrDRGVH-popBD-exsCEBAD-pscBCD	pcrD|pcrR|pcrG|pcrV|pcrH|popB|popD|exsC|exsE|exsB|exsA|exsD|pscB|pscC|pscD	PA1703|PA1704|PA1705|PA1706|PA1707|PA1708|PA1709|PA1710|PA1711|PA1712|PA1713|PA1714|PA1715|PA1716|PA1717	refseq_adyacencia
pcrDRGVH-popBD-exsCEBAD-pscBCDE	pcrD|pcrR|pcrG|pcrV|pcrH|popB|popD|exsC|exsE|exsB|exsA|exsD|pscB|pscC|pscD|pscE	PA1703|PA1704|PA1705|PA1706|PA1707|PA1708|PA1709|PA1710|PA1711|PA1712|PA1713|PA1714|PA1715|PA1716|PA1717|PA1718	refseq_adyacencia
pcrDRGVH-popBD-exsCEBAD-pscBCDEF	pcrD|pcrR|pcrG|pcrV|pcrH|popB|popD|exsC|exsE|exsB|exsA|exsD|pscB|pscC|pscD|pscE|pscF	PA1703|PA1704|PA1705|PA1706|PA1707|PA1708|PA1709|PA1710|PA1711|PA1712|PA1713|PA1714|PA1715|PA1716|PA1717|PA1718|PA1719	refseq_adyacencia
pcrDRGVH-popBD-exsCEBAD-pscBCDEFG	pcrD|pcrR|pcrG|pcrV|pcrH|popB|popD|exsC|exsE|exsB|exsA|exsD|pscB|pscC|pscD|pscE|pscF|pscG	PA1703|PA1704|PA1705|PA1706|PA1707|PA1708|PA1709|PA1710|PA1711|PA1712|PA1713|PA1714|PA1715|PA1716|PA1717|PA1718|PA1719|PA1720	refseq_adyacencia
pcrDRGVH-popBD-exsCEBAD-pscBCDEFGH	pcrD|pcrR|pcrG|pcrV|pcrH|popB|popD|exsC|exsE|exsB|exsA|exsD|pscB|pscC|pscD|pscE|pscF|pscG|pscH	PA1703|PA1704|PA1705|PA1706|PA1707|PA1708|PA1709|PA1710|PA1711|PA1712|PA1713|PA1714|PA1715|PA1716|PA1717|PA1718|PA1719|PA1720|PA1721	refseq_adyacencia
pcrDRGVH-popBD-exsCEBAD-pscBCDEFGHI	pcrD|pcrR|pcrG|pcrV|pcrH|popB|popD|exsC|exsE|exsB|exsA|exsD|pscB|pscC|pscD|pscE|pscF|pscG|pscH|pscI	PA1703|PA1704|PA1705|PA1706|PA1707|PA1708|PA1709|PA1710|PA1711|PA1712|PA1713|PA1714|PA1715|PA1716|PA1717|PA1718|PA1719|PA1720|PA1721|PA1722	refseq_adyacencia
pcrDRGVH-popBD-exsCEBAD-pscBCDEFGHIJ	pcrD|pcrR|pcrG|pcrV|pcrH|popB|popD|exsC|exsE|exsB|exsA|exsD|pscB|pscC|pscD|pscE|pscF|pscG|pscH|pscI|pscJ	PA1703|PA1704|PA1705|PA1706|PA1707|PA1708|PA1709|PA1710|PA1711|PA1712|PA1713|PA1714|PA1715|PA1716|PA1717|PA1718|PA1719|PA1720|PA1721|PA1722|PA1723	refseq_adyacencia
pcrDRGVH-popBD-exsCEBAD-pscBCDEFGHIJK	pcrD|pcrR|pcrG|pcrV|pcrH|popB|popD|exsC|exsE|exsB|exsA|exsD|pscB|pscC|pscD|pscE|pscF|pscG|pscH|pscI|pscJ|pscK	PA1703|PA1704|PA1705|PA1706|PA1707|PA1708|PA1709|PA1710|PA1711|PA1712|PA1713|PA1714|PA1715|PA1716|PA1717|PA1718|PA1719|PA1720|PA1721|PA1722|PA1723|PA1724	refseq_adyacencia
pcrDRGVH-popBD-exsCEBAD-pscBCDEFGHIJKL	pcrD|pcrR|pcrG|pcrV|pcrH|popB|popD|exsC|exsE|exsB|exsA|exsD|pscB|pscC|pscD|pscE|pscF|pscG|pscH|pscI|pscJ|pscK|pscL	PA1703|PA1704|PA1705|PA1706|PA1707|PA1708|PA1709|PA1710|PA1711|PA1712|PA1713|PA1714|PA1715|PA1716|PA1717|PA1718|PA1719|PA1720|PA1721|PA1722|PA1723|PA1724|PA1725	refseq_adyacencia
pcrGV	pcrG|pcrV	PA1705|PA1706	refseq_adyacencia
pcrGVH	pcrG|pcrV|pcrH	PA1705|PA1706|PA1707	refseq_adyacencia
pcrGVH-popB	pcrG|pcrV|pcrH|popB	PA1705|PA1706|PA1707|PA1708	refseq_adyacencia
pcrGVH-popBD	pcrG|pcrV|pcrH|popB|popD	PA1705|PA1706|PA1707|PA1708|PA1709	refseq_adyacencia
pcrGVH-popBD-exsC	pcrG|pcrV|pcrH|popB|popD|exsC	PA1705|PA1706|PA1707|PA1708|PA1709|PA1710	refseq_adyacencia
pcrGVH-popBD-exsCE	pcrG|pcrV|pcrH|popB|popD|exsC|exsE	PA1705|PA1706|PA1707|PA1708|PA1709|PA1710|PA1711	refseq_adyacencia
pcrGVH-popBD-exsCEB	pcrG|pcrV|pcrH|popB|popD|exsC|exsE|exsB	PA1705|PA1706|PA1707|PA1708|PA1709|PA1710|PA1711|PA1712	refseq_adyacencia
pcrGVH-popBD-exsCEBA	pcrG|pcrV|pcrH|popB|popD|exsC|exsE|exsB|exsA	PA1705|PA1706|PA1707|PA1708|PA1709|PA1710|PA1711|PA1712|PA1713	refseq_adyacencia
pcrGVH-popBD-exsCEBAD	pcrG|pcrV|pcrH|popB|popD|exsC|exsE|exsB|exsA|exsD	PA1705|PA1706|PA1707|PA1708|PA1709|PA1710|PA1711|PA1712|PA1713|PA1714	refseq_adyacencia
pcrGVH-popBD-exsCEBAD-pscB	pcrG|pcrV|pcrH|popB|popD|exsC|exsE|exsB|exsA|exsD|pscB	PA1705|PA1706|PA1707|PA1708|PA1709|PA1710|PA1711|PA1712|PA1713|PA1714|PA1715	refseq_adyacencia
pcrGVH-popBD-exsCEBAD-pscBC	pcrG|pcrV|pcrH|popB|popD|exsC|exsE|exsB|exsA|exsD|pscB|pscC	PA1705|PA1706|PA1707|PA1708|PA1709|PA1710|PA1711|PA1712|PA1713|PA1714|PA1715|PA1716	refseq_adyacencia
pcrGVH-popBD-exsCEBAD-pscBCD	pcrG|pcrV|pcrH|popB|popD|exsC|exsE|exsB|exsA|exsD|pscB|pscC|pscD	PA1705|PA1706|PA1707|PA1708|PA1709|PA1710|PA1711|PA1712|PA1713|PA1714|PA1715|PA1716|PA1717	refseq_adyacencia
pcrGVH-popBD-exsCEBAD-pscBCDE	pcrG|pcrV|pcrH|popB|popD|exsC|exsE|exsB|exsA|exsD|pscB|pscC|pscD|pscE	PA1705|PA1706|PA1707|PA1708|PA1709|PA1710|PA1711|PA1712|PA1713|PA1714|PA1715|PA1716|PA1717|PA1718	refseq_adyacencia
pcrGVH-popBD-exsCEBAD-pscBCDEF	pcrG|pcrV|pcrH|popB|popD|exsC|exsE|exsB|exsA|exsD|pscB|pscC|pscD|pscE|pscF	PA1705|PA1706|PA1707|PA1708|PA1709|PA1710|PA1711|PA1712|PA1713|PA1714|PA1715|PA1716|PA1717|PA1718|PA1719	refseq_adyacencia
pcrGVH-popBD-exsCEBAD-pscBCDEFG	pcrG|pcrV|pcrH|popB|popD|exsC|exsE|exsB|exsA|exsD|pscB|pscC|pscD|pscE|pscF|pscG	PA1705|PA1706|PA1707|PA1708|PA1709|PA1710|PA1711|PA1712|PA1713|PA1714|PA1715|PA1716|PA1717|PA1718|PA1719|PA1720	refseq_adyacencia
pcrGVH-popBD-exsCEBAD-pscBCDEFGH	pcrG|pcrV|pcrH|popB|popD|exsC|exsE|exsB|exsA|exsD|pscB|pscC|pscD|pscE|pscF|pscG|pscH	PA1705|PA1706|PA1707|PA1708|PA1709|PA1710|PA1711|PA1712|PA1713|PA1714|PA1715|PA1716|PA1717|PA1718|PA1719|PA1720|PA1721	refseq_adyacencia
pcrGVH-popBD-exsCEBAD-pscBCDEFGHI	pcrG|pcrV|pcrH|popB|popD|exsC|exsE|exsB|exsA|exsD|pscB|pscC|pscD|pscE|pscF|pscG|pscH|pscI	PA1705|PA1706|PA1707|PA1708|PA1709|PA1710|PA1711|PA1712|PA1713|PA1714|PA1715|PA1716|PA1717|PA1718|PA1719|PA1720|PA1721|PA1722	refseq_adyacencia
pcrGVH-popBD-exsCEBAD-pscBCDEFGHIJ	pcrG|pcrV|pcrH|popB|popD|exsC|exsE|exsB|exsA|exsD|pscB|pscC|pscD|pscE|pscF|pscG|pscH|pscI|pscJ	PA1705|PA1706|PA1707|PA1708|PA1709|PA1710|PA1711|PA1712|PA1713|PA1714|PA1715|PA1716|PA1717|PA1718|PA1719|PA1720|PA1721|PA1722|PA1723	refseq_adyacencia
pcrGVH-popBD-exsCEBAD-pscBCDEFGHIJK	pcrG|pcrV|pcrH|popB|popD|exsC|exsE|exsB|exsA|exsD|pscB|pscC|pscD|pscE|pscF|pscG|pscH|pscI|pscJ|pscK	PA1705|PA1706|PA1707|PA1708|PA1709|PA1710|PA1711|PA1712|PA1713|PA1714|PA1715|PA1716|PA1717|PA1718|PA1719|PA1720|PA1721|PA1722|PA1723|PA1724	refseq_adyacencia
pcrGVH-popBD-exsCEBAD-pscBCDEFGHIJKL	pcrG|pcrV|pcrH|popB|popD|exsC|exsE|exsB|exsA|exsD|pscB|pscC|pscD|pscE|pscF|pscG|pscH|pscI|pscJ|pscK|pscL	PA1705|PA1706|PA1707|PA1708|PA1709|PA1710|PA1711|PA1712|PA1713|PA1714|PA1715|PA1716|PA1717|PA1718|PA1719|PA1720|PA1721|PA1722|PA1723|PA1724|PA1725	refseq_adyacencia
pcrH-popB	pcrH|popB	PA1707|PA1708	refseq_adyacencia
pcrH-popBD	pcrH|popB|popD	PA1707|PA1708|PA1709	refseq_adyacencia
pcrH-popBD-exsC	pcrH|popB|popD|exsC	PA1707|PA1708|PA1709|PA1710	refseq_adyacencia
pcrH-popBD-exsCE	pcrH|popB|popD|exsC|exsE	PA1707|PA1708|PA1709|PA1710|PA1711	refseq_adyacencia
pcrH-popBD-exsCEB	pcrH|popB|popD|exsC|exsE|exsB	PA1707|PA1708|PA1709|PA1710|PA1711|PA1712	refseq_adyacencia
pcrH-popBD-exsCEBA	pcrH|popB|popD|exsC|exsE|exsB|exsA	PA1707|PA1708|PA1709|PA1710|PA1711|PA1712|PA1713	refseq_adyacencia
pcrH-popBD-exsCEBAD	pcrH|popB|popD|exsC|exsE|exsB|exsA|exsD	PA1707|PA1708|PA1709|PA1710|PA1711|PA1712|PA1713|PA1714	refseq_adyacencia
pcrH-popBD-exsCEBAD-pscB	pcrH|popB|popD|exsC|exsE|exsB|exsA|exsD|pscB	PA1707|PA1708|PA1709|PA1710|PA1711|PA1712|PA1713|PA1714|PA1715	refseq_adyacencia
pcrH-popBD-exsCEBAD-pscBC	pcrH|popB|popD|exsC|exsE|exsB|exsA|exsD|pscB|pscC	PA1707|PA1708|PA1709|PA1710|PA1711|PA1712|PA1713|PA1714|PA1715|PA1716	refseq_adyacencia
pcrH-popBD-exsCEBAD-pscBCD	pcrH|popB|popD|exsC|exsE|exsB|exsA|exsD|pscB|pscC|pscD	PA1707|PA1708|PA1709|PA1710|PA1711|PA1712|PA1713|PA1714|PA1715|PA1716|PA1717	refseq_adyacencia
pcrH-popBD-exsCEBAD-pscBCDE	pcrH|popB|popD|exsC|exsE|exsB|exsA|exsD|pscB|pscC|pscD|pscE	PA1707|PA1708|PA1709|PA1710|PA1711|PA1712|PA1713|PA1714|PA1715|PA1716|PA1717|PA1718	refseq_adyacencia
pcrH-popBD-exsCEBAD-pscBCDEF	pcrH|popB|popD|exsC|exsE|exsB|exsA|exsD|pscB|pscC|pscD|pscE|pscF	PA1707|PA1708|PA1709|PA1710|PA1711|PA1712|PA1713|PA1714|PA1715|PA1716|PA1717|PA1718|PA1719	refseq_adyacencia
pcrH-popBD-exsCEBAD-pscBCDEFG	pcrH|popB|popD|exsC|exsE|exsB|exsA|exsD|pscB|pscC|pscD|pscE|pscF|pscG	PA1707|PA1708|PA1709|PA1710|PA1711|PA1712|PA1713|PA1714|PA1715|PA1716|PA1717|PA1718|PA1719|PA1720	refseq_adyacencia
pcrH-popBD-exsCEBAD-pscBCDEFGH	pcrH|popB|popD|exsC|exsE|exsB|exsA|exsD|pscB|pscC|pscD|pscE|pscF|pscG|pscH	PA1707|PA1708|PA1709|PA1710|PA1711|PA1712|PA1713|PA1714|PA1715|PA1716|PA1717|PA1718|PA1719|PA1720|PA1721	refseq_adyacencia
pcrH-popBD-exsCEBAD-pscBCDEFGHI	pcrH|popB|popD|exsC|exsE|exsB|exsA|exsD|pscB|pscC|pscD|pscE|pscF|pscG|pscH|pscI	PA1707|PA1708|PA1709|PA1710|PA1711|PA1712|PA1713|PA1714|PA1715|PA1716|PA1717|PA1718|PA1719|PA1720|PA1721|PA1722	refseq_adyacencia
pcrH-popBD-exsCEBAD-pscBCDEFGHIJ	pcrH|popB|popD|exsC|exsE|exsB|exsA|exsD|pscB|pscC|pscD|pscE|pscF|pscG|pscH|pscI|pscJ	PA1707|PA1708|PA1709|PA1710|PA1711|PA1712|PA1713|PA1714|PA1715|PA1716|PA1717|PA1718|PA1719|PA1720|PA1721|PA1722|PA1723	refseq_adyacencia
pcrH-popBD-exsCEBAD-pscBCDEFGHIJK	pcrH|popB|popD|exsC|exsE|exsB|exsA|exsD|pscB|pscC|pscD|pscE|pscF|pscG|pscH|pscI|pscJ|pscK	PA1707|PA1708|PA1709|PA1710|PA1711|PA1712|PA1713|PA1714|PA1715|PA1716|PA1717|PA1718|PA1719|PA1720|PA1721|PA1722|PA1723|PA1724	refseq_adyacencia
pcrH-popBD-exsCEBAD-pscBCDEFGHIJKL	pcrH|popB|popD|exsC|exsE|exsB|exsA|exsD|pscB|pscC|pscD|pscE|pscF|pscG|pscH|pscI|pscJ|pscK|pscL	PA1707|PA1708|PA1709|PA1710|PA1711|PA1712|PA1713|PA1714|PA1715|PA1716|PA1717|PA1718|PA1719|PA1720|PA1721|PA1722|PA1723|PA1724|PA1725	refseq_adyacencia
pcrRG	pcrR|pcrG	PA1704|PA1705	refseq_adyacencia
pcrRGV	pcrR|pcrG|pcrV	PA1704|PA1705|PA1706	refseq_adyacencia
pcrRGVH	pcrR|pcrG|pcrV|pcrH	PA1704|PA1705|PA1706|PA1707	refseq_adyacencia
pcrRGVH-popB	pcrR|pcrG|pcrV|pcrH|popB	PA1704|PA1705|PA1706|PA1707|PA1708	refseq_adyacencia
pcrRGVH-popBD	pcrR|pcrG|pcrV|pcrH|popB|popD	PA1704|PA1705|PA1706|PA1707|PA1708|PA1709	refseq_adyacencia
pcrRGVH-popBD-exsC	pcrR|pcrG|pcrV|pcrH|popB|popD|exsC	PA1704|PA1705|PA1706|PA1707|PA1708|PA1709|PA1710	refseq_adyacencia
pcrRGVH-popBD-exsCE	pcrR|pcrG|pcrV|pcrH|popB|popD|exsC|exsE	PA1704|PA1705|PA1706|PA1707|PA1708|PA1709|PA1710|PA1711	refseq_adyacencia
pcrRGVH-popBD-exsCEB	pcrR|pcrG|pcrV|pcrH|popB|popD|exsC|exsE|exsB	PA1704|PA1705|PA1706|PA1707|PA1708|PA1709|PA1710|PA1711|PA1712	refseq_adyacencia
pcrRGVH-popBD-exsCEBA	pcrR|pcrG|pcrV|pcrH|popB|popD|exsC|exsE|exsB|exsA	PA1704|PA1705|PA1706|PA1707|PA1708|PA1709|PA1710|PA1711|PA1712|PA1713	refseq_adyacencia
pcrRGVH-popBD-exsCEBAD	pcrR|pcrG|pcrV|pcrH|popB|popD|exsC|exsE|exsB|exsA|exsD	PA1704|PA1705|PA1706|PA1707|PA1708|PA1709|PA1710|PA1711|PA1712|PA1713|PA1714	refseq_adyacencia
pcrRGVH-popBD-exsCEBAD-pscB	pcrR|pcrG|pcrV|pcrH|popB|popD|exsC|exsE|exsB|exsA|exsD|pscB	PA1704|PA1705|PA1706|PA1707|PA1708|PA1709|PA1710|PA1711|PA1712|PA1713|PA1714|PA1715	refseq_adyacencia
pcrRGVH-popBD-exsCEBAD-pscBC	pcrR|pcrG|pcrV|pcrH|popB|popD|exsC|exsE|exsB|exsA|exsD|pscB|pscC	PA1704|PA1705|PA1706|PA1707|PA1708|PA1709|PA1710|PA1711|PA1712|PA1713|PA1714|PA1715|PA1716	refseq_adyacencia
pcrRGVH-popBD-exsCEBAD-pscBCD	pcrR|pcrG|pcrV|pcrH|popB|popD|exsC|exsE|exsB|exsA|exsD|pscB|pscC|pscD	PA1704|PA1705|PA1706|PA1707|PA1708|PA1709|PA1710|PA1711|PA1712|PA1713|PA1714|PA1715|PA1716|PA1717	refseq_adyacencia
pcrRGVH-popBD-exsCEBAD-pscBCDE	pcrR|pcrG|pcrV|pcrH|popB|popD|exsC|exsE|exsB|exsA|exsD|pscB|pscC|pscD|pscE	PA1704|PA1705|PA1706|PA1707|PA1708|PA1709|PA1710|PA1711|PA1712|PA1713|PA1714|PA1715|PA1716|PA1717|PA1718	refseq_adyacencia
pcrRGVH-popBD-exsCEBAD-pscBCDEF	pcrR|pcrG|pcrV|pcrH|popB|popD|exsC|exsE|exsB|exsA|exsD|pscB|pscC|pscD|pscE|pscF	PA1704|PA1705|PA1706|PA1707|PA1708|PA1709|PA1710|PA1711|PA1712|PA1713|PA1714|PA1715|PA1716|PA1717|PA1718|PA1719	refseq_adyacencia
pcrRGVH-popBD-exsCEBAD-pscBCDEFG	pcrR|pcrG|pcrV|pcrH|popB|popD|exsC|exsE|exsB|exsA|exsD|pscB|pscC|pscD|pscE|pscF|pscG	PA1704|PA1705|PA1706|PA1707|PA1708|PA1709|PA1710|PA1711|PA1712|PA1713|PA1714|PA1715|PA1716|PA1717|PA1718|PA1719|PA1720	refseq_adyacencia
pcrRGVH-popBD-exsCEBAD-pscBCDEFGH	pcrR|pcrG|pcrV|pcrH|popB|popD|exsC|exsE|exsB|exsA|exsD|pscB|pscC|pscD|pscE|pscF|pscG|pscH	PA1704|PA1705|PA1706|PA1707|PA1708|PA1709|PA1710|PA1711|PA1712|PA1713|PA1714|PA1715|PA1716|PA1717|PA1718|PA1719|PA1720|PA1721	refseq_adyacencia
pcrRGVH-popBD-exsCEBAD-pscBCDEFGHI	pcrR|pcrG|pcrV|pcrH|popB|popD|exsC|exsE|exsB|exsA|exsD|pscB|pscC|pscD|pscE|pscF|pscG|pscH|pscI	PA1704|PA1705|PA1706|PA1707|PA1708|PA1709|PA1710|PA1711|PA1712|PA1713|PA1714|PA1715|PA1716|PA1717|PA1718|PA1719|PA1720|PA1721|PA1722	refseq_adyacencia
pcrRGVH-popBD-exsCEBAD-pscBCDEFGHIJ	pcrR|pcrG|pcrV|pcrH|popB|popD|exsC|exsE|exsB|exsA|exsD|pscB|pscC|pscD|pscE|pscF|pscG|pscH|pscI|pscJ	PA1704|PA1705|PA1706|PA1707|PA1708|PA1709|PA1710|PA1711|PA1712|PA1713|PA1714|PA1715|PA1716|PA1717|PA1718|PA1719|PA1720|PA1721|PA1722|PA1723	refseq_adyacencia
pcrRGVH-popBD-exsCEBAD-pscBCDEFGHIJK	pcrR|pcrG|pcrV|pcrH|popB|popD|exsC|exsE|exsB|exsA|exsD|pscB|pscC|pscD|pscE|pscF|pscG|pscH|pscI|pscJ|pscK	PA1704|PA1705|PA1706|PA1707|PA1708|PA1709|PA1710|PA1711|PA1712|PA1713|PA1714|PA1715|PA1716|PA1717|PA1718|PA1719|PA1720|PA1721|PA1722|PA1723|PA1724	refseq_adyacencia
pcrRGVH-popBD-exsCEBAD-pscBCDEFGHIJKL	pcrR|pcrG|pcrV|pcrH|popB|popD|exsC|exsE|exsB|exsA|exsD|pscB|pscC|pscD|pscE|pscF|pscG|pscH|pscI|pscJ|pscK|pscL	PA1704|PA1705|PA1706|PA1707|PA1708|PA1709|PA1710|PA1711|PA1712|PA1713|PA1714|PA1715|PA1716|PA1717|PA1718|PA1719|PA1720|PA1721|PA1722|PA1723|PA1724|PA1725	refseq_adyacencia
pcrVH	pcrV|pcrH	PA1706|PA1707	refseq_adyacencia
pcrVH-popB	pcrV|pcrH|popB	PA1706|PA1707|PA1708	refseq_adyacencia
pcrVH-popBD	pcrV|pcrH|popB|popD	PA1706|PA1707|PA1708|PA1709	refseq_adyacencia
pcrVH-popBD-exsC	pcrV|pcrH|popB|popD|exsC	PA1706|PA1707|PA1708|PA1709|PA1710	refseq_adyacencia
pcrVH-popBD-exsCE	pcrV|pcrH|popB|popD|exsC|exsE	PA1706|PA1707|PA1708|PA1709|PA1710|PA1711	refseq_adyacencia
pcrVH-popBD-exsCEB	pcrV|pcrH|popB|popD|exsC|exsE|exsB	PA1706|PA1707|PA1708|PA1709|PA1710|PA1711|PA1712	refseq_adyacencia
pcrVH-popBD-exsCEBA	pcrV|pcrH|popB|popD|exsC|exsE|exsB|exsA	PA1706|PA1707|PA1708|PA1709|PA1710|PA1711|PA1712|PA1713	refseq_adyacencia
pcrVH-popBD-exsCEBAD	pcrV|pcrH|popB|popD|exsC|exsE|exsB|exsA|exsD	PA1706|PA1707|PA1708|PA1709|PA1710|PA1711|PA1712|PA1713|PA1714	refseq_adyacencia
pcrVH-popBD-exsCEBAD-pscB	pcrV|pcrH|popB|popD|exsC|exsE|exsB|exsA|exsD|pscB	PA1706|PA1707|PA1708|PA1709|PA1710|PA1711|PA1712|PA1713|PA1714|PA1715	refseq_adyacencia
pcrVH-popBD-exsCEBAD-pscBC	pcrV|pcrH|popB|popD|exsC|exsE|exsB|exsA|exsD|pscB|pscC	PA1706|PA1707|PA1708|PA1709|PA1710|PA1711|PA1712|PA1713|PA1714|PA1715|PA1716	refseq_adyacencia
pcrVH-popBD-exsCEBAD-pscBCD	pcrV|pcrH|popB|popD|exsC|exsE|exsB|exsA|exsD|pscB|pscC|pscD	PA1706|PA1707|PA1708|PA1709|PA1710|PA1711|PA1712|PA1713|PA1714|PA1715|PA1716|PA1717	refseq_adyacencia
pcrVH-popBD-exsCEBAD-pscBCDE	pcrV|pcrH|popB|popD|exsC|exsE|exsB|exsA|exsD|pscB|pscC|pscD|pscE	PA1706|PA1707|PA1708|PA1709|PA1710|PA1711|PA1712|PA1713|PA1714|PA1715|PA1716|PA1717|PA1718	refseq_adyacencia
pcrVH-popBD-exsCEBAD-pscBCDEF	pcrV|pcrH|popB|popD|exsC|exsE|exsB|exsA|exsD|pscB|pscC|pscD|pscE|pscF	PA1706|PA1707|PA1708|PA1709|PA1710|PA1711|PA1712|PA1713|PA1714|PA1715|PA1716|PA1717|PA1718|PA1719	refseq_adyacencia
pcrVH-popBD-exsCEBAD-pscBCDEFG	pcrV|pcrH|popB|popD|exsC|exsE|exsB|exsA|exsD|pscB|pscC|pscD|pscE|pscF|pscG	PA1706|PA1707|PA1708|PA1709|PA1710|PA1711|PA1712|PA1713|PA1714|PA1715|PA1716|PA1717|PA1718|PA1719|PA1720	refseq_adyacencia
pcrVH-popBD-exsCEBAD-pscBCDEFGH	pcrV|pcrH|popB|popD|exsC|exsE|exsB|exsA|exsD|pscB|pscC|pscD|pscE|pscF|pscG|pscH	PA1706|PA1707|PA1708|PA1709|PA1710|PA1711|PA1712|PA1713|PA1714|PA1715|PA1716|PA1717|PA1718|PA1719|PA1720|PA1721	refseq_adyacencia
pcrVH-popBD-exsCEBAD-pscBCDEFGHI	pcrV|pcrH|popB|popD|exsC|exsE|exsB|exsA|exsD|pscB|pscC|pscD|pscE|pscF|pscG|pscH|pscI	PA1706|PA1707|PA1708|PA1709|PA1710|PA1711|PA1712|PA1713|PA1714|PA1715|PA1716|PA1717|PA1718|PA1719|PA1720|PA1721|PA1722	refseq_adyacencia
pcrVH-popBD-exsCEBAD-pscBCDEFGHIJ	pcrV|pcrH|popB|popD|exsC|exsE|exsB|exsA|exsD|pscB|pscC|pscD|pscE|pscF|pscG|pscH|pscI|pscJ	PA1706|PA1707|PA1708|PA1709|PA1710|PA1711|PA1712|PA1713|PA1714|PA1715|PA1716|PA1717|PA1718|PA1719|PA1720|PA1721|PA1722|PA1723	refseq_adyacencia
pcrVH-popBD-exsCEBAD-pscBCDEFGHIJK	pcrV|pcrH|popB|popD|exsC|exsE|exsB|exsA|exsD|pscB|pscC|pscD|pscE|pscF|pscG|pscH|pscI|pscJ|pscK	PA1706|PA1707|PA1708|PA1709|PA1710|PA1711|PA1712|PA1713|PA1714|PA1715|PA1716|PA1717|PA1718|PA1719|PA1720|PA1721|PA1722|PA1723|PA1724	refseq_adyacencia
pcrVH-popBD-exsCEBAD-pscBCDEFGHIJKL	pcrV|pcrH|popB|popD|exsC|exsE|exsB|exsA|exsD|pscB|pscC|pscD|pscE|pscF|pscG|pscH|pscI|pscJ|pscK|pscL	PA1706|PA1707|PA1708|PA1709|PA1710|PA1711|PA1712|PA1713|PA1714|PA1715|PA1716|PA1717|PA1718|PA1719|PA1720|PA1721|PA1722|PA1723|PA1724|PA1725	refseq_adyacencia
pctAB	pctA|pctB	PA4309|PA4310	refseq_adyacencia
pdxA-ksgA	pdxA|ksgA	PA0593|PA0592	refseq_adyacencia
pdxA-ksgA-apaG	pdxA|ksgA|apaG	PA0593|PA0592|PA0591	refseq_adyacencia
pdxA-ksgA-apaGH	pdxA|ksgA|apaG|apaH	PA0593|PA0592|PA0591|PA0590	refseq_adyacencia
pdxA-ksgA-apaGH-glpE	pdxA|ksgA|apaG|apaH|glpE	PA0593|PA0592|PA0591|PA0590|PA0589	refseq_adyacencia
pelAB	pelA|pelB	PA3064|PA3063	refseq_adyacencia
pelABC	pelA|pelB|pelC	PA3064|PA3063|PA3062	refseq_adyacencia
pelABCD	pelA|pelB|pelC|pelD	PA3064|PA3063|PA3062|PA3061	refseq_adyacencia
pelABCDE	pelA|pelB|pelC|pelD|pelE	PA3064|PA3063|PA3062|PA3061|PA3060	refseq_adyacencia
pelABCDEF	pelA|pelB|pelC|pelD|pelE|pelF	PA3064|PA3063|PA3062|PA3061|PA3060|PA3059	refseq_adyacencia
pelABCDEFG	pelA|pelB|pelC|pelD|pelE|pelF|pelG	PA3064|PA3063|PA3062|PA3061|PA3060|PA3059|PA3058	refseq_adyacencia
pelBC	pelB|pelC	PA3063|PA3062	refseq_adyacencia
pelBCD	pelB|pelC|pelD	PA3063|PA3062|PA3061	refseq_adyacencia
pelBCDE	pelB|pelC|pelD|pelE	PA3063|PA3062|PA3061|PA3060	refseq_adyacencia
pelBCDEF	pelB|pelC|pelD|pelE|pelF	PA3063|PA3062|PA3061|PA3060|PA3059	refseq_adyacencia
pelBCDEFG	pelB|pelC|pelD|pelE|pelF|pelG	PA3063|PA3062|PA3061|PA3060|PA3059|PA3058	refseq_adyacencia
pelCD	pelC|pelD	PA3062|PA3061	refseq_adyacencia
pelCDE	pelC|pelD|pelE	PA3062|PA3061|PA3060	refseq_adyacencia
pelCDEF	pelC|pelD|pelE|pelF	PA3062|PA3061|PA3060|PA3059	refseq_adyacencia
pelCDEFG	pelC|pelD|pelE|pelF|pelG	PA3062|PA3061|PA3060|PA3059|PA3058	refseq_adyacencia
pelDE	pelD|pelE	PA3061|PA3060	refseq_adyacencia
pelDEF	pelD|pelE|pelF	PA3061|PA3060|PA3059	refseq_adyacencia
pelDEFG	pelD|pelE|pelF|pelG	PA3061|PA3060|PA3059|PA3058	refseq_adyacencia
pelEF	pelE|pelF	PA3060|PA3059	refseq_adyacencia
pelEFG	pelE|pelF|pelG	PA3060|PA3059|PA3058	refseq_adyacencia
pelFG	pelF|pelG	PA3059|PA3058	refseq_adyacencia
pepA-holC	pepA|holC	PA3831|PA3832	refseq_adyacencia
pepP-ubiH	pepP|ubiH	PA5224|PA5223	refseq_adyacencia
pfeAE	pfeA|pfeE	PA2688|PA2689	refseq_adyacencia
pfeRS	pfeR|pfeS	PA2686|PA2687	refseq_adyacencia
pfeRSA	pfeR|pfeS|pfeA	PA2686|PA2687|PA2688	refseq_adyacencia
pfeRSAE	pfeR|pfeS|pfeA|pfeE	PA2686|PA2687|PA2688|PA2689	refseq_adyacencia
pfeSA	pfeS|pfeA	PA2687|PA2688	refseq_adyacencia
pfeSAE	pfeS|pfeA|pfeE	PA2687|PA2688|PA2689	refseq_adyacencia
pgeF-clpB	pgeF|clpB	PA4543|PA4542	refseq_adyacencia
pheST	pheS|pheT	PA2740|PA2739	refseq_adyacencia
pheST-himA	pheS|pheT|himA	PA2740|PA2739|PA2738	refseq_adyacencia
pheT-himA	pheT|himA	PA2739|PA2738	refseq_adyacencia
phhAB	phhA|phhB	PA0872|PA0871	refseq_adyacencia
phhABC	phhA|phhB|phhC	PA0872|PA0871|PA0870	refseq_adyacencia
phhABC-pbpG	phhA|phhB|phhC|pbpG	PA0872|PA0871|PA0870|PA0869	refseq_adyacencia
phhBC	phhB|phhC	PA0871|PA0870	refseq_adyacencia
phhBC-pbpG	phhB|phhC|pbpG	PA0871|PA0870|PA0869	refseq_adyacencia
phhC-pbpG	phhC|pbpG	PA0870|PA0869	refseq_adyacencia
phnAB	phnA|phnB	PA1001|PA1002	refseq_adyacencia
phnWX	phnW|phnX	PA1310|PA1311	refseq_adyacencia
phoBR	phoB|phoR	PA5360|PA5361	refseq_adyacencia
phoPQ	phoP|phoQ	PA1179|PA1180	refseq_adyacencia
pilBC	pilB|pilC	PA4526|PA4527	refseq_adyacencia
pilBCD	pilB|pilC|pilD	PA4526|PA4527|PA4528	refseq_adyacencia
pilBCD-coaE	pilB|pilC|pilD|coaE	PA4526|PA4527|PA4528|PA4529	refseq_adyacencia
pilBCD-coaE-yacG	pilB|pilC|pilD|coaE|yacG	PA4526|PA4527|PA4528|PA4529|PA4530	refseq_adyacencia
pilCD	pilC|pilD	PA4527|PA4528	refseq_adyacencia
pilCD-coaE	pilC|pilD|coaE	PA4527|PA4528|PA4529	refseq_adyacencia
pilCD-coaE-yacG	pilC|pilD|coaE|yacG	PA4527|PA4528|PA4529|PA4530	refseq_adyacencia
pilD-coaE	pilD|coaE	PA4528|PA4529	refseq_adyacencia
pilD-coaE-yacG	pilD|coaE|yacG	PA4528|PA4529|PA4530	refseq_adyacencia
pilGH	pilG|pilH	PA0408|PA0409	refseq_adyacencia
pilGHI	pilG|pilH|pilI	PA0408|PA0409|PA0410	refseq_adyacencia
pilGHIJ	pilG|pilH|pilI|pilJ	PA0408|PA0409|PA0410|PA0411	refseq_adyacencia
pilGHIJK	pilG|pilH|pilI|pilJ|pilK	PA0408|PA0409|PA0410|PA0411|PA0412	refseq_adyacencia
pilGHIJK-chpA	pilG|pilH|pilI|pilJ|pilK|chpA	PA0408|PA0409|PA0410|PA0411|PA0412|PA0413	refseq_adyacencia
pilGHIJK-chpAB	pilG|pilH|pilI|pilJ|pilK|chpA|chpB	PA0408|PA0409|PA0410|PA0411|PA0412|PA0413|PA0414	refseq_adyacencia
pilGHIJK-chpABC	pilG|pilH|pilI|pilJ|pilK|chpA|chpB|chpC	PA0408|PA0409|PA0410|PA0411|PA0412|PA0413|PA0414|PA0415	refseq_adyacencia
pilGHIJK-chpABCD	pilG|pilH|pilI|pilJ|pilK|chpA|chpB|chpC|chpD	PA0408|PA0409|PA0410|PA0411|PA0412|PA0413|PA0414|PA0415|PA0416	refseq_adyacencia
pilGHIJK-chpABCDE	pilG|pilH|pilI|pilJ|pilK|chpA|chpB|chpC|chpD|chpE	PA0408|PA0409|PA0410|PA0411|PA0412|PA0413|PA0414|PA0415|PA0416|PA0417	refseq_adyacencia
pilHI	pilH|pilI	PA0409|PA0410	refseq_adyacencia
pilHIJ	pilH|pilI|pilJ	PA0409|PA0410|PA0411	refseq_adyacencia
pilHIJK	pilH|pilI|pilJ|pilK	PA0409|PA0410|PA0411|PA0412	refseq_adyacencia
pilHIJK-chpA	pilH|pilI|pilJ|pilK|chpA	PA0409|PA0410|PA0411|PA0412|PA0413	refseq_adyacencia
pilHIJK-chpAB	pilH|pilI|pilJ|pilK|chpA|chpB	PA0409|PA0410|PA0411|PA0412|PA0413|PA0414	refseq_adyacencia
pilHIJK-chpABC	pilH|pilI|pilJ|pilK|chpA|chpB|chpC	PA0409|PA0410|PA0411|PA0412|PA0413|PA0414|PA0415	refseq_adyacencia
pilHIJK-chpABCD	pilH|pilI|pilJ|pilK|chpA|chpB|chpC|chpD	PA0409|PA0410|PA0411|PA0412|PA0413|PA0414|PA0415|PA0416	refseq_adyacencia
pilHIJK-chpABCDE	pilH|pilI|pilJ|pilK|chpA|chpB|chpC|chpD|chpE	PA0409|PA0410|PA0411|PA0412|PA0413|PA0414|PA0415|PA0416|PA0417	refseq_adyacencia
pilIJ	pilI|pilJ	PA0410|PA0411	refseq_adyacencia
pilIJK	pilI|pilJ|pilK	PA0410|PA0411|PA0412	refseq_adyacencia
pilIJK-chpA	pilI|pilJ|pilK|chpA	PA0410|PA0411|PA0412|PA0413	refseq_adyacencia
pilIJK-chpAB	pilI|pilJ|pilK|chpA|chpB	PA0410|PA0411|PA0412|PA0413|PA0414	refseq_adyacencia
pilIJK-chpABC	pilI|pilJ|pilK|chpA|chpB|chpC	PA0410|PA0411|PA0412|PA0413|PA0414|PA0415	refseq_adyacencia
pilIJK-chpABCD	pilI|pilJ|pilK|chpA|chpB|chpC|chpD	PA0410|PA0411|PA0412|PA0413|PA0414|PA0415|PA0416	refseq_adyacencia
pilIJK-chpABCDE	pilI|pilJ|pilK|chpA|chpB|chpC|chpD|chpE	PA0410|PA0411|PA0412|PA0413|PA0414|PA0415|PA0416|PA0417	refseq_adyacencia
pilJK	pilJ|pilK	PA0411|PA0412	refseq_adyacencia
pilJK-chpA	pilJ|pilK|chpA	PA0411|PA0412|PA0413	refseq_adyacencia
pilJK-chpAB	pilJ|pilK|chpA|chpB	PA0411|PA0412|PA0413|PA0414	refseq_adyacencia
pilJK-chpABC	pilJ|pilK|chpA|chpB|chpC	PA0411|PA0412|PA0413|PA0414|PA0415	refseq_adyacencia
pilJK-chpABCD	pilJ|pilK|chpA|chpB|chpC|chpD	PA0411|PA0412|PA0413|PA0414|PA0415|PA0416	refseq_adyacencia
pilJK-chpABCDE	pilJ|pilK|chpA|chpB|chpC|chpD|chpE	PA0411|PA0412|PA0413|PA0414|PA0415|PA0416|PA0417	refseq_adyacencia
pilK-chpA	pilK|chpA	PA0412|PA0413	refseq_adyacencia
pilK-chpAB	pilK|chpA|chpB	PA0412|PA0413|PA0414	refseq_adyacencia
pilK-chpABC	pilK|chpA|chpB|chpC	PA0412|PA0413|PA0414|PA0415	refseq_adyacencia
pilK-chpABCD	pilK|chpA|chpB|chpC|chpD	PA0412|PA0413|PA0414|PA0415|PA0416	refseq_adyacencia
pilK-chpABCDE	pilK|chpA|chpB|chpC|chpD|chpE	PA0412|PA0413|PA0414|PA0415|PA0416|PA0417	refseq_adyacencia
pilMN	pilM|pilN	PA5044|PA5043	refseq_adyacencia
pilMNO	pilM|pilN|pilO	PA5044|PA5043|PA5042	refseq_adyacencia
pilMNOP	pilM|pilN|pilO|pilP	PA5044|PA5043|PA5042|PA5041	refseq_adyacencia
pilMNOPQ	pilM|pilN|pilO|pilP|pilQ	PA5044|PA5043|PA5042|PA5041|PA5040	refseq_adyacencia
pilMNOPQ-aroK	pilM|pilN|pilO|pilP|pilQ|aroK	PA5044|PA5043|PA5042|PA5041|PA5040|PA5039	refseq_adyacencia
pilMNOPQ-aroKB	pilM|pilN|pilO|pilP|pilQ|aroK|aroB	PA5044|PA5043|PA5042|PA5041|PA5040|PA5039|PA5038	refseq_adyacencia
pilNO	pilN|pilO	PA5043|PA5042	refseq_adyacencia
pilNOP	pilN|pilO|pilP	PA5043|PA5042|PA5041	refseq_adyacencia
pilNOPQ	pilN|pilO|pilP|pilQ	PA5043|PA5042|PA5041|PA5040	refseq_adyacencia
pilNOPQ-aroK	pilN|pilO|pilP|pilQ|aroK	PA5043|PA5042|PA5041|PA5040|PA5039	refseq_adyacencia
pilNOPQ-aroKB	pilN|pilO|pilP|pilQ|aroK|aroB	PA5043|PA5042|PA5041|PA5040|PA5039|PA5038	refseq_adyacencia
pilOP	pilO|pilP	PA5042|PA5041	refseq_adyacencia
pilOPQ	pilO|pilP|pilQ	PA5042|PA5041|PA5040	refseq_adyacencia
pilOPQ-aroK	pilO|pilP|pilQ|aroK	PA5042|PA5041|PA5040|PA5039	refseq_adyacencia
pilOPQ-aroKB	pilO|pilP|pilQ|aroK|aroB	PA5042|PA5041|PA5040|PA5039|PA5038	refseq_adyacencia
pilPQ	pilP|pilQ	PA5041|PA5040	refseq_adyacencia
pilPQ-aroK	pilP|pilQ|aroK	PA5041|PA5040|PA5039	refseq_adyacencia
pilPQ-aroKB	pilP|pilQ|aroK|aroB	PA5041|PA5040|PA5039|PA5038	refseq_adyacencia
pilQ-aroK	pilQ|aroK	PA5040|PA5039	refseq_adyacencia
pilQ-aroKB	pilQ|aroK|aroB	PA5040|PA5039|PA5038	refseq_adyacencia
pilSR	pilS|pilR	PA4546|PA4547	refseq_adyacencia
pilTU	pilT|pilU	PA0395|PA0396	refseq_adyacencia
pilVW	pilV|pilW	PA4551|PA4552	refseq_adyacencia
pilVWX	pilV|pilW|pilX	PA4551|PA4552|PA4553	refseq_adyacencia
pilWX	pilW|pilX	PA4552|PA4553	refseq_adyacencia
pirA-cysM	pirA|cysM	PA0931|PA0932	refseq_adyacencia
pirA-cysM-ygcA	pirA|cysM|ygcA	PA0931|PA0932|PA0933	refseq_adyacencia
pirA-cysM-ygcA-relA	pirA|cysM|ygcA|relA	PA0931|PA0932|PA0933|PA0934	refseq_adyacencia
pitA-ureB	pitA|ureB	PA4866|PA4867	refseq_adyacencia
pitA-ureBC	pitA|ureB|ureC	PA4866|PA4867|PA4868	refseq_adyacencia
plcHR	plcH|plcR	PA0844|PA0843	refseq_adyacencia
plsX-fabD	plsX|fabD	PA2969|PA2968	refseq_adyacencia
plsX-fabDG	plsX|fabD|fabG	PA2969|PA2968|PA2967	refseq_adyacencia
plsX-fabDG-acpP	plsX|fabD|fabG|acpP	PA2969|PA2968|PA2967|PA2966	refseq_adyacencia
pmpR-ruvC	pmpR|ruvC	PA0964|PA0965	refseq_adyacencia
pmpR-ruvCA	pmpR|ruvC|ruvA	PA0964|PA0965|PA0966	refseq_adyacencia
pmpR-ruvCAB	pmpR|ruvC|ruvA|ruvB	PA0964|PA0965|PA0966|PA0967	refseq_adyacencia
pmrAB	pmrA|pmrB	PA4776|PA4777	refseq_adyacencia
pmrAB-cueR	pmrA|pmrB|cueR	PA4776|PA4777|PA4778	refseq_adyacencia
pmrB-cueR	pmrB|cueR	PA4777|PA4778	refseq_adyacencia
popBD	popB|popD	PA1708|PA1709	refseq_adyacencia
popBD-exsC	popB|popD|exsC	PA1708|PA1709|PA1710	refseq_adyacencia
popBD-exsCE	popB|popD|exsC|exsE	PA1708|PA1709|PA1710|PA1711	refseq_adyacencia
popBD-exsCEB	popB|popD|exsC|exsE|exsB	PA1708|PA1709|PA1710|PA1711|PA1712	refseq_adyacencia
popBD-exsCEBA	popB|popD|exsC|exsE|exsB|exsA	PA1708|PA1709|PA1710|PA1711|PA1712|PA1713	refseq_adyacencia
popBD-exsCEBAD	popB|popD|exsC|exsE|exsB|exsA|exsD	PA1708|PA1709|PA1710|PA1711|PA1712|PA1713|PA1714	refseq_adyacencia
popBD-exsCEBAD-pscB	popB|popD|exsC|exsE|exsB|exsA|exsD|pscB	PA1708|PA1709|PA1710|PA1711|PA1712|PA1713|PA1714|PA1715	refseq_adyacencia
popBD-exsCEBAD-pscBC	popB|popD|exsC|exsE|exsB|exsA|exsD|pscB|pscC	PA1708|PA1709|PA1710|PA1711|PA1712|PA1713|PA1714|PA1715|PA1716	refseq_adyacencia
popBD-exsCEBAD-pscBCD	popB|popD|exsC|exsE|exsB|exsA|exsD|pscB|pscC|pscD	PA1708|PA1709|PA1710|PA1711|PA1712|PA1713|PA1714|PA1715|PA1716|PA1717	refseq_adyacencia
popBD-exsCEBAD-pscBCDE	popB|popD|exsC|exsE|exsB|exsA|exsD|pscB|pscC|pscD|pscE	PA1708|PA1709|PA1710|PA1711|PA1712|PA1713|PA1714|PA1715|PA1716|PA1717|PA1718	refseq_adyacencia
popBD-exsCEBAD-pscBCDEF	popB|popD|exsC|exsE|exsB|exsA|exsD|pscB|pscC|pscD|pscE|pscF	PA1708|PA1709|PA1710|PA1711|PA1712|PA1713|PA1714|PA1715|PA1716|PA1717|PA1718|PA1719	refseq_adyacencia
popBD-exsCEBAD-pscBCDEFG	popB|popD|exsC|exsE|exsB|exsA|exsD|pscB|pscC|pscD|pscE|pscF|pscG	PA1708|PA1709|PA1710|PA1711|PA1712|PA1713|PA1714|PA1715|PA1716|PA1717|PA1718|PA1719|PA1720	refseq_adyacencia
popBD-exsCEBAD-pscBCDEFGH	popB|popD|exsC|exsE|exsB|exsA|exsD|pscB|pscC|pscD|pscE|pscF|pscG|pscH	PA1708|PA1709|PA1710|PA1711|PA1712|PA1713|PA1714|PA1715|PA1716|PA1717|PA1718|PA1719|PA1720|PA1721	refseq_adyacencia
popBD-exsCEBAD-pscBCDEFGHI	popB|popD|exsC|exsE|exsB|exsA|exsD|pscB|pscC|pscD|pscE|pscF|pscG|pscH|pscI	PA1708|PA1709|PA1710|PA1711|PA1712|PA1713|PA1714|PA1715|PA1716|PA1717|PA1718|PA1719|PA1720|PA1721|PA1722	refseq_adyacencia
popBD-exsCEBAD-pscBCDEFGHIJ	popB|popD|exsC|exsE|exsB|exsA|exsD|pscB|pscC|pscD|pscE|pscF|pscG|pscH|pscI|pscJ	PA1708|PA1709|PA1710|PA1711|PA1712|PA1713|PA1714|PA1715|PA1716|PA1717|PA1718|PA1719|PA1720|PA1721|PA1722|PA1723	refseq_adyacencia
popBD-exsCEBAD-pscBCDEFGHIJK	popB|popD|exsC|exsE|exsB|exsA|exsD|pscB|pscC|pscD|pscE|pscF|pscG|pscH|pscI|pscJ|pscK	PA1708|PA1709|PA1710|PA1711|PA1712|PA1713|PA1714|PA1715|PA1716|PA1717|PA1718|PA1719|PA1720|PA1721|PA1722|PA1723|PA1724	refseq_adyacencia
popBD-exsCEBAD-pscBCDEFGHIJKL	popB|popD|exsC|exsE|exsB|exsA|exsD|pscB|pscC|pscD|pscE|pscF|pscG|pscH|pscI|pscJ|pscK|pscL	PA1708|PA1709|PA1710|PA1711|PA1712|PA1713|PA1714|PA1715|PA1716|PA1717|PA1718|PA1719|PA1720|PA1721|PA1722|PA1723|PA1724|PA1725	refseq_adyacencia
popD-exsC	popD|exsC	PA1709|PA1710	refseq_adyacencia
popD-exsCE	popD|exsC|exsE	PA1709|PA1710|PA1711	refseq_adyacencia
popD-exsCEB	popD|exsC|exsE|exsB	PA1709|PA1710|PA1711|PA1712	refseq_adyacencia
popD-exsCEBA	popD|exsC|exsE|exsB|exsA	PA1709|PA1710|PA1711|PA1712|PA1713	refseq_adyacencia
popD-exsCEBAD	popD|exsC|exsE|exsB|exsA|exsD	PA1709|PA1710|PA1711|PA1712|PA1713|PA1714	refseq_adyacencia
popD-exsCEBAD-pscB	popD|exsC|exsE|exsB|exsA|exsD|pscB	PA1709|PA1710|PA1711|PA1712|PA1713|PA1714|PA1715	refseq_adyacencia
popD-exsCEBAD-pscBC	popD|exsC|exsE|exsB|exsA|exsD|pscB|pscC	PA1709|PA1710|PA1711|PA1712|PA1713|PA1714|PA1715|PA1716	refseq_adyacencia
popD-exsCEBAD-pscBCD	popD|exsC|exsE|exsB|exsA|exsD|pscB|pscC|pscD	PA1709|PA1710|PA1711|PA1712|PA1713|PA1714|PA1715|PA1716|PA1717	refseq_adyacencia
popD-exsCEBAD-pscBCDE	popD|exsC|exsE|exsB|exsA|exsD|pscB|pscC|pscD|pscE	PA1709|PA1710|PA1711|PA1712|PA1713|PA1714|PA1715|PA1716|PA1717|PA1718	refseq_adyacencia
popD-exsCEBAD-pscBCDEF	popD|exsC|exsE|exsB|exsA|exsD|pscB|pscC|pscD|pscE|pscF	PA1709|PA1710|PA1711|PA1712|PA1713|PA1714|PA1715|PA1716|PA1717|PA1718|PA1719	refseq_adyacencia
popD-exsCEBAD-pscBCDEFG	popD|exsC|exsE|exsB|exsA|exsD|pscB|pscC|pscD|pscE|pscF|pscG	PA1709|PA1710|PA1711|PA1712|PA1713|PA1714|PA1715|PA1716|PA1717|PA1718|PA1719|PA1720	refseq_adyacencia
popD-exsCEBAD-pscBCDEFGH	popD|exsC|exsE|exsB|exsA|exsD|pscB|pscC|pscD|pscE|pscF|pscG|pscH	PA1709|PA1710|PA1711|PA1712|PA1713|PA1714|PA1715|PA1716|PA1717|PA1718|PA1719|PA1720|PA1721	refseq_adyacencia
popD-exsCEBAD-pscBCDEFGHI	popD|exsC|exsE|exsB|exsA|exsD|pscB|pscC|pscD|pscE|pscF|pscG|pscH|pscI	PA1709|PA1710|PA1711|PA1712|PA1713|PA1714|PA1715|PA1716|PA1717|PA1718|PA1719|PA1720|PA1721|PA1722	refseq_adyacencia
popD-exsCEBAD-pscBCDEFGHIJ	popD|exsC|exsE|exsB|exsA|exsD|pscB|pscC|pscD|pscE|pscF|pscG|pscH|pscI|pscJ	PA1709|PA1710|PA1711|PA1712|PA1713|PA1714|PA1715|PA1716|PA1717|PA1718|PA1719|PA1720|PA1721|PA1722|PA1723	refseq_adyacencia
popD-exsCEBAD-pscBCDEFGHIJK	popD|exsC|exsE|exsB|exsA|exsD|pscB|pscC|pscD|pscE|pscF|pscG|pscH|pscI|pscJ|pscK	PA1709|PA1710|PA1711|PA1712|PA1713|PA1714|PA1715|PA1716|PA1717|PA1718|PA1719|PA1720|PA1721|PA1722|PA1723|PA1724	refseq_adyacencia
popD-exsCEBAD-pscBCDEFGHIJKL	popD|exsC|exsE|exsB|exsA|exsD|pscB|pscC|pscD|pscE|pscF|pscG|pscH|pscI|pscJ|pscK|pscL	PA1709|PA1710|PA1711|PA1712|PA1713|PA1714|PA1715|PA1716|PA1717|PA1718|PA1719|PA1720|PA1721|PA1722|PA1723|PA1724|PA1725	refseq_adyacencia
potAB	potA|potB	PA3607|PA3608	refseq_adyacencia
potABC	potA|potB|potC	PA3607|PA3608|PA3609	refseq_adyacencia
potABCD	potA|potB|potC|potD	PA3607|PA3608|PA3609|PA3610	refseq_adyacencia
potBC	potB|potC	PA3608|PA3609	refseq_adyacencia
potBCD	potB|potC|potD	PA3608|PA3609|PA3610	refseq_adyacencia
potCD	potC|potD	PA3609|PA3610	refseq_adyacencia
ppgL-mexG	ppgL|mexG	PA4204|PA4205	refseq_adyacencia
ppgL-mexGH	ppgL|mexG|mexH	PA4204|PA4205|PA4206	refseq_adyacencia
ppgL-mexGHI	ppgL|mexG|mexH|mexI	PA4204|PA4205|PA4206|PA4207	refseq_adyacencia
ppgL-mexGHI-opmD	ppgL|mexG|mexH|mexI|opmD	PA4204|PA4205|PA4206|PA4207|PA4208	refseq_adyacencia
ppiB-lpxH	ppiB|lpxH	PA1793|PA1792	refseq_adyacencia
pppA-ppkA	pppA|ppkA	PA0075|PA0074	refseq_adyacencia
ppsA-estX	ppsA|estX	PA1770|PA1771	refseq_adyacencia
pqqAB	pqqA|pqqB	PA1985|PA1986	refseq_adyacencia
pqqABC	pqqA|pqqB|pqqC	PA1985|PA1986|PA1987	refseq_adyacencia
pqqABCD	pqqA|pqqB|pqqC|pqqD	PA1985|PA1986|PA1987|PA1988	refseq_adyacencia
pqqABCDE	pqqA|pqqB|pqqC|pqqD|pqqE	PA1985|PA1986|PA1987|PA1988|PA1989	refseq_adyacencia
pqqABCDEH	pqqA|pqqB|pqqC|pqqD|pqqE|pqqH	PA1985|PA1986|PA1987|PA1988|PA1989|PA1990	refseq_adyacencia
pqqABCDEH-ercA	pqqA|pqqB|pqqC|pqqD|pqqE|pqqH|ercA	PA1985|PA1986|PA1987|PA1988|PA1989|PA1990|PA1991	refseq_adyacencia
pqqABCDEH-ercAS	pqqA|pqqB|pqqC|pqqD|pqqE|pqqH|ercA|ercS	PA1985|PA1986|PA1987|PA1988|PA1989|PA1990|PA1991|PA1992	refseq_adyacencia
pqqBC	pqqB|pqqC	PA1986|PA1987	refseq_adyacencia
pqqBCD	pqqB|pqqC|pqqD	PA1986|PA1987|PA1988	refseq_adyacencia
pqqBCDE	pqqB|pqqC|pqqD|pqqE	PA1986|PA1987|PA1988|PA1989	refseq_adyacencia
pqqBCDEH	pqqB|pqqC|pqqD|pqqE|pqqH	PA1986|PA1987|PA1988|PA1989|PA1990	refseq_adyacencia
pqqBCDEH-ercA	pqqB|pqqC|pqqD|pqqE|pqqH|ercA	PA1986|PA1987|PA1988|PA1989|PA1990|PA1991	refseq_adyacencia
pqqBCDEH-ercAS	pqqB|pqqC|pqqD|pqqE|pqqH|ercA|ercS	PA1986|PA1987|PA1988|PA1989|PA1990|PA1991|PA1992	refseq_adyacencia
pqqCD	pqqC|pqqD	PA1987|PA1988	refseq_adyacencia
pqqCDE	pqqC|pqqD|pqqE	PA1987|PA1988|PA1989	refseq_adyacencia
pqqCDEH	pqqC|pqqD|pqqE|pqqH	PA1987|PA1988|PA1989|PA1990	refseq_adyacencia
pqqCDEH-ercA	pqqC|pqqD|pqqE|pqqH|ercA	PA1987|PA1988|PA1989|PA1990|PA1991	refseq_adyacencia
pqqCDEH-ercAS	pqqC|pqqD|pqqE|pqqH|ercA|ercS	PA1987|PA1988|PA1989|PA1990|PA1991|PA1992	refseq_adyacencia
pqqDE	pqqD|pqqE	PA1988|PA1989	refseq_adyacencia
pqqDEH	pqqD|pqqE|pqqH	PA1988|PA1989|PA1990	refseq_adyacencia
pqqDEH-ercA	pqqD|pqqE|pqqH|ercA	PA1988|PA1989|PA1990|PA1991	refseq_adyacencia
pqqDEH-ercAS	pqqD|pqqE|pqqH|ercA|ercS	PA1988|PA1989|PA1990|PA1991|PA1992	refseq_adyacencia
pqqEH	pqqE|pqqH	PA1989|PA1990	refseq_adyacencia
pqqEH-ercA	pqqE|pqqH|ercA	PA1989|PA1990|PA1991	refseq_adyacencia
pqqEH-ercAS	pqqE|pqqH|ercA|ercS	PA1989|PA1990|PA1991|PA1992	refseq_adyacencia
pqqH-ercA	pqqH|ercA	PA1990|PA1991	refseq_adyacencia
pqqH-ercAS	pqqH|ercA|ercS	PA1990|PA1991|PA1992	refseq_adyacencia
pqsAB	pqsA|pqsB	PA0996|PA0997	refseq_adyacencia
pqsABC	pqsA|pqsB|pqsC	PA0996|PA0997|PA0998	refseq_adyacencia
pqsABCD	pqsA|pqsB|pqsC|pqsD	PA0996|PA0997|PA0998|PA0999	refseq_adyacencia
pqsABCDE	pqsA|pqsB|pqsC|pqsD|pqsE	PA0996|PA0997|PA0998|PA0999|PA1000	refseq_adyacencia
pqsABCDE-phnA	pqsA|pqsB|pqsC|pqsD|pqsE|phnA	PA0996|PA0997|PA0998|PA0999|PA1000|PA1001	refseq_adyacencia
pqsABCDE-phnAB	pqsA|pqsB|pqsC|pqsD|pqsE|phnA|phnB	PA0996|PA0997|PA0998|PA0999|PA1000|PA1001|PA1002	refseq_adyacencia
pqsBC	pqsB|pqsC	PA0997|PA0998	refseq_adyacencia
pqsBCD	pqsB|pqsC|pqsD	PA0997|PA0998|PA0999	refseq_adyacencia
pqsBCDE	pqsB|pqsC|pqsD|pqsE	PA0997|PA0998|PA0999|PA1000	refseq_adyacencia
pqsBCDE-phnA	pqsB|pqsC|pqsD|pqsE|phnA	PA0997|PA0998|PA0999|PA1000|PA1001	refseq_adyacencia
pqsBCDE-phnAB	pqsB|pqsC|pqsD|pqsE|phnA|phnB	PA0997|PA0998|PA0999|PA1000|PA1001|PA1002	refseq_adyacencia
pqsCD	pqsC|pqsD	PA0998|PA0999	refseq_adyacencia
pqsCDE	pqsC|pqsD|pqsE	PA0998|PA0999|PA1000	refseq_adyacencia
pqsCDE-phnA	pqsC|pqsD|pqsE|phnA	PA0998|PA0999|PA1000|PA1001	refseq_adyacencia
pqsCDE-phnAB	pqsC|pqsD|pqsE|phnA|phnB	PA0998|PA0999|PA1000|PA1001|PA1002	refseq_adyacencia
pqsDE	pqsD|pqsE	PA0999|PA1000	refseq_adyacencia
pqsDE-phnA	pqsD|pqsE|phnA	PA0999|PA1000|PA1001	refseq_adyacencia
pqsDE-phnAB	pqsD|pqsE|phnA|phnB	PA0999|PA1000|PA1001|PA1002	refseq_adyacencia
pqsE-phnA	pqsE|phnA	PA1000|PA1001	refseq_adyacencia
pqsE-phnAB	pqsE|phnA|phnB	PA1000|PA1001|PA1002	refseq_adyacencia
pqsH-gacA	pqsH|gacA	PA2587|PA2586	refseq_adyacencia
pqsH-gacA-uvrC	pqsH|gacA|uvrC	PA2587|PA2586|PA2585	refseq_adyacencia
pqsH-gacA-uvrC-pgsA	pqsH|gacA|uvrC|pgsA	PA2587|PA2586|PA2585|PA2584	refseq_adyacencia
prfA-hemK	prfA|hemK	PA4665|PA4664	refseq_adyacencia
prfA-hemK-moeB	prfA|hemK|moeB	PA4665|PA4664|PA4663	refseq_adyacencia
prfA-hemK-moeB-murI	prfA|hemK|moeB|murI	PA4665|PA4664|PA4663|PA4662	refseq_adyacencia
prfA-hemK-moeB-murI-pagL	prfA|hemK|moeB|murI|pagL	PA4665|PA4664|PA4663|PA4662|PA4661	refseq_adyacencia
prfB-lysS	prfB|lysS	PA3701|PA3700	refseq_adyacencia
priA-argS	priA|argS	PA5050|PA5051	refseq_adyacencia
proA-nadD	proA|nadD	PA4007|PA4006	refseq_adyacencia
proA-nadD-rsfS	proA|nadD|rsfS	PA4007|PA4006|PA4005	refseq_adyacencia
proA-nadD-rsfS-rlmH	proA|nadD|rsfS|rlmH	PA4007|PA4006|PA4005|PA4004	refseq_adyacencia
proA-nadD-rsfS-rlmH-pbpA	proA|nadD|rsfS|rlmH|pbpA	PA4007|PA4006|PA4005|PA4004|PA4003	refseq_adyacencia
proA-nadD-rsfS-rlmH-pbpA-rodA	proA|nadD|rsfS|rlmH|pbpA|rodA	PA4007|PA4006|PA4005|PA4004|PA4003|PA4002	refseq_adyacencia
prpBC	prpB|prpC	PA0796|PA0795	refseq_adyacencia
prtRN	prtR|prtN	PA0611|PA0610	refseq_adyacencia
pscBC	pscB|pscC	PA1715|PA1716	refseq_adyacencia
pscBCD	pscB|pscC|pscD	PA1715|PA1716|PA1717	refseq_adyacencia
pscBCDE	pscB|pscC|pscD|pscE	PA1715|PA1716|PA1717|PA1718	refseq_adyacencia
pscBCDEF	pscB|pscC|pscD|pscE|pscF	PA1715|PA1716|PA1717|PA1718|PA1719	refseq_adyacencia
pscBCDEFG	pscB|pscC|pscD|pscE|pscF|pscG	PA1715|PA1716|PA1717|PA1718|PA1719|PA1720	refseq_adyacencia
pscBCDEFGH	pscB|pscC|pscD|pscE|pscF|pscG|pscH	PA1715|PA1716|PA1717|PA1718|PA1719|PA1720|PA1721	refseq_adyacencia
pscBCDEFGHI	pscB|pscC|pscD|pscE|pscF|pscG|pscH|pscI	PA1715|PA1716|PA1717|PA1718|PA1719|PA1720|PA1721|PA1722	refseq_adyacencia
pscBCDEFGHIJ	pscB|pscC|pscD|pscE|pscF|pscG|pscH|pscI|pscJ	PA1715|PA1716|PA1717|PA1718|PA1719|PA1720|PA1721|PA1722|PA1723	refseq_adyacencia
pscBCDEFGHIJK	pscB|pscC|pscD|pscE|pscF|pscG|pscH|pscI|pscJ|pscK	PA1715|PA1716|PA1717|PA1718|PA1719|PA1720|PA1721|PA1722|PA1723|PA1724	refseq_adyacencia
pscBCDEFGHIJKL	pscB|pscC|pscD|pscE|pscF|pscG|pscH|pscI|pscJ|pscK|pscL	PA1715|PA1716|PA1717|PA1718|PA1719|PA1720|PA1721|PA1722|PA1723|PA1724|PA1725	refseq_adyacencia
pscCD	pscC|pscD	PA1716|PA1717	refseq_adyacencia
pscCDE	pscC|pscD|pscE	PA1716|PA1717|PA1718	refseq_adyacencia
pscCDEF	pscC|pscD|pscE|pscF	PA1716|PA1717|PA1718|PA1719	refseq_adyacencia
pscCDEFG	pscC|pscD|pscE|pscF|pscG	PA1716|PA1717|PA1718|PA1719|PA1720	refseq_adyacencia
pscCDEFGH	pscC|pscD|pscE|pscF|pscG|pscH	PA1716|PA1717|PA1718|PA1719|PA1720|PA1721	refseq_adyacencia
pscCDEFGHI	pscC|pscD|pscE|pscF|pscG|pscH|pscI	PA1716|PA1717|PA1718|PA1719|PA1720|PA1721|PA1722	refseq_adyacencia
pscCDEFGHIJ	pscC|pscD|pscE|pscF|pscG|pscH|pscI|pscJ	PA1716|PA1717|PA1718|PA1719|PA1720|PA1721|PA1722|PA1723	refseq_adyacencia
pscCDEFGHIJK	pscC|pscD|pscE|pscF|pscG|pscH|pscI|pscJ|pscK	PA1716|PA1717|PA1718|PA1719|PA1720|PA1721|PA1722|PA1723|PA1724	refseq_adyacencia
pscCDEFGHIJKL	pscC|pscD|pscE|pscF|pscG|pscH|pscI|pscJ|pscK|pscL	PA1716|PA1717|PA1718|PA1719|PA1720|PA1721|PA1722|PA1723|PA1724|PA1725	refseq_adyacencia
pscDE	pscD|pscE	PA1717|PA1718	refseq_adyacencia
pscDEF	pscD|pscE|pscF	PA1717|PA1718|PA1719	refseq_adyacencia
pscDEFG	pscD|pscE|pscF|pscG	PA1717|PA1718|PA1719|PA1720	refseq_adyacencia
pscDEFGH	pscD|pscE|pscF|pscG|pscH	PA1717|PA1718|PA1719|PA1720|PA1721	refseq_adyacencia
pscDEFGHI	pscD|pscE|pscF|pscG|pscH|pscI	PA1717|PA1718|PA1719|PA1720|PA1721|PA1722	refseq_adyacencia
pscDEFGHIJ	pscD|pscE|pscF|pscG|pscH|pscI|pscJ	PA1717|PA1718|PA1719|PA1720|PA1721|PA1722|PA1723	refseq_adyacencia
pscDEFGHIJK	pscD|pscE|pscF|pscG|pscH|pscI|pscJ|pscK	PA1717|PA1718|PA1719|PA1720|PA1721|PA1722|PA1723|PA1724	refseq_adyacencia
pscDEFGHIJKL	pscD|pscE|pscF|pscG|pscH|pscI|pscJ|pscK|pscL	PA1717|PA1718|PA1719|PA1720|PA1721|PA1722|PA1723|PA1724|PA1725	refseq_adyacencia
pscEF	pscE|pscF	PA1718|PA1719	refseq_adyacencia
pscEFG	pscE|pscF|pscG	PA1718|PA1719|PA1720	refseq_adyacencia
pscEFGH	pscE|pscF|pscG|pscH	PA1718|PA1719|PA1720|PA1721	refseq_adyacencia
pscEFGHI	pscE|pscF|pscG|pscH|pscI	PA1718|PA1719|PA1720|PA1721|PA1722	refseq_adyacencia
pscEFGHIJ	pscE|pscF|pscG|pscH|pscI|pscJ	PA1718|PA1719|PA1720|PA1721|PA1722|PA1723	refseq_adyacencia
pscEFGHIJK	pscE|pscF|pscG|pscH|pscI|pscJ|pscK	PA1718|PA1719|PA1720|PA1721|PA1722|PA1723|PA1724	refseq_adyacencia
pscEFGHIJKL	pscE|pscF|pscG|pscH|pscI|pscJ|pscK|pscL	PA1718|PA1719|PA1720|PA1721|PA1722|PA1723|PA1724|PA1725	refseq_adyacencia
pscFG	pscF|pscG	PA1719|PA1720	refseq_adyacencia
pscFGH	pscF|pscG|pscH	PA1719|PA1720|PA1721	refseq_adyacencia
pscFGHI	pscF|pscG|pscH|pscI	PA1719|PA1720|PA1721|PA1722	refseq_adyacencia
pscFGHIJ	pscF|pscG|pscH|pscI|pscJ	PA1719|PA1720|PA1721|PA1722|PA1723	refseq_adyacencia
pscFGHIJK	pscF|pscG|pscH|pscI|pscJ|pscK	PA1719|PA1720|PA1721|PA1722|PA1723|PA1724	refseq_adyacencia
pscFGHIJKL	pscF|pscG|pscH|pscI|pscJ|pscK|pscL	PA1719|PA1720|PA1721|PA1722|PA1723|PA1724|PA1725	refseq_adyacencia
pscGH	pscG|pscH	PA1720|PA1721	refseq_adyacencia
pscGHI	pscG|pscH|pscI	PA1720|PA1721|PA1722	refseq_adyacencia
pscGHIJ	pscG|pscH|pscI|pscJ	PA1720|PA1721|PA1722|PA1723	refseq_adyacencia
pscGHIJK	pscG|pscH|pscI|pscJ|pscK	PA1720|PA1721|PA1722|PA1723|PA1724	refseq_adyacencia
pscGHIJKL	pscG|pscH|pscI|pscJ|pscK|pscL	PA1720|PA1721|PA1722|PA1723|PA1724|PA1725	refseq_adyacencia
pscHI	pscH|pscI	PA1721|PA1722	refseq_adyacencia
pscHIJ	pscH|pscI|pscJ	PA1721|PA1722|PA1723	refseq_adyacencia
pscHIJK	pscH|pscI|pscJ|pscK	PA1721|PA1722|PA1723|PA1724	refseq_adyacencia
pscHIJKL	pscH|pscI|pscJ|pscK|pscL	PA1721|PA1722|PA1723|PA1724|PA1725	refseq_adyacencia
pscIJ	pscI|pscJ	PA1722|PA1723	refseq_adyacencia
pscIJK	pscI|pscJ|pscK	PA1722|PA1723|PA1724	refseq_adyacencia
pscIJKL	pscI|pscJ|pscK|pscL	PA1722|PA1723|PA1724|PA1725	refseq_adyacencia
pscJK	pscJ|pscK	PA1723|PA1724	refseq_adyacencia
pscJKL	pscJ|pscK|pscL	PA1723|PA1724|PA1725	refseq_adyacencia
pscKL	pscK|pscL	PA1724|PA1725	refseq_adyacencia
pscOP	pscO|pscP	PA1696|PA1695	refseq_adyacencia
pscOPQ	pscO|pscP|pscQ	PA1696|PA1695|PA1694	refseq_adyacencia
pscOPQR	pscO|pscP|pscQ|pscR	PA1696|PA1695|PA1694|PA1693	refseq_adyacencia
pscPQ	pscP|pscQ	PA1695|PA1694	refseq_adyacencia
pscPQR	pscP|pscQ|pscR	PA1695|PA1694|PA1693	refseq_adyacencia
pscQR	pscQ|pscR	PA1694|PA1693	refseq_adyacencia
pscTU	pscT|pscU	PA1691|PA1690	refseq_adyacencia
pslAB	pslA|pslB	PA2231|PA2232	refseq_adyacencia
pslABC	pslA|pslB|pslC	PA2231|PA2232|PA2233	refseq_adyacencia
pslABCD	pslA|pslB|pslC|pslD	PA2231|PA2232|PA2233|PA2234	refseq_adyacencia
pslABCDE	pslA|pslB|pslC|pslD|pslE	PA2231|PA2232|PA2233|PA2234|PA2235	refseq_adyacencia
pslABCDEF	pslA|pslB|pslC|pslD|pslE|pslF	PA2231|PA2232|PA2233|PA2234|PA2235|PA2236	refseq_adyacencia
pslABCDEFG	pslA|pslB|pslC|pslD|pslE|pslF|pslG	PA2231|PA2232|PA2233|PA2234|PA2235|PA2236|PA2237	refseq_adyacencia
pslABCDEFGH	pslA|pslB|pslC|pslD|pslE|pslF|pslG|pslH	PA2231|PA2232|PA2233|PA2234|PA2235|PA2236|PA2237|PA2238	refseq_adyacencia
pslABCDEFGHI	pslA|pslB|pslC|pslD|pslE|pslF|pslG|pslH|pslI	PA2231|PA2232|PA2233|PA2234|PA2235|PA2236|PA2237|PA2238|PA2239	refseq_adyacencia
pslABCDEFGHIJ	pslA|pslB|pslC|pslD|pslE|pslF|pslG|pslH|pslI|pslJ	PA2231|PA2232|PA2233|PA2234|PA2235|PA2236|PA2237|PA2238|PA2239|PA2240	refseq_adyacencia
pslABCDEFGHIJK	pslA|pslB|pslC|pslD|pslE|pslF|pslG|pslH|pslI|pslJ|pslK	PA2231|PA2232|PA2233|PA2234|PA2235|PA2236|PA2237|PA2238|PA2239|PA2240|PA2241	refseq_adyacencia
pslABCDEFGHIJKL	pslA|pslB|pslC|pslD|pslE|pslF|pslG|pslH|pslI|pslJ|pslK|pslL	PA2231|PA2232|PA2233|PA2234|PA2235|PA2236|PA2237|PA2238|PA2239|PA2240|PA2241|PA2242	refseq_adyacencia
pslABCDEFGHIJKLM	pslA|pslB|pslC|pslD|pslE|pslF|pslG|pslH|pslI|pslJ|pslK|pslL|pslM	PA2231|PA2232|PA2233|PA2234|PA2235|PA2236|PA2237|PA2238|PA2239|PA2240|PA2241|PA2242|PA2243	refseq_adyacencia
pslABCDEFGHIJKLMN	pslA|pslB|pslC|pslD|pslE|pslF|pslG|pslH|pslI|pslJ|pslK|pslL|pslM|pslN	PA2231|PA2232|PA2233|PA2234|PA2235|PA2236|PA2237|PA2238|PA2239|PA2240|PA2241|PA2242|PA2243|PA2244	refseq_adyacencia
pslBC	pslB|pslC	PA2232|PA2233	refseq_adyacencia
pslBCD	pslB|pslC|pslD	PA2232|PA2233|PA2234	refseq_adyacencia
pslBCDE	pslB|pslC|pslD|pslE	PA2232|PA2233|PA2234|PA2235	refseq_adyacencia
pslBCDEF	pslB|pslC|pslD|pslE|pslF	PA2232|PA2233|PA2234|PA2235|PA2236	refseq_adyacencia
pslBCDEFG	pslB|pslC|pslD|pslE|pslF|pslG	PA2232|PA2233|PA2234|PA2235|PA2236|PA2237	refseq_adyacencia
pslBCDEFGH	pslB|pslC|pslD|pslE|pslF|pslG|pslH	PA2232|PA2233|PA2234|PA2235|PA2236|PA2237|PA2238	refseq_adyacencia
pslBCDEFGHI	pslB|pslC|pslD|pslE|pslF|pslG|pslH|pslI	PA2232|PA2233|PA2234|PA2235|PA2236|PA2237|PA2238|PA2239	refseq_adyacencia
pslBCDEFGHIJ	pslB|pslC|pslD|pslE|pslF|pslG|pslH|pslI|pslJ	PA2232|PA2233|PA2234|PA2235|PA2236|PA2237|PA2238|PA2239|PA2240	refseq_adyacencia
pslBCDEFGHIJK	pslB|pslC|pslD|pslE|pslF|pslG|pslH|pslI|pslJ|pslK	PA2232|PA2233|PA2234|PA2235|PA2236|PA2237|PA2238|PA2239|PA2240|PA2241	refseq_adyacencia
pslBCDEFGHIJKL	pslB|pslC|pslD|pslE|pslF|pslG|pslH|pslI|pslJ|pslK|pslL	PA2232|PA2233|PA2234|PA2235|PA2236|PA2237|PA2238|PA2239|PA2240|PA2241|PA2242	refseq_adyacencia
pslBCDEFGHIJKLM	pslB|pslC|pslD|pslE|pslF|pslG|pslH|pslI|pslJ|pslK|pslL|pslM	PA2232|PA2233|PA2234|PA2235|PA2236|PA2237|PA2238|PA2239|PA2240|PA2241|PA2242|PA2243	refseq_adyacencia
pslBCDEFGHIJKLMN	pslB|pslC|pslD|pslE|pslF|pslG|pslH|pslI|pslJ|pslK|pslL|pslM|pslN	PA2232|PA2233|PA2234|PA2235|PA2236|PA2237|PA2238|PA2239|PA2240|PA2241|PA2242|PA2243|PA2244	refseq_adyacencia
pslCD	pslC|pslD	PA2233|PA2234	refseq_adyacencia
pslCDE	pslC|pslD|pslE	PA2233|PA2234|PA2235	refseq_adyacencia
pslCDEF	pslC|pslD|pslE|pslF	PA2233|PA2234|PA2235|PA2236	refseq_adyacencia
pslCDEFG	pslC|pslD|pslE|pslF|pslG	PA2233|PA2234|PA2235|PA2236|PA2237	refseq_adyacencia
pslCDEFGH	pslC|pslD|pslE|pslF|pslG|pslH	PA2233|PA2234|PA2235|PA2236|PA2237|PA2238	refseq_adyacencia
pslCDEFGHI	pslC|pslD|pslE|pslF|pslG|pslH|pslI	PA2233|PA2234|PA2235|PA2236|PA2237|PA2238|PA2239	refseq_adyacencia
pslCDEFGHIJ	pslC|pslD|pslE|pslF|pslG|pslH|pslI|pslJ	PA2233|PA2234|PA2235|PA2236|PA2237|PA2238|PA2239|PA2240	refseq_adyacencia
pslCDEFGHIJK	pslC|pslD|pslE|pslF|pslG|pslH|pslI|pslJ|pslK	PA2233|PA2234|PA2235|PA2236|PA2237|PA2238|PA2239|PA2240|PA2241	refseq_adyacencia
pslCDEFGHIJKL	pslC|pslD|pslE|pslF|pslG|pslH|pslI|pslJ|pslK|pslL	PA2233|PA2234|PA2235|PA2236|PA2237|PA2238|PA2239|PA2240|PA2241|PA2242	refseq_adyacencia
pslCDEFGHIJKLM	pslC|pslD|pslE|pslF|pslG|pslH|pslI|pslJ|pslK|pslL|pslM	PA2233|PA2234|PA2235|PA2236|PA2237|PA2238|PA2239|PA2240|PA2241|PA2242|PA2243	refseq_adyacencia
pslCDEFGHIJKLMN	pslC|pslD|pslE|pslF|pslG|pslH|pslI|pslJ|pslK|pslL|pslM|pslN	PA2233|PA2234|PA2235|PA2236|PA2237|PA2238|PA2239|PA2240|PA2241|PA2242|PA2243|PA2244	refseq_adyacencia
pslDE	pslD|pslE	PA2234|PA2235	refseq_adyacencia
pslDEF	pslD|pslE|pslF	PA2234|PA2235|PA2236	refseq_adyacencia
pslDEFG	pslD|pslE|pslF|pslG	PA2234|PA2235|PA2236|PA2237	refseq_adyacencia
pslDEFGH	pslD|pslE|pslF|pslG|pslH	PA2234|PA2235|PA2236|PA2237|PA2238	refseq_adyacencia
pslDEFGHI	pslD|pslE|pslF|pslG|pslH|pslI	PA2234|PA2235|PA2236|PA2237|PA2238|PA2239	refseq_adyacencia
pslDEFGHIJ	pslD|pslE|pslF|pslG|pslH|pslI|pslJ	PA2234|PA2235|PA2236|PA2237|PA2238|PA2239|PA2240	refseq_adyacencia
pslDEFGHIJK	pslD|pslE|pslF|pslG|pslH|pslI|pslJ|pslK	PA2234|PA2235|PA2236|PA2237|PA2238|PA2239|PA2240|PA2241	refseq_adyacencia
pslDEFGHIJKL	pslD|pslE|pslF|pslG|pslH|pslI|pslJ|pslK|pslL	PA2234|PA2235|PA2236|PA2237|PA2238|PA2239|PA2240|PA2241|PA2242	refseq_adyacencia
pslDEFGHIJKLM	pslD|pslE|pslF|pslG|pslH|pslI|pslJ|pslK|pslL|pslM	PA2234|PA2235|PA2236|PA2237|PA2238|PA2239|PA2240|PA2241|PA2242|PA2243	refseq_adyacencia
pslDEFGHIJKLMN	pslD|pslE|pslF|pslG|pslH|pslI|pslJ|pslK|pslL|pslM|pslN	PA2234|PA2235|PA2236|PA2237|PA2238|PA2239|PA2240|PA2241|PA2242|PA2243|PA2244	refseq_adyacencia
pslEF	pslE|pslF	PA2235|PA2236	refseq_adyacencia
pslEFG	pslE|pslF|pslG	PA2235|PA2236|PA2237	refseq_adyacencia
pslEFGH	pslE|pslF|pslG|pslH	PA2235|PA2236|PA2237|PA2238	refseq_adyacencia
pslEFGHI	pslE|pslF|pslG|pslH|pslI	PA2235|PA2236|PA2237|PA2238|PA2239	refseq_adyacencia
pslEFGHIJ	pslE|pslF|pslG|pslH|pslI|pslJ	PA2235|PA2236|PA2237|PA2238|PA2239|PA2240	refseq_adyacencia
pslEFGHIJK	pslE|pslF|pslG|pslH|pslI|pslJ|pslK	PA2235|PA2236|PA2237|PA2238|PA2239|PA2240|PA2241	refseq_adyacencia
pslEFGHIJKL	pslE|pslF|pslG|pslH|pslI|pslJ|pslK|pslL	PA2235|PA2236|PA2237|PA2238|PA2239|PA2240|PA2241|PA2242	refseq_adyacencia
pslEFGHIJKLM	pslE|pslF|pslG|pslH|pslI|pslJ|pslK|pslL|pslM	PA2235|PA2236|PA2237|PA2238|PA2239|PA2240|PA2241|PA2242|PA2243	refseq_adyacencia
pslEFGHIJKLMN	pslE|pslF|pslG|pslH|pslI|pslJ|pslK|pslL|pslM|pslN	PA2235|PA2236|PA2237|PA2238|PA2239|PA2240|PA2241|PA2242|PA2243|PA2244	refseq_adyacencia
pslFG	pslF|pslG	PA2236|PA2237	refseq_adyacencia
pslFGH	pslF|pslG|pslH	PA2236|PA2237|PA2238	refseq_adyacencia
pslFGHI	pslF|pslG|pslH|pslI	PA2236|PA2237|PA2238|PA2239	refseq_adyacencia
pslFGHIJ	pslF|pslG|pslH|pslI|pslJ	PA2236|PA2237|PA2238|PA2239|PA2240	refseq_adyacencia
pslFGHIJK	pslF|pslG|pslH|pslI|pslJ|pslK	PA2236|PA2237|PA2238|PA2239|PA2240|PA2241	refseq_adyacencia
pslFGHIJKL	pslF|pslG|pslH|pslI|pslJ|pslK|pslL	PA2236|PA2237|PA2238|PA2239|PA2240|PA2241|PA2242	refseq_adyacencia
pslFGHIJKLM	pslF|pslG|pslH|pslI|pslJ|pslK|pslL|pslM	PA2236|PA2237|PA2238|PA2239|PA2240|PA2241|PA2242|PA2243	refseq_adyacencia
pslFGHIJKLMN	pslF|pslG|pslH|pslI|pslJ|pslK|pslL|pslM|pslN	PA2236|PA2237|PA2238|PA2239|PA2240|PA2241|PA2242|PA2243|PA2244	refseq_adyacencia
pslGH	pslG|pslH	PA2237|PA2238	refseq_adyacencia
pslGHI	pslG|pslH|pslI	PA2237|PA2238|PA2239	refseq_adyacencia
pslGHIJ	pslG|pslH|pslI|pslJ	PA2237|PA2238|PA2239|PA2240	refseq_adyacencia
pslGHIJK	pslG|pslH|pslI|pslJ|pslK	PA2237|PA2238|PA2239|PA2240|PA2241	refseq_adyacencia
pslGHIJKL	pslG|pslH|pslI|pslJ|pslK|pslL	PA2237|PA2238|PA2239|PA2240|PA2241|PA2242	refseq_adyacencia
pslGHIJKLM	pslG|pslH|pslI|pslJ|pslK|pslL|pslM	PA2237|PA2238|PA2239|PA2240|PA2241|PA2242|PA2243	refseq_adyacencia
pslGHIJKLMN	pslG|pslH|pslI|pslJ|pslK|pslL|pslM|pslN	PA2237|PA2238|PA2239|PA2240|PA2241|PA2242|PA2243|PA2244	refseq_adyacencia
pslHI	pslH|pslI	PA2238|PA2239	refseq_adyacencia
pslHIJ	pslH|pslI|pslJ	PA2238|PA2239|PA2240	refseq_adyacencia
pslHIJK	pslH|pslI|pslJ|pslK	PA2238|PA2239|PA2240|PA2241	refseq_adyacencia
pslHIJKL	pslH|pslI|pslJ|pslK|pslL	PA2238|PA2239|PA2240|PA2241|PA2242	refseq_adyacencia
pslHIJKLM	pslH|pslI|pslJ|pslK|pslL|pslM	PA2238|PA2239|PA2240|PA2241|PA2242|PA2243	refseq_adyacencia
pslHIJKLMN	pslH|pslI|pslJ|pslK|pslL|pslM|pslN	PA2238|PA2239|PA2240|PA2241|PA2242|PA2243|PA2244	refseq_adyacencia
pslIJ	pslI|pslJ	PA2239|PA2240	refseq_adyacencia
pslIJK	pslI|pslJ|pslK	PA2239|PA2240|PA2241	refseq_adyacencia
pslIJKL	pslI|pslJ|pslK|pslL	PA2239|PA2240|PA2241|PA2242	refseq_adyacencia
pslIJKLM	pslI|pslJ|pslK|pslL|pslM	PA2239|PA2240|PA2241|PA2242|PA2243	refseq_adyacencia
pslIJKLMN	pslI|pslJ|pslK|pslL|pslM|pslN	PA2239|PA2240|PA2241|PA2242|PA2243|PA2244	refseq_adyacencia
pslJK	pslJ|pslK	PA2240|PA2241	refseq_adyacencia
pslJKL	pslJ|pslK|pslL	PA2240|PA2241|PA2242	refseq_adyacencia
pslJKLM	pslJ|pslK|pslL|pslM	PA2240|PA2241|PA2242|PA2243	refseq_adyacencia
pslJKLMN	pslJ|pslK|pslL|pslM|pslN	PA2240|PA2241|PA2242|PA2243|PA2244	refseq_adyacencia
pslKL	pslK|pslL	PA2241|PA2242	refseq_adyacencia
pslKLM	pslK|pslL|pslM	PA2241|PA2242|PA2243	refseq_adyacencia
pslKLMN	pslK|pslL|pslM|pslN	PA2241|PA2242|PA2243|PA2244	refseq_adyacencia
pslLM	pslL|pslM	PA2242|PA2243	refseq_adyacencia
pslLMN	pslL|pslM|pslN	PA2242|PA2243|PA2244	refseq_adyacencia
pslMN	pslM|pslN	PA2243|PA2244	refseq_adyacencia
psrA-nagZ	psrA|nagZ	PA3006|PA3005	refseq_adyacencia
pssA-msrP	pssA|msrP	PA4693|PA4692	refseq_adyacencia
pssA-msrPQ	pssA|msrP|msrQ	PA4693|PA4692|PA4691	refseq_adyacencia
pstAB	pstA|pstB	PA5367|PA5366	refseq_adyacencia
pstAB-phoU	pstA|pstB|phoU	PA5367|PA5366|PA5365	refseq_adyacencia
pstB-phoU	pstB|phoU	PA5366|PA5365	refseq_adyacencia
pstCA	pstC|pstA	PA5368|PA5367	refseq_adyacencia
pstCAB	pstC|pstA|pstB	PA5368|PA5367|PA5366	refseq_adyacencia
pstCAB-phoU	pstC|pstA|pstB|phoU	PA5368|PA5367|PA5366|PA5365	refseq_adyacencia
pstSC	pstS|pstC	PA5369|PA5368	refseq_adyacencia
pstSCA	pstS|pstC|pstA	PA5369|PA5368|PA5367	refseq_adyacencia
pstSCAB	pstS|pstC|pstA|pstB	PA5369|PA5368|PA5367|PA5366	refseq_adyacencia
pstSCAB-phoU	pstS|pstC|pstA|pstB|phoU	PA5369|PA5368|PA5367|PA5366|PA5365	refseq_adyacencia
ptpA-murB	ptpA|murB	PA2978|PA2977	refseq_adyacencia
ptrA-copI	ptrA|copI	PA2808|PA2807	refseq_adyacencia
ptrA-copI-queF	ptrA|copI|queF	PA2808|PA2807|PA2806	refseq_adyacencia
purD-retS	purD|retS	PA4855|PA4856	refseq_adyacencia
purEK	purE|purK	PA5426|PA5425	refseq_adyacencia
purF-metZ	purF|metZ	PA3108|PA3107	refseq_adyacencia
purHD	purH|purD	PA4854|PA4855	refseq_adyacencia
purHD-retS	purH|purD|retS	PA4854|PA4855|PA4856	refseq_adyacencia
purMN	purM|purN	PA0945|PA0944	refseq_adyacencia
putAP	putA|putP	PA0782|PA0783	refseq_adyacencia
pvcAB	pvcA|pvcB	PA2254|PA2255	refseq_adyacencia
pvcABC	pvcA|pvcB|pvcC	PA2254|PA2255|PA2256	refseq_adyacencia
pvcABCD	pvcA|pvcB|pvcC|pvcD	PA2254|PA2255|PA2256|PA2257	refseq_adyacencia
pvcBC	pvcB|pvcC	PA2255|PA2256	refseq_adyacencia
pvcBCD	pvcB|pvcC|pvcD	PA2255|PA2256|PA2257	refseq_adyacencia
pvcCD	pvcC|pvcD	PA2256|PA2257	refseq_adyacencia
pvdAQ	pvdA|pvdQ	PA2386|PA2385	refseq_adyacencia
pvdE-fpvA	pvdE|fpvA	PA2397|PA2398	refseq_adyacencia
pvdGL	pvdG|pvdL	PA2425|PA2424	refseq_adyacencia
pvdJD	pvdJ|pvdD	PA2400|PA2399	refseq_adyacencia
pvdNO	pvdN|pvdO	PA2394|PA2395	refseq_adyacencia
pvdRT	pvdR|pvdT	PA2389|PA2390	refseq_adyacencia
pvdRT-opmQ	pvdR|pvdT|opmQ	PA2389|PA2390|PA2391	refseq_adyacencia
pvdT-opmQ	pvdT|opmQ	PA2390|PA2391	refseq_adyacencia
pyrG-kdsA	pyrG|kdsA	PA3637|PA3636	refseq_adyacencia
pyrRB	pyrR|pyrB	PA0403|PA0402	refseq_adyacencia
queEC	queE|queC	PA0975|PA0976	refseq_adyacencia
rbfA-truB	rbfA|truB	PA4743|PA4742	refseq_adyacencia
rbfA-truB-rpsO	rbfA|truB|rpsO	PA4743|PA4742|PA4741	refseq_adyacencia
rbsAC	rbsA|rbsC	PA1947|PA1948	refseq_adyacencia
rbsACR	rbsA|rbsC|rbsR	PA1947|PA1948|PA1949	refseq_adyacencia
rbsACRK	rbsA|rbsC|rbsR|rbsK	PA1947|PA1948|PA1949|PA1950	refseq_adyacencia
rbsBA	rbsB|rbsA	PA1946|PA1947	refseq_adyacencia
rbsBAC	rbsB|rbsA|rbsC	PA1946|PA1947|PA1948	refseq_adyacencia
rbsBACR	rbsB|rbsA|rbsC|rbsR	PA1946|PA1947|PA1948|PA1949	refseq_adyacencia
rbsBACRK	rbsB|rbsA|rbsC|rbsR|rbsK	PA1946|PA1947|PA1948|PA1949|PA1950	refseq_adyacencia
rbsCR	rbsC|rbsR	PA1948|PA1949	refseq_adyacencia
rbsCRK	rbsC|rbsR|rbsK	PA1948|PA1949|PA1950	refseq_adyacencia
rbsRK	rbsR|rbsK	PA1949|PA1950	refseq_adyacencia
rcpA-tadZ	rcpA|tadZ	PA4304|PA4303	refseq_adyacencia
rcpA-tadZA	rcpA|tadZ|tadA	PA4304|PA4303|PA4302	refseq_adyacencia
rcpA-tadZAB	rcpA|tadZ|tadA|tadB	PA4304|PA4303|PA4302|PA4301	refseq_adyacencia
rcpA-tadZABC	rcpA|tadZ|tadA|tadB|tadC	PA4304|PA4303|PA4302|PA4301|PA4300	refseq_adyacencia
rcpA-tadZABCD	rcpA|tadZ|tadA|tadB|tadC|tadD	PA4304|PA4303|PA4302|PA4301|PA4300|PA4299	refseq_adyacencia
rcpCA	rcpC|rcpA	PA4305|PA4304	refseq_adyacencia
rcpCA-tadZ	rcpC|rcpA|tadZ	PA4305|PA4304|PA4303	refseq_adyacencia
rcpCA-tadZA	rcpC|rcpA|tadZ|tadA	PA4305|PA4304|PA4303|PA4302	refseq_adyacencia
rcpCA-tadZAB	rcpC|rcpA|tadZ|tadA|tadB	PA4305|PA4304|PA4303|PA4302|PA4301	refseq_adyacencia
rcpCA-tadZABC	rcpC|rcpA|tadZ|tadA|tadB|tadC	PA4305|PA4304|PA4303|PA4302|PA4301|PA4300	refseq_adyacencia
rcpCA-tadZABCD	rcpC|rcpA|tadZ|tadA|tadB|tadC|tadD	PA4305|PA4304|PA4303|PA4302|PA4301|PA4300|PA4299	refseq_adyacencia
recAX	recA|recX	PA3617|PA3616	refseq_adyacencia
recBD	recB|recD	PA4284|PA4283	refseq_adyacencia
recCB	recC|recB	PA4285|PA4284	refseq_adyacencia
recCBD	recC|recB|recD	PA4285|PA4284|PA4283	refseq_adyacencia
recF-gyrB	recF|gyrB	PA0003|PA0004	refseq_adyacencia
recJ-lasB	recJ|lasB	PA3725|PA3724	refseq_adyacencia
recO-pdxJ	recO|pdxJ	PA0772|PA0773	refseq_adyacencia
rhlAB	rhlA|rhlB	PA3479|PA3478	refseq_adyacencia
rhlABR	rhlA|rhlB|rhlR	PA3479|PA3478|PA3477	refseq_adyacencia
rhlABRI	rhlA|rhlB|rhlR|rhlI	PA3479|PA3478|PA3477|PA3476	refseq_adyacencia
rhlABRI-pheC	rhlA|rhlB|rhlR|rhlI|pheC	PA3479|PA3478|PA3477|PA3476|PA3475	refseq_adyacencia
rhlBR	rhlB|rhlR	PA3478|PA3477	refseq_adyacencia
rhlBRI	rhlB|rhlR|rhlI	PA3478|PA3477|PA3476	refseq_adyacencia
rhlBRI-pheC	rhlB|rhlR|rhlI|pheC	PA3478|PA3477|PA3476|PA3475	refseq_adyacencia
rhlG-rcsF	rhlG|rcsF	PA3387|PA3388	refseq_adyacencia
rhlI-pheC	rhlI|pheC	PA3476|PA3475	refseq_adyacencia
rhlRI	rhlR|rhlI	PA3477|PA3476	refseq_adyacencia
rhlRI-pheC	rhlR|rhlI|pheC	PA3477|PA3476|PA3475	refseq_adyacencia
ribBE	ribB|ribE	PA4054|PA4053	refseq_adyacencia
ribBE-nusB	ribB|ribE|nusB	PA4054|PA4053|PA4052	refseq_adyacencia
ribBE-nusB-thiL	ribB|ribE|nusB|thiL	PA4054|PA4053|PA4052|PA4051	refseq_adyacencia
ribBE-nusB-thiL-pgpA	ribB|ribE|nusB|thiL|pgpA	PA4054|PA4053|PA4052|PA4051|PA4050	refseq_adyacencia
ribCB	ribC|ribB	PA4055|PA4054	refseq_adyacencia
ribCBE	ribC|ribB|ribE	PA4055|PA4054|PA4053	refseq_adyacencia
ribCBE-nusB	ribC|ribB|ribE|nusB	PA4055|PA4054|PA4053|PA4052	refseq_adyacencia
ribCBE-nusB-thiL	ribC|ribB|ribE|nusB|thiL	PA4055|PA4054|PA4053|PA4052|PA4051	refseq_adyacencia
ribCBE-nusB-thiL-pgpA	ribC|ribB|ribE|nusB|thiL|pgpA	PA4055|PA4054|PA4053|PA4052|PA4051|PA4050	refseq_adyacencia
ribDC	ribD|ribC	PA4056|PA4055	refseq_adyacencia
ribDCB	ribD|ribC|ribB	PA4056|PA4055|PA4054	refseq_adyacencia
ribDCBE	ribD|ribC|ribB|ribE	PA4056|PA4055|PA4054|PA4053	refseq_adyacencia
ribDCBE-nusB	ribD|ribC|ribB|ribE|nusB	PA4056|PA4055|PA4054|PA4053|PA4052	refseq_adyacencia
ribDCBE-nusB-thiL	ribD|ribC|ribB|ribE|nusB|thiL	PA4056|PA4055|PA4054|PA4053|PA4052|PA4051	refseq_adyacencia
ribDCBE-nusB-thiL-pgpA	ribD|ribC|ribB|ribE|nusB|thiL|pgpA	PA4056|PA4055|PA4054|PA4053|PA4052|PA4051|PA4050	refseq_adyacencia
ribE-nusB	ribE|nusB	PA4053|PA4052	refseq_adyacencia
ribE-nusB-thiL	ribE|nusB|thiL	PA4053|PA4052|PA4051	refseq_adyacencia
ribE-nusB-thiL-pgpA	ribE|nusB|thiL|pgpA	PA4053|PA4052|PA4051|PA4050	refseq_adyacencia
ribF-ileS	ribF|ileS	PA4561|PA4560	refseq_adyacencia
ribF-ileS-lspA	ribF|ileS|lspA	PA4561|PA4560|PA4559	refseq_adyacencia
rimM-trmD	rimM|trmD	PA3744|PA3743	refseq_adyacencia
rimM-trmD-rplS	rimM|trmD|rplS	PA3744|PA3743|PA3742	refseq_adyacencia
rimP-nusA	rimP|nusA	PA4746|PA4745	refseq_adyacencia
rimP-nusA-infB	rimP|nusA|infB	PA4746|PA4745|PA4744	refseq_adyacencia
rimP-nusA-infB-rbfA	rimP|nusA|infB|rbfA	PA4746|PA4745|PA4744|PA4743	refseq_adyacencia
rimP-nusA-infB-rbfA-truB	rimP|nusA|infB|rbfA|truB	PA4746|PA4745|PA4744|PA4743|PA4742	refseq_adyacencia
rimP-nusA-infB-rbfA-truB-rpsO	rimP|nusA|infB|rbfA|truB|rpsO	PA4746|PA4745|PA4744|PA4743|PA4742|PA4741	refseq_adyacencia
rlmB-rpsF	rlmB|rpsF	PA4936|PA4935	refseq_adyacencia
rlmB-rpsFR	rlmB|rpsF|rpsR	PA4936|PA4935|PA4934	refseq_adyacencia
rlmH-pbpA	rlmH|pbpA	PA4004|PA4003	refseq_adyacencia
rlmH-pbpA-rodA	rlmH|pbpA|rodA	PA4004|PA4003|PA4002	refseq_adyacencia
rlmM-tusA	rlmM|tusA	PA1563|PA1564	refseq_adyacencia
rlmN-pilF	rlmN|pilF	PA3806|PA3805	refseq_adyacencia
rlpA-dacC	rlpA|dacC	PA4000|PA3999	refseq_adyacencia
rluA-apeB	rluA|apeB	PA3246|PA3247	refseq_adyacencia
rluD-pgeF	rluD|pgeF	PA4544|PA4543	refseq_adyacencia
rluD-pgeF-clpB	rluD|pgeF|clpB	PA4544|PA4543|PA4542	refseq_adyacencia
rmlAC	rmlA|rmlC	PA5163|PA5164	refseq_adyacencia
rmlAC-dctB	rmlA|rmlC|dctB	PA5163|PA5164|PA5165	refseq_adyacencia
rmlAC-dctBD	rmlA|rmlC|dctB|dctD	PA5163|PA5164|PA5165|PA5166	refseq_adyacencia
rmlAC-dctBDP	rmlA|rmlC|dctB|dctD|dctP	PA5163|PA5164|PA5165|PA5166|PA5167	refseq_adyacencia
rmlAC-dctBDPQ	rmlA|rmlC|dctB|dctD|dctP|dctQ	PA5163|PA5164|PA5165|PA5166|PA5167|PA5168	refseq_adyacencia
rmlAC-dctBDPQM	rmlA|rmlC|dctB|dctD|dctP|dctQ|dctM	PA5163|PA5164|PA5165|PA5166|PA5167|PA5168|PA5169	refseq_adyacencia
rmlAC-dctBDPQM-arcD	rmlA|rmlC|dctB|dctD|dctP|dctQ|dctM|arcD	PA5163|PA5164|PA5165|PA5166|PA5167|PA5168|PA5169|PA5170	refseq_adyacencia
rmlAC-dctBDPQM-arcDA	rmlA|rmlC|dctB|dctD|dctP|dctQ|dctM|arcD|arcA	PA5163|PA5164|PA5165|PA5166|PA5167|PA5168|PA5169|PA5170|PA5171	refseq_adyacencia
rmlAC-dctBDPQM-arcDAB	rmlA|rmlC|dctB|dctD|dctP|dctQ|dctM|arcD|arcA|arcB	PA5163|PA5164|PA5165|PA5166|PA5167|PA5168|PA5169|PA5170|PA5171|PA5172	refseq_adyacencia
rmlAC-dctBDPQM-arcDABC	rmlA|rmlC|dctB|dctD|dctP|dctQ|dctM|arcD|arcA|arcB|arcC	PA5163|PA5164|PA5165|PA5166|PA5167|PA5168|PA5169|PA5170|PA5171|PA5172|PA5173	refseq_adyacencia
rmlAC-dctBDPQM-arcDABC-fabY	rmlA|rmlC|dctB|dctD|dctP|dctQ|dctM|arcD|arcA|arcB|arcC|fabY	PA5163|PA5164|PA5165|PA5166|PA5167|PA5168|PA5169|PA5170|PA5171|PA5172|PA5173|PA5174	refseq_adyacencia
rmlBD	rmlB|rmlD	PA5161|PA5162	refseq_adyacencia
rmlBDA	rmlB|rmlD|rmlA	PA5161|PA5162|PA5163	refseq_adyacencia
rmlBDAC	rmlB|rmlD|rmlA|rmlC	PA5161|PA5162|PA5163|PA5164	refseq_adyacencia
rmlBDAC-dctB	rmlB|rmlD|rmlA|rmlC|dctB	PA5161|PA5162|PA5163|PA5164|PA5165	refseq_adyacencia
rmlBDAC-dctBD	rmlB|rmlD|rmlA|rmlC|dctB|dctD	PA5161|PA5162|PA5163|PA5164|PA5165|PA5166	refseq_adyacencia
rmlBDAC-dctBDP	rmlB|rmlD|rmlA|rmlC|dctB|dctD|dctP	PA5161|PA5162|PA5163|PA5164|PA5165|PA5166|PA5167	refseq_adyacencia
rmlBDAC-dctBDPQ	rmlB|rmlD|rmlA|rmlC|dctB|dctD|dctP|dctQ	PA5161|PA5162|PA5163|PA5164|PA5165|PA5166|PA5167|PA5168	refseq_adyacencia
rmlBDAC-dctBDPQM	rmlB|rmlD|rmlA|rmlC|dctB|dctD|dctP|dctQ|dctM	PA5161|PA5162|PA5163|PA5164|PA5165|PA5166|PA5167|PA5168|PA5169	refseq_adyacencia
rmlBDAC-dctBDPQM-arcD	rmlB|rmlD|rmlA|rmlC|dctB|dctD|dctP|dctQ|dctM|arcD	PA5161|PA5162|PA5163|PA5164|PA5165|PA5166|PA5167|PA5168|PA5169|PA5170	refseq_adyacencia
rmlBDAC-dctBDPQM-arcDA	rmlB|rmlD|rmlA|rmlC|dctB|dctD|dctP|dctQ|dctM|arcD|arcA	PA5161|PA5162|PA5163|PA5164|PA5165|PA5166|PA5167|PA5168|PA5169|PA5170|PA5171	refseq_adyacencia
rmlBDAC-dctBDPQM-arcDAB	rmlB|rmlD|rmlA|rmlC|dctB|dctD|dctP|dctQ|dctM|arcD|arcA|arcB	PA5161|PA5162|PA5163|PA5164|PA5165|PA5166|PA5167|PA5168|PA5169|PA5170|PA5171|PA5172	refseq_adyacencia
rmlBDAC-dctBDPQM-arcDABC	rmlB|rmlD|rmlA|rmlC|dctB|dctD|dctP|dctQ|dctM|arcD|arcA|arcB|arcC	PA5161|PA5162|PA5163|PA5164|PA5165|PA5166|PA5167|PA5168|PA5169|PA5170|PA5171|PA5172|PA5173	refseq_adyacencia
rmlBDAC-dctBDPQM-arcDABC-fabY	rmlB|rmlD|rmlA|rmlC|dctB|dctD|dctP|dctQ|dctM|arcD|arcA|arcB|arcC|fabY	PA5161|PA5162|PA5163|PA5164|PA5165|PA5166|PA5167|PA5168|PA5169|PA5170|PA5171|PA5172|PA5173|PA5174	refseq_adyacencia
rmlC-dctB	rmlC|dctB	PA5164|PA5165	refseq_adyacencia
rmlC-dctBD	rmlC|dctB|dctD	PA5164|PA5165|PA5166	refseq_adyacencia
rmlC-dctBDP	rmlC|dctB|dctD|dctP	PA5164|PA5165|PA5166|PA5167	refseq_adyacencia
rmlC-dctBDPQ	rmlC|dctB|dctD|dctP|dctQ	PA5164|PA5165|PA5166|PA5167|PA5168	refseq_adyacencia
rmlC-dctBDPQM	rmlC|dctB|dctD|dctP|dctQ|dctM	PA5164|PA5165|PA5166|PA5167|PA5168|PA5169	refseq_adyacencia
rmlC-dctBDPQM-arcD	rmlC|dctB|dctD|dctP|dctQ|dctM|arcD	PA5164|PA5165|PA5166|PA5167|PA5168|PA5169|PA5170	refseq_adyacencia
rmlC-dctBDPQM-arcDA	rmlC|dctB|dctD|dctP|dctQ|dctM|arcD|arcA	PA5164|PA5165|PA5166|PA5167|PA5168|PA5169|PA5170|PA5171	refseq_adyacencia
rmlC-dctBDPQM-arcDAB	rmlC|dctB|dctD|dctP|dctQ|dctM|arcD|arcA|arcB	PA5164|PA5165|PA5166|PA5167|PA5168|PA5169|PA5170|PA5171|PA5172	refseq_adyacencia
rmlC-dctBDPQM-arcDABC	rmlC|dctB|dctD|dctP|dctQ|dctM|arcD|arcA|arcB|arcC	PA5164|PA5165|PA5166|PA5167|PA5168|PA5169|PA5170|PA5171|PA5172|PA5173	refseq_adyacencia
rmlC-dctBDPQM-arcDABC-fabY	rmlC|dctB|dctD|dctP|dctQ|dctM|arcD|arcA|arcB|arcC|fabY	PA5164|PA5165|PA5166|PA5167|PA5168|PA5169|PA5170|PA5171|PA5172|PA5173|PA5174	refseq_adyacencia
rmlDA	rmlD|rmlA	PA5162|PA5163	refseq_adyacencia
rmlDAC	rmlD|rmlA|rmlC	PA5162|PA5163|PA5164	refseq_adyacencia
rmlDAC-dctB	rmlD|rmlA|rmlC|dctB	PA5162|PA5163|PA5164|PA5165	refseq_adyacencia
rmlDAC-dctBD	rmlD|rmlA|rmlC|dctB|dctD	PA5162|PA5163|PA5164|PA5165|PA5166	refseq_adyacencia
rmlDAC-dctBDP	rmlD|rmlA|rmlC|dctB|dctD|dctP	PA5162|PA5163|PA5164|PA5165|PA5166|PA5167	refseq_adyacencia
rmlDAC-dctBDPQ	rmlD|rmlA|rmlC|dctB|dctD|dctP|dctQ	PA5162|PA5163|PA5164|PA5165|PA5166|PA5167|PA5168	refseq_adyacencia
rmlDAC-dctBDPQM	rmlD|rmlA|rmlC|dctB|dctD|dctP|dctQ|dctM	PA5162|PA5163|PA5164|PA5165|PA5166|PA5167|PA5168|PA5169	refseq_adyacencia
rmlDAC-dctBDPQM-arcD	rmlD|rmlA|rmlC|dctB|dctD|dctP|dctQ|dctM|arcD	PA5162|PA5163|PA5164|PA5165|PA5166|PA5167|PA5168|PA5169|PA5170	refseq_adyacencia
rmlDAC-dctBDPQM-arcDA	rmlD|rmlA|rmlC|dctB|dctD|dctP|dctQ|dctM|arcD|arcA	PA5162|PA5163|PA5164|PA5165|PA5166|PA5167|PA5168|PA5169|PA5170|PA5171	refseq_adyacencia
rmlDAC-dctBDPQM-arcDAB	rmlD|rmlA|rmlC|dctB|dctD|dctP|dctQ|dctM|arcD|arcA|arcB	PA5162|PA5163|PA5164|PA5165|PA5166|PA5167|PA5168|PA5169|PA5170|PA5171|PA5172	refseq_adyacencia
rmlDAC-dctBDPQM-arcDABC	rmlD|rmlA|rmlC|dctB|dctD|dctP|dctQ|dctM|arcD|arcA|arcB|arcC	PA5162|PA5163|PA5164|PA5165|PA5166|PA5167|PA5168|PA5169|PA5170|PA5171|PA5172|PA5173	refseq_adyacencia
rmlDAC-dctBDPQM-arcDABC-fabY	rmlD|rmlA|rmlC|dctB|dctD|dctP|dctQ|dctM|arcD|arcA|arcB|arcC|fabY	PA5162|PA5163|PA5164|PA5165|PA5166|PA5167|PA5168|PA5169|PA5170|PA5171|PA5172|PA5173|PA5174	refseq_adyacencia
rnfAB	rnfA|rnfB	PA3489|PA3490	refseq_adyacencia
rnfABC	rnfA|rnfB|rnfC	PA3489|PA3490|PA3491	refseq_adyacencia
rnfABCD	rnfA|rnfB|rnfC|rnfD	PA3489|PA3490|PA3491|PA3492	refseq_adyacencia
rnfABCDG	rnfA|rnfB|rnfC|rnfD|rnfG	PA3489|PA3490|PA3491|PA3492|PA3493	refseq_adyacencia
rnfABCDGE	rnfA|rnfB|rnfC|rnfD|rnfG|rnfE	PA3489|PA3490|PA3491|PA3492|PA3493|PA3494	refseq_adyacencia
rnfBC	rnfB|rnfC	PA3490|PA3491	refseq_adyacencia
rnfBCD	rnfB|rnfC|rnfD	PA3490|PA3491|PA3492	refseq_adyacencia
rnfBCDG	rnfB|rnfC|rnfD|rnfG	PA3490|PA3491|PA3492|PA3493	refseq_adyacencia
rnfBCDGE	rnfB|rnfC|rnfD|rnfG|rnfE	PA3490|PA3491|PA3492|PA3493|PA3494	refseq_adyacencia
rnfCD	rnfC|rnfD	PA3491|PA3492	refseq_adyacencia
rnfCDG	rnfC|rnfD|rnfG	PA3491|PA3492|PA3493	refseq_adyacencia
rnfCDGE	rnfC|rnfD|rnfG|rnfE	PA3491|PA3492|PA3493|PA3494	refseq_adyacencia
rnfDG	rnfD|rnfG	PA3492|PA3493	refseq_adyacencia
rnfDGE	rnfD|rnfG|rnfE	PA3492|PA3493|PA3494	refseq_adyacencia
rnfGE	rnfG|rnfE	PA3493|PA3494	refseq_adyacencia
rnhA-dnaQ	rnhA|dnaQ	PA1815|PA1816	refseq_adyacencia
rnpA-yidC	rnpA|yidC	PA5569|PA5568	refseq_adyacencia
rnpA-yidC-mnmE	rnpA|yidC|mnmE	PA5569|PA5568|PA5567	refseq_adyacencia
roxSR	roxS|roxR	PA4494|PA4493	refseq_adyacencia
rplB-rpsS	rplB|rpsS	PA4260|PA4259	refseq_adyacencia
rplB-rpsS-rplV	rplB|rpsS|rplV	PA4260|PA4259|PA4258	refseq_adyacencia
rplB-rpsS-rplV-rpsC	rplB|rpsS|rplV|rpsC	PA4260|PA4259|PA4258|PA4257	refseq_adyacencia
rplB-rpsS-rplV-rpsC-rplP	rplB|rpsS|rplV|rpsC|rplP	PA4260|PA4259|PA4258|PA4257|PA4256	refseq_adyacencia
rplB-rpsS-rplV-rpsC-rplP-rpmC	rplB|rpsS|rplV|rpsC|rplP|rpmC	PA4260|PA4259|PA4258|PA4257|PA4256|PA4255	refseq_adyacencia
rplB-rpsS-rplV-rpsC-rplP-rpmC-rpsQ	rplB|rpsS|rplV|rpsC|rplP|rpmC|rpsQ	PA4260|PA4259|PA4258|PA4257|PA4256|PA4255|PA4254	refseq_adyacencia
rplB-rpsS-rplV-rpsC-rplP-rpmC-rpsQ-rplN	rplB|rpsS|rplV|rpsC|rplP|rpmC|rpsQ|rplN	PA4260|PA4259|PA4258|PA4257|PA4256|PA4255|PA4254|PA4253	refseq_adyacencia
rplB-rpsS-rplV-rpsC-rplP-rpmC-rpsQ-rplNX	rplB|rpsS|rplV|rpsC|rplP|rpmC|rpsQ|rplN|rplX	PA4260|PA4259|PA4258|PA4257|PA4256|PA4255|PA4254|PA4253|PA4252	refseq_adyacencia
rplB-rpsS-rplV-rpsC-rplP-rpmC-rpsQ-rplNXE	rplB|rpsS|rplV|rpsC|rplP|rpmC|rpsQ|rplN|rplX|rplE	PA4260|PA4259|PA4258|PA4257|PA4256|PA4255|PA4254|PA4253|PA4252|PA4251	refseq_adyacencia
rplB-rpsS-rplV-rpsC-rplP-rpmC-rpsQ-rplNXE-rpsN	rplB|rpsS|rplV|rpsC|rplP|rpmC|rpsQ|rplN|rplX|rplE|rpsN	PA4260|PA4259|PA4258|PA4257|PA4256|PA4255|PA4254|PA4253|PA4252|PA4251|PA4250	refseq_adyacencia
rplB-rpsS-rplV-rpsC-rplP-rpmC-rpsQ-rplNXE-rpsNH	rplB|rpsS|rplV|rpsC|rplP|rpmC|rpsQ|rplN|rplX|rplE|rpsN|rpsH	PA4260|PA4259|PA4258|PA4257|PA4256|PA4255|PA4254|PA4253|PA4252|PA4251|PA4250|PA4249	refseq_adyacencia
rplB-rpsS-rplV-rpsC-rplP-rpmC-rpsQ-rplNXE-rpsNH-rplF	rplB|rpsS|rplV|rpsC|rplP|rpmC|rpsQ|rplN|rplX|rplE|rpsN|rpsH|rplF	PA4260|PA4259|PA4258|PA4257|PA4256|PA4255|PA4254|PA4253|PA4252|PA4251|PA4250|PA4249|PA4248	refseq_adyacencia
rplB-rpsS-rplV-rpsC-rplP-rpmC-rpsQ-rplNXE-rpsNH-rplFR	rplB|rpsS|rplV|rpsC|rplP|rpmC|rpsQ|rplN|rplX|rplE|rpsN|rpsH|rplF|rplR	PA4260|PA4259|PA4258|PA4257|PA4256|PA4255|PA4254|PA4253|PA4252|PA4251|PA4250|PA4249|PA4248|PA4247	refseq_adyacencia
rplB-rpsS-rplV-rpsC-rplP-rpmC-rpsQ-rplNXE-rpsNH-rplFR-rpsE	rplB|rpsS|rplV|rpsC|rplP|rpmC|rpsQ|rplN|rplX|rplE|rpsN|rpsH|rplF|rplR|rpsE	PA4260|PA4259|PA4258|PA4257|PA4256|PA4255|PA4254|PA4253|PA4252|PA4251|PA4250|PA4249|PA4248|PA4247|PA4246	refseq_adyacencia
rplB-rpsS-rplV-rpsC-rplP-rpmC-rpsQ-rplNXE-rpsNH-rplFR-rpsE-rpmD	rplB|rpsS|rplV|rpsC|rplP|rpmC|rpsQ|rplN|rplX|rplE|rpsN|rpsH|rplF|rplR|rpsE|rpmD	PA4260|PA4259|PA4258|PA4257|PA4256|PA4255|PA4254|PA4253|PA4252|PA4251|PA4250|PA4249|PA4248|PA4247|PA4246|PA4245	refseq_adyacencia
rplB-rpsS-rplV-rpsC-rplP-rpmC-rpsQ-rplNXE-rpsNH-rplFR-rpsE-rpmD-rplO	rplB|rpsS|rplV|rpsC|rplP|rpmC|rpsQ|rplN|rplX|rplE|rpsN|rpsH|rplF|rplR|rpsE|rpmD|rplO	PA4260|PA4259|PA4258|PA4257|PA4256|PA4255|PA4254|PA4253|PA4252|PA4251|PA4250|PA4249|PA4248|PA4247|PA4246|PA4245|PA4244	refseq_adyacencia
rplB-rpsS-rplV-rpsC-rplP-rpmC-rpsQ-rplNXE-rpsNH-rplFR-rpsE-rpmD-rplO-secY	rplB|rpsS|rplV|rpsC|rplP|rpmC|rpsQ|rplN|rplX|rplE|rpsN|rpsH|rplF|rplR|rpsE|rpmD|rplO|secY	PA4260|PA4259|PA4258|PA4257|PA4256|PA4255|PA4254|PA4253|PA4252|PA4251|PA4250|PA4249|PA4248|PA4247|PA4246|PA4245|PA4244|PA4243	refseq_adyacencia
rplB-rpsS-rplV-rpsC-rplP-rpmC-rpsQ-rplNXE-rpsNH-rplFR-rpsE-rpmD-rplO-secY-rpmJ	rplB|rpsS|rplV|rpsC|rplP|rpmC|rpsQ|rplN|rplX|rplE|rpsN|rpsH|rplF|rplR|rpsE|rpmD|rplO|secY|rpmJ	PA4260|PA4259|PA4258|PA4257|PA4256|PA4255|PA4254|PA4253|PA4252|PA4251|PA4250|PA4249|PA4248|PA4247|PA4246|PA4245|PA4244|PA4243|PA4242	refseq_adyacencia
rplB-rpsS-rplV-rpsC-rplP-rpmC-rpsQ-rplNXE-rpsNH-rplFR-rpsE-rpmD-rplO-secY-rpmJ-rpsM	rplB|rpsS|rplV|rpsC|rplP|rpmC|rpsQ|rplN|rplX|rplE|rpsN|rpsH|rplF|rplR|rpsE|rpmD|rplO|secY|rpmJ|rpsM	PA4260|PA4259|PA4258|PA4257|PA4256|PA4255|PA4254|PA4253|PA4252|PA4251|PA4250|PA4249|PA4248|PA4247|PA4246|PA4245|PA4244|PA4243|PA4242|PA4241	refseq_adyacencia
rplB-rpsS-rplV-rpsC-rplP-rpmC-rpsQ-rplNXE-rpsNH-rplFR-rpsE-rpmD-rplO-secY-rpmJ-rpsMK	rplB|rpsS|rplV|rpsC|rplP|rpmC|rpsQ|rplN|rplX|rplE|rpsN|rpsH|rplF|rplR|rpsE|rpmD|rplO|secY|rpmJ|rpsM|rpsK	PA4260|PA4259|PA4258|PA4257|PA4256|PA4255|PA4254|PA4253|PA4252|PA4251|PA4250|PA4249|PA4248|PA4247|PA4246|PA4245|PA4244|PA4243|PA4242|PA4241|PA4240	refseq_adyacencia
rplB-rpsS-rplV-rpsC-rplP-rpmC-rpsQ-rplNXE-rpsNH-rplFR-rpsE-rpmD-rplO-secY-rpmJ-rpsMKD	rplB|rpsS|rplV|rpsC|rplP|rpmC|rpsQ|rplN|rplX|rplE|rpsN|rpsH|rplF|rplR|rpsE|rpmD|rplO|secY|rpmJ|rpsM|rpsK|rpsD	PA4260|PA4259|PA4258|PA4257|PA4256|PA4255|PA4254|PA4253|PA4252|PA4251|PA4250|PA4249|PA4248|PA4247|PA4246|PA4245|PA4244|PA4243|PA4242|PA4241|PA4240|PA4239	refseq_adyacencia
rplB-rpsS-rplV-rpsC-rplP-rpmC-rpsQ-rplNXE-rpsNH-rplFR-rpsE-rpmD-rplO-secY-rpmJ-rpsMKD-rpoA	rplB|rpsS|rplV|rpsC|rplP|rpmC|rpsQ|rplN|rplX|rplE|rpsN|rpsH|rplF|rplR|rpsE|rpmD|rplO|secY|rpmJ|rpsM|rpsK|rpsD|rpoA	PA4260|PA4259|PA4258|PA4257|PA4256|PA4255|PA4254|PA4253|PA4252|PA4251|PA4250|PA4249|PA4248|PA4247|PA4246|PA4245|PA4244|PA4243|PA4242|PA4241|PA4240|PA4239|PA4238	refseq_adyacencia
rplB-rpsS-rplV-rpsC-rplP-rpmC-rpsQ-rplNXE-rpsNH-rplFR-rpsE-rpmD-rplO-secY-rpmJ-rpsMKD-rpoA-rplQ	rplB|rpsS|rplV|rpsC|rplP|rpmC|rpsQ|rplN|rplX|rplE|rpsN|rpsH|rplF|rplR|rpsE|rpmD|rplO|secY|rpmJ|rpsM|rpsK|rpsD|rpoA|rplQ	PA4260|PA4259|PA4258|PA4257|PA4256|PA4255|PA4254|PA4253|PA4252|PA4251|PA4250|PA4249|PA4248|PA4247|PA4246|PA4245|PA4244|PA4243|PA4242|PA4241|PA4240|PA4239|PA4238|PA4237	refseq_adyacencia
rplB-rpsS-rplV-rpsC-rplP-rpmC-rpsQ-rplNXE-rpsNH-rplFR-rpsE-rpmD-rplO-secY-rpmJ-rpsMKD-rpoA-rplQ-katA	rplB|rpsS|rplV|rpsC|rplP|rpmC|rpsQ|rplN|rplX|rplE|rpsN|rpsH|rplF|rplR|rpsE|rpmD|rplO|secY|rpmJ|rpsM|rpsK|rpsD|rpoA|rplQ|katA	PA4260|PA4259|PA4258|PA4257|PA4256|PA4255|PA4254|PA4253|PA4252|PA4251|PA4250|PA4249|PA4248|PA4247|PA4246|PA4245|PA4244|PA4243|PA4242|PA4241|PA4240|PA4239|PA4238|PA4237|PA4236	refseq_adyacencia
rplB-rpsS-rplV-rpsC-rplP-rpmC-rpsQ-rplNXE-rpsNH-rplFR-rpsE-rpmD-rplO-secY-rpmJ-rpsMKD-rpoA-rplQ-katA-bfrA	rplB|rpsS|rplV|rpsC|rplP|rpmC|rpsQ|rplN|rplX|rplE|rpsN|rpsH|rplF|rplR|rpsE|rpmD|rplO|secY|rpmJ|rpsM|rpsK|rpsD|rpoA|rplQ|katA|bfrA	PA4260|PA4259|PA4258|PA4257|PA4256|PA4255|PA4254|PA4253|PA4252|PA4251|PA4250|PA4249|PA4248|PA4247|PA4246|PA4245|PA4244|PA4243|PA4242|PA4241|PA4240|PA4239|PA4238|PA4237|PA4236|PA4235	refseq_adyacencia
rplCD	rplC|rplD	PA4263|PA4262	refseq_adyacencia
rplCDW	rplC|rplD|rplW	PA4263|PA4262|PA4261	refseq_adyacencia
rplCDWB	rplC|rplD|rplW|rplB	PA4263|PA4262|PA4261|PA4260	refseq_adyacencia
rplCDWB-rpsS	rplC|rplD|rplW|rplB|rpsS	PA4263|PA4262|PA4261|PA4260|PA4259	refseq_adyacencia
rplCDWB-rpsS-rplV	rplC|rplD|rplW|rplB|rpsS|rplV	PA4263|PA4262|PA4261|PA4260|PA4259|PA4258	refseq_adyacencia
rplCDWB-rpsS-rplV-rpsC	rplC|rplD|rplW|rplB|rpsS|rplV|rpsC	PA4263|PA4262|PA4261|PA4260|PA4259|PA4258|PA4257	refseq_adyacencia
rplCDWB-rpsS-rplV-rpsC-rplP	rplC|rplD|rplW|rplB|rpsS|rplV|rpsC|rplP	PA4263|PA4262|PA4261|PA4260|PA4259|PA4258|PA4257|PA4256	refseq_adyacencia
rplCDWB-rpsS-rplV-rpsC-rplP-rpmC	rplC|rplD|rplW|rplB|rpsS|rplV|rpsC|rplP|rpmC	PA4263|PA4262|PA4261|PA4260|PA4259|PA4258|PA4257|PA4256|PA4255	refseq_adyacencia
rplCDWB-rpsS-rplV-rpsC-rplP-rpmC-rpsQ	rplC|rplD|rplW|rplB|rpsS|rplV|rpsC|rplP|rpmC|rpsQ	PA4263|PA4262|PA4261|PA4260|PA4259|PA4258|PA4257|PA4256|PA4255|PA4254	refseq_adyacencia
rplCDWB-rpsS-rplV-rpsC-rplP-rpmC-rpsQ-rplN	rplC|rplD|rplW|rplB|rpsS|rplV|rpsC|rplP|rpmC|rpsQ|rplN	PA4263|PA4262|PA4261|PA4260|PA4259|PA4258|PA4257|PA4256|PA4255|PA4254|PA4253	refseq_adyacencia
rplCDWB-rpsS-rplV-rpsC-rplP-rpmC-rpsQ-rplNX	rplC|rplD|rplW|rplB|rpsS|rplV|rpsC|rplP|rpmC|rpsQ|rplN|rplX	PA4263|PA4262|PA4261|PA4260|PA4259|PA4258|PA4257|PA4256|PA4255|PA4254|PA4253|PA4252	refseq_adyacencia
rplCDWB-rpsS-rplV-rpsC-rplP-rpmC-rpsQ-rplNXE	rplC|rplD|rplW|rplB|rpsS|rplV|rpsC|rplP|rpmC|rpsQ|rplN|rplX|rplE	PA4263|PA4262|PA4261|PA4260|PA4259|PA4258|PA4257|PA4256|PA4255|PA4254|PA4253|PA4252|PA4251	refseq_adyacencia
rplCDWB-rpsS-rplV-rpsC-rplP-rpmC-rpsQ-rplNXE-rpsN	rplC|rplD|rplW|rplB|rpsS|rplV|rpsC|rplP|rpmC|rpsQ|rplN|rplX|rplE|rpsN	PA4263|PA4262|PA4261|PA4260|PA4259|PA4258|PA4257|PA4256|PA4255|PA4254|PA4253|PA4252|PA4251|PA4250	refseq_adyacencia
rplCDWB-rpsS-rplV-rpsC-rplP-rpmC-rpsQ-rplNXE-rpsNH	rplC|rplD|rplW|rplB|rpsS|rplV|rpsC|rplP|rpmC|rpsQ|rplN|rplX|rplE|rpsN|rpsH	PA4263|PA4262|PA4261|PA4260|PA4259|PA4258|PA4257|PA4256|PA4255|PA4254|PA4253|PA4252|PA4251|PA4250|PA4249	refseq_adyacencia
rplCDWB-rpsS-rplV-rpsC-rplP-rpmC-rpsQ-rplNXE-rpsNH-rplF	rplC|rplD|rplW|rplB|rpsS|rplV|rpsC|rplP|rpmC|rpsQ|rplN|rplX|rplE|rpsN|rpsH|rplF	PA4263|PA4262|PA4261|PA4260|PA4259|PA4258|PA4257|PA4256|PA4255|PA4254|PA4253|PA4252|PA4251|PA4250|PA4249|PA4248	refseq_adyacencia
rplCDWB-rpsS-rplV-rpsC-rplP-rpmC-rpsQ-rplNXE-rpsNH-rplFR	rplC|rplD|rplW|rplB|rpsS|rplV|rpsC|rplP|rpmC|rpsQ|rplN|rplX|rplE|rpsN|rpsH|rplF|rplR	PA4263|PA4262|PA4261|PA4260|PA4259|PA4258|PA4257|PA4256|PA4255|PA4254|PA4253|PA4252|PA4251|PA4250|PA4249|PA4248|PA4247	refseq_adyacencia
rplCDWB-rpsS-rplV-rpsC-rplP-rpmC-rpsQ-rplNXE-rpsNH-rplFR-rpsE	rplC|rplD|rplW|rplB|rpsS|rplV|rpsC|rplP|rpmC|rpsQ|rplN|rplX|rplE|rpsN|rpsH|rplF|rplR|rpsE	PA4263|PA4262|PA4261|PA4260|PA4259|PA4258|PA4257|PA4256|PA4255|PA4254|PA4253|PA4252|PA4251|PA4250|PA4249|PA4248|PA4247|PA4246	refseq_adyacencia
rplCDWB-rpsS-rplV-rpsC-rplP-rpmC-rpsQ-rplNXE-rpsNH-rplFR-rpsE-rpmD	rplC|rplD|rplW|rplB|rpsS|rplV|rpsC|rplP|rpmC|rpsQ|rplN|rplX|rplE|rpsN|rpsH|rplF|rplR|rpsE|rpmD	PA4263|PA4262|PA4261|PA4260|PA4259|PA4258|PA4257|PA4256|PA4255|PA4254|PA4253|PA4252|PA4251|PA4250|PA4249|PA4248|PA4247|PA4246|PA4245	refseq_adyacencia
rplCDWB-rpsS-rplV-rpsC-rplP-rpmC-rpsQ-rplNXE-rpsNH-rplFR-rpsE-rpmD-rplO	rplC|rplD|rplW|rplB|rpsS|rplV|rpsC|rplP|rpmC|rpsQ|rplN|rplX|rplE|rpsN|rpsH|rplF|rplR|rpsE|rpmD|rplO	PA4263|PA4262|PA4261|PA4260|PA4259|PA4258|PA4257|PA4256|PA4255|PA4254|PA4253|PA4252|PA4251|PA4250|PA4249|PA4248|PA4247|PA4246|PA4245|PA4244	refseq_adyacencia
rplCDWB-rpsS-rplV-rpsC-rplP-rpmC-rpsQ-rplNXE-rpsNH-rplFR-rpsE-rpmD-rplO-secY	rplC|rplD|rplW|rplB|rpsS|rplV|rpsC|rplP|rpmC|rpsQ|rplN|rplX|rplE|rpsN|rpsH|rplF|rplR|rpsE|rpmD|rplO|secY	PA4263|PA4262|PA4261|PA4260|PA4259|PA4258|PA4257|PA4256|PA4255|PA4254|PA4253|PA4252|PA4251|PA4250|PA4249|PA4248|PA4247|PA4246|PA4245|PA4244|PA4243	refseq_adyacencia
rplCDWB-rpsS-rplV-rpsC-rplP-rpmC-rpsQ-rplNXE-rpsNH-rplFR-rpsE-rpmD-rplO-secY-rpmJ	rplC|rplD|rplW|rplB|rpsS|rplV|rpsC|rplP|rpmC|rpsQ|rplN|rplX|rplE|rpsN|rpsH|rplF|rplR|rpsE|rpmD|rplO|secY|rpmJ	PA4263|PA4262|PA4261|PA4260|PA4259|PA4258|PA4257|PA4256|PA4255|PA4254|PA4253|PA4252|PA4251|PA4250|PA4249|PA4248|PA4247|PA4246|PA4245|PA4244|PA4243|PA4242	refseq_adyacencia
rplCDWB-rpsS-rplV-rpsC-rplP-rpmC-rpsQ-rplNXE-rpsNH-rplFR-rpsE-rpmD-rplO-secY-rpmJ-rpsM	rplC|rplD|rplW|rplB|rpsS|rplV|rpsC|rplP|rpmC|rpsQ|rplN|rplX|rplE|rpsN|rpsH|rplF|rplR|rpsE|rpmD|rplO|secY|rpmJ|rpsM	PA4263|PA4262|PA4261|PA4260|PA4259|PA4258|PA4257|PA4256|PA4255|PA4254|PA4253|PA4252|PA4251|PA4250|PA4249|PA4248|PA4247|PA4246|PA4245|PA4244|PA4243|PA4242|PA4241	refseq_adyacencia
rplCDWB-rpsS-rplV-rpsC-rplP-rpmC-rpsQ-rplNXE-rpsNH-rplFR-rpsE-rpmD-rplO-secY-rpmJ-rpsMK	rplC|rplD|rplW|rplB|rpsS|rplV|rpsC|rplP|rpmC|rpsQ|rplN|rplX|rplE|rpsN|rpsH|rplF|rplR|rpsE|rpmD|rplO|secY|rpmJ|rpsM|rpsK	PA4263|PA4262|PA4261|PA4260|PA4259|PA4258|PA4257|PA4256|PA4255|PA4254|PA4253|PA4252|PA4251|PA4250|PA4249|PA4248|PA4247|PA4246|PA4245|PA4244|PA4243|PA4242|PA4241|PA4240	refseq_adyacencia
rplCDWB-rpsS-rplV-rpsC-rplP-rpmC-rpsQ-rplNXE-rpsNH-rplFR-rpsE-rpmD-rplO-secY-rpmJ-rpsMKD	rplC|rplD|rplW|rplB|rpsS|rplV|rpsC|rplP|rpmC|rpsQ|rplN|rplX|rplE|rpsN|rpsH|rplF|rplR|rpsE|rpmD|rplO|secY|rpmJ|rpsM|rpsK|rpsD	PA4263|PA4262|PA4261|PA4260|PA4259|PA4258|PA4257|PA4256|PA4255|PA4254|PA4253|PA4252|PA4251|PA4250|PA4249|PA4248|PA4247|PA4246|PA4245|PA4244|PA4243|PA4242|PA4241|PA4240|PA4239	refseq_adyacencia
rplCDWB-rpsS-rplV-rpsC-rplP-rpmC-rpsQ-rplNXE-rpsNH-rplFR-rpsE-rpmD-rplO-secY-rpmJ-rpsMKD-rpoA	rplC|rplD|rplW|rplB|rpsS|rplV|rpsC|rplP|rpmC|rpsQ|rplN|rplX|rplE|rpsN|rpsH|rplF|rplR|rpsE|rpmD|rplO|secY|rpmJ|rpsM|rpsK|rpsD|rpoA	PA4263|PA4262|PA4261|PA4260|PA4259|PA4258|PA4257|PA4256|PA4255|PA4254|PA4253|PA4252|PA4251|PA4250|PA4249|PA4248|PA4247|PA4246|PA4245|PA4244|PA4243|PA4242|PA4241|PA4240|PA4239|PA4238	refseq_adyacencia
rplCDWB-rpsS-rplV-rpsC-rplP-rpmC-rpsQ-rplNXE-rpsNH-rplFR-rpsE-rpmD-rplO-secY-rpmJ-rpsMKD-rpoA-rplQ	rplC|rplD|rplW|rplB|rpsS|rplV|rpsC|rplP|rpmC|rpsQ|rplN|rplX|rplE|rpsN|rpsH|rplF|rplR|rpsE|rpmD|rplO|secY|rpmJ|rpsM|rpsK|rpsD|rpoA|rplQ	PA4263|PA4262|PA4261|PA4260|PA4259|PA4258|PA4257|PA4256|PA4255|PA4254|PA4253|PA4252|PA4251|PA4250|PA4249|PA4248|PA4247|PA4246|PA4245|PA4244|PA4243|PA4242|PA4241|PA4240|PA4239|PA4238|PA4237	refseq_adyacencia
rplCDWB-rpsS-rplV-rpsC-rplP-rpmC-rpsQ-rplNXE-rpsNH-rplFR-rpsE-rpmD-rplO-secY-rpmJ-rpsMKD-rpoA-rplQ-katA	rplC|rplD|rplW|rplB|rpsS|rplV|rpsC|rplP|rpmC|rpsQ|rplN|rplX|rplE|rpsN|rpsH|rplF|rplR|rpsE|rpmD|rplO|secY|rpmJ|rpsM|rpsK|rpsD|rpoA|rplQ|katA	PA4263|PA4262|PA4261|PA4260|PA4259|PA4258|PA4257|PA4256|PA4255|PA4254|PA4253|PA4252|PA4251|PA4250|PA4249|PA4248|PA4247|PA4246|PA4245|PA4244|PA4243|PA4242|PA4241|PA4240|PA4239|PA4238|PA4237|PA4236	refseq_adyacencia
rplCDWB-rpsS-rplV-rpsC-rplP-rpmC-rpsQ-rplNXE-rpsNH-rplFR-rpsE-rpmD-rplO-secY-rpmJ-rpsMKD-rpoA-rplQ-katA-bfrA	rplC|rplD|rplW|rplB|rpsS|rplV|rpsC|rplP|rpmC|rpsQ|rplN|rplX|rplE|rpsN|rpsH|rplF|rplR|rpsE|rpmD|rplO|secY|rpmJ|rpsM|rpsK|rpsD|rpoA|rplQ|katA|bfrA	PA4263|PA4262|PA4261|PA4260|PA4259|PA4258|PA4257|PA4256|PA4255|PA4254|PA4253|PA4252|PA4251|PA4250|PA4249|PA4248|PA4247|PA4246|PA4245|PA4244|PA4243|PA4242|PA4241|PA4240|PA4239|PA4238|PA4237|PA4236|PA4235	refseq_adyacencia
rplDW	rplD|rplW	PA4262|PA4261	refseq_adyacencia
rplDWB	rplD|rplW|rplB	PA4262|PA4261|PA4260	refseq_adyacencia
rplDWB-rpsS	rplD|rplW|rplB|rpsS	PA4262|PA4261|PA4260|PA4259	refseq_adyacencia
rplDWB-rpsS-rplV	rplD|rplW|rplB|rpsS|rplV	PA4262|PA4261|PA4260|PA4259|PA4258	refseq_adyacencia
rplDWB-rpsS-rplV-rpsC	rplD|rplW|rplB|rpsS|rplV|rpsC	PA4262|PA4261|PA4260|PA4259|PA4258|PA4257	refseq_adyacencia
rplDWB-rpsS-rplV-rpsC-rplP	rplD|rplW|rplB|rpsS|rplV|rpsC|rplP	PA4262|PA4261|PA4260|PA4259|PA4258|PA4257|PA4256	refseq_adyacencia
rplDWB-rpsS-rplV-rpsC-rplP-rpmC	rplD|rplW|rplB|rpsS|rplV|rpsC|rplP|rpmC	PA4262|PA4261|PA4260|PA4259|PA4258|PA4257|PA4256|PA4255	refseq_adyacencia
rplDWB-rpsS-rplV-rpsC-rplP-rpmC-rpsQ	rplD|rplW|rplB|rpsS|rplV|rpsC|rplP|rpmC|rpsQ	PA4262|PA4261|PA4260|PA4259|PA4258|PA4257|PA4256|PA4255|PA4254	refseq_adyacencia
rplDWB-rpsS-rplV-rpsC-rplP-rpmC-rpsQ-rplN	rplD|rplW|rplB|rpsS|rplV|rpsC|rplP|rpmC|rpsQ|rplN	PA4262|PA4261|PA4260|PA4259|PA4258|PA4257|PA4256|PA4255|PA4254|PA4253	refseq_adyacencia
rplDWB-rpsS-rplV-rpsC-rplP-rpmC-rpsQ-rplNX	rplD|rplW|rplB|rpsS|rplV|rpsC|rplP|rpmC|rpsQ|rplN|rplX	PA4262|PA4261|PA4260|PA4259|PA4258|PA4257|PA4256|PA4255|PA4254|PA4253|PA4252	refseq_adyacencia
rplDWB-rpsS-rplV-rpsC-rplP-rpmC-rpsQ-rplNXE	rplD|rplW|rplB|rpsS|rplV|rpsC|rplP|rpmC|rpsQ|rplN|rplX|rplE	PA4262|PA4261|PA4260|PA4259|PA4258|PA4257|PA4256|PA4255|PA4254|PA4253|PA4252|PA4251	refseq_adyacencia
rplDWB-rpsS-rplV-rpsC-rplP-rpmC-rpsQ-rplNXE-rpsN	rplD|rplW|rplB|rpsS|rplV|rpsC|rplP|rpmC|rpsQ|rplN|rplX|rplE|rpsN	PA4262|PA4261|PA4260|PA4259|PA4258|PA4257|PA4256|PA4255|PA4254|PA4253|PA4252|PA4251|PA4250	refseq_adyacencia
rplDWB-rpsS-rplV-rpsC-rplP-rpmC-rpsQ-rplNXE-rpsNH	rplD|rplW|rplB|rpsS|rplV|rpsC|rplP|rpmC|rpsQ|rplN|rplX|rplE|rpsN|rpsH	PA4262|PA4261|PA4260|PA4259|PA4258|PA4257|PA4256|PA4255|PA4254|PA4253|PA4252|PA4251|PA4250|PA4249	refseq_adyacencia
rplDWB-rpsS-rplV-rpsC-rplP-rpmC-rpsQ-rplNXE-rpsNH-rplF	rplD|rplW|rplB|rpsS|rplV|rpsC|rplP|rpmC|rpsQ|rplN|rplX|rplE|rpsN|rpsH|rplF	PA4262|PA4261|PA4260|PA4259|PA4258|PA4257|PA4256|PA4255|PA4254|PA4253|PA4252|PA4251|PA4250|PA4249|PA4248	refseq_adyacencia
rplDWB-rpsS-rplV-rpsC-rplP-rpmC-rpsQ-rplNXE-rpsNH-rplFR	rplD|rplW|rplB|rpsS|rplV|rpsC|rplP|rpmC|rpsQ|rplN|rplX|rplE|rpsN|rpsH|rplF|rplR	PA4262|PA4261|PA4260|PA4259|PA4258|PA4257|PA4256|PA4255|PA4254|PA4253|PA4252|PA4251|PA4250|PA4249|PA4248|PA4247	refseq_adyacencia
rplDWB-rpsS-rplV-rpsC-rplP-rpmC-rpsQ-rplNXE-rpsNH-rplFR-rpsE	rplD|rplW|rplB|rpsS|rplV|rpsC|rplP|rpmC|rpsQ|rplN|rplX|rplE|rpsN|rpsH|rplF|rplR|rpsE	PA4262|PA4261|PA4260|PA4259|PA4258|PA4257|PA4256|PA4255|PA4254|PA4253|PA4252|PA4251|PA4250|PA4249|PA4248|PA4247|PA4246	refseq_adyacencia
rplDWB-rpsS-rplV-rpsC-rplP-rpmC-rpsQ-rplNXE-rpsNH-rplFR-rpsE-rpmD	rplD|rplW|rplB|rpsS|rplV|rpsC|rplP|rpmC|rpsQ|rplN|rplX|rplE|rpsN|rpsH|rplF|rplR|rpsE|rpmD	PA4262|PA4261|PA4260|PA4259|PA4258|PA4257|PA4256|PA4255|PA4254|PA4253|PA4252|PA4251|PA4250|PA4249|PA4248|PA4247|PA4246|PA4245	refseq_adyacencia
rplDWB-rpsS-rplV-rpsC-rplP-rpmC-rpsQ-rplNXE-rpsNH-rplFR-rpsE-rpmD-rplO	rplD|rplW|rplB|rpsS|rplV|rpsC|rplP|rpmC|rpsQ|rplN|rplX|rplE|rpsN|rpsH|rplF|rplR|rpsE|rpmD|rplO	PA4262|PA4261|PA4260|PA4259|PA4258|PA4257|PA4256|PA4255|PA4254|PA4253|PA4252|PA4251|PA4250|PA4249|PA4248|PA4247|PA4246|PA4245|PA4244	refseq_adyacencia
rplDWB-rpsS-rplV-rpsC-rplP-rpmC-rpsQ-rplNXE-rpsNH-rplFR-rpsE-rpmD-rplO-secY	rplD|rplW|rplB|rpsS|rplV|rpsC|rplP|rpmC|rpsQ|rplN|rplX|rplE|rpsN|rpsH|rplF|rplR|rpsE|rpmD|rplO|secY	PA4262|PA4261|PA4260|PA4259|PA4258|PA4257|PA4256|PA4255|PA4254|PA4253|PA4252|PA4251|PA4250|PA4249|PA4248|PA4247|PA4246|PA4245|PA4244|PA4243	refseq_adyacencia
rplDWB-rpsS-rplV-rpsC-rplP-rpmC-rpsQ-rplNXE-rpsNH-rplFR-rpsE-rpmD-rplO-secY-rpmJ	rplD|rplW|rplB|rpsS|rplV|rpsC|rplP|rpmC|rpsQ|rplN|rplX|rplE|rpsN|rpsH|rplF|rplR|rpsE|rpmD|rplO|secY|rpmJ	PA4262|PA4261|PA4260|PA4259|PA4258|PA4257|PA4256|PA4255|PA4254|PA4253|PA4252|PA4251|PA4250|PA4249|PA4248|PA4247|PA4246|PA4245|PA4244|PA4243|PA4242	refseq_adyacencia
rplDWB-rpsS-rplV-rpsC-rplP-rpmC-rpsQ-rplNXE-rpsNH-rplFR-rpsE-rpmD-rplO-secY-rpmJ-rpsM	rplD|rplW|rplB|rpsS|rplV|rpsC|rplP|rpmC|rpsQ|rplN|rplX|rplE|rpsN|rpsH|rplF|rplR|rpsE|rpmD|rplO|secY|rpmJ|rpsM	PA4262|PA4261|PA4260|PA4259|PA4258|PA4257|PA4256|PA4255|PA4254|PA4253|PA4252|PA4251|PA4250|PA4249|PA4248|PA4247|PA4246|PA4245|PA4244|PA4243|PA4242|PA4241	refseq_adyacencia
rplDWB-rpsS-rplV-rpsC-rplP-rpmC-rpsQ-rplNXE-rpsNH-rplFR-rpsE-rpmD-rplO-secY-rpmJ-rpsMK	rplD|rplW|rplB|rpsS|rplV|rpsC|rplP|rpmC|rpsQ|rplN|rplX|rplE|rpsN|rpsH|rplF|rplR|rpsE|rpmD|rplO|secY|rpmJ|rpsM|rpsK	PA4262|PA4261|PA4260|PA4259|PA4258|PA4257|PA4256|PA4255|PA4254|PA4253|PA4252|PA4251|PA4250|PA4249|PA4248|PA4247|PA4246|PA4245|PA4244|PA4243|PA4242|PA4241|PA4240	refseq_adyacencia
rplDWB-rpsS-rplV-rpsC-rplP-rpmC-rpsQ-rplNXE-rpsNH-rplFR-rpsE-rpmD-rplO-secY-rpmJ-rpsMKD	rplD|rplW|rplB|rpsS|rplV|rpsC|rplP|rpmC|rpsQ|rplN|rplX|rplE|rpsN|rpsH|rplF|rplR|rpsE|rpmD|rplO|secY|rpmJ|rpsM|rpsK|rpsD	PA4262|PA4261|PA4260|PA4259|PA4258|PA4257|PA4256|PA4255|PA4254|PA4253|PA4252|PA4251|PA4250|PA4249|PA4248|PA4247|PA4246|PA4245|PA4244|PA4243|PA4242|PA4241|PA4240|PA4239	refseq_adyacencia
rplDWB-rpsS-rplV-rpsC-rplP-rpmC-rpsQ-rplNXE-rpsNH-rplFR-rpsE-rpmD-rplO-secY-rpmJ-rpsMKD-rpoA	rplD|rplW|rplB|rpsS|rplV|rpsC|rplP|rpmC|rpsQ|rplN|rplX|rplE|rpsN|rpsH|rplF|rplR|rpsE|rpmD|rplO|secY|rpmJ|rpsM|rpsK|rpsD|rpoA	PA4262|PA4261|PA4260|PA4259|PA4258|PA4257|PA4256|PA4255|PA4254|PA4253|PA4252|PA4251|PA4250|PA4249|PA4248|PA4247|PA4246|PA4245|PA4244|PA4243|PA4242|PA4241|PA4240|PA4239|PA4238	refseq_adyacencia
rplDWB-rpsS-rplV-rpsC-rplP-rpmC-rpsQ-rplNXE-rpsNH-rplFR-rpsE-rpmD-rplO-secY-rpmJ-rpsMKD-rpoA-rplQ	rplD|rplW|rplB|rpsS|rplV|rpsC|rplP|rpmC|rpsQ|rplN|rplX|rplE|rpsN|rpsH|rplF|rplR|rpsE|rpmD|rplO|secY|rpmJ|rpsM|rpsK|rpsD|rpoA|rplQ	PA4262|PA4261|PA4260|PA4259|PA4258|PA4257|PA4256|PA4255|PA4254|PA4253|PA4252|PA4251|PA4250|PA4249|PA4248|PA4247|PA4246|PA4245|PA4244|PA4243|PA4242|PA4241|PA4240|PA4239|PA4238|PA4237	refseq_adyacencia
rplDWB-rpsS-rplV-rpsC-rplP-rpmC-rpsQ-rplNXE-rpsNH-rplFR-rpsE-rpmD-rplO-secY-rpmJ-rpsMKD-rpoA-rplQ-katA	rplD|rplW|rplB|rpsS|rplV|rpsC|rplP|rpmC|rpsQ|rplN|rplX|rplE|rpsN|rpsH|rplF|rplR|rpsE|rpmD|rplO|secY|rpmJ|rpsM|rpsK|rpsD|rpoA|rplQ|katA	PA4262|PA4261|PA4260|PA4259|PA4258|PA4257|PA4256|PA4255|PA4254|PA4253|PA4252|PA4251|PA4250|PA4249|PA4248|PA4247|PA4246|PA4245|PA4244|PA4243|PA4242|PA4241|PA4240|PA4239|PA4238|PA4237|PA4236	refseq_adyacencia
rplDWB-rpsS-rplV-rpsC-rplP-rpmC-rpsQ-rplNXE-rpsNH-rplFR-rpsE-rpmD-rplO-secY-rpmJ-rpsMKD-rpoA-rplQ-katA-bfrA	rplD|rplW|rplB|rpsS|rplV|rpsC|rplP|rpmC|rpsQ|rplN|rplX|rplE|rpsN|rpsH|rplF|rplR|rpsE|rpmD|rplO|secY|rpmJ|rpsM|rpsK|rpsD|rpoA|rplQ|katA|bfrA	PA4262|PA4261|PA4260|PA4259|PA4258|PA4257|PA4256|PA4255|PA4254|PA4253|PA4252|PA4251|PA4250|PA4249|PA4248|PA4247|PA4246|PA4245|PA4244|PA4243|PA4242|PA4241|PA4240|PA4239|PA4238|PA4237|PA4236|PA4235	refseq_adyacencia
rplE-rpsN	rplE|rpsN	PA4251|PA4250	refseq_adyacencia
rplE-rpsNH	rplE|rpsN|rpsH	PA4251|PA4250|PA4249	refseq_adyacencia
rplE-rpsNH-rplF	rplE|rpsN|rpsH|rplF	PA4251|PA4250|PA4249|PA4248	refseq_adyacencia
rplE-rpsNH-rplFR	rplE|rpsN|rpsH|rplF|rplR	PA4251|PA4250|PA4249|PA4248|PA4247	refseq_adyacencia
rplE-rpsNH-rplFR-rpsE	rplE|rpsN|rpsH|rplF|rplR|rpsE	PA4251|PA4250|PA4249|PA4248|PA4247|PA4246	refseq_adyacencia
rplE-rpsNH-rplFR-rpsE-rpmD	rplE|rpsN|rpsH|rplF|rplR|rpsE|rpmD	PA4251|PA4250|PA4249|PA4248|PA4247|PA4246|PA4245	refseq_adyacencia
rplE-rpsNH-rplFR-rpsE-rpmD-rplO	rplE|rpsN|rpsH|rplF|rplR|rpsE|rpmD|rplO	PA4251|PA4250|PA4249|PA4248|PA4247|PA4246|PA4245|PA4244	refseq_adyacencia
rplE-rpsNH-rplFR-rpsE-rpmD-rplO-secY	rplE|rpsN|rpsH|rplF|rplR|rpsE|rpmD|rplO|secY	PA4251|PA4250|PA4249|PA4248|PA4247|PA4246|PA4245|PA4244|PA4243	refseq_adyacencia
rplE-rpsNH-rplFR-rpsE-rpmD-rplO-secY-rpmJ	rplE|rpsN|rpsH|rplF|rplR|rpsE|rpmD|rplO|secY|rpmJ	PA4251|PA4250|PA4249|PA4248|PA4247|PA4246|PA4245|PA4244|PA4243|PA4242	refseq_adyacencia
rplE-rpsNH-rplFR-rpsE-rpmD-rplO-secY-rpmJ-rpsM	rplE|rpsN|rpsH|rplF|rplR|rpsE|rpmD|rplO|secY|rpmJ|rpsM	PA4251|PA4250|PA4249|PA4248|PA4247|PA4246|PA4245|PA4244|PA4243|PA4242|PA4241	refseq_adyacencia
rplE-rpsNH-rplFR-rpsE-rpmD-rplO-secY-rpmJ-rpsMK	rplE|rpsN|rpsH|rplF|rplR|rpsE|rpmD|rplO|secY|rpmJ|rpsM|rpsK	PA4251|PA4250|PA4249|PA4248|PA4247|PA4246|PA4245|PA4244|PA4243|PA4242|PA4241|PA4240	refseq_adyacencia
rplE-rpsNH-rplFR-rpsE-rpmD-rplO-secY-rpmJ-rpsMKD	rplE|rpsN|rpsH|rplF|rplR|rpsE|rpmD|rplO|secY|rpmJ|rpsM|rpsK|rpsD	PA4251|PA4250|PA4249|PA4248|PA4247|PA4246|PA4245|PA4244|PA4243|PA4242|PA4241|PA4240|PA4239	refseq_adyacencia
rplE-rpsNH-rplFR-rpsE-rpmD-rplO-secY-rpmJ-rpsMKD-rpoA	rplE|rpsN|rpsH|rplF|rplR|rpsE|rpmD|rplO|secY|rpmJ|rpsM|rpsK|rpsD|rpoA	PA4251|PA4250|PA4249|PA4248|PA4247|PA4246|PA4245|PA4244|PA4243|PA4242|PA4241|PA4240|PA4239|PA4238	refseq_adyacencia
rplE-rpsNH-rplFR-rpsE-rpmD-rplO-secY-rpmJ-rpsMKD-rpoA-rplQ	rplE|rpsN|rpsH|rplF|rplR|rpsE|rpmD|rplO|secY|rpmJ|rpsM|rpsK|rpsD|rpoA|rplQ	PA4251|PA4250|PA4249|PA4248|PA4247|PA4246|PA4245|PA4244|PA4243|PA4242|PA4241|PA4240|PA4239|PA4238|PA4237	refseq_adyacencia
rplE-rpsNH-rplFR-rpsE-rpmD-rplO-secY-rpmJ-rpsMKD-rpoA-rplQ-katA	rplE|rpsN|rpsH|rplF|rplR|rpsE|rpmD|rplO|secY|rpmJ|rpsM|rpsK|rpsD|rpoA|rplQ|katA	PA4251|PA4250|PA4249|PA4248|PA4247|PA4246|PA4245|PA4244|PA4243|PA4242|PA4241|PA4240|PA4239|PA4238|PA4237|PA4236	refseq_adyacencia
rplE-rpsNH-rplFR-rpsE-rpmD-rplO-secY-rpmJ-rpsMKD-rpoA-rplQ-katA-bfrA	rplE|rpsN|rpsH|rplF|rplR|rpsE|rpmD|rplO|secY|rpmJ|rpsM|rpsK|rpsD|rpoA|rplQ|katA|bfrA	PA4251|PA4250|PA4249|PA4248|PA4247|PA4246|PA4245|PA4244|PA4243|PA4242|PA4241|PA4240|PA4239|PA4238|PA4237|PA4236|PA4235	refseq_adyacencia
rplFR	rplF|rplR	PA4248|PA4247	refseq_adyacencia
rplFR-rpsE	rplF|rplR|rpsE	PA4248|PA4247|PA4246	refseq_adyacencia
rplFR-rpsE-rpmD	rplF|rplR|rpsE|rpmD	PA4248|PA4247|PA4246|PA4245	refseq_adyacencia
rplFR-rpsE-rpmD-rplO	rplF|rplR|rpsE|rpmD|rplO	PA4248|PA4247|PA4246|PA4245|PA4244	refseq_adyacencia
rplFR-rpsE-rpmD-rplO-secY	rplF|rplR|rpsE|rpmD|rplO|secY	PA4248|PA4247|PA4246|PA4245|PA4244|PA4243	refseq_adyacencia
rplFR-rpsE-rpmD-rplO-secY-rpmJ	rplF|rplR|rpsE|rpmD|rplO|secY|rpmJ	PA4248|PA4247|PA4246|PA4245|PA4244|PA4243|PA4242	refseq_adyacencia
rplFR-rpsE-rpmD-rplO-secY-rpmJ-rpsM	rplF|rplR|rpsE|rpmD|rplO|secY|rpmJ|rpsM	PA4248|PA4247|PA4246|PA4245|PA4244|PA4243|PA4242|PA4241	refseq_adyacencia
rplFR-rpsE-rpmD-rplO-secY-rpmJ-rpsMK	rplF|rplR|rpsE|rpmD|rplO|secY|rpmJ|rpsM|rpsK	PA4248|PA4247|PA4246|PA4245|PA4244|PA4243|PA4242|PA4241|PA4240	refseq_adyacencia
rplFR-rpsE-rpmD-rplO-secY-rpmJ-rpsMKD	rplF|rplR|rpsE|rpmD|rplO|secY|rpmJ|rpsM|rpsK|rpsD	PA4248|PA4247|PA4246|PA4245|PA4244|PA4243|PA4242|PA4241|PA4240|PA4239	refseq_adyacencia
rplFR-rpsE-rpmD-rplO-secY-rpmJ-rpsMKD-rpoA	rplF|rplR|rpsE|rpmD|rplO|secY|rpmJ|rpsM|rpsK|rpsD|rpoA	PA4248|PA4247|PA4246|PA4245|PA4244|PA4243|PA4242|PA4241|PA4240|PA4239|PA4238	refseq_adyacencia
rplFR-rpsE-rpmD-rplO-secY-rpmJ-rpsMKD-rpoA-rplQ	rplF|rplR|rpsE|rpmD|rplO|secY|rpmJ|rpsM|rpsK|rpsD|rpoA|rplQ	PA4248|PA4247|PA4246|PA4245|PA4244|PA4243|PA4242|PA4241|PA4240|PA4239|PA4238|PA4237	refseq_adyacencia
rplFR-rpsE-rpmD-rplO-secY-rpmJ-rpsMKD-rpoA-rplQ-katA	rplF|rplR|rpsE|rpmD|rplO|secY|rpmJ|rpsM|rpsK|rpsD|rpoA|rplQ|katA	PA4248|PA4247|PA4246|PA4245|PA4244|PA4243|PA4242|PA4241|PA4240|PA4239|PA4238|PA4237|PA4236	refseq_adyacencia
rplFR-rpsE-rpmD-rplO-secY-rpmJ-rpsMKD-rpoA-rplQ-katA-bfrA	rplF|rplR|rpsE|rpmD|rplO|secY|rpmJ|rpsM|rpsK|rpsD|rpoA|rplQ|katA|bfrA	PA4248|PA4247|PA4246|PA4245|PA4244|PA4243|PA4242|PA4241|PA4240|PA4239|PA4238|PA4237|PA4236|PA4235	refseq_adyacencia
rplI-dnaB	rplI|dnaB	PA4932|PA4931	refseq_adyacencia
rplJL	rplJ|rplL	PA4272|PA4271	refseq_adyacencia
rplKA	rplK|rplA	PA4274|PA4273	refseq_adyacencia
rplM-rpsI	rplM|rpsI	PA4433|PA4432	refseq_adyacencia
rplNX	rplN|rplX	PA4253|PA4252	refseq_adyacencia
rplNXE	rplN|rplX|rplE	PA4253|PA4252|PA4251	refseq_adyacencia
rplNXE-rpsN	rplN|rplX|rplE|rpsN	PA4253|PA4252|PA4251|PA4250	refseq_adyacencia
rplNXE-rpsNH	rplN|rplX|rplE|rpsN|rpsH	PA4253|PA4252|PA4251|PA4250|PA4249	refseq_adyacencia
rplNXE-rpsNH-rplF	rplN|rplX|rplE|rpsN|rpsH|rplF	PA4253|PA4252|PA4251|PA4250|PA4249|PA4248	refseq_adyacencia
rplNXE-rpsNH-rplFR	rplN|rplX|rplE|rpsN|rpsH|rplF|rplR	PA4253|PA4252|PA4251|PA4250|PA4249|PA4248|PA4247	refseq_adyacencia
rplNXE-rpsNH-rplFR-rpsE	rplN|rplX|rplE|rpsN|rpsH|rplF|rplR|rpsE	PA4253|PA4252|PA4251|PA4250|PA4249|PA4248|PA4247|PA4246	refseq_adyacencia
rplNXE-rpsNH-rplFR-rpsE-rpmD	rplN|rplX|rplE|rpsN|rpsH|rplF|rplR|rpsE|rpmD	PA4253|PA4252|PA4251|PA4250|PA4249|PA4248|PA4247|PA4246|PA4245	refseq_adyacencia
rplNXE-rpsNH-rplFR-rpsE-rpmD-rplO	rplN|rplX|rplE|rpsN|rpsH|rplF|rplR|rpsE|rpmD|rplO	PA4253|PA4252|PA4251|PA4250|PA4249|PA4248|PA4247|PA4246|PA4245|PA4244	refseq_adyacencia
rplNXE-rpsNH-rplFR-rpsE-rpmD-rplO-secY	rplN|rplX|rplE|rpsN|rpsH|rplF|rplR|rpsE|rpmD|rplO|secY	PA4253|PA4252|PA4251|PA4250|PA4249|PA4248|PA4247|PA4246|PA4245|PA4244|PA4243	refseq_adyacencia
rplNXE-rpsNH-rplFR-rpsE-rpmD-rplO-secY-rpmJ	rplN|rplX|rplE|rpsN|rpsH|rplF|rplR|rpsE|rpmD|rplO|secY|rpmJ	PA4253|PA4252|PA4251|PA4250|PA4249|PA4248|PA4247|PA4246|PA4245|PA4244|PA4243|PA4242	refseq_adyacencia
rplNXE-rpsNH-rplFR-rpsE-rpmD-rplO-secY-rpmJ-rpsM	rplN|rplX|rplE|rpsN|rpsH|rplF|rplR|rpsE|rpmD|rplO|secY|rpmJ|rpsM	PA4253|PA4252|PA4251|PA4250|PA4249|PA4248|PA4247|PA4246|PA4245|PA4244|PA4243|PA4242|PA4241	refseq_adyacencia
rplNXE-rpsNH-rplFR-rpsE-rpmD-rplO-secY-rpmJ-rpsMK	rplN|rplX|rplE|rpsN|rpsH|rplF|rplR|rpsE|rpmD|rplO|secY|rpmJ|rpsM|rpsK	PA4253|PA4252|PA4251|PA4250|PA4249|PA4248|PA4247|PA4246|PA4245|PA4244|PA4243|PA4242|PA4241|PA4240	refseq_adyacencia
rplNXE-rpsNH-rplFR-rpsE-rpmD-rplO-secY-rpmJ-rpsMKD	rplN|rplX|rplE|rpsN|rpsH|rplF|rplR|rpsE|rpmD|rplO|secY|rpmJ|rpsM|rpsK|rpsD	PA4253|PA4252|PA4251|PA4250|PA4249|PA4248|PA4247|PA4246|PA4245|PA4244|PA4243|PA4242|PA4241|PA4240|PA4239	refseq_adyacencia
rplNXE-rpsNH-rplFR-rpsE-rpmD-rplO-secY-rpmJ-rpsMKD-rpoA	rplN|rplX|rplE|rpsN|rpsH|rplF|rplR|rpsE|rpmD|rplO|secY|rpmJ|rpsM|rpsK|rpsD|rpoA	PA4253|PA4252|PA4251|PA4250|PA4249|PA4248|PA4247|PA4246|PA4245|PA4244|PA4243|PA4242|PA4241|PA4240|PA4239|PA4238	refseq_adyacencia
rplNXE-rpsNH-rplFR-rpsE-rpmD-rplO-secY-rpmJ-rpsMKD-rpoA-rplQ	rplN|rplX|rplE|rpsN|rpsH|rplF|rplR|rpsE|rpmD|rplO|secY|rpmJ|rpsM|rpsK|rpsD|rpoA|rplQ	PA4253|PA4252|PA4251|PA4250|PA4249|PA4248|PA4247|PA4246|PA4245|PA4244|PA4243|PA4242|PA4241|PA4240|PA4239|PA4238|PA4237	refseq_adyacencia
rplNXE-rpsNH-rplFR-rpsE-rpmD-rplO-secY-rpmJ-rpsMKD-rpoA-rplQ-katA	rplN|rplX|rplE|rpsN|rpsH|rplF|rplR|rpsE|rpmD|rplO|secY|rpmJ|rpsM|rpsK|rpsD|rpoA|rplQ|katA	PA4253|PA4252|PA4251|PA4250|PA4249|PA4248|PA4247|PA4246|PA4245|PA4244|PA4243|PA4242|PA4241|PA4240|PA4239|PA4238|PA4237|PA4236	refseq_adyacencia
rplNXE-rpsNH-rplFR-rpsE-rpmD-rplO-secY-rpmJ-rpsMKD-rpoA-rplQ-katA-bfrA	rplN|rplX|rplE|rpsN|rpsH|rplF|rplR|rpsE|rpmD|rplO|secY|rpmJ|rpsM|rpsK|rpsD|rpoA|rplQ|katA|bfrA	PA4253|PA4252|PA4251|PA4250|PA4249|PA4248|PA4247|PA4246|PA4245|PA4244|PA4243|PA4242|PA4241|PA4240|PA4239|PA4238|PA4237|PA4236|PA4235	refseq_adyacencia
rplO-secY	rplO|secY	PA4244|PA4243	refseq_adyacencia
rplO-secY-rpmJ	rplO|secY|rpmJ	PA4244|PA4243|PA4242	refseq_adyacencia
rplO-secY-rpmJ-rpsM	rplO|secY|rpmJ|rpsM	PA4244|PA4243|PA4242|PA4241	refseq_adyacencia
rplO-secY-rpmJ-rpsMK	rplO|secY|rpmJ|rpsM|rpsK	PA4244|PA4243|PA4242|PA4241|PA4240	refseq_adyacencia
rplO-secY-rpmJ-rpsMKD	rplO|secY|rpmJ|rpsM|rpsK|rpsD	PA4244|PA4243|PA4242|PA4241|PA4240|PA4239	refseq_adyacencia
rplO-secY-rpmJ-rpsMKD-rpoA	rplO|secY|rpmJ|rpsM|rpsK|rpsD|rpoA	PA4244|PA4243|PA4242|PA4241|PA4240|PA4239|PA4238	refseq_adyacencia
rplO-secY-rpmJ-rpsMKD-rpoA-rplQ	rplO|secY|rpmJ|rpsM|rpsK|rpsD|rpoA|rplQ	PA4244|PA4243|PA4242|PA4241|PA4240|PA4239|PA4238|PA4237	refseq_adyacencia
rplO-secY-rpmJ-rpsMKD-rpoA-rplQ-katA	rplO|secY|rpmJ|rpsM|rpsK|rpsD|rpoA|rplQ|katA	PA4244|PA4243|PA4242|PA4241|PA4240|PA4239|PA4238|PA4237|PA4236	refseq_adyacencia
rplO-secY-rpmJ-rpsMKD-rpoA-rplQ-katA-bfrA	rplO|secY|rpmJ|rpsM|rpsK|rpsD|rpoA|rplQ|katA|bfrA	PA4244|PA4243|PA4242|PA4241|PA4240|PA4239|PA4238|PA4237|PA4236|PA4235	refseq_adyacencia
rplP-rpmC	rplP|rpmC	PA4256|PA4255	refseq_adyacencia
rplP-rpmC-rpsQ	rplP|rpmC|rpsQ	PA4256|PA4255|PA4254	refseq_adyacencia
rplP-rpmC-rpsQ-rplN	rplP|rpmC|rpsQ|rplN	PA4256|PA4255|PA4254|PA4253	refseq_adyacencia
rplP-rpmC-rpsQ-rplNX	rplP|rpmC|rpsQ|rplN|rplX	PA4256|PA4255|PA4254|PA4253|PA4252	refseq_adyacencia
rplP-rpmC-rpsQ-rplNXE	rplP|rpmC|rpsQ|rplN|rplX|rplE	PA4256|PA4255|PA4254|PA4253|PA4252|PA4251	refseq_adyacencia
rplP-rpmC-rpsQ-rplNXE-rpsN	rplP|rpmC|rpsQ|rplN|rplX|rplE|rpsN	PA4256|PA4255|PA4254|PA4253|PA4252|PA4251|PA4250	refseq_adyacencia
rplP-rpmC-rpsQ-rplNXE-rpsNH	rplP|rpmC|rpsQ|rplN|rplX|rplE|rpsN|rpsH	PA4256|PA4255|PA4254|PA4253|PA4252|PA4251|PA4250|PA4249	refseq_adyacencia
rplP-rpmC-rpsQ-rplNXE-rpsNH-rplF	rplP|rpmC|rpsQ|rplN|rplX|rplE|rpsN|rpsH|rplF	PA4256|PA4255|PA4254|PA4253|PA4252|PA4251|PA4250|PA4249|PA4248	refseq_adyacencia
rplP-rpmC-rpsQ-rplNXE-rpsNH-rplFR	rplP|rpmC|rpsQ|rplN|rplX|rplE|rpsN|rpsH|rplF|rplR	PA4256|PA4255|PA4254|PA4253|PA4252|PA4251|PA4250|PA4249|PA4248|PA4247	refseq_adyacencia
rplP-rpmC-rpsQ-rplNXE-rpsNH-rplFR-rpsE	rplP|rpmC|rpsQ|rplN|rplX|rplE|rpsN|rpsH|rplF|rplR|rpsE	PA4256|PA4255|PA4254|PA4253|PA4252|PA4251|PA4250|PA4249|PA4248|PA4247|PA4246	refseq_adyacencia
rplP-rpmC-rpsQ-rplNXE-rpsNH-rplFR-rpsE-rpmD	rplP|rpmC|rpsQ|rplN|rplX|rplE|rpsN|rpsH|rplF|rplR|rpsE|rpmD	PA4256|PA4255|PA4254|PA4253|PA4252|PA4251|PA4250|PA4249|PA4248|PA4247|PA4246|PA4245	refseq_adyacencia
rplP-rpmC-rpsQ-rplNXE-rpsNH-rplFR-rpsE-rpmD-rplO	rplP|rpmC|rpsQ|rplN|rplX|rplE|rpsN|rpsH|rplF|rplR|rpsE|rpmD|rplO	PA4256|PA4255|PA4254|PA4253|PA4252|PA4251|PA4250|PA4249|PA4248|PA4247|PA4246|PA4245|PA4244	refseq_adyacencia
rplP-rpmC-rpsQ-rplNXE-rpsNH-rplFR-rpsE-rpmD-rplO-secY	rplP|rpmC|rpsQ|rplN|rplX|rplE|rpsN|rpsH|rplF|rplR|rpsE|rpmD|rplO|secY	PA4256|PA4255|PA4254|PA4253|PA4252|PA4251|PA4250|PA4249|PA4248|PA4247|PA4246|PA4245|PA4244|PA4243	refseq_adyacencia
rplP-rpmC-rpsQ-rplNXE-rpsNH-rplFR-rpsE-rpmD-rplO-secY-rpmJ	rplP|rpmC|rpsQ|rplN|rplX|rplE|rpsN|rpsH|rplF|rplR|rpsE|rpmD|rplO|secY|rpmJ	PA4256|PA4255|PA4254|PA4253|PA4252|PA4251|PA4250|PA4249|PA4248|PA4247|PA4246|PA4245|PA4244|PA4243|PA4242	refseq_adyacencia
rplP-rpmC-rpsQ-rplNXE-rpsNH-rplFR-rpsE-rpmD-rplO-secY-rpmJ-rpsM	rplP|rpmC|rpsQ|rplN|rplX|rplE|rpsN|rpsH|rplF|rplR|rpsE|rpmD|rplO|secY|rpmJ|rpsM	PA4256|PA4255|PA4254|PA4253|PA4252|PA4251|PA4250|PA4249|PA4248|PA4247|PA4246|PA4245|PA4244|PA4243|PA4242|PA4241	refseq_adyacencia
rplP-rpmC-rpsQ-rplNXE-rpsNH-rplFR-rpsE-rpmD-rplO-secY-rpmJ-rpsMK	rplP|rpmC|rpsQ|rplN|rplX|rplE|rpsN|rpsH|rplF|rplR|rpsE|rpmD|rplO|secY|rpmJ|rpsM|rpsK	PA4256|PA4255|PA4254|PA4253|PA4252|PA4251|PA4250|PA4249|PA4248|PA4247|PA4246|PA4245|PA4244|PA4243|PA4242|PA4241|PA4240	refseq_adyacencia
rplP-rpmC-rpsQ-rplNXE-rpsNH-rplFR-rpsE-rpmD-rplO-secY-rpmJ-rpsMKD	rplP|rpmC|rpsQ|rplN|rplX|rplE|rpsN|rpsH|rplF|rplR|rpsE|rpmD|rplO|secY|rpmJ|rpsM|rpsK|rpsD	PA4256|PA4255|PA4254|PA4253|PA4252|PA4251|PA4250|PA4249|PA4248|PA4247|PA4246|PA4245|PA4244|PA4243|PA4242|PA4241|PA4240|PA4239	refseq_adyacencia
rplP-rpmC-rpsQ-rplNXE-rpsNH-rplFR-rpsE-rpmD-rplO-secY-rpmJ-rpsMKD-rpoA	rplP|rpmC|rpsQ|rplN|rplX|rplE|rpsN|rpsH|rplF|rplR|rpsE|rpmD|rplO|secY|rpmJ|rpsM|rpsK|rpsD|rpoA	PA4256|PA4255|PA4254|PA4253|PA4252|PA4251|PA4250|PA4249|PA4248|PA4247|PA4246|PA4245|PA4244|PA4243|PA4242|PA4241|PA4240|PA4239|PA4238	refseq_adyacencia
rplP-rpmC-rpsQ-rplNXE-rpsNH-rplFR-rpsE-rpmD-rplO-secY-rpmJ-rpsMKD-rpoA-rplQ	rplP|rpmC|rpsQ|rplN|rplX|rplE|rpsN|rpsH|rplF|rplR|rpsE|rpmD|rplO|secY|rpmJ|rpsM|rpsK|rpsD|rpoA|rplQ	PA4256|PA4255|PA4254|PA4253|PA4252|PA4251|PA4250|PA4249|PA4248|PA4247|PA4246|PA4245|PA4244|PA4243|PA4242|PA4241|PA4240|PA4239|PA4238|PA4237	refseq_adyacencia
rplP-rpmC-rpsQ-rplNXE-rpsNH-rplFR-rpsE-rpmD-rplO-secY-rpmJ-rpsMKD-rpoA-rplQ-katA	rplP|rpmC|rpsQ|rplN|rplX|rplE|rpsN|rpsH|rplF|rplR|rpsE|rpmD|rplO|secY|rpmJ|rpsM|rpsK|rpsD|rpoA|rplQ|katA	PA4256|PA4255|PA4254|PA4253|PA4252|PA4251|PA4250|PA4249|PA4248|PA4247|PA4246|PA4245|PA4244|PA4243|PA4242|PA4241|PA4240|PA4239|PA4238|PA4237|PA4236	refseq_adyacencia
rplP-rpmC-rpsQ-rplNXE-rpsNH-rplFR-rpsE-rpmD-rplO-secY-rpmJ-rpsMKD-rpoA-rplQ-katA-bfrA	rplP|rpmC|rpsQ|rplN|rplX|rplE|rpsN|rpsH|rplF|rplR|rpsE|rpmD|rplO|secY|rpmJ|rpsM|rpsK|rpsD|rpoA|rplQ|katA|bfrA	PA4256|PA4255|PA4254|PA4253|PA4252|PA4251|PA4250|PA4249|PA4248|PA4247|PA4246|PA4245|PA4244|PA4243|PA4242|PA4241|PA4240|PA4239|PA4238|PA4237|PA4236|PA4235	refseq_adyacencia
rplQ-katA	rplQ|katA	PA4237|PA4236	refseq_adyacencia
rplQ-katA-bfrA	rplQ|katA|bfrA	PA4237|PA4236|PA4235	refseq_adyacencia
rplR-rpsE	rplR|rpsE	PA4247|PA4246	refseq_adyacencia
rplR-rpsE-rpmD	rplR|rpsE|rpmD	PA4247|PA4246|PA4245	refseq_adyacencia
rplR-rpsE-rpmD-rplO	rplR|rpsE|rpmD|rplO	PA4247|PA4246|PA4245|PA4244	refseq_adyacencia
rplR-rpsE-rpmD-rplO-secY	rplR|rpsE|rpmD|rplO|secY	PA4247|PA4246|PA4245|PA4244|PA4243	refseq_adyacencia
rplR-rpsE-rpmD-rplO-secY-rpmJ	rplR|rpsE|rpmD|rplO|secY|rpmJ	PA4247|PA4246|PA4245|PA4244|PA4243|PA4242	refseq_adyacencia
rplR-rpsE-rpmD-rplO-secY-rpmJ-rpsM	rplR|rpsE|rpmD|rplO|secY|rpmJ|rpsM	PA4247|PA4246|PA4245|PA4244|PA4243|PA4242|PA4241	refseq_adyacencia
rplR-rpsE-rpmD-rplO-secY-rpmJ-rpsMK	rplR|rpsE|rpmD|rplO|secY|rpmJ|rpsM|rpsK	PA4247|PA4246|PA4245|PA4244|PA4243|PA4242|PA4241|PA4240	refseq_adyacencia
rplR-rpsE-rpmD-rplO-secY-rpmJ-rpsMKD	rplR|rpsE|rpmD|rplO|secY|rpmJ|rpsM|rpsK|rpsD	PA4247|PA4246|PA4245|PA4244|PA4243|PA4242|PA4241|PA4240|PA4239	refseq_adyacencia
rplR-rpsE-rpmD-rplO-secY-rpmJ-rpsMKD-rpoA	rplR|rpsE|rpmD|rplO|secY|rpmJ|rpsM|rpsK|rpsD|rpoA	PA4247|PA4246|PA4245|PA4244|PA4243|PA4242|PA4241|PA4240|PA4239|PA4238	refseq_adyacencia
rplR-rpsE-rpmD-rplO-secY-rpmJ-rpsMKD-rpoA-rplQ	rplR|rpsE|rpmD|rplO|secY|rpmJ|rpsM|rpsK|rpsD|rpoA|rplQ	PA4247|PA4246|PA4245|PA4244|PA4243|PA4242|PA4241|PA4240|PA4239|PA4238|PA4237	refseq_adyacencia
rplR-rpsE-rpmD-rplO-secY-rpmJ-rpsMKD-rpoA-rplQ-katA	rplR|rpsE|rpmD|rplO|secY|rpmJ|rpsM|rpsK|rpsD|rpoA|rplQ|katA	PA4247|PA4246|PA4245|PA4244|PA4243|PA4242|PA4241|PA4240|PA4239|PA4238|PA4237|PA4236	refseq_adyacencia
rplR-rpsE-rpmD-rplO-secY-rpmJ-rpsMKD-rpoA-rplQ-katA-bfrA	rplR|rpsE|rpmD|rplO|secY|rpmJ|rpsM|rpsK|rpsD|rpoA|rplQ|katA|bfrA	PA4247|PA4246|PA4245|PA4244|PA4243|PA4242|PA4241|PA4240|PA4239|PA4238|PA4237|PA4236|PA4235	refseq_adyacencia
rplT-pheS	rplT|pheS	PA2741|PA2740	refseq_adyacencia
rplT-pheST	rplT|pheS|pheT	PA2741|PA2740|PA2739	refseq_adyacencia
rplT-pheST-himA	rplT|pheS|pheT|himA	PA2741|PA2740|PA2739|PA2738	refseq_adyacencia
rplU-rpmA	rplU|rpmA	PA4568|PA4567	refseq_adyacencia
rplV-rpsC	rplV|rpsC	PA4258|PA4257	refseq_adyacencia
rplV-rpsC-rplP	rplV|rpsC|rplP	PA4258|PA4257|PA4256	refseq_adyacencia
rplV-rpsC-rplP-rpmC	rplV|rpsC|rplP|rpmC	PA4258|PA4257|PA4256|PA4255	refseq_adyacencia
rplV-rpsC-rplP-rpmC-rpsQ	rplV|rpsC|rplP|rpmC|rpsQ	PA4258|PA4257|PA4256|PA4255|PA4254	refseq_adyacencia
rplV-rpsC-rplP-rpmC-rpsQ-rplN	rplV|rpsC|rplP|rpmC|rpsQ|rplN	PA4258|PA4257|PA4256|PA4255|PA4254|PA4253	refseq_adyacencia
rplV-rpsC-rplP-rpmC-rpsQ-rplNX	rplV|rpsC|rplP|rpmC|rpsQ|rplN|rplX	PA4258|PA4257|PA4256|PA4255|PA4254|PA4253|PA4252	refseq_adyacencia
rplV-rpsC-rplP-rpmC-rpsQ-rplNXE	rplV|rpsC|rplP|rpmC|rpsQ|rplN|rplX|rplE	PA4258|PA4257|PA4256|PA4255|PA4254|PA4253|PA4252|PA4251	refseq_adyacencia
rplV-rpsC-rplP-rpmC-rpsQ-rplNXE-rpsN	rplV|rpsC|rplP|rpmC|rpsQ|rplN|rplX|rplE|rpsN	PA4258|PA4257|PA4256|PA4255|PA4254|PA4253|PA4252|PA4251|PA4250	refseq_adyacencia
rplV-rpsC-rplP-rpmC-rpsQ-rplNXE-rpsNH	rplV|rpsC|rplP|rpmC|rpsQ|rplN|rplX|rplE|rpsN|rpsH	PA4258|PA4257|PA4256|PA4255|PA4254|PA4253|PA4252|PA4251|PA4250|PA4249	refseq_adyacencia
rplV-rpsC-rplP-rpmC-rpsQ-rplNXE-rpsNH-rplF	rplV|rpsC|rplP|rpmC|rpsQ|rplN|rplX|rplE|rpsN|rpsH|rplF	PA4258|PA4257|PA4256|PA4255|PA4254|PA4253|PA4252|PA4251|PA4250|PA4249|PA4248	refseq_adyacencia
rplV-rpsC-rplP-rpmC-rpsQ-rplNXE-rpsNH-rplFR	rplV|rpsC|rplP|rpmC|rpsQ|rplN|rplX|rplE|rpsN|rpsH|rplF|rplR	PA4258|PA4257|PA4256|PA4255|PA4254|PA4253|PA4252|PA4251|PA4250|PA4249|PA4248|PA4247	refseq_adyacencia
rplV-rpsC-rplP-rpmC-rpsQ-rplNXE-rpsNH-rplFR-rpsE	rplV|rpsC|rplP|rpmC|rpsQ|rplN|rplX|rplE|rpsN|rpsH|rplF|rplR|rpsE	PA4258|PA4257|PA4256|PA4255|PA4254|PA4253|PA4252|PA4251|PA4250|PA4249|PA4248|PA4247|PA4246	refseq_adyacencia
rplV-rpsC-rplP-rpmC-rpsQ-rplNXE-rpsNH-rplFR-rpsE-rpmD	rplV|rpsC|rplP|rpmC|rpsQ|rplN|rplX|rplE|rpsN|rpsH|rplF|rplR|rpsE|rpmD	PA4258|PA4257|PA4256|PA4255|PA4254|PA4253|PA4252|PA4251|PA4250|PA4249|PA4248|PA4247|PA4246|PA4245	refseq_adyacencia
rplV-rpsC-rplP-rpmC-rpsQ-rplNXE-rpsNH-rplFR-rpsE-rpmD-rplO	rplV|rpsC|rplP|rpmC|rpsQ|rplN|rplX|rplE|rpsN|rpsH|rplF|rplR|rpsE|rpmD|rplO	PA4258|PA4257|PA4256|PA4255|PA4254|PA4253|PA4252|PA4251|PA4250|PA4249|PA4248|PA4247|PA4246|PA4245|PA4244	refseq_adyacencia
rplV-rpsC-rplP-rpmC-rpsQ-rplNXE-rpsNH-rplFR-rpsE-rpmD-rplO-secY	rplV|rpsC|rplP|rpmC|rpsQ|rplN|rplX|rplE|rpsN|rpsH|rplF|rplR|rpsE|rpmD|rplO|secY	PA4258|PA4257|PA4256|PA4255|PA4254|PA4253|PA4252|PA4251|PA4250|PA4249|PA4248|PA4247|PA4246|PA4245|PA4244|PA4243	refseq_adyacencia
rplV-rpsC-rplP-rpmC-rpsQ-rplNXE-rpsNH-rplFR-rpsE-rpmD-rplO-secY-rpmJ	rplV|rpsC|rplP|rpmC|rpsQ|rplN|rplX|rplE|rpsN|rpsH|rplF|rplR|rpsE|rpmD|rplO|secY|rpmJ	PA4258|PA4257|PA4256|PA4255|PA4254|PA4253|PA4252|PA4251|PA4250|PA4249|PA4248|PA4247|PA4246|PA4245|PA4244|PA4243|PA4242	refseq_adyacencia
rplV-rpsC-rplP-rpmC-rpsQ-rplNXE-rpsNH-rplFR-rpsE-rpmD-rplO-secY-rpmJ-rpsM	rplV|rpsC|rplP|rpmC|rpsQ|rplN|rplX|rplE|rpsN|rpsH|rplF|rplR|rpsE|rpmD|rplO|secY|rpmJ|rpsM	PA4258|PA4257|PA4256|PA4255|PA4254|PA4253|PA4252|PA4251|PA4250|PA4249|PA4248|PA4247|PA4246|PA4245|PA4244|PA4243|PA4242|PA4241	refseq_adyacencia
rplV-rpsC-rplP-rpmC-rpsQ-rplNXE-rpsNH-rplFR-rpsE-rpmD-rplO-secY-rpmJ-rpsMK	rplV|rpsC|rplP|rpmC|rpsQ|rplN|rplX|rplE|rpsN|rpsH|rplF|rplR|rpsE|rpmD|rplO|secY|rpmJ|rpsM|rpsK	PA4258|PA4257|PA4256|PA4255|PA4254|PA4253|PA4252|PA4251|PA4250|PA4249|PA4248|PA4247|PA4246|PA4245|PA4244|PA4243|PA4242|PA4241|PA4240	refseq_adyacencia
rplV-rpsC-rplP-rpmC-rpsQ-rplNXE-rpsNH-rplFR-rpsE-rpmD-rplO-secY-rpmJ-rpsMKD	rplV|rpsC|rplP|rpmC|rpsQ|rplN|rplX|rplE|rpsN|rpsH|rplF|rplR|rpsE|rpmD|rplO|secY|rpmJ|rpsM|rpsK|rpsD	PA4258|PA4257|PA4256|PA4255|PA4254|PA4253|PA4252|PA4251|PA4250|PA4249|PA4248|PA4247|PA4246|PA4245|PA4244|PA4243|PA4242|PA4241|PA4240|PA4239	refseq_adyacencia
rplV-rpsC-rplP-rpmC-rpsQ-rplNXE-rpsNH-rplFR-rpsE-rpmD-rplO-secY-rpmJ-rpsMKD-rpoA	rplV|rpsC|rplP|rpmC|rpsQ|rplN|rplX|rplE|rpsN|rpsH|rplF|rplR|rpsE|rpmD|rplO|secY|rpmJ|rpsM|rpsK|rpsD|rpoA	PA4258|PA4257|PA4256|PA4255|PA4254|PA4253|PA4252|PA4251|PA4250|PA4249|PA4248|PA4247|PA4246|PA4245|PA4244|PA4243|PA4242|PA4241|PA4240|PA4239|PA4238	refseq_adyacencia
rplV-rpsC-rplP-rpmC-rpsQ-rplNXE-rpsNH-rplFR-rpsE-rpmD-rplO-secY-rpmJ-rpsMKD-rpoA-rplQ	rplV|rpsC|rplP|rpmC|rpsQ|rplN|rplX|rplE|rpsN|rpsH|rplF|rplR|rpsE|rpmD|rplO|secY|rpmJ|rpsM|rpsK|rpsD|rpoA|rplQ	PA4258|PA4257|PA4256|PA4255|PA4254|PA4253|PA4252|PA4251|PA4250|PA4249|PA4248|PA4247|PA4246|PA4245|PA4244|PA4243|PA4242|PA4241|PA4240|PA4239|PA4238|PA4237	refseq_adyacencia
rplV-rpsC-rplP-rpmC-rpsQ-rplNXE-rpsNH-rplFR-rpsE-rpmD-rplO-secY-rpmJ-rpsMKD-rpoA-rplQ-katA	rplV|rpsC|rplP|rpmC|rpsQ|rplN|rplX|rplE|rpsN|rpsH|rplF|rplR|rpsE|rpmD|rplO|secY|rpmJ|rpsM|rpsK|rpsD|rpoA|rplQ|katA	PA4258|PA4257|PA4256|PA4255|PA4254|PA4253|PA4252|PA4251|PA4250|PA4249|PA4248|PA4247|PA4246|PA4245|PA4244|PA4243|PA4242|PA4241|PA4240|PA4239|PA4238|PA4237|PA4236	refseq_adyacencia
rplV-rpsC-rplP-rpmC-rpsQ-rplNXE-rpsNH-rplFR-rpsE-rpmD-rplO-secY-rpmJ-rpsMKD-rpoA-rplQ-katA-bfrA	rplV|rpsC|rplP|rpmC|rpsQ|rplN|rplX|rplE|rpsN|rpsH|rplF|rplR|rpsE|rpmD|rplO|secY|rpmJ|rpsM|rpsK|rpsD|rpoA|rplQ|katA|bfrA	PA4258|PA4257|PA4256|PA4255|PA4254|PA4253|PA4252|PA4251|PA4250|PA4249|PA4248|PA4247|PA4246|PA4245|PA4244|PA4243|PA4242|PA4241|PA4240|PA4239|PA4238|PA4237|PA4236|PA4235	refseq_adyacencia
rplWB	rplW|rplB	PA4261|PA4260	refseq_adyacencia
rplWB-rpsS	rplW|rplB|rpsS	PA4261|PA4260|PA4259	refseq_adyacencia
rplWB-rpsS-rplV	rplW|rplB|rpsS|rplV	PA4261|PA4260|PA4259|PA4258	refseq_adyacencia
rplWB-rpsS-rplV-rpsC	rplW|rplB|rpsS|rplV|rpsC	PA4261|PA4260|PA4259|PA4258|PA4257	refseq_adyacencia
rplWB-rpsS-rplV-rpsC-rplP	rplW|rplB|rpsS|rplV|rpsC|rplP	PA4261|PA4260|PA4259|PA4258|PA4257|PA4256	refseq_adyacencia
rplWB-rpsS-rplV-rpsC-rplP-rpmC	rplW|rplB|rpsS|rplV|rpsC|rplP|rpmC	PA4261|PA4260|PA4259|PA4258|PA4257|PA4256|PA4255	refseq_adyacencia
rplWB-rpsS-rplV-rpsC-rplP-rpmC-rpsQ	rplW|rplB|rpsS|rplV|rpsC|rplP|rpmC|rpsQ	PA4261|PA4260|PA4259|PA4258|PA4257|PA4256|PA4255|PA4254	refseq_adyacencia
rplWB-rpsS-rplV-rpsC-rplP-rpmC-rpsQ-rplN	rplW|rplB|rpsS|rplV|rpsC|rplP|rpmC|rpsQ|rplN	PA4261|PA4260|PA4259|PA4258|PA4257|PA4256|PA4255|PA4254|PA4253	refseq_adyacencia
rplWB-rpsS-rplV-rpsC-rplP-rpmC-rpsQ-rplNX	rplW|rplB|rpsS|rplV|rpsC|rplP|rpmC|rpsQ|rplN|rplX	PA4261|PA4260|PA4259|PA4258|PA4257|PA4256|PA4255|PA4254|PA4253|PA4252	refseq_adyacencia
rplWB-rpsS-rplV-rpsC-rplP-rpmC-rpsQ-rplNXE	rplW|rplB|rpsS|rplV|rpsC|rplP|rpmC|rpsQ|rplN|rplX|rplE	PA4261|PA4260|PA4259|PA4258|PA4257|PA4256|PA4255|PA4254|PA4253|PA4252|PA4251	refseq_adyacencia
rplWB-rpsS-rplV-rpsC-rplP-rpmC-rpsQ-rplNXE-rpsN	rplW|rplB|rpsS|rplV|rpsC|rplP|rpmC|rpsQ|rplN|rplX|rplE|rpsN	PA4261|PA4260|PA4259|PA4258|PA4257|PA4256|PA4255|PA4254|PA4253|PA4252|PA4251|PA4250	refseq_adyacencia
rplWB-rpsS-rplV-rpsC-rplP-rpmC-rpsQ-rplNXE-rpsNH	rplW|rplB|rpsS|rplV|rpsC|rplP|rpmC|rpsQ|rplN|rplX|rplE|rpsN|rpsH	PA4261|PA4260|PA4259|PA4258|PA4257|PA4256|PA4255|PA4254|PA4253|PA4252|PA4251|PA4250|PA4249	refseq_adyacencia
rplWB-rpsS-rplV-rpsC-rplP-rpmC-rpsQ-rplNXE-rpsNH-rplF	rplW|rplB|rpsS|rplV|rpsC|rplP|rpmC|rpsQ|rplN|rplX|rplE|rpsN|rpsH|rplF	PA4261|PA4260|PA4259|PA4258|PA4257|PA4256|PA4255|PA4254|PA4253|PA4252|PA4251|PA4250|PA4249|PA4248	refseq_adyacencia
rplWB-rpsS-rplV-rpsC-rplP-rpmC-rpsQ-rplNXE-rpsNH-rplFR	rplW|rplB|rpsS|rplV|rpsC|rplP|rpmC|rpsQ|rplN|rplX|rplE|rpsN|rpsH|rplF|rplR	PA4261|PA4260|PA4259|PA4258|PA4257|PA4256|PA4255|PA4254|PA4253|PA4252|PA4251|PA4250|PA4249|PA4248|PA4247	refseq_adyacencia
rplWB-rpsS-rplV-rpsC-rplP-rpmC-rpsQ-rplNXE-rpsNH-rplFR-rpsE	rplW|rplB|rpsS|rplV|rpsC|rplP|rpmC|rpsQ|rplN|rplX|rplE|rpsN|rpsH|rplF|rplR|rpsE	PA4261|PA4260|PA4259|PA4258|PA4257|PA4256|PA4255|PA4254|PA4253|PA4252|PA4251|PA4250|PA4249|PA4248|PA4247|PA4246	refseq_adyacencia
rplWB-rpsS-rplV-rpsC-rplP-rpmC-rpsQ-rplNXE-rpsNH-rplFR-rpsE-rpmD	rplW|rplB|rpsS|rplV|rpsC|rplP|rpmC|rpsQ|rplN|rplX|rplE|rpsN|rpsH|rplF|rplR|rpsE|rpmD	PA4261|PA4260|PA4259|PA4258|PA4257|PA4256|PA4255|PA4254|PA4253|PA4252|PA4251|PA4250|PA4249|PA4248|PA4247|PA4246|PA4245	refseq_adyacencia
rplWB-rpsS-rplV-rpsC-rplP-rpmC-rpsQ-rplNXE-rpsNH-rplFR-rpsE-rpmD-rplO	rplW|rplB|rpsS|rplV|rpsC|rplP|rpmC|rpsQ|rplN|rplX|rplE|rpsN|rpsH|rplF|rplR|rpsE|rpmD|rplO	PA4261|PA4260|PA4259|PA4258|PA4257|PA4256|PA4255|PA4254|PA4253|PA4252|PA4251|PA4250|PA4249|PA4248|PA4247|PA4246|PA4245|PA4244	refseq_adyacencia
rplWB-rpsS-rplV-rpsC-rplP-rpmC-rpsQ-rplNXE-rpsNH-rplFR-rpsE-rpmD-rplO-secY	rplW|rplB|rpsS|rplV|rpsC|rplP|rpmC|rpsQ|rplN|rplX|rplE|rpsN|rpsH|rplF|rplR|rpsE|rpmD|rplO|secY	PA4261|PA4260|PA4259|PA4258|PA4257|PA4256|PA4255|PA4254|PA4253|PA4252|PA4251|PA4250|PA4249|PA4248|PA4247|PA4246|PA4245|PA4244|PA4243	refseq_adyacencia
rplWB-rpsS-rplV-rpsC-rplP-rpmC-rpsQ-rplNXE-rpsNH-rplFR-rpsE-rpmD-rplO-secY-rpmJ	rplW|rplB|rpsS|rplV|rpsC|rplP|rpmC|rpsQ|rplN|rplX|rplE|rpsN|rpsH|rplF|rplR|rpsE|rpmD|rplO|secY|rpmJ	PA4261|PA4260|PA4259|PA4258|PA4257|PA4256|PA4255|PA4254|PA4253|PA4252|PA4251|PA4250|PA4249|PA4248|PA4247|PA4246|PA4245|PA4244|PA4243|PA4242	refseq_adyacencia
rplWB-rpsS-rplV-rpsC-rplP-rpmC-rpsQ-rplNXE-rpsNH-rplFR-rpsE-rpmD-rplO-secY-rpmJ-rpsM	rplW|rplB|rpsS|rplV|rpsC|rplP|rpmC|rpsQ|rplN|rplX|rplE|rpsN|rpsH|rplF|rplR|rpsE|rpmD|rplO|secY|rpmJ|rpsM	PA4261|PA4260|PA4259|PA4258|PA4257|PA4256|PA4255|PA4254|PA4253|PA4252|PA4251|PA4250|PA4249|PA4248|PA4247|PA4246|PA4245|PA4244|PA4243|PA4242|PA4241	refseq_adyacencia
rplWB-rpsS-rplV-rpsC-rplP-rpmC-rpsQ-rplNXE-rpsNH-rplFR-rpsE-rpmD-rplO-secY-rpmJ-rpsMK	rplW|rplB|rpsS|rplV|rpsC|rplP|rpmC|rpsQ|rplN|rplX|rplE|rpsN|rpsH|rplF|rplR|rpsE|rpmD|rplO|secY|rpmJ|rpsM|rpsK	PA4261|PA4260|PA4259|PA4258|PA4257|PA4256|PA4255|PA4254|PA4253|PA4252|PA4251|PA4250|PA4249|PA4248|PA4247|PA4246|PA4245|PA4244|PA4243|PA4242|PA4241|PA4240	refseq_adyacencia
rplWB-rpsS-rplV-rpsC-rplP-rpmC-rpsQ-rplNXE-rpsNH-rplFR-rpsE-rpmD-rplO-secY-rpmJ-rpsMKD	rplW|rplB|rpsS|rplV|rpsC|rplP|rpmC|rpsQ|rplN|rplX|rplE|rpsN|rpsH|rplF|rplR|rpsE|rpmD|rplO|secY|rpmJ|rpsM|rpsK|rpsD	PA4261|PA4260|PA4259|PA4258|PA4257|PA4256|PA4255|PA4254|PA4253|PA4252|PA4251|PA4250|PA4249|PA4248|PA4247|PA4246|PA4245|PA4244|PA4243|PA4242|PA4241|PA4240|PA4239	refseq_adyacencia
rplWB-rpsS-rplV-rpsC-rplP-rpmC-rpsQ-rplNXE-rpsNH-rplFR-rpsE-rpmD-rplO-secY-rpmJ-rpsMKD-rpoA	rplW|rplB|rpsS|rplV|rpsC|rplP|rpmC|rpsQ|rplN|rplX|rplE|rpsN|rpsH|rplF|rplR|rpsE|rpmD|rplO|secY|rpmJ|rpsM|rpsK|rpsD|rpoA	PA4261|PA4260|PA4259|PA4258|PA4257|PA4256|PA4255|PA4254|PA4253|PA4252|PA4251|PA4250|PA4249|PA4248|PA4247|PA4246|PA4245|PA4244|PA4243|PA4242|PA4241|PA4240|PA4239|PA4238	refseq_adyacencia
rplWB-rpsS-rplV-rpsC-rplP-rpmC-rpsQ-rplNXE-rpsNH-rplFR-rpsE-rpmD-rplO-secY-rpmJ-rpsMKD-rpoA-rplQ	rplW|rplB|rpsS|rplV|rpsC|rplP|rpmC|rpsQ|rplN|rplX|rplE|rpsN|rpsH|rplF|rplR|rpsE|rpmD|rplO|secY|rpmJ|rpsM|rpsK|rpsD|rpoA|rplQ	PA4261|PA4260|PA4259|PA4258|PA4257|PA4256|PA4255|PA4254|PA4253|PA4252|PA4251|PA4250|PA4249|PA4248|PA4247|PA4246|PA4245|PA4244|PA4243|PA4242|PA4241|PA4240|PA4239|PA4238|PA4237	refseq_adyacencia
rplWB-rpsS-rplV-rpsC-rplP-rpmC-rpsQ-rplNXE-rpsNH-rplFR-rpsE-rpmD-rplO-secY-rpmJ-rpsMKD-rpoA-rplQ-katA	rplW|rplB|rpsS|rplV|rpsC|rplP|rpmC|rpsQ|rplN|rplX|rplE|rpsN|rpsH|rplF|rplR|rpsE|rpmD|rplO|secY|rpmJ|rpsM|rpsK|rpsD|rpoA|rplQ|katA	PA4261|PA4260|PA4259|PA4258|PA4257|PA4256|PA4255|PA4254|PA4253|PA4252|PA4251|PA4250|PA4249|PA4248|PA4247|PA4246|PA4245|PA4244|PA4243|PA4242|PA4241|PA4240|PA4239|PA4238|PA4237|PA4236	refseq_adyacencia
rplWB-rpsS-rplV-rpsC-rplP-rpmC-rpsQ-rplNXE-rpsNH-rplFR-rpsE-rpmD-rplO-secY-rpmJ-rpsMKD-rpoA-rplQ-katA-bfrA	rplW|rplB|rpsS|rplV|rpsC|rplP|rpmC|rpsQ|rplN|rplX|rplE|rpsN|rpsH|rplF|rplR|rpsE|rpmD|rplO|secY|rpmJ|rpsM|rpsK|rpsD|rpoA|rplQ|katA|bfrA	PA4261|PA4260|PA4259|PA4258|PA4257|PA4256|PA4255|PA4254|PA4253|PA4252|PA4251|PA4250|PA4249|PA4248|PA4247|PA4246|PA4245|PA4244|PA4243|PA4242|PA4241|PA4240|PA4239|PA4238|PA4237|PA4236|PA4235	refseq_adyacencia
rplXE	rplX|rplE	PA4252|PA4251	refseq_adyacencia
rplXE-rpsN	rplX|rplE|rpsN	PA4252|PA4251|PA4250	refseq_adyacencia
rplXE-rpsNH	rplX|rplE|rpsN|rpsH	PA4252|PA4251|PA4250|PA4249	refseq_adyacencia
rplXE-rpsNH-rplF	rplX|rplE|rpsN|rpsH|rplF	PA4252|PA4251|PA4250|PA4249|PA4248	refseq_adyacencia
rplXE-rpsNH-rplFR	rplX|rplE|rpsN|rpsH|rplF|rplR	PA4252|PA4251|PA4250|PA4249|PA4248|PA4247	refseq_adyacencia
rplXE-rpsNH-rplFR-rpsE	rplX|rplE|rpsN|rpsH|rplF|rplR|rpsE	PA4252|PA4251|PA4250|PA4249|PA4248|PA4247|PA4246	refseq_adyacencia
rplXE-rpsNH-rplFR-rpsE-rpmD	rplX|rplE|rpsN|rpsH|rplF|rplR|rpsE|rpmD	PA4252|PA4251|PA4250|PA4249|PA4248|PA4247|PA4246|PA4245	refseq_adyacencia
rplXE-rpsNH-rplFR-rpsE-rpmD-rplO	rplX|rplE|rpsN|rpsH|rplF|rplR|rpsE|rpmD|rplO	PA4252|PA4251|PA4250|PA4249|PA4248|PA4247|PA4246|PA4245|PA4244	refseq_adyacencia
rplXE-rpsNH-rplFR-rpsE-rpmD-rplO-secY	rplX|rplE|rpsN|rpsH|rplF|rplR|rpsE|rpmD|rplO|secY	PA4252|PA4251|PA4250|PA4249|PA4248|PA4247|PA4246|PA4245|PA4244|PA4243	refseq_adyacencia
rplXE-rpsNH-rplFR-rpsE-rpmD-rplO-secY-rpmJ	rplX|rplE|rpsN|rpsH|rplF|rplR|rpsE|rpmD|rplO|secY|rpmJ	PA4252|PA4251|PA4250|PA4249|PA4248|PA4247|PA4246|PA4245|PA4244|PA4243|PA4242	refseq_adyacencia
rplXE-rpsNH-rplFR-rpsE-rpmD-rplO-secY-rpmJ-rpsM	rplX|rplE|rpsN|rpsH|rplF|rplR|rpsE|rpmD|rplO|secY|rpmJ|rpsM	PA4252|PA4251|PA4250|PA4249|PA4248|PA4247|PA4246|PA4245|PA4244|PA4243|PA4242|PA4241	refseq_adyacencia
rplXE-rpsNH-rplFR-rpsE-rpmD-rplO-secY-rpmJ-rpsMK	rplX|rplE|rpsN|rpsH|rplF|rplR|rpsE|rpmD|rplO|secY|rpmJ|rpsM|rpsK	PA4252|PA4251|PA4250|PA4249|PA4248|PA4247|PA4246|PA4245|PA4244|PA4243|PA4242|PA4241|PA4240	refseq_adyacencia
rplXE-rpsNH-rplFR-rpsE-rpmD-rplO-secY-rpmJ-rpsMKD	rplX|rplE|rpsN|rpsH|rplF|rplR|rpsE|rpmD|rplO|secY|rpmJ|rpsM|rpsK|rpsD	PA4252|PA4251|PA4250|PA4249|PA4248|PA4247|PA4246|PA4245|PA4244|PA4243|PA4242|PA4241|PA4240|PA4239	refseq_adyacencia
rplXE-rpsNH-rplFR-rpsE-rpmD-rplO-secY-rpmJ-rpsMKD-rpoA	rplX|rplE|rpsN|rpsH|rplF|rplR|rpsE|rpmD|rplO|secY|rpmJ|rpsM|rpsK|rpsD|rpoA	PA4252|PA4251|PA4250|PA4249|PA4248|PA4247|PA4246|PA4245|PA4244|PA4243|PA4242|PA4241|PA4240|PA4239|PA4238	refseq_adyacencia
rplXE-rpsNH-rplFR-rpsE-rpmD-rplO-secY-rpmJ-rpsMKD-rpoA-rplQ	rplX|rplE|rpsN|rpsH|rplF|rplR|rpsE|rpmD|rplO|secY|rpmJ|rpsM|rpsK|rpsD|rpoA|rplQ	PA4252|PA4251|PA4250|PA4249|PA4248|PA4247|PA4246|PA4245|PA4244|PA4243|PA4242|PA4241|PA4240|PA4239|PA4238|PA4237	refseq_adyacencia
rplXE-rpsNH-rplFR-rpsE-rpmD-rplO-secY-rpmJ-rpsMKD-rpoA-rplQ-katA	rplX|rplE|rpsN|rpsH|rplF|rplR|rpsE|rpmD|rplO|secY|rpmJ|rpsM|rpsK|rpsD|rpoA|rplQ|katA	PA4252|PA4251|PA4250|PA4249|PA4248|PA4247|PA4246|PA4245|PA4244|PA4243|PA4242|PA4241|PA4240|PA4239|PA4238|PA4237|PA4236	refseq_adyacencia
rplXE-rpsNH-rplFR-rpsE-rpmD-rplO-secY-rpmJ-rpsMKD-rpoA-rplQ-katA-bfrA	rplX|rplE|rpsN|rpsH|rplF|rplR|rpsE|rpmD|rplO|secY|rpmJ|rpsM|rpsK|rpsD|rpoA|rplQ|katA|bfrA	PA4252|PA4251|PA4250|PA4249|PA4248|PA4247|PA4246|PA4245|PA4244|PA4243|PA4242|PA4241|PA4240|PA4239|PA4238|PA4237|PA4236|PA4235	refseq_adyacencia
rpmBG	rpmB|rpmG	PA5316|PA5315	refseq_adyacencia
rpmC-rpsQ	rpmC|rpsQ	PA4255|PA4254	refseq_adyacencia
rpmC-rpsQ-rplN	rpmC|rpsQ|rplN	PA4255|PA4254|PA4253	refseq_adyacencia
rpmC-rpsQ-rplNX	rpmC|rpsQ|rplN|rplX	PA4255|PA4254|PA4253|PA4252	refseq_adyacencia
rpmC-rpsQ-rplNXE	rpmC|rpsQ|rplN|rplX|rplE	PA4255|PA4254|PA4253|PA4252|PA4251	refseq_adyacencia
rpmC-rpsQ-rplNXE-rpsN	rpmC|rpsQ|rplN|rplX|rplE|rpsN	PA4255|PA4254|PA4253|PA4252|PA4251|PA4250	refseq_adyacencia
rpmC-rpsQ-rplNXE-rpsNH	rpmC|rpsQ|rplN|rplX|rplE|rpsN|rpsH	PA4255|PA4254|PA4253|PA4252|PA4251|PA4250|PA4249	refseq_adyacencia
rpmC-rpsQ-rplNXE-rpsNH-rplF	rpmC|rpsQ|rplN|rplX|rplE|rpsN|rpsH|rplF	PA4255|PA4254|PA4253|PA4252|PA4251|PA4250|PA4249|PA4248	refseq_adyacencia
rpmC-rpsQ-rplNXE-rpsNH-rplFR	rpmC|rpsQ|rplN|rplX|rplE|rpsN|rpsH|rplF|rplR	PA4255|PA4254|PA4253|PA4252|PA4251|PA4250|PA4249|PA4248|PA4247	refseq_adyacencia
rpmC-rpsQ-rplNXE-rpsNH-rplFR-rpsE	rpmC|rpsQ|rplN|rplX|rplE|rpsN|rpsH|rplF|rplR|rpsE	PA4255|PA4254|PA4253|PA4252|PA4251|PA4250|PA4249|PA4248|PA4247|PA4246	refseq_adyacencia
rpmC-rpsQ-rplNXE-rpsNH-rplFR-rpsE-rpmD	rpmC|rpsQ|rplN|rplX|rplE|rpsN|rpsH|rplF|rplR|rpsE|rpmD	PA4255|PA4254|PA4253|PA4252|PA4251|PA4250|PA4249|PA4248|PA4247|PA4246|PA4245	refseq_adyacencia
rpmC-rpsQ-rplNXE-rpsNH-rplFR-rpsE-rpmD-rplO	rpmC|rpsQ|rplN|rplX|rplE|rpsN|rpsH|rplF|rplR|rpsE|rpmD|rplO	PA4255|PA4254|PA4253|PA4252|PA4251|PA4250|PA4249|PA4248|PA4247|PA4246|PA4245|PA4244	refseq_adyacencia
rpmC-rpsQ-rplNXE-rpsNH-rplFR-rpsE-rpmD-rplO-secY	rpmC|rpsQ|rplN|rplX|rplE|rpsN|rpsH|rplF|rplR|rpsE|rpmD|rplO|secY	PA4255|PA4254|PA4253|PA4252|PA4251|PA4250|PA4249|PA4248|PA4247|PA4246|PA4245|PA4244|PA4243	refseq_adyacencia
rpmC-rpsQ-rplNXE-rpsNH-rplFR-rpsE-rpmD-rplO-secY-rpmJ	rpmC|rpsQ|rplN|rplX|rplE|rpsN|rpsH|rplF|rplR|rpsE|rpmD|rplO|secY|rpmJ	PA4255|PA4254|PA4253|PA4252|PA4251|PA4250|PA4249|PA4248|PA4247|PA4246|PA4245|PA4244|PA4243|PA4242	refseq_adyacencia
rpmC-rpsQ-rplNXE-rpsNH-rplFR-rpsE-rpmD-rplO-secY-rpmJ-rpsM	rpmC|rpsQ|rplN|rplX|rplE|rpsN|rpsH|rplF|rplR|rpsE|rpmD|rplO|secY|rpmJ|rpsM	PA4255|PA4254|PA4253|PA4252|PA4251|PA4250|PA4249|PA4248|PA4247|PA4246|PA4245|PA4244|PA4243|PA4242|PA4241	refseq_adyacencia
rpmC-rpsQ-rplNXE-rpsNH-rplFR-rpsE-rpmD-rplO-secY-rpmJ-rpsMK	rpmC|rpsQ|rplN|rplX|rplE|rpsN|rpsH|rplF|rplR|rpsE|rpmD|rplO|secY|rpmJ|rpsM|rpsK	PA4255|PA4254|PA4253|PA4252|PA4251|PA4250|PA4249|PA4248|PA4247|PA4246|PA4245|PA4244|PA4243|PA4242|PA4241|PA4240	refseq_adyacencia
rpmC-rpsQ-rplNXE-rpsNH-rplFR-rpsE-rpmD-rplO-secY-rpmJ-rpsMKD	rpmC|rpsQ|rplN|rplX|rplE|rpsN|rpsH|rplF|rplR|rpsE|rpmD|rplO|secY|rpmJ|rpsM|rpsK|rpsD	PA4255|PA4254|PA4253|PA4252|PA4251|PA4250|PA4249|PA4248|PA4247|PA4246|PA4245|PA4244|PA4243|PA4242|PA4241|PA4240|PA4239	refseq_adyacencia
rpmC-rpsQ-rplNXE-rpsNH-rplFR-rpsE-rpmD-rplO-secY-rpmJ-rpsMKD-rpoA	rpmC|rpsQ|rplN|rplX|rplE|rpsN|rpsH|rplF|rplR|rpsE|rpmD|rplO|secY|rpmJ|rpsM|rpsK|rpsD|rpoA	PA4255|PA4254|PA4253|PA4252|PA4251|PA4250|PA4249|PA4248|PA4247|PA4246|PA4245|PA4244|PA4243|PA4242|PA4241|PA4240|PA4239|PA4238	refseq_adyacencia
rpmC-rpsQ-rplNXE-rpsNH-rplFR-rpsE-rpmD-rplO-secY-rpmJ-rpsMKD-rpoA-rplQ	rpmC|rpsQ|rplN|rplX|rplE|rpsN|rpsH|rplF|rplR|rpsE|rpmD|rplO|secY|rpmJ|rpsM|rpsK|rpsD|rpoA|rplQ	PA4255|PA4254|PA4253|PA4252|PA4251|PA4250|PA4249|PA4248|PA4247|PA4246|PA4245|PA4244|PA4243|PA4242|PA4241|PA4240|PA4239|PA4238|PA4237	refseq_adyacencia
rpmC-rpsQ-rplNXE-rpsNH-rplFR-rpsE-rpmD-rplO-secY-rpmJ-rpsMKD-rpoA-rplQ-katA	rpmC|rpsQ|rplN|rplX|rplE|rpsN|rpsH|rplF|rplR|rpsE|rpmD|rplO|secY|rpmJ|rpsM|rpsK|rpsD|rpoA|rplQ|katA	PA4255|PA4254|PA4253|PA4252|PA4251|PA4250|PA4249|PA4248|PA4247|PA4246|PA4245|PA4244|PA4243|PA4242|PA4241|PA4240|PA4239|PA4238|PA4237|PA4236	refseq_adyacencia
rpmC-rpsQ-rplNXE-rpsNH-rplFR-rpsE-rpmD-rplO-secY-rpmJ-rpsMKD-rpoA-rplQ-katA-bfrA	rpmC|rpsQ|rplN|rplX|rplE|rpsN|rpsH|rplF|rplR|rpsE|rpmD|rplO|secY|rpmJ|rpsM|rpsK|rpsD|rpoA|rplQ|katA|bfrA	PA4255|PA4254|PA4253|PA4252|PA4251|PA4250|PA4249|PA4248|PA4247|PA4246|PA4245|PA4244|PA4243|PA4242|PA4241|PA4240|PA4239|PA4238|PA4237|PA4236|PA4235	refseq_adyacencia
rpmD-rplO	rpmD|rplO	PA4245|PA4244	refseq_adyacencia
rpmD-rplO-secY	rpmD|rplO|secY	PA4245|PA4244|PA4243	refseq_adyacencia
rpmD-rplO-secY-rpmJ	rpmD|rplO|secY|rpmJ	PA4245|PA4244|PA4243|PA4242	refseq_adyacencia
rpmD-rplO-secY-rpmJ-rpsM	rpmD|rplO|secY|rpmJ|rpsM	PA4245|PA4244|PA4243|PA4242|PA4241	refseq_adyacencia
rpmD-rplO-secY-rpmJ-rpsMK	rpmD|rplO|secY|rpmJ|rpsM|rpsK	PA4245|PA4244|PA4243|PA4242|PA4241|PA4240	refseq_adyacencia
rpmD-rplO-secY-rpmJ-rpsMKD	rpmD|rplO|secY|rpmJ|rpsM|rpsK|rpsD	PA4245|PA4244|PA4243|PA4242|PA4241|PA4240|PA4239	refseq_adyacencia
rpmD-rplO-secY-rpmJ-rpsMKD-rpoA	rpmD|rplO|secY|rpmJ|rpsM|rpsK|rpsD|rpoA	PA4245|PA4244|PA4243|PA4242|PA4241|PA4240|PA4239|PA4238	refseq_adyacencia
rpmD-rplO-secY-rpmJ-rpsMKD-rpoA-rplQ	rpmD|rplO|secY|rpmJ|rpsM|rpsK|rpsD|rpoA|rplQ	PA4245|PA4244|PA4243|PA4242|PA4241|PA4240|PA4239|PA4238|PA4237	refseq_adyacencia
rpmD-rplO-secY-rpmJ-rpsMKD-rpoA-rplQ-katA	rpmD|rplO|secY|rpmJ|rpsM|rpsK|rpsD|rpoA|rplQ|katA	PA4245|PA4244|PA4243|PA4242|PA4241|PA4240|PA4239|PA4238|PA4237|PA4236	refseq_adyacencia
rpmD-rplO-secY-rpmJ-rpsMKD-rpoA-rplQ-katA-bfrA	rpmD|rplO|secY|rpmJ|rpsM|rpsK|rpsD|rpoA|rplQ|katA|bfrA	PA4245|PA4244|PA4243|PA4242|PA4241|PA4240|PA4239|PA4238|PA4237|PA4236|PA4235	refseq_adyacencia
rpmF-plsX	rpmF|plsX	PA2970|PA2969	refseq_adyacencia
rpmF-plsX-fabD	rpmF|plsX|fabD	PA2970|PA2969|PA2968	refseq_adyacencia
rpmF-plsX-fabDG	rpmF|plsX|fabD|fabG	PA2970|PA2969|PA2968|PA2967	refseq_adyacencia
rpmF-plsX-fabDG-acpP	rpmF|plsX|fabD|fabG|acpP	PA2970|PA2969|PA2968|PA2967|PA2966	refseq_adyacencia
rpmH-rnpA	rpmH|rnpA	PA5570|PA5569	refseq_adyacencia
rpmH-rnpA-yidC	rpmH|rnpA|yidC	PA5570|PA5569|PA5568	refseq_adyacencia
rpmH-rnpA-yidC-mnmE	rpmH|rnpA|yidC|mnmE	PA5570|PA5569|PA5568|PA5567	refseq_adyacencia
rpmI-rplT	rpmI|rplT	PA2742|PA2741	refseq_adyacencia
rpmI-rplT-pheS	rpmI|rplT|pheS	PA2742|PA2741|PA2740	refseq_adyacencia
rpmI-rplT-pheST	rpmI|rplT|pheS|pheT	PA2742|PA2741|PA2740|PA2739	refseq_adyacencia
rpmI-rplT-pheST-himA	rpmI|rplT|pheS|pheT|himA	PA2742|PA2741|PA2740|PA2739|PA2738	refseq_adyacencia
rpmJ-rpsM	rpmJ|rpsM	PA4242|PA4241	refseq_adyacencia
rpmJ-rpsMK	rpmJ|rpsM|rpsK	PA4242|PA4241|PA4240	refseq_adyacencia
rpmJ-rpsMKD	rpmJ|rpsM|rpsK|rpsD	PA4242|PA4241|PA4240|PA4239	refseq_adyacencia
rpmJ-rpsMKD-rpoA	rpmJ|rpsM|rpsK|rpsD|rpoA	PA4242|PA4241|PA4240|PA4239|PA4238	refseq_adyacencia
rpmJ-rpsMKD-rpoA-rplQ	rpmJ|rpsM|rpsK|rpsD|rpoA|rplQ	PA4242|PA4241|PA4240|PA4239|PA4238|PA4237	refseq_adyacencia
rpmJ-rpsMKD-rpoA-rplQ-katA	rpmJ|rpsM|rpsK|rpsD|rpoA|rplQ|katA	PA4242|PA4241|PA4240|PA4239|PA4238|PA4237|PA4236	refseq_adyacencia
rpmJ-rpsMKD-rpoA-rplQ-katA-bfrA	rpmJ|rpsM|rpsK|rpsD|rpoA|rplQ|katA|bfrA	PA4242|PA4241|PA4240|PA4239|PA4238|PA4237|PA4236|PA4235	refseq_adyacencia
rpoA-rplQ	rpoA|rplQ	PA4238|PA4237	refseq_adyacencia
rpoA-rplQ-katA	rpoA|rplQ|katA	PA4238|PA4237|PA4236	refseq_adyacencia
rpoA-rplQ-katA-bfrA	rpoA|rplQ|katA|bfrA	PA4238|PA4237|PA4236|PA4235	refseq_adyacencia
rpoBC	rpoB|rpoC	PA4270|PA4269	refseq_adyacencia
rpoBC-rpsL	rpoB|rpoC|rpsL	PA4270|PA4269|PA4268	refseq_adyacencia
rpoBC-rpsLG	rpoB|rpoC|rpsL|rpsG	PA4270|PA4269|PA4268|PA4267	refseq_adyacencia
rpoC-rpsL	rpoC|rpsL	PA4269|PA4268	refseq_adyacencia
rpoC-rpsLG	rpoC|rpsL|rpsG	PA4269|PA4268|PA4267	refseq_adyacencia
rpoS-rsmZ	rpoS|rsmZ	PA3622|PA3621.1	refseq_adyacencia
rpoZ-spoT	rpoZ|spoT	PA5337|PA5338	refseq_adyacencia
rpsA-himD	rpsA|himD	PA3162|PA3161	refseq_adyacencia
rpsC-rplP	rpsC|rplP	PA4257|PA4256	refseq_adyacencia
rpsC-rplP-rpmC	rpsC|rplP|rpmC	PA4257|PA4256|PA4255	refseq_adyacencia
rpsC-rplP-rpmC-rpsQ	rpsC|rplP|rpmC|rpsQ	PA4257|PA4256|PA4255|PA4254	refseq_adyacencia
rpsC-rplP-rpmC-rpsQ-rplN	rpsC|rplP|rpmC|rpsQ|rplN	PA4257|PA4256|PA4255|PA4254|PA4253	refseq_adyacencia
rpsC-rplP-rpmC-rpsQ-rplNX	rpsC|rplP|rpmC|rpsQ|rplN|rplX	PA4257|PA4256|PA4255|PA4254|PA4253|PA4252	refseq_adyacencia
rpsC-rplP-rpmC-rpsQ-rplNXE	rpsC|rplP|rpmC|rpsQ|rplN|rplX|rplE	PA4257|PA4256|PA4255|PA4254|PA4253|PA4252|PA4251	refseq_adyacencia
rpsC-rplP-rpmC-rpsQ-rplNXE-rpsN	rpsC|rplP|rpmC|rpsQ|rplN|rplX|rplE|rpsN	PA4257|PA4256|PA4255|PA4254|PA4253|PA4252|PA4251|PA4250	refseq_adyacencia
rpsC-rplP-rpmC-rpsQ-rplNXE-rpsNH	rpsC|rplP|rpmC|rpsQ|rplN|rplX|rplE|rpsN|rpsH	PA4257|PA4256|PA4255|PA4254|PA4253|PA4252|PA4251|PA4250|PA4249	refseq_adyacencia
rpsC-rplP-rpmC-rpsQ-rplNXE-rpsNH-rplF	rpsC|rplP|rpmC|rpsQ|rplN|rplX|rplE|rpsN|rpsH|rplF	PA4257|PA4256|PA4255|PA4254|PA4253|PA4252|PA4251|PA4250|PA4249|PA4248	refseq_adyacencia
rpsC-rplP-rpmC-rpsQ-rplNXE-rpsNH-rplFR	rpsC|rplP|rpmC|rpsQ|rplN|rplX|rplE|rpsN|rpsH|rplF|rplR	PA4257|PA4256|PA4255|PA4254|PA4253|PA4252|PA4251|PA4250|PA4249|PA4248|PA4247	refseq_adyacencia
rpsC-rplP-rpmC-rpsQ-rplNXE-rpsNH-rplFR-rpsE	rpsC|rplP|rpmC|rpsQ|rplN|rplX|rplE|rpsN|rpsH|rplF|rplR|rpsE	PA4257|PA4256|PA4255|PA4254|PA4253|PA4252|PA4251|PA4250|PA4249|PA4248|PA4247|PA4246	refseq_adyacencia
rpsC-rplP-rpmC-rpsQ-rplNXE-rpsNH-rplFR-rpsE-rpmD	rpsC|rplP|rpmC|rpsQ|rplN|rplX|rplE|rpsN|rpsH|rplF|rplR|rpsE|rpmD	PA4257|PA4256|PA4255|PA4254|PA4253|PA4252|PA4251|PA4250|PA4249|PA4248|PA4247|PA4246|PA4245	refseq_adyacencia
rpsC-rplP-rpmC-rpsQ-rplNXE-rpsNH-rplFR-rpsE-rpmD-rplO	rpsC|rplP|rpmC|rpsQ|rplN|rplX|rplE|rpsN|rpsH|rplF|rplR|rpsE|rpmD|rplO	PA4257|PA4256|PA4255|PA4254|PA4253|PA4252|PA4251|PA4250|PA4249|PA4248|PA4247|PA4246|PA4245|PA4244	refseq_adyacencia
rpsC-rplP-rpmC-rpsQ-rplNXE-rpsNH-rplFR-rpsE-rpmD-rplO-secY	rpsC|rplP|rpmC|rpsQ|rplN|rplX|rplE|rpsN|rpsH|rplF|rplR|rpsE|rpmD|rplO|secY	PA4257|PA4256|PA4255|PA4254|PA4253|PA4252|PA4251|PA4250|PA4249|PA4248|PA4247|PA4246|PA4245|PA4244|PA4243	refseq_adyacencia
rpsC-rplP-rpmC-rpsQ-rplNXE-rpsNH-rplFR-rpsE-rpmD-rplO-secY-rpmJ	rpsC|rplP|rpmC|rpsQ|rplN|rplX|rplE|rpsN|rpsH|rplF|rplR|rpsE|rpmD|rplO|secY|rpmJ	PA4257|PA4256|PA4255|PA4254|PA4253|PA4252|PA4251|PA4250|PA4249|PA4248|PA4247|PA4246|PA4245|PA4244|PA4243|PA4242	refseq_adyacencia
rpsC-rplP-rpmC-rpsQ-rplNXE-rpsNH-rplFR-rpsE-rpmD-rplO-secY-rpmJ-rpsM	rpsC|rplP|rpmC|rpsQ|rplN|rplX|rplE|rpsN|rpsH|rplF|rplR|rpsE|rpmD|rplO|secY|rpmJ|rpsM	PA4257|PA4256|PA4255|PA4254|PA4253|PA4252|PA4251|PA4250|PA4249|PA4248|PA4247|PA4246|PA4245|PA4244|PA4243|PA4242|PA4241	refseq_adyacencia
rpsC-rplP-rpmC-rpsQ-rplNXE-rpsNH-rplFR-rpsE-rpmD-rplO-secY-rpmJ-rpsMK	rpsC|rplP|rpmC|rpsQ|rplN|rplX|rplE|rpsN|rpsH|rplF|rplR|rpsE|rpmD|rplO|secY|rpmJ|rpsM|rpsK	PA4257|PA4256|PA4255|PA4254|PA4253|PA4252|PA4251|PA4250|PA4249|PA4248|PA4247|PA4246|PA4245|PA4244|PA4243|PA4242|PA4241|PA4240	refseq_adyacencia
rpsC-rplP-rpmC-rpsQ-rplNXE-rpsNH-rplFR-rpsE-rpmD-rplO-secY-rpmJ-rpsMKD	rpsC|rplP|rpmC|rpsQ|rplN|rplX|rplE|rpsN|rpsH|rplF|rplR|rpsE|rpmD|rplO|secY|rpmJ|rpsM|rpsK|rpsD	PA4257|PA4256|PA4255|PA4254|PA4253|PA4252|PA4251|PA4250|PA4249|PA4248|PA4247|PA4246|PA4245|PA4244|PA4243|PA4242|PA4241|PA4240|PA4239	refseq_adyacencia
rpsC-rplP-rpmC-rpsQ-rplNXE-rpsNH-rplFR-rpsE-rpmD-rplO-secY-rpmJ-rpsMKD-rpoA	rpsC|rplP|rpmC|rpsQ|rplN|rplX|rplE|rpsN|rpsH|rplF|rplR|rpsE|rpmD|rplO|secY|rpmJ|rpsM|rpsK|rpsD|rpoA	PA4257|PA4256|PA4255|PA4254|PA4253|PA4252|PA4251|PA4250|PA4249|PA4248|PA4247|PA4246|PA4245|PA4244|PA4243|PA4242|PA4241|PA4240|PA4239|PA4238	refseq_adyacencia
rpsC-rplP-rpmC-rpsQ-rplNXE-rpsNH-rplFR-rpsE-rpmD-rplO-secY-rpmJ-rpsMKD-rpoA-rplQ	rpsC|rplP|rpmC|rpsQ|rplN|rplX|rplE|rpsN|rpsH|rplF|rplR|rpsE|rpmD|rplO|secY|rpmJ|rpsM|rpsK|rpsD|rpoA|rplQ	PA4257|PA4256|PA4255|PA4254|PA4253|PA4252|PA4251|PA4250|PA4249|PA4248|PA4247|PA4246|PA4245|PA4244|PA4243|PA4242|PA4241|PA4240|PA4239|PA4238|PA4237	refseq_adyacencia
rpsC-rplP-rpmC-rpsQ-rplNXE-rpsNH-rplFR-rpsE-rpmD-rplO-secY-rpmJ-rpsMKD-rpoA-rplQ-katA	rpsC|rplP|rpmC|rpsQ|rplN|rplX|rplE|rpsN|rpsH|rplF|rplR|rpsE|rpmD|rplO|secY|rpmJ|rpsM|rpsK|rpsD|rpoA|rplQ|katA	PA4257|PA4256|PA4255|PA4254|PA4253|PA4252|PA4251|PA4250|PA4249|PA4248|PA4247|PA4246|PA4245|PA4244|PA4243|PA4242|PA4241|PA4240|PA4239|PA4238|PA4237|PA4236	refseq_adyacencia
rpsC-rplP-rpmC-rpsQ-rplNXE-rpsNH-rplFR-rpsE-rpmD-rplO-secY-rpmJ-rpsMKD-rpoA-rplQ-katA-bfrA	rpsC|rplP|rpmC|rpsQ|rplN|rplX|rplE|rpsN|rpsH|rplF|rplR|rpsE|rpmD|rplO|secY|rpmJ|rpsM|rpsK|rpsD|rpoA|rplQ|katA|bfrA	PA4257|PA4256|PA4255|PA4254|PA4253|PA4252|PA4251|PA4250|PA4249|PA4248|PA4247|PA4246|PA4245|PA4244|PA4243|PA4242|PA4241|PA4240|PA4239|PA4238|PA4237|PA4236|PA4235	refseq_adyacencia
rpsD-rpoA	rpsD|rpoA	PA4239|PA4238	refseq_adyacencia
rpsD-rpoA-rplQ	rpsD|rpoA|rplQ	PA4239|PA4238|PA4237	refseq_adyacencia
rpsD-rpoA-rplQ-katA	rpsD|rpoA|rplQ|katA	PA4239|PA4238|PA4237|PA4236	refseq_adyacencia
rpsD-rpoA-rplQ-katA-bfrA	rpsD|rpoA|rplQ|katA|bfrA	PA4239|PA4238|PA4237|PA4236|PA4235	refseq_adyacencia
rpsE-rpmD	rpsE|rpmD	PA4246|PA4245	refseq_adyacencia
rpsE-rpmD-rplO	rpsE|rpmD|rplO	PA4246|PA4245|PA4244	refseq_adyacencia
rpsE-rpmD-rplO-secY	rpsE|rpmD|rplO|secY	PA4246|PA4245|PA4244|PA4243	refseq_adyacencia
rpsE-rpmD-rplO-secY-rpmJ	rpsE|rpmD|rplO|secY|rpmJ	PA4246|PA4245|PA4244|PA4243|PA4242	refseq_adyacencia
rpsE-rpmD-rplO-secY-rpmJ-rpsM	rpsE|rpmD|rplO|secY|rpmJ|rpsM	PA4246|PA4245|PA4244|PA4243|PA4242|PA4241	refseq_adyacencia
rpsE-rpmD-rplO-secY-rpmJ-rpsMK	rpsE|rpmD|rplO|secY|rpmJ|rpsM|rpsK	PA4246|PA4245|PA4244|PA4243|PA4242|PA4241|PA4240	refseq_adyacencia
rpsE-rpmD-rplO-secY-rpmJ-rpsMKD	rpsE|rpmD|rplO|secY|rpmJ|rpsM|rpsK|rpsD	PA4246|PA4245|PA4244|PA4243|PA4242|PA4241|PA4240|PA4239	refseq_adyacencia
rpsE-rpmD-rplO-secY-rpmJ-rpsMKD-rpoA	rpsE|rpmD|rplO|secY|rpmJ|rpsM|rpsK|rpsD|rpoA	PA4246|PA4245|PA4244|PA4243|PA4242|PA4241|PA4240|PA4239|PA4238	refseq_adyacencia
rpsE-rpmD-rplO-secY-rpmJ-rpsMKD-rpoA-rplQ	rpsE|rpmD|rplO|secY|rpmJ|rpsM|rpsK|rpsD|rpoA|rplQ	PA4246|PA4245|PA4244|PA4243|PA4242|PA4241|PA4240|PA4239|PA4238|PA4237	refseq_adyacencia
rpsE-rpmD-rplO-secY-rpmJ-rpsMKD-rpoA-rplQ-katA	rpsE|rpmD|rplO|secY|rpmJ|rpsM|rpsK|rpsD|rpoA|rplQ|katA	PA4246|PA4245|PA4244|PA4243|PA4242|PA4241|PA4240|PA4239|PA4238|PA4237|PA4236	refseq_adyacencia
rpsE-rpmD-rplO-secY-rpmJ-rpsMKD-rpoA-rplQ-katA-bfrA	rpsE|rpmD|rplO|secY|rpmJ|rpsM|rpsK|rpsD|rpoA|rplQ|katA|bfrA	PA4246|PA4245|PA4244|PA4243|PA4242|PA4241|PA4240|PA4239|PA4238|PA4237|PA4236|PA4235	refseq_adyacencia
rpsFR	rpsF|rpsR	PA4935|PA4934	refseq_adyacencia
rpsH-rplF	rpsH|rplF	PA4249|PA4248	refseq_adyacencia
rpsH-rplFR	rpsH|rplF|rplR	PA4249|PA4248|PA4247	refseq_adyacencia
rpsH-rplFR-rpsE	rpsH|rplF|rplR|rpsE	PA4249|PA4248|PA4247|PA4246	refseq_adyacencia
rpsH-rplFR-rpsE-rpmD	rpsH|rplF|rplR|rpsE|rpmD	PA4249|PA4248|PA4247|PA4246|PA4245	refseq_adyacencia
rpsH-rplFR-rpsE-rpmD-rplO	rpsH|rplF|rplR|rpsE|rpmD|rplO	PA4249|PA4248|PA4247|PA4246|PA4245|PA4244	refseq_adyacencia
rpsH-rplFR-rpsE-rpmD-rplO-secY	rpsH|rplF|rplR|rpsE|rpmD|rplO|secY	PA4249|PA4248|PA4247|PA4246|PA4245|PA4244|PA4243	refseq_adyacencia
rpsH-rplFR-rpsE-rpmD-rplO-secY-rpmJ	rpsH|rplF|rplR|rpsE|rpmD|rplO|secY|rpmJ	PA4249|PA4248|PA4247|PA4246|PA4245|PA4244|PA4243|PA4242	refseq_adyacencia
rpsH-rplFR-rpsE-rpmD-rplO-secY-rpmJ-rpsM	rpsH|rplF|rplR|rpsE|rpmD|rplO|secY|rpmJ|rpsM	PA4249|PA4248|PA4247|PA4246|PA4245|PA4244|PA4243|PA4242|PA4241	refseq_adyacencia
rpsH-rplFR-rpsE-rpmD-rplO-secY-rpmJ-rpsMK	rpsH|rplF|rplR|rpsE|rpmD|rplO|secY|rpmJ|rpsM|rpsK	PA4249|PA4248|PA4247|PA4246|PA4245|PA4244|PA4243|PA4242|PA4241|PA4240	refseq_adyacencia
rpsH-rplFR-rpsE-rpmD-rplO-secY-rpmJ-rpsMKD	rpsH|rplF|rplR|rpsE|rpmD|rplO|secY|rpmJ|rpsM|rpsK|rpsD	PA4249|PA4248|PA4247|PA4246|PA4245|PA4244|PA4243|PA4242|PA4241|PA4240|PA4239	refseq_adyacencia
rpsH-rplFR-rpsE-rpmD-rplO-secY-rpmJ-rpsMKD-rpoA	rpsH|rplF|rplR|rpsE|rpmD|rplO|secY|rpmJ|rpsM|rpsK|rpsD|rpoA	PA4249|PA4248|PA4247|PA4246|PA4245|PA4244|PA4243|PA4242|PA4241|PA4240|PA4239|PA4238	refseq_adyacencia
rpsH-rplFR-rpsE-rpmD-rplO-secY-rpmJ-rpsMKD-rpoA-rplQ	rpsH|rplF|rplR|rpsE|rpmD|rplO|secY|rpmJ|rpsM|rpsK|rpsD|rpoA|rplQ	PA4249|PA4248|PA4247|PA4246|PA4245|PA4244|PA4243|PA4242|PA4241|PA4240|PA4239|PA4238|PA4237	refseq_adyacencia
rpsH-rplFR-rpsE-rpmD-rplO-secY-rpmJ-rpsMKD-rpoA-rplQ-katA	rpsH|rplF|rplR|rpsE|rpmD|rplO|secY|rpmJ|rpsM|rpsK|rpsD|rpoA|rplQ|katA	PA4249|PA4248|PA4247|PA4246|PA4245|PA4244|PA4243|PA4242|PA4241|PA4240|PA4239|PA4238|PA4237|PA4236	refseq_adyacencia
rpsH-rplFR-rpsE-rpmD-rplO-secY-rpmJ-rpsMKD-rpoA-rplQ-katA-bfrA	rpsH|rplF|rplR|rpsE|rpmD|rplO|secY|rpmJ|rpsM|rpsK|rpsD|rpoA|rplQ|katA|bfrA	PA4249|PA4248|PA4247|PA4246|PA4245|PA4244|PA4243|PA4242|PA4241|PA4240|PA4239|PA4238|PA4237|PA4236|PA4235	refseq_adyacencia
rpsJ-rplC	rpsJ|rplC	PA4264|PA4263	refseq_adyacencia
rpsJ-rplCD	rpsJ|rplC|rplD	PA4264|PA4263|PA4262	refseq_adyacencia
rpsJ-rplCDW	rpsJ|rplC|rplD|rplW	PA4264|PA4263|PA4262|PA4261	refseq_adyacencia
rpsJ-rplCDWB	rpsJ|rplC|rplD|rplW|rplB	PA4264|PA4263|PA4262|PA4261|PA4260	refseq_adyacencia
rpsJ-rplCDWB-rpsS	rpsJ|rplC|rplD|rplW|rplB|rpsS	PA4264|PA4263|PA4262|PA4261|PA4260|PA4259	refseq_adyacencia
rpsJ-rplCDWB-rpsS-rplV	rpsJ|rplC|rplD|rplW|rplB|rpsS|rplV	PA4264|PA4263|PA4262|PA4261|PA4260|PA4259|PA4258	refseq_adyacencia
rpsJ-rplCDWB-rpsS-rplV-rpsC	rpsJ|rplC|rplD|rplW|rplB|rpsS|rplV|rpsC	PA4264|PA4263|PA4262|PA4261|PA4260|PA4259|PA4258|PA4257	refseq_adyacencia
rpsJ-rplCDWB-rpsS-rplV-rpsC-rplP	rpsJ|rplC|rplD|rplW|rplB|rpsS|rplV|rpsC|rplP	PA4264|PA4263|PA4262|PA4261|PA4260|PA4259|PA4258|PA4257|PA4256	refseq_adyacencia
rpsJ-rplCDWB-rpsS-rplV-rpsC-rplP-rpmC	rpsJ|rplC|rplD|rplW|rplB|rpsS|rplV|rpsC|rplP|rpmC	PA4264|PA4263|PA4262|PA4261|PA4260|PA4259|PA4258|PA4257|PA4256|PA4255	refseq_adyacencia
rpsJ-rplCDWB-rpsS-rplV-rpsC-rplP-rpmC-rpsQ	rpsJ|rplC|rplD|rplW|rplB|rpsS|rplV|rpsC|rplP|rpmC|rpsQ	PA4264|PA4263|PA4262|PA4261|PA4260|PA4259|PA4258|PA4257|PA4256|PA4255|PA4254	refseq_adyacencia
rpsJ-rplCDWB-rpsS-rplV-rpsC-rplP-rpmC-rpsQ-rplN	rpsJ|rplC|rplD|rplW|rplB|rpsS|rplV|rpsC|rplP|rpmC|rpsQ|rplN	PA4264|PA4263|PA4262|PA4261|PA4260|PA4259|PA4258|PA4257|PA4256|PA4255|PA4254|PA4253	refseq_adyacencia
rpsJ-rplCDWB-rpsS-rplV-rpsC-rplP-rpmC-rpsQ-rplNX	rpsJ|rplC|rplD|rplW|rplB|rpsS|rplV|rpsC|rplP|rpmC|rpsQ|rplN|rplX	PA4264|PA4263|PA4262|PA4261|PA4260|PA4259|PA4258|PA4257|PA4256|PA4255|PA4254|PA4253|PA4252	refseq_adyacencia
rpsJ-rplCDWB-rpsS-rplV-rpsC-rplP-rpmC-rpsQ-rplNXE	rpsJ|rplC|rplD|rplW|rplB|rpsS|rplV|rpsC|rplP|rpmC|rpsQ|rplN|rplX|rplE	PA4264|PA4263|PA4262|PA4261|PA4260|PA4259|PA4258|PA4257|PA4256|PA4255|PA4254|PA4253|PA4252|PA4251	refseq_adyacencia
rpsJ-rplCDWB-rpsS-rplV-rpsC-rplP-rpmC-rpsQ-rplNXE-rpsN	rpsJ|rplC|rplD|rplW|rplB|rpsS|rplV|rpsC|rplP|rpmC|rpsQ|rplN|rplX|rplE|rpsN	PA4264|PA4263|PA4262|PA4261|PA4260|PA4259|PA4258|PA4257|PA4256|PA4255|PA4254|PA4253|PA4252|PA4251|PA4250	refseq_adyacencia
rpsJ-rplCDWB-rpsS-rplV-rpsC-rplP-rpmC-rpsQ-rplNXE-rpsNH	rpsJ|rplC|rplD|rplW|rplB|rpsS|rplV|rpsC|rplP|rpmC|rpsQ|rplN|rplX|rplE|rpsN|rpsH	PA4264|PA4263|PA4262|PA4261|PA4260|PA4259|PA4258|PA4257|PA4256|PA4255|PA4254|PA4253|PA4252|PA4251|PA4250|PA4249	refseq_adyacencia
rpsJ-rplCDWB-rpsS-rplV-rpsC-rplP-rpmC-rpsQ-rplNXE-rpsNH-rplF	rpsJ|rplC|rplD|rplW|rplB|rpsS|rplV|rpsC|rplP|rpmC|rpsQ|rplN|rplX|rplE|rpsN|rpsH|rplF	PA4264|PA4263|PA4262|PA4261|PA4260|PA4259|PA4258|PA4257|PA4256|PA4255|PA4254|PA4253|PA4252|PA4251|PA4250|PA4249|PA4248	refseq_adyacencia
rpsJ-rplCDWB-rpsS-rplV-rpsC-rplP-rpmC-rpsQ-rplNXE-rpsNH-rplFR	rpsJ|rplC|rplD|rplW|rplB|rpsS|rplV|rpsC|rplP|rpmC|rpsQ|rplN|rplX|rplE|rpsN|rpsH|rplF|rplR	PA4264|PA4263|PA4262|PA4261|PA4260|PA4259|PA4258|PA4257|PA4256|PA4255|PA4254|PA4253|PA4252|PA4251|PA4250|PA4249|PA4248|PA4247	refseq_adyacencia
rpsJ-rplCDWB-rpsS-rplV-rpsC-rplP-rpmC-rpsQ-rplNXE-rpsNH-rplFR-rpsE	rpsJ|rplC|rplD|rplW|rplB|rpsS|rplV|rpsC|rplP|rpmC|rpsQ|rplN|rplX|rplE|rpsN|rpsH|rplF|rplR|rpsE	PA4264|PA4263|PA4262|PA4261|PA4260|PA4259|PA4258|PA4257|PA4256|PA4255|PA4254|PA4253|PA4252|PA4251|PA4250|PA4249|PA4248|PA4247|PA4246	refseq_adyacencia
rpsJ-rplCDWB-rpsS-rplV-rpsC-rplP-rpmC-rpsQ-rplNXE-rpsNH-rplFR-rpsE-rpmD	rpsJ|rplC|rplD|rplW|rplB|rpsS|rplV|rpsC|rplP|rpmC|rpsQ|rplN|rplX|rplE|rpsN|rpsH|rplF|rplR|rpsE|rpmD	PA4264|PA4263|PA4262|PA4261|PA4260|PA4259|PA4258|PA4257|PA4256|PA4255|PA4254|PA4253|PA4252|PA4251|PA4250|PA4249|PA4248|PA4247|PA4246|PA4245	refseq_adyacencia
rpsJ-rplCDWB-rpsS-rplV-rpsC-rplP-rpmC-rpsQ-rplNXE-rpsNH-rplFR-rpsE-rpmD-rplO	rpsJ|rplC|rplD|rplW|rplB|rpsS|rplV|rpsC|rplP|rpmC|rpsQ|rplN|rplX|rplE|rpsN|rpsH|rplF|rplR|rpsE|rpmD|rplO	PA4264|PA4263|PA4262|PA4261|PA4260|PA4259|PA4258|PA4257|PA4256|PA4255|PA4254|PA4253|PA4252|PA4251|PA4250|PA4249|PA4248|PA4247|PA4246|PA4245|PA4244	refseq_adyacencia
rpsJ-rplCDWB-rpsS-rplV-rpsC-rplP-rpmC-rpsQ-rplNXE-rpsNH-rplFR-rpsE-rpmD-rplO-secY	rpsJ|rplC|rplD|rplW|rplB|rpsS|rplV|rpsC|rplP|rpmC|rpsQ|rplN|rplX|rplE|rpsN|rpsH|rplF|rplR|rpsE|rpmD|rplO|secY	PA4264|PA4263|PA4262|PA4261|PA4260|PA4259|PA4258|PA4257|PA4256|PA4255|PA4254|PA4253|PA4252|PA4251|PA4250|PA4249|PA4248|PA4247|PA4246|PA4245|PA4244|PA4243	refseq_adyacencia
rpsJ-rplCDWB-rpsS-rplV-rpsC-rplP-rpmC-rpsQ-rplNXE-rpsNH-rplFR-rpsE-rpmD-rplO-secY-rpmJ	rpsJ|rplC|rplD|rplW|rplB|rpsS|rplV|rpsC|rplP|rpmC|rpsQ|rplN|rplX|rplE|rpsN|rpsH|rplF|rplR|rpsE|rpmD|rplO|secY|rpmJ	PA4264|PA4263|PA4262|PA4261|PA4260|PA4259|PA4258|PA4257|PA4256|PA4255|PA4254|PA4253|PA4252|PA4251|PA4250|PA4249|PA4248|PA4247|PA4246|PA4245|PA4244|PA4243|PA4242	refseq_adyacencia
rpsJ-rplCDWB-rpsS-rplV-rpsC-rplP-rpmC-rpsQ-rplNXE-rpsNH-rplFR-rpsE-rpmD-rplO-secY-rpmJ-rpsM	rpsJ|rplC|rplD|rplW|rplB|rpsS|rplV|rpsC|rplP|rpmC|rpsQ|rplN|rplX|rplE|rpsN|rpsH|rplF|rplR|rpsE|rpmD|rplO|secY|rpmJ|rpsM	PA4264|PA4263|PA4262|PA4261|PA4260|PA4259|PA4258|PA4257|PA4256|PA4255|PA4254|PA4253|PA4252|PA4251|PA4250|PA4249|PA4248|PA4247|PA4246|PA4245|PA4244|PA4243|PA4242|PA4241	refseq_adyacencia
rpsJ-rplCDWB-rpsS-rplV-rpsC-rplP-rpmC-rpsQ-rplNXE-rpsNH-rplFR-rpsE-rpmD-rplO-secY-rpmJ-rpsMK	rpsJ|rplC|rplD|rplW|rplB|rpsS|rplV|rpsC|rplP|rpmC|rpsQ|rplN|rplX|rplE|rpsN|rpsH|rplF|rplR|rpsE|rpmD|rplO|secY|rpmJ|rpsM|rpsK	PA4264|PA4263|PA4262|PA4261|PA4260|PA4259|PA4258|PA4257|PA4256|PA4255|PA4254|PA4253|PA4252|PA4251|PA4250|PA4249|PA4248|PA4247|PA4246|PA4245|PA4244|PA4243|PA4242|PA4241|PA4240	refseq_adyacencia
rpsJ-rplCDWB-rpsS-rplV-rpsC-rplP-rpmC-rpsQ-rplNXE-rpsNH-rplFR-rpsE-rpmD-rplO-secY-rpmJ-rpsMKD	rpsJ|rplC|rplD|rplW|rplB|rpsS|rplV|rpsC|rplP|rpmC|rpsQ|rplN|rplX|rplE|rpsN|rpsH|rplF|rplR|rpsE|rpmD|rplO|secY|rpmJ|rpsM|rpsK|rpsD	PA4264|PA4263|PA4262|PA4261|PA4260|PA4259|PA4258|PA4257|PA4256|PA4255|PA4254|PA4253|PA4252|PA4251|PA4250|PA4249|PA4248|PA4247|PA4246|PA4245|PA4244|PA4243|PA4242|PA4241|PA4240|PA4239	refseq_adyacencia
rpsJ-rplCDWB-rpsS-rplV-rpsC-rplP-rpmC-rpsQ-rplNXE-rpsNH-rplFR-rpsE-rpmD-rplO-secY-rpmJ-rpsMKD-rpoA	rpsJ|rplC|rplD|rplW|rplB|rpsS|rplV|rpsC|rplP|rpmC|rpsQ|rplN|rplX|rplE|rpsN|rpsH|rplF|rplR|rpsE|rpmD|rplO|secY|rpmJ|rpsM|rpsK|rpsD|rpoA	PA4264|PA4263|PA4262|PA4261|PA4260|PA4259|PA4258|PA4257|PA4256|PA4255|PA4254|PA4253|PA4252|PA4251|PA4250|PA4249|PA4248|PA4247|PA4246|PA4245|PA4244|PA4243|PA4242|PA4241|PA4240|PA4239|PA4238	refseq_adyacencia
rpsJ-rplCDWB-rpsS-rplV-rpsC-rplP-rpmC-rpsQ-rplNXE-rpsNH-rplFR-rpsE-rpmD-rplO-secY-rpmJ-rpsMKD-rpoA-rplQ	rpsJ|rplC|rplD|rplW|rplB|rpsS|rplV|rpsC|rplP|rpmC|rpsQ|rplN|rplX|rplE|rpsN|rpsH|rplF|rplR|rpsE|rpmD|rplO|secY|rpmJ|rpsM|rpsK|rpsD|rpoA|rplQ	PA4264|PA4263|PA4262|PA4261|PA4260|PA4259|PA4258|PA4257|PA4256|PA4255|PA4254|PA4253|PA4252|PA4251|PA4250|PA4249|PA4248|PA4247|PA4246|PA4245|PA4244|PA4243|PA4242|PA4241|PA4240|PA4239|PA4238|PA4237	refseq_adyacencia
rpsJ-rplCDWB-rpsS-rplV-rpsC-rplP-rpmC-rpsQ-rplNXE-rpsNH-rplFR-rpsE-rpmD-rplO-secY-rpmJ-rpsMKD-rpoA-rplQ-katA	rpsJ|rplC|rplD|rplW|rplB|rpsS|rplV|rpsC|rplP|rpmC|rpsQ|rplN|rplX|rplE|rpsN|rpsH|rplF|rplR|rpsE|rpmD|rplO|secY|rpmJ|rpsM|rpsK|rpsD|rpoA|rplQ|katA	PA4264|PA4263|PA4262|PA4261|PA4260|PA4259|PA4258|PA4257|PA4256|PA4255|PA4254|PA4253|PA4252|PA4251|PA4250|PA4249|PA4248|PA4247|PA4246|PA4245|PA4244|PA4243|PA4242|PA4241|PA4240|PA4239|PA4238|PA4237|PA4236	refseq_adyacencia
rpsJ-rplCDWB-rpsS-rplV-rpsC-rplP-rpmC-rpsQ-rplNXE-rpsNH-rplFR-rpsE-rpmD-rplO-secY-rpmJ-rpsMKD-rpoA-rplQ-katA-bfrA	rpsJ|rplC|rplD|rplW|rplB|rpsS|rplV|rpsC|rplP|rpmC|rpsQ|rplN|rplX|rplE|rpsN|rpsH|rplF|rplR|rpsE|rpmD|rplO|secY|rpmJ|rpsM|rpsK|rpsD|rpoA|rplQ|katA|bfrA	PA4264|PA4263|PA4262|PA4261|PA4260|PA4259|PA4258|PA4257|PA4256|PA4255|PA4254|PA4253|PA4252|PA4251|PA4250|PA4249|PA4248|PA4247|PA4246|PA4245|PA4244|PA4243|PA4242|PA4241|PA4240|PA4239|PA4238|PA4237|PA4236|PA4235	refseq_adyacencia
rpsKD	rpsK|rpsD	PA4240|PA4239	refseq_adyacencia
rpsKD-rpoA	rpsK|rpsD|rpoA	PA4240|PA4239|PA4238	refseq_adyacencia
rpsKD-rpoA-rplQ	rpsK|rpsD|rpoA|rplQ	PA4240|PA4239|PA4238|PA4237	refseq_adyacencia
rpsKD-rpoA-rplQ-katA	rpsK|rpsD|rpoA|rplQ|katA	PA4240|PA4239|PA4238|PA4237|PA4236	refseq_adyacencia
rpsKD-rpoA-rplQ-katA-bfrA	rpsK|rpsD|rpoA|rplQ|katA|bfrA	PA4240|PA4239|PA4238|PA4237|PA4236|PA4235	refseq_adyacencia
rpsLG	rpsL|rpsG	PA4268|PA4267	refseq_adyacencia
rpsMK	rpsM|rpsK	PA4241|PA4240	refseq_adyacencia
rpsMKD	rpsM|rpsK|rpsD	PA4241|PA4240|PA4239	refseq_adyacencia
rpsMKD-rpoA	rpsM|rpsK|rpsD|rpoA	PA4241|PA4240|PA4239|PA4238	refseq_adyacencia
rpsMKD-rpoA-rplQ	rpsM|rpsK|rpsD|rpoA|rplQ	PA4241|PA4240|PA4239|PA4238|PA4237	refseq_adyacencia
rpsMKD-rpoA-rplQ-katA	rpsM|rpsK|rpsD|rpoA|rplQ|katA	PA4241|PA4240|PA4239|PA4238|PA4237|PA4236	refseq_adyacencia
rpsMKD-rpoA-rplQ-katA-bfrA	rpsM|rpsK|rpsD|rpoA|rplQ|katA|bfrA	PA4241|PA4240|PA4239|PA4238|PA4237|PA4236|PA4235	refseq_adyacencia
rpsNH	rpsN|rpsH	PA4250|PA4249	refseq_adyacencia
rpsNH-rplF	rpsN|rpsH|rplF	PA4250|PA4249|PA4248	refseq_adyacencia
rpsNH-rplFR	rpsN|rpsH|rplF|rplR	PA4250|PA4249|PA4248|PA4247	refseq_adyacencia
rpsNH-rplFR-rpsE	rpsN|rpsH|rplF|rplR|rpsE	PA4250|PA4249|PA4248|PA4247|PA4246	refseq_adyacencia
rpsNH-rplFR-rpsE-rpmD	rpsN|rpsH|rplF|rplR|rpsE|rpmD	PA4250|PA4249|PA4248|PA4247|PA4246|PA4245	refseq_adyacencia
rpsNH-rplFR-rpsE-rpmD-rplO	rpsN|rpsH|rplF|rplR|rpsE|rpmD|rplO	PA4250|PA4249|PA4248|PA4247|PA4246|PA4245|PA4244	refseq_adyacencia
rpsNH-rplFR-rpsE-rpmD-rplO-secY	rpsN|rpsH|rplF|rplR|rpsE|rpmD|rplO|secY	PA4250|PA4249|PA4248|PA4247|PA4246|PA4245|PA4244|PA4243	refseq_adyacencia
rpsNH-rplFR-rpsE-rpmD-rplO-secY-rpmJ	rpsN|rpsH|rplF|rplR|rpsE|rpmD|rplO|secY|rpmJ	PA4250|PA4249|PA4248|PA4247|PA4246|PA4245|PA4244|PA4243|PA4242	refseq_adyacencia
rpsNH-rplFR-rpsE-rpmD-rplO-secY-rpmJ-rpsM	rpsN|rpsH|rplF|rplR|rpsE|rpmD|rplO|secY|rpmJ|rpsM	PA4250|PA4249|PA4248|PA4247|PA4246|PA4245|PA4244|PA4243|PA4242|PA4241	refseq_adyacencia
rpsNH-rplFR-rpsE-rpmD-rplO-secY-rpmJ-rpsMK	rpsN|rpsH|rplF|rplR|rpsE|rpmD|rplO|secY|rpmJ|rpsM|rpsK	PA4250|PA4249|PA4248|PA4247|PA4246|PA4245|PA4244|PA4243|PA4242|PA4241|PA4240	refseq_adyacencia
rpsNH-rplFR-rpsE-rpmD-rplO-secY-rpmJ-rpsMKD	rpsN|rpsH|rplF|rplR|rpsE|rpmD|rplO|secY|rpmJ|rpsM|rpsK|rpsD	PA4250|PA4249|PA4248|PA4247|PA4246|PA4245|PA4244|PA4243|PA4242|PA4241|PA4240|PA4239	refseq_adyacencia
rpsNH-rplFR-rpsE-rpmD-rplO-secY-rpmJ-rpsMKD-rpoA	rpsN|rpsH|rplF|rplR|rpsE|rpmD|rplO|secY|rpmJ|rpsM|rpsK|rpsD|rpoA	PA4250|PA4249|PA4248|PA4247|PA4246|PA4245|PA4244|PA4243|PA4242|PA4241|PA4240|PA4239|PA4238	refseq_adyacencia
rpsNH-rplFR-rpsE-rpmD-rplO-secY-rpmJ-rpsMKD-rpoA-rplQ	rpsN|rpsH|rplF|rplR|rpsE|rpmD|rplO|secY|rpmJ|rpsM|rpsK|rpsD|rpoA|rplQ	PA4250|PA4249|PA4248|PA4247|PA4246|PA4245|PA4244|PA4243|PA4242|PA4241|PA4240|PA4239|PA4238|PA4237	refseq_adyacencia
rpsNH-rplFR-rpsE-rpmD-rplO-secY-rpmJ-rpsMKD-rpoA-rplQ-katA	rpsN|rpsH|rplF|rplR|rpsE|rpmD|rplO|secY|rpmJ|rpsM|rpsK|rpsD|rpoA|rplQ|katA	PA4250|PA4249|PA4248|PA4247|PA4246|PA4245|PA4244|PA4243|PA4242|PA4241|PA4240|PA4239|PA4238|PA4237|PA4236	refseq_adyacencia
rpsNH-rplFR-rpsE-rpmD-rplO-secY-rpmJ-rpsMKD-rpoA-rplQ-katA-bfrA	rpsN|rpsH|rplF|rplR|rpsE|rpmD|rplO|secY|rpmJ|rpsM|rpsK|rpsD|rpoA|rplQ|katA|bfrA	PA4250|PA4249|PA4248|PA4247|PA4246|PA4245|PA4244|PA4243|PA4242|PA4241|PA4240|PA4239|PA4238|PA4237|PA4236|PA4235	refseq_adyacencia
rpsP-rimM	rpsP|rimM	PA3745|PA3744	refseq_adyacencia
rpsP-rimM-trmD	rpsP|rimM|trmD	PA3745|PA3744|PA3743	refseq_adyacencia
rpsP-rimM-trmD-rplS	rpsP|rimM|trmD|rplS	PA3745|PA3744|PA3743|PA3742	refseq_adyacencia
rpsQ-rplN	rpsQ|rplN	PA4254|PA4253	refseq_adyacencia
rpsQ-rplNX	rpsQ|rplN|rplX	PA4254|PA4253|PA4252	refseq_adyacencia
rpsQ-rplNXE	rpsQ|rplN|rplX|rplE	PA4254|PA4253|PA4252|PA4251	refseq_adyacencia
rpsQ-rplNXE-rpsN	rpsQ|rplN|rplX|rplE|rpsN	PA4254|PA4253|PA4252|PA4251|PA4250	refseq_adyacencia
rpsQ-rplNXE-rpsNH	rpsQ|rplN|rplX|rplE|rpsN|rpsH	PA4254|PA4253|PA4252|PA4251|PA4250|PA4249	refseq_adyacencia
rpsQ-rplNXE-rpsNH-rplF	rpsQ|rplN|rplX|rplE|rpsN|rpsH|rplF	PA4254|PA4253|PA4252|PA4251|PA4250|PA4249|PA4248	refseq_adyacencia
rpsQ-rplNXE-rpsNH-rplFR	rpsQ|rplN|rplX|rplE|rpsN|rpsH|rplF|rplR	PA4254|PA4253|PA4252|PA4251|PA4250|PA4249|PA4248|PA4247	refseq_adyacencia
rpsQ-rplNXE-rpsNH-rplFR-rpsE	rpsQ|rplN|rplX|rplE|rpsN|rpsH|rplF|rplR|rpsE	PA4254|PA4253|PA4252|PA4251|PA4250|PA4249|PA4248|PA4247|PA4246	refseq_adyacencia
rpsQ-rplNXE-rpsNH-rplFR-rpsE-rpmD	rpsQ|rplN|rplX|rplE|rpsN|rpsH|rplF|rplR|rpsE|rpmD	PA4254|PA4253|PA4252|PA4251|PA4250|PA4249|PA4248|PA4247|PA4246|PA4245	refseq_adyacencia
rpsQ-rplNXE-rpsNH-rplFR-rpsE-rpmD-rplO	rpsQ|rplN|rplX|rplE|rpsN|rpsH|rplF|rplR|rpsE|rpmD|rplO	PA4254|PA4253|PA4252|PA4251|PA4250|PA4249|PA4248|PA4247|PA4246|PA4245|PA4244	refseq_adyacencia
rpsQ-rplNXE-rpsNH-rplFR-rpsE-rpmD-rplO-secY	rpsQ|rplN|rplX|rplE|rpsN|rpsH|rplF|rplR|rpsE|rpmD|rplO|secY	PA4254|PA4253|PA4252|PA4251|PA4250|PA4249|PA4248|PA4247|PA4246|PA4245|PA4244|PA4243	refseq_adyacencia
rpsQ-rplNXE-rpsNH-rplFR-rpsE-rpmD-rplO-secY-rpmJ	rpsQ|rplN|rplX|rplE|rpsN|rpsH|rplF|rplR|rpsE|rpmD|rplO|secY|rpmJ	PA4254|PA4253|PA4252|PA4251|PA4250|PA4249|PA4248|PA4247|PA4246|PA4245|PA4244|PA4243|PA4242	refseq_adyacencia
rpsQ-rplNXE-rpsNH-rplFR-rpsE-rpmD-rplO-secY-rpmJ-rpsM	rpsQ|rplN|rplX|rplE|rpsN|rpsH|rplF|rplR|rpsE|rpmD|rplO|secY|rpmJ|rpsM	PA4254|PA4253|PA4252|PA4251|PA4250|PA4249|PA4248|PA4247|PA4246|PA4245|PA4244|PA4243|PA4242|PA4241	refseq_adyacencia
rpsQ-rplNXE-rpsNH-rplFR-rpsE-rpmD-rplO-secY-rpmJ-rpsMK	rpsQ|rplN|rplX|rplE|rpsN|rpsH|rplF|rplR|rpsE|rpmD|rplO|secY|rpmJ|rpsM|rpsK	PA4254|PA4253|PA4252|PA4251|PA4250|PA4249|PA4248|PA4247|PA4246|PA4245|PA4244|PA4243|PA4242|PA4241|PA4240	refseq_adyacencia
rpsQ-rplNXE-rpsNH-rplFR-rpsE-rpmD-rplO-secY-rpmJ-rpsMKD	rpsQ|rplN|rplX|rplE|rpsN|rpsH|rplF|rplR|rpsE|rpmD|rplO|secY|rpmJ|rpsM|rpsK|rpsD	PA4254|PA4253|PA4252|PA4251|PA4250|PA4249|PA4248|PA4247|PA4246|PA4245|PA4244|PA4243|PA4242|PA4241|PA4240|PA4239	refseq_adyacencia
rpsQ-rplNXE-rpsNH-rplFR-rpsE-rpmD-rplO-secY-rpmJ-rpsMKD-rpoA	rpsQ|rplN|rplX|rplE|rpsN|rpsH|rplF|rplR|rpsE|rpmD|rplO|secY|rpmJ|rpsM|rpsK|rpsD|rpoA	PA4254|PA4253|PA4252|PA4251|PA4250|PA4249|PA4248|PA4247|PA4246|PA4245|PA4244|PA4243|PA4242|PA4241|PA4240|PA4239|PA4238	refseq_adyacencia
rpsQ-rplNXE-rpsNH-rplFR-rpsE-rpmD-rplO-secY-rpmJ-rpsMKD-rpoA-rplQ	rpsQ|rplN|rplX|rplE|rpsN|rpsH|rplF|rplR|rpsE|rpmD|rplO|secY|rpmJ|rpsM|rpsK|rpsD|rpoA|rplQ	PA4254|PA4253|PA4252|PA4251|PA4250|PA4249|PA4248|PA4247|PA4246|PA4245|PA4244|PA4243|PA4242|PA4241|PA4240|PA4239|PA4238|PA4237	refseq_adyacencia
rpsQ-rplNXE-rpsNH-rplFR-rpsE-rpmD-rplO-secY-rpmJ-rpsMKD-rpoA-rplQ-katA	rpsQ|rplN|rplX|rplE|rpsN|rpsH|rplF|rplR|rpsE|rpmD|rplO|secY|rpmJ|rpsM|rpsK|rpsD|rpoA|rplQ|katA	PA4254|PA4253|PA4252|PA4251|PA4250|PA4249|PA4248|PA4247|PA4246|PA4245|PA4244|PA4243|PA4242|PA4241|PA4240|PA4239|PA4238|PA4237|PA4236	refseq_adyacencia
rpsQ-rplNXE-rpsNH-rplFR-rpsE-rpmD-rplO-secY-rpmJ-rpsMKD-rpoA-rplQ-katA-bfrA	rpsQ|rplN|rplX|rplE|rpsN|rpsH|rplF|rplR|rpsE|rpmD|rplO|secY|rpmJ|rpsM|rpsK|rpsD|rpoA|rplQ|katA|bfrA	PA4254|PA4253|PA4252|PA4251|PA4250|PA4249|PA4248|PA4247|PA4246|PA4245|PA4244|PA4243|PA4242|PA4241|PA4240|PA4239|PA4238|PA4237|PA4236|PA4235	refseq_adyacencia
rpsS-rplV	rpsS|rplV	PA4259|PA4258	refseq_adyacencia
rpsS-rplV-rpsC	rpsS|rplV|rpsC	PA4259|PA4258|PA4257	refseq_adyacencia
rpsS-rplV-rpsC-rplP	rpsS|rplV|rpsC|rplP	PA4259|PA4258|PA4257|PA4256	refseq_adyacencia
rpsS-rplV-rpsC-rplP-rpmC	rpsS|rplV|rpsC|rplP|rpmC	PA4259|PA4258|PA4257|PA4256|PA4255	refseq_adyacencia
rpsS-rplV-rpsC-rplP-rpmC-rpsQ	rpsS|rplV|rpsC|rplP|rpmC|rpsQ	PA4259|PA4258|PA4257|PA4256|PA4255|PA4254	refseq_adyacencia
rpsS-rplV-rpsC-rplP-rpmC-rpsQ-rplN	rpsS|rplV|rpsC|rplP|rpmC|rpsQ|rplN	PA4259|PA4258|PA4257|PA4256|PA4255|PA4254|PA4253	refseq_adyacencia
rpsS-rplV-rpsC-rplP-rpmC-rpsQ-rplNX	rpsS|rplV|rpsC|rplP|rpmC|rpsQ|rplN|rplX	PA4259|PA4258|PA4257|PA4256|PA4255|PA4254|PA4253|PA4252	refseq_adyacencia
rpsS-rplV-rpsC-rplP-rpmC-rpsQ-rplNXE	rpsS|rplV|rpsC|rplP|rpmC|rpsQ|rplN|rplX|rplE	PA4259|PA4258|PA4257|PA4256|PA4255|PA4254|PA4253|PA4252|PA4251	refseq_adyacencia
rpsS-rplV-rpsC-rplP-rpmC-rpsQ-rplNXE-rpsN	rpsS|rplV|rpsC|rplP|rpmC|rpsQ|rplN|rplX|rplE|rpsN	PA4259|PA4258|PA4257|PA4256|PA4255|PA4254|PA4253|PA4252|PA4251|PA4250	refseq_adyacencia
rpsS-rplV-rpsC-rplP-rpmC-rpsQ-rplNXE-rpsNH	rpsS|rplV|rpsC|rplP|rpmC|rpsQ|rplN|rplX|rplE|rpsN|rpsH	PA4259|PA4258|PA4257|PA4256|PA4255|PA4254|PA4253|PA4252|PA4251|PA4250|PA4249	refseq_adyacencia
rpsS-rplV-rpsC-rplP-rpmC-rpsQ-rplNXE-rpsNH-rplF	rpsS|rplV|rpsC|rplP|rpmC|rpsQ|rplN|rplX|rplE|rpsN|rpsH|rplF	PA4259|PA4258|PA4257|PA4256|PA4255|PA4254|PA4253|PA4252|PA4251|PA4250|PA4249|PA4248	refseq_adyacencia
rpsS-rplV-rpsC-rplP-rpmC-rpsQ-rplNXE-rpsNH-rplFR	rpsS|rplV|rpsC|rplP|rpmC|rpsQ|rplN|rplX|rplE|rpsN|rpsH|rplF|rplR	PA4259|PA4258|PA4257|PA4256|PA4255|PA4254|PA4253|PA4252|PA4251|PA4250|PA4249|PA4248|PA4247	refseq_adyacencia
rpsS-rplV-rpsC-rplP-rpmC-rpsQ-rplNXE-rpsNH-rplFR-rpsE	rpsS|rplV|rpsC|rplP|rpmC|rpsQ|rplN|rplX|rplE|rpsN|rpsH|rplF|rplR|rpsE	PA4259|PA4258|PA4257|PA4256|PA4255|PA4254|PA4253|PA4252|PA4251|PA4250|PA4249|PA4248|PA4247|PA4246	refseq_adyacencia
rpsS-rplV-rpsC-rplP-rpmC-rpsQ-rplNXE-rpsNH-rplFR-rpsE-rpmD	rpsS|rplV|rpsC|rplP|rpmC|rpsQ|rplN|rplX|rplE|rpsN|rpsH|rplF|rplR|rpsE|rpmD	PA4259|PA4258|PA4257|PA4256|PA4255|PA4254|PA4253|PA4252|PA4251|PA4250|PA4249|PA4248|PA4247|PA4246|PA4245	refseq_adyacencia
rpsS-rplV-rpsC-rplP-rpmC-rpsQ-rplNXE-rpsNH-rplFR-rpsE-rpmD-rplO	rpsS|rplV|rpsC|rplP|rpmC|rpsQ|rplN|rplX|rplE|rpsN|rpsH|rplF|rplR|rpsE|rpmD|rplO	PA4259|PA4258|PA4257|PA4256|PA4255|PA4254|PA4253|PA4252|PA4251|PA4250|PA4249|PA4248|PA4247|PA4246|PA4245|PA4244	refseq_adyacencia
rpsS-rplV-rpsC-rplP-rpmC-rpsQ-rplNXE-rpsNH-rplFR-rpsE-rpmD-rplO-secY	rpsS|rplV|rpsC|rplP|rpmC|rpsQ|rplN|rplX|rplE|rpsN|rpsH|rplF|rplR|rpsE|rpmD|rplO|secY	PA4259|PA4258|PA4257|PA4256|PA4255|PA4254|PA4253|PA4252|PA4251|PA4250|PA4249|PA4248|PA4247|PA4246|PA4245|PA4244|PA4243	refseq_adyacencia
rpsS-rplV-rpsC-rplP-rpmC-rpsQ-rplNXE-rpsNH-rplFR-rpsE-rpmD-rplO-secY-rpmJ	rpsS|rplV|rpsC|rplP|rpmC|rpsQ|rplN|rplX|rplE|rpsN|rpsH|rplF|rplR|rpsE|rpmD|rplO|secY|rpmJ	PA4259|PA4258|PA4257|PA4256|PA4255|PA4254|PA4253|PA4252|PA4251|PA4250|PA4249|PA4248|PA4247|PA4246|PA4245|PA4244|PA4243|PA4242	refseq_adyacencia
rpsS-rplV-rpsC-rplP-rpmC-rpsQ-rplNXE-rpsNH-rplFR-rpsE-rpmD-rplO-secY-rpmJ-rpsM	rpsS|rplV|rpsC|rplP|rpmC|rpsQ|rplN|rplX|rplE|rpsN|rpsH|rplF|rplR|rpsE|rpmD|rplO|secY|rpmJ|rpsM	PA4259|PA4258|PA4257|PA4256|PA4255|PA4254|PA4253|PA4252|PA4251|PA4250|PA4249|PA4248|PA4247|PA4246|PA4245|PA4244|PA4243|PA4242|PA4241	refseq_adyacencia
rpsS-rplV-rpsC-rplP-rpmC-rpsQ-rplNXE-rpsNH-rplFR-rpsE-rpmD-rplO-secY-rpmJ-rpsMK	rpsS|rplV|rpsC|rplP|rpmC|rpsQ|rplN|rplX|rplE|rpsN|rpsH|rplF|rplR|rpsE|rpmD|rplO|secY|rpmJ|rpsM|rpsK	PA4259|PA4258|PA4257|PA4256|PA4255|PA4254|PA4253|PA4252|PA4251|PA4250|PA4249|PA4248|PA4247|PA4246|PA4245|PA4244|PA4243|PA4242|PA4241|PA4240	refseq_adyacencia
rpsS-rplV-rpsC-rplP-rpmC-rpsQ-rplNXE-rpsNH-rplFR-rpsE-rpmD-rplO-secY-rpmJ-rpsMKD	rpsS|rplV|rpsC|rplP|rpmC|rpsQ|rplN|rplX|rplE|rpsN|rpsH|rplF|rplR|rpsE|rpmD|rplO|secY|rpmJ|rpsM|rpsK|rpsD	PA4259|PA4258|PA4257|PA4256|PA4255|PA4254|PA4253|PA4252|PA4251|PA4250|PA4249|PA4248|PA4247|PA4246|PA4245|PA4244|PA4243|PA4242|PA4241|PA4240|PA4239	refseq_adyacencia
rpsS-rplV-rpsC-rplP-rpmC-rpsQ-rplNXE-rpsNH-rplFR-rpsE-rpmD-rplO-secY-rpmJ-rpsMKD-rpoA	rpsS|rplV|rpsC|rplP|rpmC|rpsQ|rplN|rplX|rplE|rpsN|rpsH|rplF|rplR|rpsE|rpmD|rplO|secY|rpmJ|rpsM|rpsK|rpsD|rpoA	PA4259|PA4258|PA4257|PA4256|PA4255|PA4254|PA4253|PA4252|PA4251|PA4250|PA4249|PA4248|PA4247|PA4246|PA4245|PA4244|PA4243|PA4242|PA4241|PA4240|PA4239|PA4238	refseq_adyacencia
rpsS-rplV-rpsC-rplP-rpmC-rpsQ-rplNXE-rpsNH-rplFR-rpsE-rpmD-rplO-secY-rpmJ-rpsMKD-rpoA-rplQ	rpsS|rplV|rpsC|rplP|rpmC|rpsQ|rplN|rplX|rplE|rpsN|rpsH|rplF|rplR|rpsE|rpmD|rplO|secY|rpmJ|rpsM|rpsK|rpsD|rpoA|rplQ	PA4259|PA4258|PA4257|PA4256|PA4255|PA4254|PA4253|PA4252|PA4251|PA4250|PA4249|PA4248|PA4247|PA4246|PA4245|PA4244|PA4243|PA4242|PA4241|PA4240|PA4239|PA4238|PA4237	refseq_adyacencia
rpsS-rplV-rpsC-rplP-rpmC-rpsQ-rplNXE-rpsNH-rplFR-rpsE-rpmD-rplO-secY-rpmJ-rpsMKD-rpoA-rplQ-katA	rpsS|rplV|rpsC|rplP|rpmC|rpsQ|rplN|rplX|rplE|rpsN|rpsH|rplF|rplR|rpsE|rpmD|rplO|secY|rpmJ|rpsM|rpsK|rpsD|rpoA|rplQ|katA	PA4259|PA4258|PA4257|PA4256|PA4255|PA4254|PA4253|PA4252|PA4251|PA4250|PA4249|PA4248|PA4247|PA4246|PA4245|PA4244|PA4243|PA4242|PA4241|PA4240|PA4239|PA4238|PA4237|PA4236	refseq_adyacencia
rpsS-rplV-rpsC-rplP-rpmC-rpsQ-rplNXE-rpsNH-rplFR-rpsE-rpmD-rplO-secY-rpmJ-rpsMKD-rpoA-rplQ-katA-bfrA	rpsS|rplV|rpsC|rplP|rpmC|rpsQ|rplN|rplX|rplE|rpsN|rpsH|rplF|rplR|rpsE|rpmD|rplO|secY|rpmJ|rpsM|rpsK|rpsD|rpoA|rplQ|katA|bfrA	PA4259|PA4258|PA4257|PA4256|PA4255|PA4254|PA4253|PA4252|PA4251|PA4250|PA4249|PA4248|PA4247|PA4246|PA4245|PA4244|PA4243|PA4242|PA4241|PA4240|PA4239|PA4238|PA4237|PA4236|PA4235	refseq_adyacencia
rsfS-rlmH	rsfS|rlmH	PA4005|PA4004	refseq_adyacencia
rsfS-rlmH-pbpA	rsfS|rlmH|pbpA	PA4005|PA4004|PA4003	refseq_adyacencia
rsfS-rlmH-pbpA-rodA	rsfS|rlmH|pbpA|rodA	PA4005|PA4004|PA4003|PA4002	refseq_adyacencia
rsmB-trkA	rsmB|trkA	PA0017|PA0016	refseq_adyacencia
rsmC-lysP	rsmC|lysP	PA4627|PA4628	refseq_adyacencia
rsmH-ftsL	rsmH|ftsL	PA4420|PA4419	refseq_adyacencia
rsmH-ftsLI	rsmH|ftsL|ftsI	PA4420|PA4419|PA4418	refseq_adyacencia
rsmH-ftsLI-murE	rsmH|ftsL|ftsI|murE	PA4420|PA4419|PA4418|PA4417	refseq_adyacencia
rsmH-ftsLI-murEF	rsmH|ftsL|ftsI|murE|murF	PA4420|PA4419|PA4418|PA4417|PA4416	refseq_adyacencia
rsmH-ftsLI-murEF-mraY	rsmH|ftsL|ftsI|murE|murF|mraY	PA4420|PA4419|PA4418|PA4417|PA4416|PA4415	refseq_adyacencia
rsmH-ftsLI-murEF-mraY-murD	rsmH|ftsL|ftsI|murE|murF|mraY|murD	PA4420|PA4419|PA4418|PA4417|PA4416|PA4415|PA4414	refseq_adyacencia
rsmH-ftsLI-murEF-mraY-murD-ftsW	rsmH|ftsL|ftsI|murE|murF|mraY|murD|ftsW	PA4420|PA4419|PA4418|PA4417|PA4416|PA4415|PA4414|PA4413	refseq_adyacencia
rsmH-ftsLI-murEF-mraY-murD-ftsW-murG	rsmH|ftsL|ftsI|murE|murF|mraY|murD|ftsW|murG	PA4420|PA4419|PA4418|PA4417|PA4416|PA4415|PA4414|PA4413|PA4412	refseq_adyacencia
rsmH-ftsLI-murEF-mraY-murD-ftsW-murGC	rsmH|ftsL|ftsI|murE|murF|mraY|murD|ftsW|murG|murC	PA4420|PA4419|PA4418|PA4417|PA4416|PA4415|PA4414|PA4413|PA4412|PA4411	refseq_adyacencia
rsmH-ftsLI-murEF-mraY-murD-ftsW-murGC-ddlB	rsmH|ftsL|ftsI|murE|murF|mraY|murD|ftsW|murG|murC|ddlB	PA4420|PA4419|PA4418|PA4417|PA4416|PA4415|PA4414|PA4413|PA4412|PA4411|PA4410	refseq_adyacencia
rsmH-ftsLI-murEF-mraY-murD-ftsW-murGC-ddlB-ftsQ	rsmH|ftsL|ftsI|murE|murF|mraY|murD|ftsW|murG|murC|ddlB|ftsQ	PA4420|PA4419|PA4418|PA4417|PA4416|PA4415|PA4414|PA4413|PA4412|PA4411|PA4410|PA4409	refseq_adyacencia
rsmH-ftsLI-murEF-mraY-murD-ftsW-murGC-ddlB-ftsQA	rsmH|ftsL|ftsI|murE|murF|mraY|murD|ftsW|murG|murC|ddlB|ftsQ|ftsA	PA4420|PA4419|PA4418|PA4417|PA4416|PA4415|PA4414|PA4413|PA4412|PA4411|PA4410|PA4409|PA4408	refseq_adyacencia
rsmH-ftsLI-murEF-mraY-murD-ftsW-murGC-ddlB-ftsQAZ	rsmH|ftsL|ftsI|murE|murF|mraY|murD|ftsW|murG|murC|ddlB|ftsQ|ftsA|ftsZ	PA4420|PA4419|PA4418|PA4417|PA4416|PA4415|PA4414|PA4413|PA4412|PA4411|PA4410|PA4409|PA4408|PA4407	refseq_adyacencia
ruvAB	ruvA|ruvB	PA0966|PA0967	refseq_adyacencia
ruvCA	ruvC|ruvA	PA0965|PA0966	refseq_adyacencia
ruvCAB	ruvC|ruvA|ruvB	PA0965|PA0966|PA0967	refseq_adyacencia
sbcDC	sbcD|sbcC	PA4281|PA4282	refseq_adyacencia
sdaB-gbdR	sdaB|gbdR	PA5379|PA5380	refseq_adyacencia
sdhAB	sdhA|sdhB	PA1583|PA1584	refseq_adyacencia
sdhAB-sucA	sdhA|sdhB|sucA	PA1583|PA1584|PA1585	refseq_adyacencia
sdhAB-sucAB	sdhA|sdhB|sucA|sucB	PA1583|PA1584|PA1585|PA1586	refseq_adyacencia
sdhAB-sucAB-lpdG	sdhA|sdhB|sucA|sucB|lpdG	PA1583|PA1584|PA1585|PA1586|PA1587	refseq_adyacencia
sdhAB-sucAB-lpdG-sucC	sdhA|sdhB|sucA|sucB|lpdG|sucC	PA1583|PA1584|PA1585|PA1586|PA1587|PA1588	refseq_adyacencia
sdhAB-sucAB-lpdG-sucCD	sdhA|sdhB|sucA|sucB|lpdG|sucC|sucD	PA1583|PA1584|PA1585|PA1586|PA1587|PA1588|PA1589	refseq_adyacencia
sdhAB-sucAB-lpdG-sucCD-braB	sdhA|sdhB|sucA|sucB|lpdG|sucC|sucD|braB	PA1583|PA1584|PA1585|PA1586|PA1587|PA1588|PA1589|PA1590	refseq_adyacencia
sdhB-sucA	sdhB|sucA	PA1584|PA1585	refseq_adyacencia
sdhB-sucAB	sdhB|sucA|sucB	PA1584|PA1585|PA1586	refseq_adyacencia
sdhB-sucAB-lpdG	sdhB|sucA|sucB|lpdG	PA1584|PA1585|PA1586|PA1587	refseq_adyacencia
sdhB-sucAB-lpdG-sucC	sdhB|sucA|sucB|lpdG|sucC	PA1584|PA1585|PA1586|PA1587|PA1588	refseq_adyacencia
sdhB-sucAB-lpdG-sucCD	sdhB|sucA|sucB|lpdG|sucC|sucD	PA1584|PA1585|PA1586|PA1587|PA1588|PA1589	refseq_adyacencia
sdhB-sucAB-lpdG-sucCD-braB	sdhB|sucA|sucB|lpdG|sucC|sucD|braB	PA1584|PA1585|PA1586|PA1587|PA1588|PA1589|PA1590	refseq_adyacencia
sdhCD	sdhC|sdhD	PA1581|PA1582	refseq_adyacencia
sdhCDA	sdhC|sdhD|sdhA	PA1581|PA1582|PA1583	refseq_adyacencia
sdhCDAB	sdhC|sdhD|sdhA|sdhB	PA1581|PA1582|PA1583|PA1584	refseq_adyacencia
sdhCDAB-sucA	sdhC|sdhD|sdhA|sdhB|sucA	PA1581|PA1582|PA1583|PA1584|PA1585	refseq_adyacencia
sdhCDAB-sucAB	sdhC|sdhD|sdhA|sdhB|sucA|sucB	PA1581|PA1582|PA1583|PA1584|PA1585|PA1586	refseq_adyacencia
sdhCDAB-sucAB-lpdG	sdhC|sdhD|sdhA|sdhB|sucA|sucB|lpdG	PA1581|PA1582|PA1583|PA1584|PA1585|PA1586|PA1587	refseq_adyacencia
sdhCDAB-sucAB-lpdG-sucC	sdhC|sdhD|sdhA|sdhB|sucA|sucB|lpdG|sucC	PA1581|PA1582|PA1583|PA1584|PA1585|PA1586|PA1587|PA1588	refseq_adyacencia
sdhCDAB-sucAB-lpdG-sucCD	sdhC|sdhD|sdhA|sdhB|sucA|sucB|lpdG|sucC|sucD	PA1581|PA1582|PA1583|PA1584|PA1585|PA1586|PA1587|PA1588|PA1589	refseq_adyacencia
sdhCDAB-sucAB-lpdG-sucCD-braB	sdhC|sdhD|sdhA|sdhB|sucA|sucB|lpdG|sucC|sucD|braB	PA1581|PA1582|PA1583|PA1584|PA1585|PA1586|PA1587|PA1588|PA1589|PA1590	refseq_adyacencia
sdhDA	sdhD|sdhA	PA1582|PA1583	refseq_adyacencia
sdhDAB	sdhD|sdhA|sdhB	PA1582|PA1583|PA1584	refseq_adyacencia
sdhDAB-sucA	sdhD|sdhA|sdhB|sucA	PA1582|PA1583|PA1584|PA1585	refseq_adyacencia
sdhDAB-sucAB	sdhD|sdhA|sdhB|sucA|sucB	PA1582|PA1583|PA1584|PA1585|PA1586	refseq_adyacencia
sdhDAB-sucAB-lpdG	sdhD|sdhA|sdhB|sucA|sucB|lpdG	PA1582|PA1583|PA1584|PA1585|PA1586|PA1587	refseq_adyacencia
sdhDAB-sucAB-lpdG-sucC	sdhD|sdhA|sdhB|sucA|sucB|lpdG|sucC	PA1582|PA1583|PA1584|PA1585|PA1586|PA1587|PA1588	refseq_adyacencia
sdhDAB-sucAB-lpdG-sucCD	sdhD|sdhA|sdhB|sucA|sucB|lpdG|sucC|sucD	PA1582|PA1583|PA1584|PA1585|PA1586|PA1587|PA1588|PA1589	refseq_adyacencia
sdhDAB-sucAB-lpdG-sucCD-braB	sdhD|sdhA|sdhB|sucA|sucB|lpdG|sucC|sucD|braB	PA1582|PA1583|PA1584|PA1585|PA1586|PA1587|PA1588|PA1589|PA1590	refseq_adyacencia
secA-argJ	secA|argJ	PA4403|PA4402	refseq_adyacencia
secDF	secD|secF	PA3821|PA3820	refseq_adyacencia
secE-nusG	secE|nusG	PA4276|PA4275	refseq_adyacencia
secE-nusG-rplK	secE|nusG|rplK	PA4276|PA4275|PA4274	refseq_adyacencia
secE-nusG-rplKA	secE|nusG|rplK|rplA	PA4276|PA4275|PA4274|PA4273	refseq_adyacencia
secY-rpmJ	secY|rpmJ	PA4243|PA4242	refseq_adyacencia
secY-rpmJ-rpsM	secY|rpmJ|rpsM	PA4243|PA4242|PA4241	refseq_adyacencia
secY-rpmJ-rpsMK	secY|rpmJ|rpsM|rpsK	PA4243|PA4242|PA4241|PA4240	refseq_adyacencia
secY-rpmJ-rpsMKD	secY|rpmJ|rpsM|rpsK|rpsD	PA4243|PA4242|PA4241|PA4240|PA4239	refseq_adyacencia
secY-rpmJ-rpsMKD-rpoA	secY|rpmJ|rpsM|rpsK|rpsD|rpoA	PA4243|PA4242|PA4241|PA4240|PA4239|PA4238	refseq_adyacencia
secY-rpmJ-rpsMKD-rpoA-rplQ	secY|rpmJ|rpsM|rpsK|rpsD|rpoA|rplQ	PA4243|PA4242|PA4241|PA4240|PA4239|PA4238|PA4237	refseq_adyacencia
secY-rpmJ-rpsMKD-rpoA-rplQ-katA	secY|rpmJ|rpsM|rpsK|rpsD|rpoA|rplQ|katA	PA4243|PA4242|PA4241|PA4240|PA4239|PA4238|PA4237|PA4236	refseq_adyacencia
secY-rpmJ-rpsMKD-rpoA-rplQ-katA-bfrA	secY|rpmJ|rpsM|rpsK|rpsD|rpoA|rplQ|katA|bfrA	PA4243|PA4242|PA4241|PA4240|PA4239|PA4238|PA4237|PA4236|PA4235	refseq_adyacencia
selAB	selA|selB	PA4808|PA4807	refseq_adyacencia
selDU	selD|selU	PA1642|PA1643	refseq_adyacencia
serC-pheA	serC|pheA	PA3167|PA3166	refseq_adyacencia
serS-cysG	serS|cysG	PA2612|PA2611	refseq_adyacencia
sigX-oprF	sigX|oprF	PA1776|PA1777	refseq_adyacencia
sodB-bifA	sodB|bifA	PA4366|PA4367	refseq_adyacencia
soxAG	soxA|soxG	PA5418|PA5419	refseq_adyacencia
soxBD	soxB|soxD	PA5416|PA5417	refseq_adyacencia
soxBDA	soxB|soxD|soxA	PA5416|PA5417|PA5418	refseq_adyacencia
soxBDAG	soxB|soxD|soxA|soxG	PA5416|PA5417|PA5418|PA5419	refseq_adyacencia
soxDA	soxD|soxA	PA5417|PA5418	refseq_adyacencia
soxDAG	soxD|soxA|soxG	PA5417|PA5418|PA5419	refseq_adyacencia
spuAB	spuA|spuB	PA0297|PA0298	refseq_adyacencia
spuABC	spuA|spuB|spuC	PA0297|PA0298|PA0299	refseq_adyacencia
spuABCD	spuA|spuB|spuC|spuD	PA0297|PA0298|PA0299|PA0300	refseq_adyacencia
spuABCDE	spuA|spuB|spuC|spuD|spuE	PA0297|PA0298|PA0299|PA0300|PA0301	refseq_adyacencia
spuABCDEF	spuA|spuB|spuC|spuD|spuE|spuF	PA0297|PA0298|PA0299|PA0300|PA0301|PA0302	refseq_adyacencia
spuABCDEFG	spuA|spuB|spuC|spuD|spuE|spuF|spuG	PA0297|PA0298|PA0299|PA0300|PA0301|PA0302|PA0303	refseq_adyacencia
spuABCDEFGH	spuA|spuB|spuC|spuD|spuE|spuF|spuG|spuH	PA0297|PA0298|PA0299|PA0300|PA0301|PA0302|PA0303|PA0304	refseq_adyacencia
spuBC	spuB|spuC	PA0298|PA0299	refseq_adyacencia
spuBCD	spuB|spuC|spuD	PA0298|PA0299|PA0300	refseq_adyacencia
spuBCDE	spuB|spuC|spuD|spuE	PA0298|PA0299|PA0300|PA0301	refseq_adyacencia
spuBCDEF	spuB|spuC|spuD|spuE|spuF	PA0298|PA0299|PA0300|PA0301|PA0302	refseq_adyacencia
spuBCDEFG	spuB|spuC|spuD|spuE|spuF|spuG	PA0298|PA0299|PA0300|PA0301|PA0302|PA0303	refseq_adyacencia
spuBCDEFGH	spuB|spuC|spuD|spuE|spuF|spuG|spuH	PA0298|PA0299|PA0300|PA0301|PA0302|PA0303|PA0304	refseq_adyacencia
spuCD	spuC|spuD	PA0299|PA0300	refseq_adyacencia
spuCDE	spuC|spuD|spuE	PA0299|PA0300|PA0301	refseq_adyacencia
spuCDEF	spuC|spuD|spuE|spuF	PA0299|PA0300|PA0301|PA0302	refseq_adyacencia
spuCDEFG	spuC|spuD|spuE|spuF|spuG	PA0299|PA0300|PA0301|PA0302|PA0303	refseq_adyacencia
spuCDEFGH	spuC|spuD|spuE|spuF|spuG|spuH	PA0299|PA0300|PA0301|PA0302|PA0303|PA0304	refseq_adyacencia
spuDE	spuD|spuE	PA0300|PA0301	refseq_adyacencia
spuDEF	spuD|spuE|spuF	PA0300|PA0301|PA0302	refseq_adyacencia
spuDEFG	spuD|spuE|spuF|spuG	PA0300|PA0301|PA0302|PA0303	refseq_adyacencia
spuDEFGH	spuD|spuE|spuF|spuG|spuH	PA0300|PA0301|PA0302|PA0303|PA0304	refseq_adyacencia
spuEF	spuE|spuF	PA0301|PA0302	refseq_adyacencia
spuEFG	spuE|spuF|spuG	PA0301|PA0302|PA0303	refseq_adyacencia
spuEFGH	spuE|spuF|spuG|spuH	PA0301|PA0302|PA0303|PA0304	refseq_adyacencia
spuFG	spuF|spuG	PA0302|PA0303	refseq_adyacencia
spuFGH	spuF|spuG|spuH	PA0302|PA0303|PA0304	refseq_adyacencia
spuGH	spuG|spuH	PA0303|PA0304	refseq_adyacencia
sspAB	sspA|sspB	PA4428|PA4427	refseq_adyacencia
sucAB	sucA|sucB	PA1585|PA1586	refseq_adyacencia
sucAB-lpdG	sucA|sucB|lpdG	PA1585|PA1586|PA1587	refseq_adyacencia
sucAB-lpdG-sucC	sucA|sucB|lpdG|sucC	PA1585|PA1586|PA1587|PA1588	refseq_adyacencia
sucAB-lpdG-sucCD	sucA|sucB|lpdG|sucC|sucD	PA1585|PA1586|PA1587|PA1588|PA1589	refseq_adyacencia
sucAB-lpdG-sucCD-braB	sucA|sucB|lpdG|sucC|sucD|braB	PA1585|PA1586|PA1587|PA1588|PA1589|PA1590	refseq_adyacencia
sucB-lpdG	sucB|lpdG	PA1586|PA1587	refseq_adyacencia
sucB-lpdG-sucC	sucB|lpdG|sucC	PA1586|PA1587|PA1588	refseq_adyacencia
sucB-lpdG-sucCD	sucB|lpdG|sucC|sucD	PA1586|PA1587|PA1588|PA1589	refseq_adyacencia
sucB-lpdG-sucCD-braB	sucB|lpdG|sucC|sucD|braB	PA1586|PA1587|PA1588|PA1589|PA1590	refseq_adyacencia
sucCD	sucC|sucD	PA1588|PA1589	refseq_adyacencia
sucCD-braB	sucC|sucD|braB	PA1588|PA1589|PA1590	refseq_adyacencia
sucD-braB	sucD|braB	PA1589|PA1590	refseq_adyacencia
surA-pdxA	surA|pdxA	PA0594|PA0593	refseq_adyacencia
surA-pdxA-ksgA	surA|pdxA|ksgA	PA0594|PA0593|PA0592	refseq_adyacencia
surA-pdxA-ksgA-apaG	surA|pdxA|ksgA|apaG	PA0594|PA0593|PA0592|PA0591	refseq_adyacencia
surA-pdxA-ksgA-apaGH	surA|pdxA|ksgA|apaG|apaH	PA0594|PA0593|PA0592|PA0591|PA0590	refseq_adyacencia
surA-pdxA-ksgA-apaGH-glpE	surA|pdxA|ksgA|apaG|apaH|glpE	PA0594|PA0593|PA0592|PA0591|PA0590|PA0589	refseq_adyacencia
tadAB	tadA|tadB	PA4302|PA4301	refseq_adyacencia
tadABC	tadA|tadB|tadC	PA4302|PA4301|PA4300	refseq_adyacencia
tadABCD	tadA|tadB|tadC|tadD	PA4302|PA4301|PA4300|PA4299	refseq_adyacencia
tadBC	tadB|tadC	PA4301|PA4300	refseq_adyacencia
tadBCD	tadB|tadC|tadD	PA4301|PA4300|PA4299	refseq_adyacencia
tadCD	tadC|tadD	PA4300|PA4299	refseq_adyacencia
tadZA	tadZ|tadA	PA4303|PA4302	refseq_adyacencia
tadZAB	tadZ|tadA|tadB	PA4303|PA4302|PA4301	refseq_adyacencia
tadZABC	tadZ|tadA|tadB|tadC	PA4303|PA4302|PA4301|PA4300	refseq_adyacencia
tadZABCD	tadZ|tadA|tadB|tadC|tadD	PA4303|PA4302|PA4301|PA4300|PA4299	refseq_adyacencia
tamAB	tamA|tamB	PA2543|PA2542	refseq_adyacencia
tatAB	tatA|tatB	PA5068|PA5069	refseq_adyacencia
tatABC	tatA|tatB|tatC	PA5068|PA5069|PA5070	refseq_adyacencia
tatBC	tatB|tatC	PA5069|PA5070	refseq_adyacencia
thiDE	thiD|thiE	PA3975|PA3976	refseq_adyacencia
thiDE-hemL	thiD|thiE|hemL	PA3975|PA3976|PA3977	refseq_adyacencia
thiE-hemL	thiE|hemL	PA3976|PA3977	refseq_adyacencia
thiG-micA	thiG|micA	PA0381|PA0382	refseq_adyacencia
thiI-typA	thiI|typA	PA5118|PA5117	refseq_adyacencia
thiL-pgpA	thiL|pgpA	PA4051|PA4050	refseq_adyacencia
thrS-infC	thrS|infC	PA2744|PA2743	refseq_adyacencia
thrS-infC-rpmI	thrS|infC|rpmI	PA2744|PA2743|PA2742	refseq_adyacencia
thrS-infC-rpmI-rplT	thrS|infC|rpmI|rplT	PA2744|PA2743|PA2742|PA2741	refseq_adyacencia
thrS-infC-rpmI-rplT-pheS	thrS|infC|rpmI|rplT|pheS	PA2744|PA2743|PA2742|PA2741|PA2740	refseq_adyacencia
thrS-infC-rpmI-rplT-pheST	thrS|infC|rpmI|rplT|pheS|pheT	PA2744|PA2743|PA2742|PA2741|PA2740|PA2739	refseq_adyacencia
thrS-infC-rpmI-rplT-pheST-himA	thrS|infC|rpmI|rplT|pheS|pheT|himA	PA2744|PA2743|PA2742|PA2741|PA2740|PA2739|PA2738	refseq_adyacencia
tilS-pyrG	tilS|pyrG	PA3638|PA3637	refseq_adyacencia
tilS-pyrG-kdsA	tilS|pyrG|kdsA	PA3638|PA3637|PA3636	refseq_adyacencia
tolAB	tolA|tolB	PA0971|PA0972	refseq_adyacencia
tolAB-oprL	tolA|tolB|oprL	PA0971|PA0972|PA0973	refseq_adyacencia
tolAB-oprL-cpoB	tolA|tolB|oprL|cpoB	PA0971|PA0972|PA0973|PA0974	refseq_adyacencia
tolAB-oprL-cpoB-queE	tolA|tolB|oprL|cpoB|queE	PA0971|PA0972|PA0973|PA0974|PA0975	refseq_adyacencia
tolAB-oprL-cpoB-queEC	tolA|tolB|oprL|cpoB|queE|queC	PA0971|PA0972|PA0973|PA0974|PA0975|PA0976	refseq_adyacencia
tolB-oprL	tolB|oprL	PA0972|PA0973	refseq_adyacencia
tolB-oprL-cpoB	tolB|oprL|cpoB	PA0972|PA0973|PA0974	refseq_adyacencia
tolB-oprL-cpoB-queE	tolB|oprL|cpoB|queE	PA0972|PA0973|PA0974|PA0975	refseq_adyacencia
tolB-oprL-cpoB-queEC	tolB|oprL|cpoB|queE|queC	PA0972|PA0973|PA0974|PA0975|PA0976	refseq_adyacencia
tolQR	tolQ|tolR	PA0969|PA0970	refseq_adyacencia
tolQRA	tolQ|tolR|tolA	PA0969|PA0970|PA0971	refseq_adyacencia
tolQRAB	tolQ|tolR|tolA|tolB	PA0969|PA0970|PA0971|PA0972	refseq_adyacencia
tolQRAB-oprL	tolQ|tolR|tolA|tolB|oprL	PA0969|PA0970|PA0971|PA0972|PA0973	refseq_adyacencia
tolQRAB-oprL-cpoB	tolQ|tolR|tolA|tolB|oprL|cpoB	PA0969|PA0970|PA0971|PA0972|PA0973|PA0974	refseq_adyacencia
tolQRAB-oprL-cpoB-queE	tolQ|tolR|tolA|tolB|oprL|cpoB|queE	PA0969|PA0970|PA0971|PA0972|PA0973|PA0974|PA0975	refseq_adyacencia
tolQRAB-oprL-cpoB-queEC	tolQ|tolR|tolA|tolB|oprL|cpoB|queE|queC	PA0969|PA0970|PA0971|PA0972|PA0973|PA0974|PA0975|PA0976	refseq_adyacencia
tolRA	tolR|tolA	PA0970|PA0971	refseq_adyacencia
tolRAB	tolR|tolA|tolB	PA0970|PA0971|PA0972	refseq_adyacencia
tolRAB-oprL	tolR|tolA|tolB|oprL	PA0970|PA0971|PA0972|PA0973	refseq_adyacencia
tolRAB-oprL-cpoB	tolR|tolA|tolB|oprL|cpoB	PA0970|PA0971|PA0972|PA0973|PA0974	refseq_adyacencia
tolRAB-oprL-cpoB-queE	tolR|tolA|tolB|oprL|cpoB|queE	PA0970|PA0971|PA0972|PA0973|PA0974|PA0975	refseq_adyacencia
tolRAB-oprL-cpoB-queEC	tolR|tolA|tolB|oprL|cpoB|queE|queC	PA0970|PA0971|PA0972|PA0973|PA0974|PA0975|PA0976	refseq_adyacencia
tpbB-yfiB	tpbB|yfiB	PA1120|PA1119	refseq_adyacencia
tpiA-secG	tpiA|secG	PA4748|PA4747	refseq_adyacencia
trmD-rplS	trmD|rplS	PA3743|PA3742	refseq_adyacencia
trmJ-cysE	trmJ|cysE	PA3817|PA3816	refseq_adyacencia
trmJ-cysE-iscR	trmJ|cysE|iscR	PA3817|PA3816|PA3815	refseq_adyacencia
trmJ-cysE-iscRS	trmJ|cysE|iscR|iscS	PA3817|PA3816|PA3815|PA3814	refseq_adyacencia
trmJ-cysE-iscRSU	trmJ|cysE|iscR|iscS|iscU	PA3817|PA3816|PA3815|PA3814|PA3813	refseq_adyacencia
trmJ-cysE-iscRSUA	trmJ|cysE|iscR|iscS|iscU|iscA	PA3817|PA3816|PA3815|PA3814|PA3813|PA3812	refseq_adyacencia
trmJ-cysE-iscRSUA-hscB	trmJ|cysE|iscR|iscS|iscU|iscA|hscB	PA3817|PA3816|PA3815|PA3814|PA3813|PA3812|PA3811	refseq_adyacencia
trmJ-cysE-iscRSUA-hscBA	trmJ|cysE|iscR|iscS|iscU|iscA|hscB|hscA	PA3817|PA3816|PA3815|PA3814|PA3813|PA3812|PA3811|PA3810	refseq_adyacencia
trmU-hflD	trmU|hflD	PA2626|PA2627	refseq_adyacencia
trpBA	trpB|trpA	PA0036|PA0035	refseq_adyacencia
trpDC	trpD|trpC	PA0650|PA0651	refseq_adyacencia
trpF-accD	trpF|accD	PA3113|PA3112	refseq_adyacencia
trpF-accD-folC	trpF|accD|folC	PA3113|PA3112|PA3111	refseq_adyacencia
trpGD	trpG|trpD	PA0649|PA0650	refseq_adyacencia
trpGDC	trpG|trpD|trpC	PA0649|PA0650|PA0651	refseq_adyacencia
trpS-zapE	trpS|zapE	PA4439|PA4438	refseq_adyacencia
truA-trpF	truA|trpF	PA3114|PA3113	refseq_adyacencia
truA-trpF-accD	truA|trpF|accD	PA3114|PA3113|PA3112	refseq_adyacencia
truA-trpF-accD-folC	truA|trpF|accD|folC	PA3114|PA3113|PA3112|PA3111	refseq_adyacencia
truB-rpsO	truB|rpsO	PA4742|PA4741	refseq_adyacencia
truD-surE	truD|surE	PA3626|PA3625	refseq_adyacencia
tufA-rpsJ	tufA|rpsJ	PA4265|PA4264	refseq_adyacencia
tufA-rpsJ-rplC	tufA|rpsJ|rplC	PA4265|PA4264|PA4263	refseq_adyacencia
tufA-rpsJ-rplCD	tufA|rpsJ|rplC|rplD	PA4265|PA4264|PA4263|PA4262	refseq_adyacencia
tufA-rpsJ-rplCDW	tufA|rpsJ|rplC|rplD|rplW	PA4265|PA4264|PA4263|PA4262|PA4261	refseq_adyacencia
tufA-rpsJ-rplCDWB	tufA|rpsJ|rplC|rplD|rplW|rplB	PA4265|PA4264|PA4263|PA4262|PA4261|PA4260	refseq_adyacencia
tufA-rpsJ-rplCDWB-rpsS	tufA|rpsJ|rplC|rplD|rplW|rplB|rpsS	PA4265|PA4264|PA4263|PA4262|PA4261|PA4260|PA4259	refseq_adyacencia
tufA-rpsJ-rplCDWB-rpsS-rplV	tufA|rpsJ|rplC|rplD|rplW|rplB|rpsS|rplV	PA4265|PA4264|PA4263|PA4262|PA4261|PA4260|PA4259|PA4258	refseq_adyacencia
tufA-rpsJ-rplCDWB-rpsS-rplV-rpsC	tufA|rpsJ|rplC|rplD|rplW|rplB|rpsS|rplV|rpsC	PA4265|PA4264|PA4263|PA4262|PA4261|PA4260|PA4259|PA4258|PA4257	refseq_adyacencia
tufA-rpsJ-rplCDWB-rpsS-rplV-rpsC-rplP	tufA|rpsJ|rplC|rplD|rplW|rplB|rpsS|rplV|rpsC|rplP	PA4265|PA4264|PA4263|PA4262|PA4261|PA4260|PA4259|PA4258|PA4257|PA4256	refseq_adyacencia
tufA-rpsJ-rplCDWB-rpsS-rplV-rpsC-rplP-rpmC	tufA|rpsJ|rplC|rplD|rplW|rplB|rpsS|rplV|rpsC|rplP|rpmC	PA4265|PA4264|PA4263|PA4262|PA4261|PA4260|PA4259|PA4258|PA4257|PA4256|PA4255	refseq_adyacencia
tufA-rpsJ-rplCDWB-rpsS-rplV-rpsC-rplP-rpmC-rpsQ	tufA|rpsJ|rplC|rplD|rplW|rplB|rpsS|rplV|rpsC|rplP|rpmC|rpsQ	PA4265|PA4264|PA4263|PA4262|PA4261|PA4260|PA4259|PA4258|PA4257|PA4256|PA4255|PA4254	refseq_adyacencia
tufA-rpsJ-rplCDWB-rpsS-rplV-rpsC-rplP-rpmC-rpsQ-rplN	tufA|rpsJ|rplC|rplD|rplW|rplB|rpsS|rplV|rpsC|rplP|rpmC|rpsQ|rplN	PA4265|PA4264|PA4263|PA4262|PA4261|PA4260|PA4259|PA4258|PA4257|PA4256|PA4255|PA4254|PA4253	refseq_adyacencia
tufA-rpsJ-rplCDWB-rpsS-rplV-rpsC-rplP-rpmC-rpsQ-rplNX	tufA|rpsJ|rplC|rplD|rplW|rplB|rpsS|rplV|rpsC|rplP|rpmC|rpsQ|rplN|rplX	PA4265|PA4264|PA4263|PA4262|PA4261|PA4260|PA4259|PA4258|PA4257|PA4256|PA4255|PA4254|PA4253|PA4252	refseq_adyacencia
tufA-rpsJ-rplCDWB-rpsS-rplV-rpsC-rplP-rpmC-rpsQ-rplNXE	tufA|rpsJ|rplC|rplD|rplW|rplB|rpsS|rplV|rpsC|rplP|rpmC|rpsQ|rplN|rplX|rplE	PA4265|PA4264|PA4263|PA4262|PA4261|PA4260|PA4259|PA4258|PA4257|PA4256|PA4255|PA4254|PA4253|PA4252|PA4251	refseq_adyacencia
tufA-rpsJ-rplCDWB-rpsS-rplV-rpsC-rplP-rpmC-rpsQ-rplNXE-rpsN	tufA|rpsJ|rplC|rplD|rplW|rplB|rpsS|rplV|rpsC|rplP|rpmC|rpsQ|rplN|rplX|rplE|rpsN	PA4265|PA4264|PA4263|PA4262|PA4261|PA4260|PA4259|PA4258|PA4257|PA4256|PA4255|PA4254|PA4253|PA4252|PA4251|PA4250	refseq_adyacencia
tufA-rpsJ-rplCDWB-rpsS-rplV-rpsC-rplP-rpmC-rpsQ-rplNXE-rpsNH	tufA|rpsJ|rplC|rplD|rplW|rplB|rpsS|rplV|rpsC|rplP|rpmC|rpsQ|rplN|rplX|rplE|rpsN|rpsH	PA4265|PA4264|PA4263|PA4262|PA4261|PA4260|PA4259|PA4258|PA4257|PA4256|PA4255|PA4254|PA4253|PA4252|PA4251|PA4250|PA4249	refseq_adyacencia
tufA-rpsJ-rplCDWB-rpsS-rplV-rpsC-rplP-rpmC-rpsQ-rplNXE-rpsNH-rplF	tufA|rpsJ|rplC|rplD|rplW|rplB|rpsS|rplV|rpsC|rplP|rpmC|rpsQ|rplN|rplX|rplE|rpsN|rpsH|rplF	PA4265|PA4264|PA4263|PA4262|PA4261|PA4260|PA4259|PA4258|PA4257|PA4256|PA4255|PA4254|PA4253|PA4252|PA4251|PA4250|PA4249|PA4248	refseq_adyacencia
tufA-rpsJ-rplCDWB-rpsS-rplV-rpsC-rplP-rpmC-rpsQ-rplNXE-rpsNH-rplFR	tufA|rpsJ|rplC|rplD|rplW|rplB|rpsS|rplV|rpsC|rplP|rpmC|rpsQ|rplN|rplX|rplE|rpsN|rpsH|rplF|rplR	PA4265|PA4264|PA4263|PA4262|PA4261|PA4260|PA4259|PA4258|PA4257|PA4256|PA4255|PA4254|PA4253|PA4252|PA4251|PA4250|PA4249|PA4248|PA4247	refseq_adyacencia
tufA-rpsJ-rplCDWB-rpsS-rplV-rpsC-rplP-rpmC-rpsQ-rplNXE-rpsNH-rplFR-rpsE	tufA|rpsJ|rplC|rplD|rplW|rplB|rpsS|rplV|rpsC|rplP|rpmC|rpsQ|rplN|rplX|rplE|rpsN|rpsH|rplF|rplR|rpsE	PA4265|PA4264|PA4263|PA4262|PA4261|PA4260|PA4259|PA4258|PA4257|PA4256|PA4255|PA4254|PA4253|PA4252|PA4251|PA4250|PA4249|PA4248|PA4247|PA4246	refseq_adyacencia
tufA-rpsJ-rplCDWB-rpsS-rplV-rpsC-rplP-rpmC-rpsQ-rplNXE-rpsNH-rplFR-rpsE-rpmD	tufA|rpsJ|rplC|rplD|rplW|rplB|rpsS|rplV|rpsC|rplP|rpmC|rpsQ|rplN|rplX|rplE|rpsN|rpsH|rplF|rplR|rpsE|rpmD	PA4265|PA4264|PA4263|PA4262|PA4261|PA4260|PA4259|PA4258|PA4257|PA4256|PA4255|PA4254|PA4253|PA4252|PA4251|PA4250|PA4249|PA4248|PA4247|PA4246|PA4245	refseq_adyacencia
tufA-rpsJ-rplCDWB-rpsS-rplV-rpsC-rplP-rpmC-rpsQ-rplNXE-rpsNH-rplFR-rpsE-rpmD-rplO	tufA|rpsJ|rplC|rplD|rplW|rplB|rpsS|rplV|rpsC|rplP|rpmC|rpsQ|rplN|rplX|rplE|rpsN|rpsH|rplF|rplR|rpsE|rpmD|rplO	PA4265|PA4264|PA4263|PA4262|PA4261|PA4260|PA4259|PA4258|PA4257|PA4256|PA4255|PA4254|PA4253|PA4252|PA4251|PA4250|PA4249|PA4248|PA4247|PA4246|PA4245|PA4244	refseq_adyacencia
tufA-rpsJ-rplCDWB-rpsS-rplV-rpsC-rplP-rpmC-rpsQ-rplNXE-rpsNH-rplFR-rpsE-rpmD-rplO-secY	tufA|rpsJ|rplC|rplD|rplW|rplB|rpsS|rplV|rpsC|rplP|rpmC|rpsQ|rplN|rplX|rplE|rpsN|rpsH|rplF|rplR|rpsE|rpmD|rplO|secY	PA4265|PA4264|PA4263|PA4262|PA4261|PA4260|PA4259|PA4258|PA4257|PA4256|PA4255|PA4254|PA4253|PA4252|PA4251|PA4250|PA4249|PA4248|PA4247|PA4246|PA4245|PA4244|PA4243	refseq_adyacencia
tufA-rpsJ-rplCDWB-rpsS-rplV-rpsC-rplP-rpmC-rpsQ-rplNXE-rpsNH-rplFR-rpsE-rpmD-rplO-secY-rpmJ	tufA|rpsJ|rplC|rplD|rplW|rplB|rpsS|rplV|rpsC|rplP|rpmC|rpsQ|rplN|rplX|rplE|rpsN|rpsH|rplF|rplR|rpsE|rpmD|rplO|secY|rpmJ	PA4265|PA4264|PA4263|PA4262|PA4261|PA4260|PA4259|PA4258|PA4257|PA4256|PA4255|PA4254|PA4253|PA4252|PA4251|PA4250|PA4249|PA4248|PA4247|PA4246|PA4245|PA4244|PA4243|PA4242	refseq_adyacencia
tufA-rpsJ-rplCDWB-rpsS-rplV-rpsC-rplP-rpmC-rpsQ-rplNXE-rpsNH-rplFR-rpsE-rpmD-rplO-secY-rpmJ-rpsM	tufA|rpsJ|rplC|rplD|rplW|rplB|rpsS|rplV|rpsC|rplP|rpmC|rpsQ|rplN|rplX|rplE|rpsN|rpsH|rplF|rplR|rpsE|rpmD|rplO|secY|rpmJ|rpsM	PA4265|PA4264|PA4263|PA4262|PA4261|PA4260|PA4259|PA4258|PA4257|PA4256|PA4255|PA4254|PA4253|PA4252|PA4251|PA4250|PA4249|PA4248|PA4247|PA4246|PA4245|PA4244|PA4243|PA4242|PA4241	refseq_adyacencia
tufA-rpsJ-rplCDWB-rpsS-rplV-rpsC-rplP-rpmC-rpsQ-rplNXE-rpsNH-rplFR-rpsE-rpmD-rplO-secY-rpmJ-rpsMK	tufA|rpsJ|rplC|rplD|rplW|rplB|rpsS|rplV|rpsC|rplP|rpmC|rpsQ|rplN|rplX|rplE|rpsN|rpsH|rplF|rplR|rpsE|rpmD|rplO|secY|rpmJ|rpsM|rpsK	PA4265|PA4264|PA4263|PA4262|PA4261|PA4260|PA4259|PA4258|PA4257|PA4256|PA4255|PA4254|PA4253|PA4252|PA4251|PA4250|PA4249|PA4248|PA4247|PA4246|PA4245|PA4244|PA4243|PA4242|PA4241|PA4240	refseq_adyacencia
tufA-rpsJ-rplCDWB-rpsS-rplV-rpsC-rplP-rpmC-rpsQ-rplNXE-rpsNH-rplFR-rpsE-rpmD-rplO-secY-rpmJ-rpsMKD	tufA|rpsJ|rplC|rplD|rplW|rplB|rpsS|rplV|rpsC|rplP|rpmC|rpsQ|rplN|rplX|rplE|rpsN|rpsH|rplF|rplR|rpsE|rpmD|rplO|secY|rpmJ|rpsM|rpsK|rpsD	PA4265|PA4264|PA4263|PA4262|PA4261|PA4260|PA4259|PA4258|PA4257|PA4256|PA4255|PA4254|PA4253|PA4252|PA4251|PA4250|PA4249|PA4248|PA4247|PA4246|PA4245|PA4244|PA4243|PA4242|PA4241|PA4240|PA4239	refseq_adyacencia
tufA-rpsJ-rplCDWB-rpsS-rplV-rpsC-rplP-rpmC-rpsQ-rplNXE-rpsNH-rplFR-rpsE-rpmD-rplO-secY-rpmJ-rpsMKD-rpoA	tufA|rpsJ|rplC|rplD|rplW|rplB|rpsS|rplV|rpsC|rplP|rpmC|rpsQ|rplN|rplX|rplE|rpsN|rpsH|rplF|rplR|rpsE|rpmD|rplO|secY|rpmJ|rpsM|rpsK|rpsD|rpoA	PA4265|PA4264|PA4263|PA4262|PA4261|PA4260|PA4259|PA4258|PA4257|PA4256|PA4255|PA4254|PA4253|PA4252|PA4251|PA4250|PA4249|PA4248|PA4247|PA4246|PA4245|PA4244|PA4243|PA4242|PA4241|PA4240|PA4239|PA4238	refseq_adyacencia
tufA-rpsJ-rplCDWB-rpsS-rplV-rpsC-rplP-rpmC-rpsQ-rplNXE-rpsNH-rplFR-rpsE-rpmD-rplO-secY-rpmJ-rpsMKD-rpoA-rplQ	tufA|rpsJ|rplC|rplD|rplW|rplB|rpsS|rplV|rpsC|rplP|rpmC|rpsQ|rplN|rplX|rplE|rpsN|rpsH|rplF|rplR|rpsE|rpmD|rplO|secY|rpmJ|rpsM|rpsK|rpsD|rpoA|rplQ	PA4265|PA4264|PA4263|PA4262|PA4261|PA4260|PA4259|PA4258|PA4257|PA4256|PA4255|PA4254|PA4253|PA4252|PA4251|PA4250|PA4249|PA4248|PA4247|PA4246|PA4245|PA4244|PA4243|PA4242|PA4241|PA4240|PA4239|PA4238|PA4237	refseq_adyacencia
tufA-rpsJ-rplCDWB-rpsS-rplV-rpsC-rplP-rpmC-rpsQ-rplNXE-rpsNH-rplFR-rpsE-rpmD-rplO-secY-rpmJ-rpsMKD-rpoA-rplQ-katA	tufA|rpsJ|rplC|rplD|rplW|rplB|rpsS|rplV|rpsC|rplP|rpmC|rpsQ|rplN|rplX|rplE|rpsN|rpsH|rplF|rplR|rpsE|rpmD|rplO|secY|rpmJ|rpsM|rpsK|rpsD|rpoA|rplQ|katA	PA4265|PA4264|PA4263|PA4262|PA4261|PA4260|PA4259|PA4258|PA4257|PA4256|PA4255|PA4254|PA4253|PA4252|PA4251|PA4250|PA4249|PA4248|PA4247|PA4246|PA4245|PA4244|PA4243|PA4242|PA4241|PA4240|PA4239|PA4238|PA4237|PA4236	refseq_adyacencia
tufA-rpsJ-rplCDWB-rpsS-rplV-rpsC-rplP-rpmC-rpsQ-rplNXE-rpsNH-rplFR-rpsE-rpmD-rplO-secY-rpmJ-rpsMKD-rpoA-rplQ-katA-bfrA	tufA|rpsJ|rplC|rplD|rplW|rplB|rpsS|rplV|rpsC|rplP|rpmC|rpsQ|rplN|rplX|rplE|rpsN|rpsH|rplF|rplR|rpsE|rpmD|rplO|secY|rpmJ|rpsM|rpsK|rpsD|rpoA|rplQ|katA|bfrA	PA4265|PA4264|PA4263|PA4262|PA4261|PA4260|PA4259|PA4258|PA4257|PA4256|PA4255|PA4254|PA4253|PA4252|PA4251|PA4250|PA4249|PA4248|PA4247|PA4246|PA4245|PA4244|PA4243|PA4242|PA4241|PA4240|PA4239|PA4238|PA4237|PA4236|PA4235	refseq_adyacencia
tusDC	tusD|tusC	PA2605|PA2606	refseq_adyacencia
ubiB-hisI	ubiB|hisI	PA5065|PA5066	refseq_adyacencia
ubiB-hisIE	ubiB|hisI|hisE	PA5065|PA5066|PA5067	refseq_adyacencia
ubiB-hisIE-tatA	ubiB|hisI|hisE|tatA	PA5065|PA5066|PA5067|PA5068	refseq_adyacencia
ubiB-hisIE-tatAB	ubiB|hisI|hisE|tatA|tatB	PA5065|PA5066|PA5067|PA5068|PA5069	refseq_adyacencia
ubiB-hisIE-tatABC	ubiB|hisI|hisE|tatA|tatB|tatC	PA5065|PA5066|PA5067|PA5068|PA5069|PA5070	refseq_adyacencia
ubiCA	ubiC|ubiA	PA5357|PA5358	refseq_adyacencia
ubiEJ	ubiE|ubiJ	PA5063|PA5064	refseq_adyacencia
ubiEJB	ubiE|ubiJ|ubiB	PA5063|PA5064|PA5065	refseq_adyacencia
ubiEJB-hisI	ubiE|ubiJ|ubiB|hisI	PA5063|PA5064|PA5065|PA5066	refseq_adyacencia
ubiEJB-hisIE	ubiE|ubiJ|ubiB|hisI|hisE	PA5063|PA5064|PA5065|PA5066|PA5067	refseq_adyacencia
ubiEJB-hisIE-tatA	ubiE|ubiJ|ubiB|hisI|hisE|tatA	PA5063|PA5064|PA5065|PA5066|PA5067|PA5068	refseq_adyacencia
ubiEJB-hisIE-tatAB	ubiE|ubiJ|ubiB|hisI|hisE|tatA|tatB	PA5063|PA5064|PA5065|PA5066|PA5067|PA5068|PA5069	refseq_adyacencia
ubiEJB-hisIE-tatABC	ubiE|ubiJ|ubiB|hisI|hisE|tatA|tatB|tatC	PA5063|PA5064|PA5065|PA5066|PA5067|PA5068|PA5069|PA5070	refseq_adyacencia
ubiG-mupP	ubiG|mupP	PA3171|PA3172	refseq_adyacencia
ubiJB	ubiJ|ubiB	PA5064|PA5065	refseq_adyacencia
ubiJB-hisI	ubiJ|ubiB|hisI	PA5064|PA5065|PA5066	refseq_adyacencia
ubiJB-hisIE	ubiJ|ubiB|hisI|hisE	PA5064|PA5065|PA5066|PA5067	refseq_adyacencia
ubiJB-hisIE-tatA	ubiJ|ubiB|hisI|hisE|tatA	PA5064|PA5065|PA5066|PA5067|PA5068	refseq_adyacencia
ubiJB-hisIE-tatAB	ubiJ|ubiB|hisI|hisE|tatA|tatB	PA5064|PA5065|PA5066|PA5067|PA5068|PA5069	refseq_adyacencia
ubiJB-hisIE-tatABC	ubiJ|ubiB|hisI|hisE|tatA|tatB|tatC	PA5064|PA5065|PA5066|PA5067|PA5068|PA5069|PA5070	refseq_adyacencia
ubiT-eddA	ubiT|eddA	PA3911|PA3910	refseq_adyacencia
ubiT-eddAB	ubiT|eddA|eddB	PA3911|PA3910|PA3909	refseq_adyacencia
ubiUV	ubiU|ubiV	PA3913|PA3912	refseq_adyacencia
ubiUVT	ubiU|ubiV|ubiT	PA3913|PA3912|PA3911	refseq_adyacencia
ubiUVT-eddA	ubiU|ubiV|ubiT|eddA	PA3913|PA3912|PA3911|PA3910	refseq_adyacencia
ubiUVT-eddAB	ubiU|ubiV|ubiT|eddA|eddB	PA3913|PA3912|PA3911|PA3910|PA3909	refseq_adyacencia
ubiVT	ubiV|ubiT	PA3912|PA3911	refseq_adyacencia
ubiVT-eddA	ubiV|ubiT|eddA	PA3912|PA3911|PA3910	refseq_adyacencia
ubiVT-eddAB	ubiV|ubiT|eddA|eddB	PA3912|PA3911|PA3910|PA3909	refseq_adyacencia
uppS-cdsA	uppS|cdsA	PA3652|PA3651	refseq_adyacencia
ureA-pitA	ureA|pitA	PA4865|PA4866	refseq_adyacencia
ureA-pitA-ureB	ureA|pitA|ureB	PA4865|PA4866|PA4867	refseq_adyacencia
ureA-pitA-ureBC	ureA|pitA|ureB|ureC	PA4865|PA4866|PA4867|PA4868	refseq_adyacencia
ureBC	ureB|ureC	PA4867|PA4868	refseq_adyacencia
ureDA	ureD|ureA	PA4864|PA4865	refseq_adyacencia
ureDA-pitA	ureD|ureA|pitA	PA4864|PA4865|PA4866	refseq_adyacencia
ureDA-pitA-ureB	ureD|ureA|pitA|ureB	PA4864|PA4865|PA4866|PA4867	refseq_adyacencia
ureDA-pitA-ureBC	ureD|ureA|pitA|ureB|ureC	PA4864|PA4865|PA4866|PA4867|PA4868	refseq_adyacencia
ureEF	ureE|ureF	PA4891|PA4892	refseq_adyacencia
ureEFG	ureE|ureF|ureG	PA4891|PA4892|PA4893	refseq_adyacencia
ureFG	ureF|ureG	PA4892|PA4893	refseq_adyacencia
uvrC-pgsA	uvrC|pgsA	PA2585|PA2584	refseq_adyacencia
vanAB	vanA|vanB	PA4904|PA4905	refseq_adyacencia
vreAI	vreA|vreI	PA0674|PA0675	refseq_adyacencia
vreAIR	vreA|vreI|vreR	PA0674|PA0675|PA0676	refseq_adyacencia
vreIR	vreI|vreR	PA0675|PA0676	refseq_adyacencia
waaCG	waaC|waaG	PA5011|PA5010	refseq_adyacencia
waaCGP	waaC|waaG|waaP	PA5011|PA5010|PA5009	refseq_adyacencia
waaFC	waaF|waaC	PA5012|PA5011	refseq_adyacencia
waaFCG	waaF|waaC|waaG	PA5012|PA5011|PA5010	refseq_adyacencia
waaFCGP	waaF|waaC|waaG|waaP	PA5012|PA5011|PA5010|PA5009	refseq_adyacencia
waaGP	waaG|waaP	PA5010|PA5009	refseq_adyacencia
wbpAB	wbpA|wbpB	PA3159|PA3158	refseq_adyacencia
wbpDE	wbpD|wbpE	PA3156|PA3155	refseq_adyacencia
wbpGH	wbpG|wbpH	PA3150|PA3149	refseq_adyacencia
wbpGHI	wbpG|wbpH|wbpI	PA3150|PA3149|PA3148	refseq_adyacencia
wbpGHIJ	wbpG|wbpH|wbpI|wbpJ	PA3150|PA3149|PA3148|PA3147	refseq_adyacencia
wbpGHIJK	wbpG|wbpH|wbpI|wbpJ|wbpK	PA3150|PA3149|PA3148|PA3147|PA3146	refseq_adyacencia
wbpGHIJKL	wbpG|wbpH|wbpI|wbpJ|wbpK|wbpL	PA3150|PA3149|PA3148|PA3147|PA3146|PA3145	refseq_adyacencia
wbpHI	wbpH|wbpI	PA3149|PA3148	refseq_adyacencia
wbpHIJ	wbpH|wbpI|wbpJ	PA3149|PA3148|PA3147	refseq_adyacencia
wbpHIJK	wbpH|wbpI|wbpJ|wbpK	PA3149|PA3148|PA3147|PA3146	refseq_adyacencia
wbpHIJKL	wbpH|wbpI|wbpJ|wbpK|wbpL	PA3149|PA3148|PA3147|PA3146|PA3145	refseq_adyacencia
wbpIJ	wbpI|wbpJ	PA3148|PA3147	refseq_adyacencia
wbpIJK	wbpI|wbpJ|wbpK	PA3148|PA3147|PA3146	refseq_adyacencia
wbpIJKL	wbpI|wbpJ|wbpK|wbpL	PA3148|PA3147|PA3146|PA3145	refseq_adyacencia
wbpJK	wbpJ|wbpK	PA3147|PA3146	refseq_adyacencia
wbpJKL	wbpJ|wbpK|wbpL	PA3147|PA3146|PA3145	refseq_adyacencia
wbpKL	wbpK|wbpL	PA3146|PA3145	refseq_adyacencia
wbpXY	wbpX|wbpY	PA5449|PA5448	refseq_adyacencia
wbpXYZ	wbpX|wbpY|wbpZ	PA5449|PA5448|PA5447	refseq_adyacencia
wbpYZ	wbpY|wbpZ	PA5448|PA5447	refseq_adyacencia
wspAB	wspA|wspB	PA3708|PA3707	refseq_adyacencia
wspABC	wspA|wspB|wspC	PA3708|PA3707|PA3706	refseq_adyacencia
wspABCD	wspA|wspB|wspC|wspD	PA3708|PA3707|PA3706|PA3705	refseq_adyacencia
wspABCDE	wspA|wspB|wspC|wspD|wspE	PA3708|PA3707|PA3706|PA3705|PA3704	refseq_adyacencia
wspABCDEF	wspA|wspB|wspC|wspD|wspE|wspF	PA3708|PA3707|PA3706|PA3705|PA3704|PA3703	refseq_adyacencia
wspABCDEFR	wspA|wspB|wspC|wspD|wspE|wspF|wspR	PA3708|PA3707|PA3706|PA3705|PA3704|PA3703|PA3702	refseq_adyacencia
wspABCDEFR-prfB	wspA|wspB|wspC|wspD|wspE|wspF|wspR|prfB	PA3708|PA3707|PA3706|PA3705|PA3704|PA3703|PA3702|PA3701	refseq_adyacencia
wspABCDEFR-prfB-lysS	wspA|wspB|wspC|wspD|wspE|wspF|wspR|prfB|lysS	PA3708|PA3707|PA3706|PA3705|PA3704|PA3703|PA3702|PA3701|PA3700	refseq_adyacencia
wspBC	wspB|wspC	PA3707|PA3706	refseq_adyacencia
wspBCD	wspB|wspC|wspD	PA3707|PA3706|PA3705	refseq_adyacencia
wspBCDE	wspB|wspC|wspD|wspE	PA3707|PA3706|PA3705|PA3704	refseq_adyacencia
wspBCDEF	wspB|wspC|wspD|wspE|wspF	PA3707|PA3706|PA3705|PA3704|PA3703	refseq_adyacencia
wspBCDEFR	wspB|wspC|wspD|wspE|wspF|wspR	PA3707|PA3706|PA3705|PA3704|PA3703|PA3702	refseq_adyacencia
wspBCDEFR-prfB	wspB|wspC|wspD|wspE|wspF|wspR|prfB	PA3707|PA3706|PA3705|PA3704|PA3703|PA3702|PA3701	refseq_adyacencia
wspBCDEFR-prfB-lysS	wspB|wspC|wspD|wspE|wspF|wspR|prfB|lysS	PA3707|PA3706|PA3705|PA3704|PA3703|PA3702|PA3701|PA3700	refseq_adyacencia
wspCD	wspC|wspD	PA3706|PA3705	refseq_adyacencia
wspCDE	wspC|wspD|wspE	PA3706|PA3705|PA3704	refseq_adyacencia
wspCDEF	wspC|wspD|wspE|wspF	PA3706|PA3705|PA3704|PA3703	refseq_adyacencia
wspCDEFR	wspC|wspD|wspE|wspF|wspR	PA3706|PA3705|PA3704|PA3703|PA3702	refseq_adyacencia
wspCDEFR-prfB	wspC|wspD|wspE|wspF|wspR|prfB	PA3706|PA3705|PA3704|PA3703|PA3702|PA3701	refseq_adyacencia
wspCDEFR-prfB-lysS	wspC|wspD|wspE|wspF|wspR|prfB|lysS	PA3706|PA3705|PA3704|PA3703|PA3702|PA3701|PA3700	refseq_adyacencia
wspDE	wspD|wspE	PA3705|PA3704	refseq_adyacencia
wspDEF	wspD|wspE|wspF	PA3705|PA3704|PA3703	refseq_adyacencia
wspDEFR	wspD|wspE|wspF|wspR	PA3705|PA3704|PA3703|PA3702	refseq_adyacencia
wspDEFR-prfB	wspD|wspE|wspF|wspR|prfB	PA3705|PA3704|PA3703|PA3702|PA3701	refseq_adyacencia
wspDEFR-prfB-lysS	wspD|wspE|wspF|wspR|prfB|lysS	PA3705|PA3704|PA3703|PA3702|PA3701|PA3700	refseq_adyacencia
wspEF	wspE|wspF	PA3704|PA3703	refseq_adyacencia
wspEFR	wspE|wspF|wspR	PA3704|PA3703|PA3702	refseq_adyacencia
wspEFR-prfB	wspE|wspF|wspR|prfB	PA3704|PA3703|PA3702|PA3701	refseq_adyacencia
wspEFR-prfB-lysS	wspE|wspF|wspR|prfB|lysS	PA3704|PA3703|PA3702|PA3701|PA3700	refseq_adyacencia
wspFR	wspF|wspR	PA3703|PA3702	refseq_adyacencia
wspFR-prfB	wspF|wspR|prfB	PA3703|PA3702|PA3701	refseq_adyacencia
wspFR-prfB-lysS	wspF|wspR|prfB|lysS	PA3703|PA3702|PA3701|PA3700	refseq_adyacencia
wspR-prfB	wspR|prfB	PA3702|PA3701	refseq_adyacencia
wspR-prfB-lysS	wspR|prfB|lysS	PA3702|PA3701|PA3700	refseq_adyacencia
xcpPQ	xcpP|xcpQ	PA3104|PA3105	refseq_adyacencia
xcpRS	xcpR|xcpS	PA3103|PA3102	refseq_adyacencia
xcpRST	xcpR|xcpS|xcpT	PA3103|PA3102|PA3101	refseq_adyacencia
xcpRSTU	xcpR|xcpS|xcpT|xcpU	PA3103|PA3102|PA3101|PA3100	refseq_adyacencia
xcpRSTUV	xcpR|xcpS|xcpT|xcpU|xcpV	PA3103|PA3102|PA3101|PA3100|PA3099	refseq_adyacencia
xcpRSTUVW	xcpR|xcpS|xcpT|xcpU|xcpV|xcpW	PA3103|PA3102|PA3101|PA3100|PA3099|PA3098	refseq_adyacencia
xcpRSTUVWX	xcpR|xcpS|xcpT|xcpU|xcpV|xcpW|xcpX	PA3103|PA3102|PA3101|PA3100|PA3099|PA3098|PA3097	refseq_adyacencia
xcpRSTUVWXY	xcpR|xcpS|xcpT|xcpU|xcpV|xcpW|xcpX|xcpY	PA3103|PA3102|PA3101|PA3100|PA3099|PA3098|PA3097|PA3096	refseq_adyacencia
xcpRSTUVWXYZ	xcpR|xcpS|xcpT|xcpU|xcpV|xcpW|xcpX|xcpY|xcpZ	PA3103|PA3102|PA3101|PA3100|PA3099|PA3098|PA3097|PA3096|PA3095	refseq_adyacencia
xcpST	xcpS|xcpT	PA3102|PA3101	refseq_adyacencia
xcpSTU	xcpS|xcpT|xcpU	PA3102|PA3101|PA3100	refseq_adyacencia
xcpSTUV	xcpS|xcpT|xcpU|xcpV	PA3102|PA3101|PA3100|PA3099	refseq_adyacencia
xcpSTUVW	xcpS|xcpT|xcpU|xcpV|xcpW	PA3102|PA3101|PA3100|PA3099|PA3098	refseq_adyacencia
xcpSTUVWX	xcpS|xcpT|xcpU|xcpV|xcpW|xcpX	PA3102|PA3101|PA3100|PA3099|PA3098|PA3097	refseq_adyacencia
xcpSTUVWXY	xcpS|xcpT|xcpU|xcpV|xcpW|xcpX|xcpY	PA3102|PA3101|PA3100|PA3099|PA3098|PA3097|PA3096	refseq_adyacencia
xcpSTUVWXYZ	xcpS|xcpT|xcpU|xcpV|xcpW|xcpX|xcpY|xcpZ	PA3102|PA3101|PA3100|PA3099|PA3098|PA3097|PA3096|PA3095	refseq_adyacencia
xcpTU	xcpT|xcpU	PA3101|PA3100	refseq_adyacencia
xcpTUV	xcpT|xcpU|xcpV	PA3101|PA3100|PA3099	refseq_adyacencia
xcpTUVW	xcpT|xcpU|xcpV|xcpW	PA3101|PA3100|PA3099|PA3098	refseq_adyacencia
xcpTUVWX	xcpT|xcpU|xcpV|xcpW|xcpX	PA3101|PA3100|PA3099|PA3098|PA3097	refseq_adyacencia
xcpTUVWXY	xcpT|xcpU|xcpV|xcpW|xcpX|xcpY	PA3101|PA3100|PA3099|PA3098|PA3097|PA3096	refseq_adyacencia
xcpTUVWXYZ	xcpT|xcpU|xcpV|xcpW|xcpX|xcpY|xcpZ	PA3101|PA3100|PA3099|PA3098|PA3097|PA3096|PA3095	refseq_adyacencia
xcpUV	xcpU|xcpV	PA3100|PA3099	refseq_adyacencia
xcpUVW	xcpU|xcpV|xcpW	PA3100|PA3099|PA3098	refseq_adyacencia
xcpUVWX	xcpU|xcpV|xcpW|xcpX	PA3100|PA3099|PA3098|PA3097	refseq_adyacencia
xcpUVWXY	xcpU|xcpV|xcpW|xcpX|xcpY	PA3100|PA3099|PA3098|PA3097|PA3096	refseq_adyacencia
xcpUVWXYZ	xcpU|xcpV|xcpW|xcpX|xcpY|xcpZ	PA3100|PA3099|PA3098|PA3097|PA3096|PA3095	refseq_adyacencia
xcpVW	xcpV|xcpW	PA3099|PA3098	refseq_adyacencia
xcpVWX	xcpV|xcpW|xcpX	PA3099|PA3098|PA3097	refseq_adyacencia
xcpVWXY	xcpV|xcpW|xcpX|xcpY	PA3099|PA3098|PA3097|PA3096	refseq_adyacencia
xcpVWXYZ	xcpV|xcpW|xcpX|xcpY|xcpZ	PA3099|PA3098|PA3097|PA3096|PA3095	refseq_adyacencia
xcpWX	xcpW|xcpX	PA3098|PA3097	refseq_adyacencia
xcpWXY	xcpW|xcpX|xcpY	PA3098|PA3097|PA3096	refseq_adyacencia
xcpWXYZ	xcpW|xcpX|xcpY|xcpZ	PA3098|PA3097|PA3096|PA3095	refseq_adyacencia
xcpXY	xcpX|xcpY	PA3097|PA3096	refseq_adyacencia
xcpXYZ	xcpX|xcpY|xcpZ	PA3097|PA3096|PA3095	refseq_adyacencia
xcpYZ	xcpY|xcpZ	PA3096|PA3095	refseq_adyacencia
xdhAB	xdhA|xdhB	PA1524|PA1523	refseq_adyacencia
xerD-dsbC	xerD|dsbC	PA3738|PA3737	refseq_adyacencia
xphA-xqhA	xphA|xqhA	PA1867|PA1868	refseq_adyacencia
xseB-ispA	xseB|ispA	PA4042|PA4043	refseq_adyacencia
xylSX	xylS|xylX	PA2519|PA2518	refseq_adyacencia
xylSXY	xylS|xylX|xylY	PA2519|PA2518|PA2517	refseq_adyacencia
xylSXYZ	xylS|xylX|xylY|xylZ	PA2519|PA2518|PA2517|PA2516	refseq_adyacencia
xylSXYZL	xylS|xylX|xylY|xylZ|xylL	PA2519|PA2518|PA2517|PA2516|PA2515	refseq_adyacencia
xylXY	xylX|xylY	PA2518|PA2517	refseq_adyacencia
xylXYZ	xylX|xylY|xylZ	PA2518|PA2517|PA2516	refseq_adyacencia
xylXYZL	xylX|xylY|xylZ|xylL	PA2518|PA2517|PA2516|PA2515	refseq_adyacencia
xylYZ	xylY|xylZ	PA2517|PA2516	refseq_adyacencia
xylYZL	xylY|xylZ|xylL	PA2517|PA2516|PA2515	refseq_adyacencia
xylZL	xylZ|xylL	PA2516|PA2515	refseq_adyacencia
yfiR-tpbB	yfiR|tpbB	PA1121|PA1120	refseq_adyacencia
yfiR-tpbB-yfiB	yfiR|tpbB|yfiB	PA1121|PA1120|PA1119	refseq_adyacencia
ygbB-truD	ygbB|truD	PA3627|PA3626	refseq_adyacencia
ygbB-truD-surE	ygbB|truD|surE	PA3627|PA3626|PA3625	refseq_adyacencia
ygcA-relA	ygcA|relA	PA0933|PA0934	refseq_adyacencia
ygdP-ptsP	ygdP|ptsP	PA0336|PA0337	refseq_adyacencia
yidC-mnmE	yidC|mnmE	PA5568|PA5567	refseq_adyacencia
yrfI-pckA	yrfI|pckA	PA5193|PA5192	refseq_adyacencia
zapA-ssrS	zapA|ssrS	PA5227|PA5227.1	refseq_adyacencia
znuCB	znuC|znuB	PA5500|PA5501	refseq_adyacencia
