locus_tag	simbolo	alias	tipo	producto	es_tf	fuente_tf	fuente	sensible_mayusculas
PA0001	dnaA		protein_coding	chromosome replication initiator DnaA	false		refseq|uniprot	false
PA0002	dnaN		protein_coding	DNA polymerase III subunit beta	false		refseq|uniprot	false
PA0003	recF		protein_coding	DNA replication and repair protein RecF	false		refseq|uniprot	false
PA0004	gyrB		protein_coding	DNA gyrase subunit B	false		refseq|uniprot	false
PA0005	lptA		protein_coding	lysophosphatidic acid acyltransferase	false		refseq|uniprot	false
PA0006	gmhB		protein_coding	D-glycero-beta-D-manno-heptose-1,7-bisphosphate 7-phosphatase	false		refseq|uniprot	false
PA0007			protein_coding	hypothetical protein	false		refseq|uniprot	false
PA0008	glyS		protein_coding	glycine--tRNA ligase subunit beta	false		refseq|uniprot	false
PA0009	glyQ		protein_coding	glycine--tRNA ligase subunit alpha	false		refseq|uniprot	false
PA0010	tag		protein_coding	DNA-3-methyladenine glycosidase I	false		refseq|uniprot	true
PA0011			protein_coding	lipid A biosynthesis lauroyl acyltransferase	false		refseq|uniprot	false
PA0012			protein_coding	hypothetical protein	false		refseq|uniprot	false
PA0013			protein_coding	hypothetical protein	false		refseq|uniprot	false
PA0014			protein_coding	hypothetical protein	false		refseq|uniprot	false
PA0015			protein_coding	hypothetical protein	false		refseq|uniprot	false
PA0016	trkA		protein_coding	potassium transporter inner membrane associated protein	false		refseq|uniprot	false
PA0017	rsmB	rrmB	protein_coding	Ribosomal RNA small subunit methyltransferase B	true	go_0006355	refseq|uniprot	false
PA0018	fmt		protein_coding	methionyl-tRNA formyltransferase	false		refseq|uniprot	true
PA0019	def		protein_coding	peptide deformylase	false		refseq|uniprot	true
PA0020			protein_coding	hypothetical protein	false		refseq|uniprot	false
PA0021			protein_coding	hypothetical protein	false		refseq|uniprot	false
PA0022	tsaC	rimN	protein_coding	threonylcarbamoyl-AMP synthase	false		refseq|uniprot	false
PA0023	qor		protein_coding	oxygen-dependent quinone oxidoreductase	false		refseq|uniprot	true
PA0024	hemF		protein_coding	coproporphyrinogen III oxidase	false		refseq|uniprot	false
PA0025	aroE		protein_coding	shikimate dehydrogenase	false		refseq|uniprot	false
PA0026	plcB		protein_coding	phospholipase C	false		refseq|uniprot	false
PA0027			protein_coding	hypothetical protein	false		refseq|uniprot	false
PA0028			protein_coding	hypothetical protein	false		refseq|uniprot	false
PA0029			protein_coding	sulfate transporter	false		refseq|uniprot	false
PA0030			protein_coding	hypothetical protein	false		refseq|uniprot	false
PA0031	betC		protein_coding	choline sulfatase	false		refseq|uniprot	false
PA0032			protein_coding	transcriptional regulator	true	go_0003700|kw_transcription_regulation|producto_refseq	refseq|uniprot	false
PA0033			protein_coding	hypothetical protein	true	kw_two_component	refseq|uniprot	false
PA0034			protein_coding	two-component response regulator	true	go_0003700|go_0006355|kw_transcription_regulation|kw_two_component|producto_refseq	refseq|uniprot	false
PA0035	trpA		protein_coding	tryptophan synthase subunit alpha	false		refseq|uniprot	false
PA0036	trpB		protein_coding	tryptophan synthase subunit beta	false		refseq|uniprot	false
PA0037	trpI		protein_coding	HTH-type transcriptional regulator TrpI	true	go_0003700|go_0006355|kw_transcription_regulation|producto_refseq	refseq|uniprot	false
PA0038			protein_coding	hypothetical protein	false		refseq|uniprot	false
PA0039			protein_coding	hypothetical protein	false		refseq|uniprot	false
PA0040			protein_coding	hypothetical protein	false		refseq|uniprot	false
PA0041			protein_coding	hemagglutinin	false		refseq|uniprot	false
PA0042			protein_coding	hypothetical protein	false		refseq|uniprot	false
PA0043			protein_coding	hypothetical protein	false		refseq|uniprot	false
PA0044	exoT		protein_coding	exoenzyme T	false		refseq|uniprot	false
PA0045			protein_coding	hypothetical protein	false		refseq|uniprot	false
PA0046			protein_coding	hypothetical protein	false		refseq|uniprot	false
PA0047			protein_coding	hypothetical protein	false		refseq|uniprot	false
PA0048			protein_coding	transcriptional regulator	false		refseq|uniprot	false
PA0049			protein_coding	hypothetical protein	false		refseq|uniprot	false
PA0050			protein_coding	hypothetical protein	false		refseq|uniprot	false
PA0051	phzH		protein_coding	phenazine-modifying protein	false		refseq|uniprot	false
PA0052			protein_coding	hypothetical protein	false		refseq|uniprot	false
PA0053			pseudogene		false		refseq|uniprot	false
PA0054	kptA		protein_coding	RNA 2'-phosphotransferase-like protein	false		refseq|uniprot	false
PA0055			protein_coding	hypothetical protein	false		refseq|uniprot	false
PA0056			protein_coding	transcriptional regulator	true	go_0003700|kw_transcription_regulation|producto_refseq	refseq|uniprot	false
PA0057			protein_coding	hypothetical protein	false		refseq|uniprot	false
PA0058			protein_coding	hypothetical protein	false		refseq|uniprot	false
PA0059	osmC		protein_coding	osmotically inducible protein OsmC	false		refseq|uniprot	false
PA0060			protein_coding	hypothetical protein	false		refseq|uniprot	false
PA0061			protein_coding	hypothetical protein	false		refseq|uniprot	false
PA0062			protein_coding	hypothetical protein	false		refseq|uniprot	false
PA0063			protein_coding	hypothetical protein	false		refseq|uniprot	false
PA0064			protein_coding	hypothetical protein	false		refseq|uniprot	false
PA0065			protein_coding	5'-nucleotidase	false		refseq|uniprot	false
PA0066			protein_coding	hypothetical protein	false		refseq|uniprot	false
PA0067	prlC		protein_coding	oligopeptidase A	false		refseq|uniprot	false
PA0068			protein_coding	hypothetical protein	false		refseq|uniprot	false
PA0069			protein_coding	hypothetical protein	false		refseq|uniprot	false
PA0070			protein_coding	hypothetical protein	false		refseq|uniprot	false
PA0071			protein_coding	hypothetical protein	false		refseq|uniprot	false
PA0072			protein_coding	hypothetical protein	false		refseq|uniprot	false
PA0073			protein_coding	ABC transporter ATP-binding protein	false		refseq|uniprot	false
PA0074	ppkA		protein_coding	serine/threonine protein kinase PpkA	false		refseq|uniprot	false
PA0075	pppA		protein_coding	serine/threonine phosphatase	false		refseq|uniprot	false
PA0076			protein_coding	hypothetical protein	false		refseq|uniprot	false
PA0077	icmF1	tssM1	protein_coding	type VI secretion protein IcmF	false		refseq|uniprot	false
PA0078			protein_coding	hypothetical protein	false		refseq|uniprot	false
PA0079	tssK1		protein_coding	hypothetical protein	false		refseq|uniprot	false
PA0080			protein_coding	hypothetical protein	false		refseq|uniprot	false
PA0081	fha1		protein_coding	Fha domain-containing protein	false		refseq|uniprot	false
PA0082	tssA1		protein_coding	hypothetical protein	false		refseq|uniprot	false
PA0083	tssB1		protein_coding	hypothetical protein	false		refseq|uniprot	false
PA0084	tssC1		protein_coding	hypothetical protein	false		refseq|uniprot	false
PA0085	hcp1		protein_coding	protein secretion apparatus assembly protein	false		refseq|uniprot	false
PA0086	tagJ		protein_coding	hypothetical protein	false		refseq|uniprot	false
PA0087	tssE1		protein_coding	hypothetical protein	false		refseq|uniprot	false
PA0088	tssF1		protein_coding	hypothetical protein	false		refseq|uniprot	false
PA0089			protein_coding	hypothetical protein	false		refseq|uniprot	false
PA0090	clpV1		protein_coding	secretion protein ClpV1	false		refseq|uniprot	false
PA0091	vgrG1	vgrG1a	protein_coding	type VI secretion system protein VgrG	false		refseq|uniprot	false
PA0092	tsi6		protein_coding	hypothetical protein	false		refseq|uniprot	false
PA0093	tse6		protein_coding	hypothetical protein	false		refseq|uniprot	false
PA0094	eagT6		protein_coding	hypothetical protein	false		refseq|uniprot	false
PA0095	vgrG1b		protein_coding	hypothetical protein	false		refseq|uniprot	false
PA0096			protein_coding	hypothetical protein	false		refseq|uniprot	false
PA0097			protein_coding	hypothetical protein	false		refseq|uniprot	false
PA0098			protein_coding	3-oxoacyl-ACP synthase	false		refseq|uniprot	false
PA0099	tse7		protein_coding	hypothetical protein	false		refseq|uniprot	false
PA0100	tsi7		protein_coding	hypothetical protein	false		refseq|uniprot	false
PA0101			protein_coding	hypothetical protein	false		refseq|uniprot	false
PA0102			protein_coding	carbonic anhydrase	false		refseq|uniprot	false
PA0103			protein_coding	sulfate transporter	false		refseq|uniprot	false
PA0105	coxB		protein_coding	cytochrome C oxidase subunit II	false		refseq|uniprot	false
PA0106	coxA		protein_coding	cytochrome C oxidase subunit I	false		refseq|uniprot	false
PA0107			protein_coding	cytochrome C oxidase assembly protein	false		refseq|uniprot	false
PA0108	coIII		protein_coding	cytochrome C oxidase subunit III	false		refseq|uniprot	false
PA0109			protein_coding	hypothetical protein	false		refseq|uniprot	false
PA0110			protein_coding	hypothetical protein	false		refseq|uniprot	false
PA0111			protein_coding	hypothetical protein	false		refseq|uniprot	false
PA0112			protein_coding	hypothetical protein	false		refseq|uniprot	false
PA0113	cyoE1		protein_coding	protoheme IX farnesyltransferase	false		refseq|uniprot	false
PA0114	senC		protein_coding	cytochrome c oxidase assembly protein SenC	false		refseq|uniprot	false
PA0115			protein_coding	hypothetical protein	false		refseq|uniprot	false
PA0116			protein_coding	hypothetical protein	true	go_0003700|go_0006355|kw_transcription_regulation	refseq|uniprot	false
PA0117			protein_coding	short-chain dehydrogenase	false		refseq|uniprot	false
PA0118			protein_coding	hypothetical protein	false		refseq|uniprot	false
PA0119	dctA1		protein_coding	C4-dicarboxylate transporter DctA	false		refseq|uniprot	false
PA0120			protein_coding	transcriptional regulator	true	go_0003700|go_0006355|kw_transcription_regulation|producto_refseq	refseq|uniprot	false
PA0121			protein_coding	hypothetical protein	true	go_0003700|go_0006355|kw_transcription_regulation	refseq|uniprot	false
PA0122			protein_coding	hypothetical protein	false		refseq|uniprot	false
PA0123			protein_coding	transcriptional regulator	true	go_0003700|kw_transcription_regulation|producto_refseq	refseq|uniprot	false
PA0124			protein_coding	hypothetical protein	false		refseq|uniprot	false
PA0125			protein_coding	hypothetical protein	true	go_0006355	refseq|uniprot	false
PA0126			protein_coding	hypothetical protein	false		refseq|uniprot	false
PA0127			protein_coding	hypothetical protein	false		refseq|uniprot	false
PA0128			protein_coding	hypothetical protein	false		refseq|uniprot	false
PA0129	gabP	bauD	protein_coding	gamma-aminobutyrate permease	false		refseq|uniprot	false
PA0130	bauC		protein_coding	3-oxopropanoate dehydrogenase	false		refseq|uniprot	false
PA0131	bauB		protein_coding	beta-alanine degradation protein BauB	false		refseq|uniprot	false
PA0132	bauA		protein_coding	beta alanine--pyruvate transaminase	false		refseq|uniprot	false
PA0133	bauR		protein_coding	HTH-type transcriptional activator BauR	true	go_0003700|go_0006355|kw_transcription_regulation|producto_refseq	refseq|uniprot	false
PA0134			protein_coding	guanine deaminase	false		refseq|uniprot	false
PA0135			protein_coding	hypothetical protein	false		refseq|uniprot	false
PA0136			protein_coding	ABC transporter ATP-binding protein	false		refseq|uniprot	false
PA0137			protein_coding	ABC transporter permease	false		refseq|uniprot	false
PA0138			protein_coding	ABC transporter permease	false		refseq|uniprot	false
PA0139	ahpC		protein_coding	alkyl hydroperoxide reductase	false		refseq|uniprot	false
PA0140	ahpF		protein_coding	alkyl hydroperoxide reductase	false		refseq|uniprot	false
PA0141	ppk2		protein_coding	hypothetical protein	false		refseq|uniprot	false
PA0142			protein_coding	8-oxoguanine deaminase	false		refseq|uniprot	false
PA0143	nuh		protein_coding	nonspecific ribonucleoside hydrolase	false		refseq|uniprot	true
PA0144			protein_coding	hypothetical protein	false		refseq|uniprot	false
PA0145			protein_coding	hypothetical protein	false		refseq|uniprot	false
PA0146			protein_coding	hypothetical protein	false		refseq|uniprot	false
PA0147			protein_coding	oxidoreductase	false		refseq|uniprot	false
PA0148			protein_coding	adenosine deaminase	false		refseq|uniprot	false
PA0149			protein_coding	ECF subfamily sigma-70 factor	true	go_0006355|kw_transcription_regulation|kw_sigma_factor|producto_refseq	refseq|uniprot	false
PA0150			protein_coding	transmembrane sensor	false		refseq|uniprot	false
PA0151			protein_coding	TonB-dependent receptor	false		refseq|uniprot	false
PA0152	pcaQ		protein_coding	transcriptional regulator PcaQ	true	go_0003700|go_0006355|kw_transcription_regulation|producto_refseq	refseq|uniprot	false
PA0153	pcaH		protein_coding	protocatechuate 3,4-dioxygenase subunit beta	false		refseq|uniprot	false
PA0154	pcaG		protein_coding	protocatechuate 3,4-dioxygenase subunit alpha	false		refseq|uniprot	false
PA0155	pcaR		protein_coding	transcriptional regulator PcaR	true	go_0003700|kw_transcription_regulation|producto_refseq	refseq|uniprot	false
PA0156			protein_coding	resistance-nodulation-cell division (RND) efflux membrane fusion protein	false		refseq|uniprot	false
PA0157			protein_coding	resistance-nodulation-cell division (RND) efflux membrane fusion protein	false		refseq|uniprot	false
PA0158			protein_coding	resistance-nodulation-cell division (RND) efflux transporter	false		refseq|uniprot	false
PA0159			protein_coding	transcriptional regulator	true	go_0003700|go_0006355|kw_transcription_regulation|producto_refseq	refseq|uniprot	false
PA0160			protein_coding	hypothetical protein	false		refseq|uniprot	false
PA0162	opdC		protein_coding	histidine porin OpdC	false		refseq|uniprot	false
PA0163			protein_coding	transcriptional regulator	true	go_0003700|go_0006355|kw_transcription_regulation|producto_refseq	refseq|uniprot	false
PA0164			protein_coding	gamma-glutamyltranspeptidase	false		refseq|uniprot	false
PA0165			protein_coding	hypothetical protein	false		refseq|uniprot	false
PA0166			protein_coding	transporter	false		refseq|uniprot	false
PA0167			protein_coding	transcriptional regulator	true	go_0003700|go_0006355|producto_refseq	refseq|uniprot	false
PA0168			protein_coding	hypothetical protein	false		refseq|uniprot	false
PA0169			protein_coding	hypothetical protein	false		refseq|uniprot	false
PA0170			protein_coding	hypothetical protein	false		refseq|uniprot	false
PA0171			protein_coding	hypothetical protein	false		refseq|uniprot	false
PA0172			protein_coding	hypothetical protein	false		refseq|uniprot	false
PA0173	cheB2		protein_coding	chemotaxis response regulator protein-glutamate methylesterase	false		refseq|uniprot	false
PA0174	cheD		protein_coding	hypothetical protein	false		refseq|uniprot	false
PA0175	cheR2		protein_coding	chemotaxis protein methyltransferase	false		refseq|uniprot	false
PA0176	aer2	aer-2|mcpB|tlpG	protein_coding	aerotaxis transducer Aer2	false		refseq|uniprot	false
PA0177			protein_coding	purine-binding chemotaxis protein	false		refseq|uniprot	false
PA0178			protein_coding	two-component sensor	true	kw_two_component|producto_refseq	refseq|uniprot	false
PA0179			protein_coding	two-component response regulator	true	kw_transcription_regulation|kw_two_component|producto_refseq	refseq|uniprot	false
PA0180	cttP	mcpA	protein_coding	trichloroethylene chemotactic transducer CttP	false		refseq|uniprot	false
PA0181			protein_coding	transcriptional regulator	true	go_0003700|kw_transcription_regulation|producto_refseq	refseq|uniprot	false
PA0182			protein_coding	3-ketoacyl-ACP reductase	false		refseq|uniprot	false
PA0183	atsA		protein_coding	arylsulfatase	false		refseq|uniprot	false
PA0184			protein_coding	ABC transporter ATP-binding protein	false		refseq|uniprot	false
PA0185			protein_coding	ABC transporter permease	false		refseq|uniprot	false
PA0186			protein_coding	ABC transporter	false		refseq|uniprot	false
PA0187			protein_coding	hypothetical protein	false		refseq|uniprot	false
PA0188			protein_coding	hypothetical protein	false		refseq|uniprot	false
PA0189			protein_coding	porin	false		refseq|uniprot	false
PA0190			protein_coding	acid phosphatase	false		refseq|uniprot	false
PA0191			protein_coding	transcriptional regulator	true	go_0003700|go_0006355|kw_transcription_regulation|producto_refseq	refseq|uniprot	false
PA0192			protein_coding	TonB-dependent receptor	false		refseq|uniprot	false
PA0193			protein_coding	hypothetical protein	false		refseq|uniprot	false
PA0194			protein_coding	hypothetical protein	false		refseq|uniprot	false
PA0195	pntAA		protein_coding	NAD(P) transhydrogenase subunit alpha	false		refseq|uniprot	false
PA0195.1	pntAB		protein_coding	NAD(P) transhydrogenase subunit alpha	false		refseq|uniprot	false
PA0196	pntB		protein_coding	pyridine nucleotide transhydrogenase subunit beta	false		refseq|uniprot	false
PA0197	tonB2		protein_coding	transporter TonB	false		refseq|uniprot	false
PA0198	exbB1		protein_coding	transporter ExbB	false		refseq|uniprot	false
PA0199	exbD1	exbD	protein_coding	biopolymer transport protein ExbD	false		refseq|uniprot	false
PA0200			protein_coding	hypothetical protein	false		refseq|uniprot	false
PA0201			protein_coding	hypothetical protein	false		refseq|uniprot	false
PA0202			protein_coding	amidase	false		refseq|uniprot	false
PA0203			protein_coding	ABC transporter	false		refseq|uniprot	false
PA0204			protein_coding	ABC transporter permease	false		refseq|uniprot	false
PA0205			protein_coding	ABC transporter permease	false		refseq|uniprot	false
PA0206	potA1		protein_coding	spermidine/putrescine ABC transporter ATP-binding protein	false		refseq|uniprot	false
PA0207			protein_coding	transcriptional regulator	true	go_0003700|kw_transcription_regulation|producto_refseq	refseq|uniprot	false
PA0208	mdcA		protein_coding	malonate decarboxylase subunit alpha	false		refseq|uniprot	false
PA0209	mdcB		protein_coding	2-(5''-triphosphoribosyl)-3'-dephosphocoenzyme-A synthase	false		refseq|uniprot	false
PA0210	mdcC		protein_coding	malonate decarboxylase acyl carrier protein	false		refseq|uniprot	false
PA0211	mdcD		protein_coding	malonate decarboxylase subunit beta	false		refseq|uniprot	false
PA0212	mdcE		protein_coding	malonate decarboxylase subunit gamma	false		refseq|uniprot	false
PA0213	mdcG		protein_coding	phosphoribosyl-dephospho-CoA transferase	false		refseq|uniprot	false
PA0214			protein_coding	acyl transferase	false		refseq|uniprot	false
PA0215			protein_coding	malonate transporter MadL	false		refseq|uniprot	false
PA0216			protein_coding	malonate transporter MadM	false		refseq|uniprot	false
PA0217			protein_coding	transcriptional regulator	true	go_0003700|go_0006355|kw_transcription_regulation|producto_refseq	refseq|uniprot	false
PA0218			protein_coding	transcriptional regulator	true	go_0003700|go_0006355|kw_transcription_regulation|producto_refseq	refseq|uniprot	false
PA0219			protein_coding	aldehyde dehydrogenase	false		refseq|uniprot	false
PA0220			protein_coding	amino acid APC family transporter	false		refseq|uniprot	false
PA0221			protein_coding	aminotransferase	false		refseq|uniprot	false
PA0222			protein_coding	hypothetical protein	false		refseq|uniprot	false
PA0223			protein_coding	dihydrodipicolinate synthetase	false		refseq|uniprot	false
PA0224			protein_coding	class II aldolase/adducin domain-containing protein	false		refseq|uniprot	false
PA0225			protein_coding	transcriptional regulator	true	go_0003700|go_0006355|producto_refseq	refseq|uniprot	false
PA0226			protein_coding	CoA transferase subunit A	false		refseq|uniprot	false
PA0227			protein_coding	CoA transferase subunit B	false		refseq|uniprot	false
PA0228	pcaF		protein_coding	beta-ketoadipyl CoA thiolase	false		refseq|uniprot	false
PA0229	pcaT		protein_coding	dicarboxylic acid transporter PcaT	false		refseq|uniprot	false
PA0230	pcaB		protein_coding	3-carboxy-cis,cis-muconate cycloisomerase	false		refseq|uniprot	false
PA0231	pcaD		protein_coding	3-oxoadipate enol-lactonase	false		refseq|uniprot	false
PA0232	pcaC		protein_coding	4-carboxymuconolactone decarboxylase	false		refseq|uniprot	false
PA0233			protein_coding	transcriptional regulator	true	go_0003700|go_0006355|kw_transcription_regulation|producto_refseq	refseq|uniprot	false
PA0234			protein_coding	hypothetical protein	false		refseq|uniprot	false
PA0235	pcaK		protein_coding	4-hydroxybenzoate transporter PcaK	false		refseq|uniprot	false
PA0236			protein_coding	transcriptional regulator	true	go_0003700|kw_transcription_regulation|producto_refseq	refseq|uniprot	false
PA0237			protein_coding	oxidoreductase	false		refseq|uniprot	false
PA0238			protein_coding	hypothetical protein	false		refseq|uniprot	false
PA0239			protein_coding	hypothetical protein	false		refseq|uniprot	false
PA0240			protein_coding	porin	false		refseq|uniprot	false
PA0241			protein_coding	major facilitator superfamily transporter	false		refseq|uniprot	false
PA0242	quiC1		protein_coding	hypothetical protein	false		refseq|uniprot	false
PA0243			protein_coding	transcriptional regulator	true	go_0003700|producto_refseq	refseq|uniprot	false
PA0244	aroE		protein_coding	shikimate 5-dehydrogenase	false		refseq|uniprot	false
PA0245	aroQ2		protein_coding	3-dehydroquinate dehydratase	false		refseq|uniprot	false
PA0246			protein_coding	major facilitator superfamily transporter	false		refseq|uniprot	false
PA0247	pobA		protein_coding	4-hydroxybenzoate 3-monooxygenase	false		refseq|uniprot	false
PA0248			protein_coding	transcriptional regulator	true	go_0003700|go_0006355|kw_transcription_regulation|producto_refseq	refseq|uniprot	false
PA0249			protein_coding	acetyltransferase	false		refseq|uniprot	false
PA0250			protein_coding	hypothetical protein	false		refseq|uniprot	false
PA0251			protein_coding	hypothetical protein	false		refseq|uniprot	false
PA0252			protein_coding	hypothetical protein	false		refseq|uniprot	false
PA0253			protein_coding	transcriptional regulator	true	go_0003700|go_0006355|kw_transcription_regulation|producto_refseq	refseq|uniprot	false
PA0254	hudA		protein_coding	hypothetical protein	false		refseq|uniprot	false
PA0255			protein_coding	hypothetical protein	false		refseq|uniprot	false
PA0256			protein_coding	hypothetical protein	false		refseq|uniprot	false
PA0257			protein_coding	hypothetical protein	false		refseq|uniprot	false
PA0258			protein_coding	hypothetical protein	false		refseq|uniprot	false
PA0259	tla3		protein_coding	hypothetical protein	false		refseq|uniprot	false
PA0260	tle3		protein_coding	hypothetical protein	false		refseq|uniprot	false
PA0261	tli3		protein_coding	hypothetical protein	false		refseq|uniprot	false
PA0262	vgrG2b		protein_coding	hypothetical protein	false		refseq|uniprot	false
PA0263	hcpC		protein_coding	secreted protein Hcp	false		refseq	false
PA0263.1			tRNA	tRNA-Arg	false		refseq	false
PA0265	gabD	davD	protein_coding	glutarate-semialdehyde dehydrogenase DavD	false		refseq|uniprot	false
PA0266	davT		protein_coding	5-aminovalerate aminotransferase DavT	false		refseq|uniprot	false
PA0267			protein_coding	hypothetical protein	true	go_0006355	refseq|uniprot	false
PA0268			protein_coding	transcriptional regulator	true	go_0003700|kw_transcription_regulation|producto_refseq	refseq|uniprot	false
PA0269			protein_coding	hypothetical protein	false		refseq|uniprot	false
PA0270			protein_coding	hypothetical protein	false		refseq|uniprot	false
PA0271			protein_coding	hypothetical protein	false		refseq|uniprot	false
PA0272			protein_coding	transcriptional regulator	true	go_0003700|go_0006355|kw_transcription_regulation|producto_refseq	refseq|uniprot	false
PA0273			protein_coding	major facilitator superfamily transporter	false		refseq|uniprot	false
PA0274			protein_coding	hypothetical protein	false		refseq|uniprot	false
PA0275			protein_coding	transcriptional regulator	true	go_0003700|kw_transcription_regulation|producto_refseq	refseq|uniprot	false
PA0276			protein_coding	hypothetical protein	false		refseq|uniprot	false
PA0277			protein_coding	hypothetical protein	false		refseq|uniprot	false
PA0278			protein_coding	hypothetical protein	false		refseq|uniprot	false
PA0279			protein_coding	transcriptional regulator	true	go_0003700|producto_refseq	refseq|uniprot	false
PA0280	cysA		protein_coding	sulfate.thiosulfate ABC transporter ATP-binding protein CysA	false		refseq|uniprot	false
PA0281	cysW		protein_coding	sulfate transporter CysW	false		refseq|uniprot	false
PA0282	cysT		protein_coding	sulfate transporter CysT	false		refseq|uniprot	false
PA0283	sbp		protein_coding	sulfate-binding protein	false		refseq|uniprot	true
PA0284			protein_coding	hypothetical protein	false		refseq|uniprot	false
PA0285			protein_coding	hypothetical protein	true	go_0006355	refseq|uniprot	false
PA0286	desA		protein_coding	delta-9 fatty acid desaturase DesA	false		refseq|uniprot	false
PA0287	gpuP		protein_coding	3-guanidinopropionate transporter	false		refseq|uniprot	false
PA0288	gpuA		protein_coding	guanidinopropionase	false		refseq|uniprot	false
PA0289	gpuR		protein_coding	transcriptional activator GpuR	true	go_0003700|go_0006355|kw_transcription_regulation|producto_refseq	refseq|uniprot	false
PA0290			protein_coding	hypothetical protein	false		refseq|uniprot	false
PA0291	oprE		protein_coding	anaerobically-induced outer membrane porin OprE	false		refseq|uniprot	false
PA0292	aguA		protein_coding	agmatine deiminase	false		refseq|uniprot	false
PA0293	aguB		protein_coding	N-carbamoylputrescine amidohydrolase	false		refseq|uniprot	false
PA0294	aguR		protein_coding	transcriptional regulator AguR	true	go_0003700|go_0006355|producto_refseq	refseq|uniprot	false
PA0295			protein_coding	polyamine binding protein	false		refseq|uniprot	false
PA0296	spuI		protein_coding	glutamine synthetase	false		refseq|uniprot	false
PA0297	spuA		protein_coding	glutamine amidotransferase	false		refseq|uniprot	false
PA0298	spuB		protein_coding	glutamine synthetase	false		refseq|uniprot	false
PA0299	spuC		protein_coding	aminotransferase	false		refseq|uniprot	false
PA0300	spuD		protein_coding	putrescine ABC transporter substrate-binding protein SpuD	false		refseq|uniprot	false
PA0301	spuE		protein_coding	spermidine ABC transporter substrate-binding protein SpuE	false		refseq|uniprot	false
PA0302	spuF	potA	protein_coding	polyamine transporter PotG	false		refseq|uniprot	false
PA0303	spuG		protein_coding	polyamine transporter PotH	false		refseq|uniprot	false
PA0304	spuH		protein_coding	polyamine transporter PotI	false		refseq|uniprot	false
PA0305			protein_coding	hypothetical protein	false		refseq|uniprot	false
PA0306			protein_coding	transcriptional regulator	true	go_0003700|kw_transcription_regulation|producto_refseq	refseq|uniprot	false
PA0307			protein_coding	hypothetical protein	false		refseq|uniprot	false
PA0308			protein_coding	hypothetical protein	false		refseq|uniprot	false
PA0309			protein_coding	hypothetical protein	false		refseq|uniprot	false
PA0310			protein_coding	hypothetical protein	false		refseq|uniprot	false
PA0311			protein_coding	hypothetical protein	false		refseq|uniprot	false
PA0312			protein_coding	hypothetical protein	false		refseq|uniprot	false
PA0313			protein_coding	L-cysteine ABC transporter protein YecS	false		refseq|uniprot	false
PA0314			protein_coding	L-cysteine ABC transporter protein FliY	false		refseq|uniprot	false
PA0315			protein_coding	hypothetical protein	false		refseq|uniprot	false
PA0316	serA		protein_coding	D-3-phosphoglycerate dehydrogenase	false		refseq|uniprot	false
PA0317			protein_coding	hypothetical protein	false		refseq|uniprot	false
PA0318			protein_coding	hypothetical protein	false		refseq|uniprot	false
PA0319			protein_coding	hypothetical protein	false		refseq|uniprot	false
PA0320	carO		protein_coding	hypothetical protein	false		refseq|uniprot	false
PA0321	aphB		protein_coding	acetylpolyamine aminohydrolase	false		refseq|uniprot	false
PA0322			protein_coding	transporter	false		refseq|uniprot	false
PA0323			protein_coding	ABC transporter	false		refseq|uniprot	false
PA0324			protein_coding	ABC transporter permease	false		refseq|uniprot	false
PA0325			protein_coding	ABC transporter permease	false		refseq|uniprot	false
PA0326	potA		protein_coding	ABC transporter ATP-binding protein	false		refseq|uniprot	false
PA0327	carP		protein_coding	hypothetical protein	false		refseq|uniprot	false
PA0328			protein_coding	hypothetical protein	false		refseq|uniprot	false
PA0329			protein_coding	hypothetical protein	false		refseq|uniprot	false
PA0330	rpiA		protein_coding	ribose-5-phosphate isomerase A	false		refseq|uniprot	false
PA0331	ilvA1	ilvA	protein_coding	threonine dehydratase	false		refseq|uniprot	false
PA0332			protein_coding	hypothetical protein	false		refseq|uniprot	false
PA0333			protein_coding	hypothetical protein	false		refseq|uniprot	false
PA0334			protein_coding	major facilitator superfamily transporter	false		refseq|uniprot	false
PA0335			protein_coding	hypothetical protein	false		refseq|uniprot	false
PA0336	ygdP	nudH|rppH	protein_coding	RNA pyrophosphohydrolase	false		refseq|uniprot	false
PA0337	ptsP		protein_coding	phosphoenolpyruvate-protein phosphotransferase PtsP	false		refseq|uniprot	false
PA0338			protein_coding	hypothetical protein	false		refseq|uniprot	false
PA0339			protein_coding	hypothetical protein	false		refseq|uniprot	false
PA0340			protein_coding	hypothetical protein	false		refseq|uniprot	false
PA0341	lgt		protein_coding	prolipoprotein diacylglyceryl transferase	false		refseq|uniprot	true
PA0342	thyA		protein_coding	thymidylate synthase	false		refseq|uniprot	false
PA0343			protein_coding	hypothetical protein	false		refseq|uniprot	false
PA0344			protein_coding	hypothetical protein	false		refseq|uniprot	false
PA0345			protein_coding	hypothetical protein	false		refseq|uniprot	false
PA0346			protein_coding	hypothetical protein	false		refseq|uniprot	false
PA0347	glpQ		protein_coding	glycerophosphoryl diester phosphodiesterase	false		refseq|uniprot	false
PA0348			protein_coding	hypothetical protein	false		refseq|uniprot	false
PA0349			protein_coding	hypothetical protein	false		refseq|uniprot	false
PA0350	folA		protein_coding	dihydrofolate reductase	false		refseq|uniprot	false
PA0351			protein_coding	hypothetical protein	false		refseq|uniprot	false
PA0352			protein_coding	transporter	false		refseq|uniprot	false
PA0353	ilvD		protein_coding	dihydroxy-acid dehydratase	false		refseq|uniprot	false
PA0354			protein_coding	hypothetical protein	false		refseq|uniprot	false
PA0355	pfpI		protein_coding	protease PfpI	false		refseq|uniprot	false
PA0356			protein_coding	hypothetical protein	false		refseq|uniprot	false
PA0357	mutM	fpg	protein_coding	formamidopyrimidine-DNA glycosylase	false		refseq|uniprot	true
PA0358			protein_coding	hypothetical protein	false		refseq|uniprot	false
PA0359			protein_coding	hypothetical protein	false		refseq|uniprot	false
PA0360			protein_coding	hypothetical protein	false		refseq|uniprot	false
PA0361			protein_coding	gamma-glutamyltranspeptidase	false		refseq|uniprot	false
PA0362	fdx1		protein_coding	4Fe-4S ferredoxin	false		refseq|uniprot	false
PA0363	coaD		protein_coding	phosphopantetheine adenylyltransferase	false		refseq|uniprot	false
PA0364			protein_coding	oxidoreductase	false		refseq|uniprot	false
PA0365			protein_coding	hypothetical protein	false		refseq|uniprot	false
PA0366	calB		protein_coding	coniferyl aldehyde dehydrogenase	false		refseq|uniprot	false
PA0367			protein_coding	transcriptional regulator	true	go_0003700|go_0006355|producto_refseq	refseq|uniprot	false
PA0368			protein_coding	hypothetical protein	false		refseq|uniprot	false
PA0369			pseudogene		false		refseq|uniprot	false
PA0370			protein_coding	hypothetical protein	false		refseq|uniprot	false
PA0371			protein_coding	hypothetical protein	false		refseq|uniprot	false
PA0372			protein_coding	zinc protease	false		refseq|uniprot	false
PA0373	ftsY		protein_coding	signal recognition particle receptor FtsY	false		refseq|uniprot	false
PA0374	ftsE		protein_coding	cell division protein FtsE	false		refseq|uniprot	false
PA0375	ftsX		protein_coding	cell division protein FtsX	false		refseq|uniprot	false
PA0376	rpoH		protein_coding	RNA polymerase sigma factor RpoH	true	kw_transcription_regulation|kw_sigma_factor|producto_refseq	refseq|uniprot	false
PA0377			protein_coding	hypothetical protein	false		refseq|uniprot	false
PA0378	mtgA		protein_coding	monofunctional biosynthetic peptidoglycan transglycosylase	false		refseq|uniprot	false
PA0379			protein_coding	hypothetical protein	false		refseq|uniprot	false
PA0380			protein_coding	sulfur carrier protein ThiS	false		refseq|uniprot	false
PA0381	thiG		protein_coding	thiazole synthase	false		refseq|uniprot	false
PA0382	micA	trmB	protein_coding	tRNA (guanine-N(7)-)-methyltransferase	false		refseq|uniprot	false
PA0383			protein_coding	hypothetical protein	false		refseq|uniprot	false
PA0384			protein_coding	hypothetical protein	false		refseq|uniprot	false
PA0385			protein_coding	hypothetical protein	false		refseq|uniprot	false
PA0386			protein_coding	coproporphyrinogen III oxidase	false		refseq|uniprot	false
PA0387			protein_coding	non-canonical purine NTP pyrophosphatase	false		refseq|uniprot	false
PA0388			protein_coding	hypothetical protein	false		refseq|uniprot	false
PA0389			protein_coding	hypothetical protein	false		refseq|uniprot	false
PA0390	metX	metXS	protein_coding	homoserine O-acetyltransferase	false		refseq|uniprot	false
PA0391			protein_coding	hypothetical protein	false		refseq|uniprot	false
PA0392			protein_coding	hypothetical protein	false		refseq|uniprot	false
PA0393	proC		protein_coding	pyrroline-5-carboxylate reductase	false		refseq|uniprot	false
PA0394			protein_coding	hypothetical protein	false		refseq|uniprot	false
PA0395	pilT		protein_coding	twitching motility protein PilT	false		refseq|uniprot	false
PA0396	pilU		protein_coding	twitching motility protein PilU	false		refseq|uniprot	false
PA0397			protein_coding	cation efflux system protein	false		refseq|uniprot	false
PA0398			protein_coding	hypothetical protein	false		refseq|uniprot	false
PA0399			protein_coding	cystathionine beta-synthase	false		refseq|uniprot	false
PA0400			protein_coding	cystathionine gamma-lyase	false		refseq|uniprot	false
PA0401	pyrX		protein_coding	dihydroorotase	false		refseq|uniprot	false
PA0402	pyrB		protein_coding	aspartate carbamoyltransferase	false		refseq|uniprot	false
PA0403	pyrR		protein_coding	bifunctional pyrimidine regulatory protein PyrR/uracil phosphoribosyltransferase	true	go_0006355|kw_transcription_regulation	refseq|uniprot	false
PA0404			protein_coding	Holliday junction resolvase	false		refseq|uniprot	false
PA0405	algH		protein_coding	hypothetical protein	false		refseq|uniprot	false
PA0406	tonB3		protein_coding	transporter TonB	false		refseq|uniprot	false
PA0407	gshB		protein_coding	glutathione synthetase	false		refseq|uniprot	false
PA0408	pilG		protein_coding	pilus biosynthesis/twitching motility protein PilG	true	kw_two_component	refseq|uniprot	false
PA0409	pilH		protein_coding	twitching motility protein PilH	true	kw_two_component	refseq|uniprot	false
PA0410	pilI		protein_coding	twitching motility protein PilI	false		refseq|uniprot	false
PA0411	pilJ		protein_coding	twitching motility protein PilJ	false		refseq|uniprot	false
PA0412	pilK		protein_coding	methyltransferase PilK	false		refseq|uniprot	false
PA0413	chpA		protein_coding	chemotactic signal transduction system protein	true	kw_two_component	refseq|uniprot	false
PA0414	chpB		protein_coding	methylesterase	false		refseq|uniprot	false
PA0415	chpC		protein_coding	chemotaxis protein	false		refseq|uniprot	false
PA0416	chpD		protein_coding	transcriptional regulator	true	go_0003700|go_0006355|kw_transcription_regulation|producto_refseq	refseq|uniprot	false
PA0417	chpE		protein_coding	chemotactic transduction protein ChpE	false		refseq|uniprot	false
PA0418			protein_coding	hypothetical protein	false		refseq|uniprot	false
PA0419			protein_coding	16S ribosomal RNA methyltransferase RsmE	false		refseq|uniprot	false
PA0420	bioA		protein_coding	adenosylmethionine--8-amino-7-oxononanoate aminotransferase BioA	false		refseq|uniprot	false
PA0421			protein_coding	hypothetical protein	false		refseq|uniprot	false
PA0422			protein_coding	hypothetical protein	false		refseq|uniprot	false
PA0423	pasP		protein_coding	hypothetical protein	false		refseq|uniprot	false
PA0424	mexR		protein_coding	multidrug resistance operon repressor MexR	true	kw_transcription_regulation	refseq|uniprot	false
PA0425	mexA		protein_coding	multidrug resistance protein MexA	false		refseq|uniprot	false
PA0426	mexB		protein_coding	multidrug resistance protein MexB	false		refseq|uniprot	false
PA0427	oprM	oprK	protein_coding	outer membrane protein OprM	false		refseq|uniprot	false
PA0428	rhlE		protein_coding	ATP-dependent RNA helicase	false		refseq|uniprot	false
PA0429			protein_coding	hypothetical protein	false		refseq|uniprot	false
PA0430	metF		protein_coding	5,10-methylenetetrahydrofolate reductase	false		refseq|uniprot	false
PA0431			protein_coding	hypothetical protein	false		refseq|uniprot	false
PA0432	sahH	ahcY	protein_coding	adenosylhomocysteinase	false		refseq|uniprot	false
PA0433			protein_coding	hypothetical protein	false		refseq|uniprot	false
PA0434			protein_coding	hypothetical protein	false		refseq|uniprot	false
PA0435			protein_coding	hypothetical protein	false		refseq|uniprot	false
PA0436			protein_coding	transcriptional regulator	true	go_0003700|go_0006355|kw_transcription_regulation|producto_refseq	refseq|uniprot	false
PA0437	codA		protein_coding	cytosine deaminase	false		refseq|uniprot	false
PA0438	codB		protein_coding	cytosine permease	false		refseq|uniprot	false
PA0439			protein_coding	dihydropyrimidine dehydrogenase	false		refseq|uniprot	false
PA0440			protein_coding	oxidoreductase	false		refseq|uniprot	false
PA0441	dht		protein_coding	D-hydantoinase/dihydropyrimidinase	false		refseq|uniprot	true
PA0442			protein_coding	hypothetical protein	false		refseq|uniprot	false
PA0443			protein_coding	transporter	false		refseq|uniprot	false
PA0444			protein_coding	allantoate amidohydrolase	false		refseq|uniprot	false
PA0445			protein_coding	transposase	false		refseq	false
PA0446			protein_coding	hypothetical protein	false		refseq|uniprot	false
PA0447	gcdH		protein_coding	glutaryl-CoA dehydrogenase	false		refseq|uniprot	false
PA0448			protein_coding	transcriptional regulator	true	go_0003700|kw_transcription_regulation|producto_refseq	refseq|uniprot	false
PA0449			protein_coding	acyl-CoA thioesterase	false		refseq|uniprot	false
PA0450			protein_coding	phosphate transporter	false		refseq|uniprot	false
PA0451			protein_coding	hypothetical protein	false		refseq|uniprot	false
PA0452			protein_coding	hypothetical protein	false		refseq|uniprot	false
PA0454			protein_coding	hypothetical protein	false		refseq|uniprot	false
PA0455	dbpA		protein_coding	ATP-dependent RNA helicase DbpA	false		refseq|uniprot	false
PA0456			protein_coding	cold-shock protein	false		refseq|uniprot	false
PA0457			protein_coding	hypothetical protein	false		refseq|uniprot	false
PA0457.1			protein_coding	hypothetical protein	false		refseq|uniprot	false
PA0458			protein_coding	major facilitator superfamily transporter	false		refseq|uniprot	false
PA0459			protein_coding	chaperone protein ClpB	false		refseq|uniprot	false
PA0460			protein_coding	hypothetical protein	false		refseq|uniprot	false
PA0461			protein_coding	acyltransferase	false		refseq|uniprot	false
PA0462			protein_coding	hypothetical protein	false		refseq|uniprot	false
PA0463	creB		protein_coding	DNA-binding response regulator CreB	true	go_0006355|kw_transcription_regulation|kw_two_component|producto_refseq	refseq|uniprot	false
PA0464	creC		protein_coding	sensory histidine kinase CreC	true	kw_two_component	refseq|uniprot	false
PA0465	creD		protein_coding	hypothetical protein	false		refseq|uniprot	false
PA0466			protein_coding	hypothetical protein	false		refseq|uniprot	false
PA0467			protein_coding	hypothetical protein	false		refseq|uniprot	false
PA0468			protein_coding	hypothetical protein	false		refseq|uniprot	false
PA0469			protein_coding	hypothetical protein	false		refseq|uniprot	false
PA0470	fiuA		protein_coding	ferrichrome receptor FiuA	false		refseq|uniprot	false
PA0471			protein_coding	transmembrane sensor	false		refseq|uniprot	false
PA0472			protein_coding	RNA polymerase sigma factor	true	go_0006355|kw_transcription_regulation|kw_sigma_factor|producto_refseq	refseq|uniprot	false
PA0473			protein_coding	glutathione S-transferase	false		refseq|uniprot	false
PA0474			protein_coding	esterase	false		refseq|uniprot	false
PA0475			protein_coding	transcriptional regulator	true	kw_transcription_regulation|producto_refseq	refseq|uniprot	false
PA0476			protein_coding	permease	false		refseq|uniprot	false
PA0477			protein_coding	transcriptional regulator	true	go_0003700|go_0006355|kw_transcription_regulation|producto_refseq	refseq|uniprot	false
PA0478			protein_coding	N-acetyltransferase	false		refseq|uniprot	false
PA0479			protein_coding	transcriptional regulator	true	go_0003700|go_0006355|kw_transcription_regulation|producto_refseq	refseq|uniprot	false
PA0480			protein_coding	3-oxoadipate enol-lactonase	false		refseq|uniprot	false
PA0481			protein_coding	hypothetical protein	false		refseq|uniprot	false
PA0482	glcB		protein_coding	malate synthase G	false		refseq|uniprot	false
PA0483			protein_coding	acetyltransferase	false		refseq|uniprot	false
PA0484			protein_coding	hypothetical protein	true	go_0006355	refseq|uniprot	false
PA0485			protein_coding	hypothetical protein	false		refseq|uniprot	false
PA0486	srkA		protein_coding	serine/threonine protein kinase	false		refseq|uniprot	false
PA0487			protein_coding	molybdenum transport regulator	true	go_0003700|go_0006355	refseq|uniprot	false
PA0488			protein_coding	hypothetical protein	false		refseq|uniprot	false
PA0489			protein_coding	phosphoribosyl transferase	false		refseq|uniprot	false
PA0490			protein_coding	hypothetical protein	false		refseq|uniprot	false
PA0491			protein_coding	transcriptional regulator	true	go_0003700|go_0006355|kw_transcription_regulation|producto_refseq	refseq|uniprot	false
PA0492	pxpA1		protein_coding	hypothetical protein	false		refseq|uniprot	false
PA0493			protein_coding	acetyl-CoA carboxylase biotin carboxyl carrier protein subunit	false		refseq|uniprot	false
PA0494			protein_coding	acetyl-CoA carboxylase biotin carboxylase subunit	false		refseq|uniprot	false
PA0495			protein_coding	hypothetical protein	false		refseq|uniprot	false
PA0496			protein_coding	hypothetical protein	false		refseq|uniprot	false
PA0497			protein_coding	hypothetical protein	false		refseq|uniprot	false
PA0498			protein_coding	hypothetical protein	false		refseq|uniprot	false
PA0499			protein_coding	pili assembly chaperone	false		refseq|uniprot	false
PA0500	bioB		protein_coding	biotin synthase	false		refseq|uniprot	false
PA0501	bioF		protein_coding	8-amino-7-oxononanoate synthase	false		refseq|uniprot	false
PA0502			protein_coding	biotin biosynthesis protein BioH	false		refseq|uniprot	false
PA0503	bioC		protein_coding	biotin synthesis protein BioC	false		refseq|uniprot	false
PA0504	bioD		protein_coding	ATP-dependent dethiobiotin synthetase BioD	false		refseq|uniprot	false
PA0505			protein_coding	hypothetical protein	false		refseq|uniprot	false
PA0506			protein_coding	acyl-CoA dehydrogenase	false		refseq|uniprot	false
PA0507			protein_coding	acyl-CoA dehydrogenase	false		refseq|uniprot	false
PA0508			protein_coding	acyl-CoA dehydrogenase	false		refseq|uniprot	false
PA0509	nirN		protein_coding	cytochrome C	false		refseq|uniprot	false
PA0510			protein_coding	uroporphyrin-III C-methyltransferase	false		refseq|uniprot	false
PA0511	nirJ		protein_coding	heme d1 biosynthesis protein NirJ	false		refseq|uniprot	false
PA0512	nirH		protein_coding	heme d1 biosynthesis protein NirH	false		refseq|uniprot	false
PA0513	nirG		protein_coding	heme d1 biosynthesis protein NirG	true	go_0003700|go_0006355	refseq|uniprot	false
PA0514	nirL		protein_coding	heme d1 biosynthesis protein NirL	true	go_0003700|go_0006355	refseq|uniprot	false
PA0515	nirD		protein_coding	heme d1 biosynthesis protein NirD	true	go_0003700|go_0006355	refseq|uniprot	false
PA0516	nirF		protein_coding	heme d1 biosynthesis protein NirF	false		refseq|uniprot	false
PA0517	nirC		protein_coding	cytochrome c55X	false		refseq|uniprot	false
PA0518	nirM		protein_coding	cytochrome C-551	false		refseq|uniprot	false
PA0519	nirS		protein_coding	nitrite reductase	false		refseq|uniprot	false
PA0520	nirQ		protein_coding	denitrification regulatory protein NirQ	true	kw_transcription_regulation	refseq|uniprot	false
PA0521			protein_coding	cytochrome C oxidase subunit	false		refseq|uniprot	false
PA0522			protein_coding	hypothetical protein	false		refseq|uniprot	false
PA0523	norC		protein_coding	nitric oxide reductase subunit C	false		refseq|uniprot	false
PA0524	norB		protein_coding	nitric oxide reductase subunit B	false		refseq|uniprot	false
PA0525			protein_coding	denitrification protein NorD	false		refseq|uniprot	false
PA0526			protein_coding	hypothetical protein	false		refseq|uniprot	false
PA0527	dnr		protein_coding	transcriptional regulator Dnr	true	go_0003700|kw_transcription_regulation|producto_refseq	refseq|uniprot	true
PA0527.1	rsmY		ncRNA	regulatory RNA RsmY	false		refseq	false
PA0528			protein_coding	transcriptional regulator	true	go_0003700|go_0006355|kw_transcription_regulation|producto_refseq	refseq|uniprot	false
PA0529			protein_coding	hypothetical protein	false		refseq|uniprot	false
PA0530			protein_coding	class III pyridoxal phosphate-dependent aminotransferase	false		refseq|uniprot	false
PA0531			protein_coding	glutamine amidotransferase	false		refseq|uniprot	false
PA0532			protein_coding	hypothetical protein	false		refseq|uniprot	false
PA0533			protein_coding	transcriptional regulator	true	go_0003700|go_0006355|producto_refseq	refseq|uniprot	false
PA0534			protein_coding	hypothetical protein	false		refseq|uniprot	false
PA0535			protein_coding	transcriptional regulator	true	go_0003700|go_0006355|producto_refseq	refseq|uniprot	false
PA0536			protein_coding	hypothetical protein	false		refseq|uniprot	false
PA0537			protein_coding	hypothetical protein	false		refseq|uniprot	false
PA0538	dsbB	dsbB2	protein_coding	disulfide bond formation protein	false		refseq|uniprot	false
PA0539			protein_coding	hypothetical protein	false		refseq|uniprot	false
PA0540			protein_coding	hypothetical protein	false		refseq|uniprot	false
PA0541			protein_coding	hypothetical protein	false		refseq|uniprot	false
PA0542			protein_coding	hypothetical protein	false		refseq|uniprot	false
PA0543			protein_coding	hypothetical protein	false		refseq|uniprot	false
PA0544			protein_coding	hypothetical protein	false		refseq|uniprot	false
PA0545			protein_coding	hypothetical protein	false		refseq|uniprot	false
PA0546	metK		protein_coding	S-adenosylmethionine synthetase	false		refseq|uniprot	false
PA0547			protein_coding	transcriptional regulator	true	go_0003700|producto_refseq	refseq|uniprot	false
PA0548	tktA		protein_coding	transketolase	false		refseq|uniprot	false
PA0549			protein_coding	hypothetical protein	false		refseq|uniprot	false
PA0550			protein_coding	hypothetical protein	false		refseq|uniprot	false
PA0551	epd		protein_coding	D-erythrose 4-phosphate dehydrogenase	false		refseq|uniprot	true
PA0552	pgk		protein_coding	phosphoglycerate kinase	false		refseq|uniprot	true
PA0553			protein_coding	hypothetical protein	false		refseq|uniprot	false
PA0554			protein_coding	hypothetical protein	false		refseq|uniprot	false
PA0555	fda	fba	protein_coding	fructose-1,6-bisphosphate aldolase	false		refseq|uniprot	true
PA0556			protein_coding	hypothetical protein	false		refseq|uniprot	false
PA0557			protein_coding	hypothetical protein	false		refseq|uniprot	false
PA0558			protein_coding	hypothetical protein	false		refseq|uniprot	false
PA0559			protein_coding	hypothetical protein	false		refseq|uniprot	false
PA0560			protein_coding	hypothetical protein	false		refseq|uniprot	false
PA0561			protein_coding	hypothetical protein	false		refseq|uniprot	false
PA0562			protein_coding	hydrolase	false		refseq|uniprot	false
PA0563			protein_coding	hypothetical protein	false		refseq|uniprot	false
PA0564			protein_coding	transcriptional regulator	true	go_0003700|go_0006355|kw_transcription_regulation|producto_refseq	refseq|uniprot	false
PA0565			protein_coding	hypothetical protein	false		refseq|uniprot	false
PA0566			protein_coding	hypothetical protein	false		refseq|uniprot	false
PA0567			protein_coding	hypothetical protein	false		refseq|uniprot	false
PA0568			protein_coding	hypothetical protein	false		refseq|uniprot	false
PA0569			protein_coding	hypothetical protein	false		refseq|uniprot	false
PA0570			protein_coding	hypothetical protein	false		refseq|uniprot	false
PA0571			protein_coding	hypothetical protein	false		refseq|uniprot	false
PA0572	impA		protein_coding	hypothetical protein	false		refseq|uniprot	false
PA0573			protein_coding	hypothetical protein	false		refseq|uniprot	false
PA0574			protein_coding	hypothetical protein	false		refseq|uniprot	false
PA0574.1			tRNA	tRNA-Met	false		refseq	false
PA0575			protein_coding	hypothetical protein	false		refseq|uniprot	false
PA0576	rpoD	rpoDA	protein_coding	RNA polymerase sigma factor RpoD	true	go_0006355|kw_transcription_regulation|kw_sigma_factor|producto_refseq	refseq|uniprot	false
PA0577	dnaG		protein_coding	DNA primase	false		refseq|uniprot	false
PA0578			protein_coding	hypothetical protein	false		refseq|uniprot	false
PA0579	rpsU		protein_coding	30S ribosomal protein S21	false		refseq|uniprot	false
PA0580	gcp	tsaD	protein_coding	tRNA N6-adenosine threonylcarbamoyltransferase	false		refseq|uniprot	true
PA0581	plsY		protein_coding	glycerol-3-phosphate acyltransferase PlsY	false		refseq|uniprot	false
PA0582	folB		protein_coding	dihydroneopterin aldolase	false		refseq|uniprot	false
PA0583			protein_coding	hypothetical protein	false		refseq|uniprot	false
PA0584	cca		protein_coding	multifunctional tRNA nucleotidyl transferase/2'3'-cyclic phosphodiesterase/2'nucleotidase/phosphatase	false		refseq|uniprot	true
PA0585			protein_coding	hypothetical protein	false		refseq|uniprot	false
PA0586			protein_coding	hypothetical protein	false		refseq|uniprot	false
PA0587			protein_coding	hypothetical protein	false		refseq|uniprot	false
PA0588			protein_coding	hypothetical protein	false		refseq|uniprot	false
PA0589	glpE		protein_coding	thiosulfate sulfurtransferase	false		refseq|uniprot	false
PA0590	apaH		protein_coding	bis(5'-nucleosyl)-tetraphosphatase	false		refseq|uniprot	false
PA0591	apaG		protein_coding	protein ApaG	false		refseq|uniprot	false
PA0592	ksgA	rsmA	protein_coding	ribosomal RNA small subunit methyltransferase A	false		refseq|uniprot	false
PA0593	pdxA		protein_coding	4-hydroxythreonine-4-phosphate dehydrogenase	false		refseq|uniprot	false
PA0594	surA		protein_coding	chaperone SurA	false		refseq|uniprot	false
PA0595	ostA	imp|lptD	protein_coding	organic solvent tolerance protein OstA	false		refseq|uniprot	true
PA0596	amgK		protein_coding	hypothetical protein	false		refseq|uniprot	false
PA0597	murU		protein_coding	nucleotidyl transferase	false		refseq|uniprot	false
PA0598			protein_coding	hypothetical protein	false		refseq|uniprot	false
PA0599			protein_coding	hypothetical protein	false		refseq|uniprot	false
PA0600			protein_coding	two-component sensor	true	kw_two_component|producto_refseq	refseq|uniprot	false
PA0601			protein_coding	two-component response regulator	true	go_0003700|go_0006355|kw_transcription_regulation|producto_refseq	refseq|uniprot	false
PA0602			protein_coding	ABC transporter	false		refseq|uniprot	false
PA0603	potA		protein_coding	ABC transporter ATP-binding protein	false		refseq|uniprot	false
PA0604			protein_coding	ABC transporter	false		refseq|uniprot	false
PA0605			protein_coding	ABC transporter permease	false		refseq|uniprot	false
PA0606			protein_coding	ABC transporter permease	false		refseq|uniprot	false
PA0607	rpe		protein_coding	ribulose-phosphate 3-epimerase	false		refseq|uniprot	true
PA0608	gph1		protein_coding	phosphoglycolate phosphatase	false		refseq|uniprot	false
PA0609	trpE		protein_coding	anthranilate synthase component I	false		refseq|uniprot	false
PA0610	prtN		protein_coding	transcriptional regulator PrtN	true	go_0006355|kw_transcription_regulation|producto_refseq	refseq|uniprot	false
PA0611	prtR		protein_coding	HTH-type transcriptional regulator PrtR	true	go_0006355|kw_transcription_regulation|producto_refseq	refseq|uniprot	false
PA0612	ptrB		protein_coding	repressor PtrB	false		refseq|uniprot	false
PA0613			protein_coding	hypothetical protein	false		refseq|uniprot	false
PA0614			protein_coding	hypothetical protein	false		refseq|uniprot	false
PA0615			protein_coding	hypothetical protein	false		refseq|uniprot	false
PA0616			protein_coding	hypothetical protein	false		refseq|uniprot	false
PA0617			protein_coding	bacteriophage protein	false		refseq|uniprot	false
PA0618			protein_coding	bacteriophage protein	false		refseq|uniprot	false
PA0619			protein_coding	bacteriophage protein	false		refseq|uniprot	false
PA0620			protein_coding	bacteriophage protein	false		refseq|uniprot	false
PA0621			protein_coding	hypothetical protein	false		refseq|uniprot	false
PA0622			protein_coding	bacteriophage protein	false		refseq|uniprot	false
PA0623			protein_coding	bacteriophage protein	false		refseq|uniprot	false
PA0624			protein_coding	hypothetical protein	false		refseq|uniprot	false
PA0625			protein_coding	hypothetical protein	false		refseq|uniprot	false
PA0626			protein_coding	hypothetical protein	false		refseq|uniprot	false
PA0627			protein_coding	hypothetical protein	false		refseq|uniprot	false
PA0628			protein_coding	hypothetical protein	false		refseq|uniprot	false
PA0629			protein_coding	hypothetical protein	false		refseq|uniprot	false
PA0630			protein_coding	hypothetical protein	false		refseq|uniprot	false
PA0631			protein_coding	hypothetical protein	false		refseq|uniprot	false
PA0633			protein_coding	hypothetical protein	false		refseq|uniprot	false
PA0634			protein_coding	hypothetical protein	false		refseq|uniprot	false
PA0635			protein_coding	hypothetical protein	false		refseq|uniprot	false
PA0636			protein_coding	hypothetical protein	false		refseq|uniprot	false
PA0637			protein_coding	hypothetical protein	false		refseq|uniprot	false
PA0638			protein_coding	bacteriophage protein	false		refseq|uniprot	false
PA0639			protein_coding	hypothetical protein	false		refseq|uniprot	false
PA0640			protein_coding	bacteriophage protein	false		refseq|uniprot	false
PA0641			protein_coding	bacteriophage protein	false		refseq|uniprot	false
PA0643			protein_coding	hypothetical protein	false		refseq|uniprot	false
PA0644			protein_coding	hypothetical protein	false		refseq|uniprot	false
PA0645			protein_coding	hypothetical protein	false		refseq|uniprot	false
PA0646			protein_coding	hypothetical protein	false		refseq|uniprot	false
PA0647			protein_coding	hypothetical protein	false		refseq|uniprot	false
PA0648			protein_coding	hypothetical protein	false		refseq|uniprot	false
PA0649	trpG		protein_coding	anthranilate synthase component II	false		refseq|uniprot	false
PA0650	trpD		protein_coding	anthranilate phosphoribosyltransferase	false		refseq|uniprot	false
PA0651	trpC		protein_coding	indole-3-glycerol phosphate synthase	false		refseq|uniprot	false
PA0652	vfr		protein_coding	cAMP-regulatory protein	true	go_0003700|kw_transcription_regulation	refseq|uniprot	true
PA0653			protein_coding	hypothetical protein	false		refseq|uniprot	false
PA0654	speD		protein_coding	S-adenosylmethionine decarboxylase	false		refseq|uniprot	false
PA0655	coq7		protein_coding	2-nonaprenyl-3-methyl-6-methoxy-1,4-benzoquinol hydroxylase	false		refseq|uniprot	false
PA0656			protein_coding	HIT family protein	false		refseq|uniprot	false
PA0657			protein_coding	ATPase	false		refseq|uniprot	false
PA0658			protein_coding	short-chain dehydrogenase	false		refseq|uniprot	false
PA0659			protein_coding	hypothetical protein	false		refseq|uniprot	false
PA0660			protein_coding	hypothetical protein	false		refseq|uniprot	false
PA0661			protein_coding	hypothetical protein	false		refseq|uniprot	false
PA0662	argC		protein_coding	N-acetyl-gamma-glutamyl-phosphate reductase	false		refseq|uniprot	false
PA0663			protein_coding	hypothetical protein	false		refseq|uniprot	false
PA0664			protein_coding	hypothetical protein	false		refseq|uniprot	false
PA0665	erpA		protein_coding	iron-sulfur cluster insertion protein ErpA	false		refseq|uniprot	false
PA0666	anmK		protein_coding	anhydro-N-acetylmuramic acid kinase	false		refseq|uniprot	false
PA0667			protein_coding	hypothetical protein	false		refseq|uniprot	false
PA0668	tyrZ	tyrS2	protein_coding	tyrosine--tRNA ligase	false		refseq|uniprot	false
PA0668.1			rRNA	16S ribosomal RNA	false		refseq	false
PA0668.2			tRNA	tRNA-Ile	false		refseq	false
PA0668.3			tRNA	tRNA-Ala	false		refseq	false
PA0668.4			rRNA	23S ribosomal RNA	false		refseq	false
PA0668.5			rRNA	5S ribosomal RNA	false		refseq	false
PA0669	dnaE2		protein_coding	error-prone DNA polymerase	false		refseq|uniprot	false
PA0670			protein_coding	hypothetical protein	false		refseq|uniprot	false
PA0671			protein_coding	hypothetical protein	false		refseq|uniprot	false
PA0672	hemO	pigA	protein_coding	heme oxygenase	false		refseq|uniprot	false
PA0673			protein_coding	hypothetical protein	false		refseq|uniprot	false
PA0674	vreA		protein_coding	hypothetical protein	false		refseq|uniprot	false
PA0675	vreI		protein_coding	ECF sigma factor VreI	true	go_0006355|kw_transcription_regulation|kw_sigma_factor|producto_refseq	refseq|uniprot	false
PA0676	vreR		protein_coding	sigma factor regulator VreR	false		refseq|uniprot	false
PA0677			protein_coding	HxcW pseudopilin	false		refseq|uniprot	false
PA0678			protein_coding	HxcU pseudopilin	false		refseq|uniprot	false
PA0679			protein_coding	hypothetical protein	false		refseq|uniprot	false
PA0680			protein_coding	HxcV pseudopilin	false		refseq|uniprot	false
PA0681			protein_coding	HxcT pseudopilin	false		refseq|uniprot	false
PA0682			protein_coding	HxcX atypical pseudopilin	false		refseq|uniprot	false
PA0683			protein_coding	type II secretion system protein	false		refseq|uniprot	false
PA0684			protein_coding	type II secretion system protein	false		refseq|uniprot	false
PA0685			protein_coding	type II secretion system protein	false		refseq|uniprot	false
PA0686	hxcR		protein_coding	type II secretion system protein HxcR	false		refseq|uniprot	false
PA0687			protein_coding	type II secretion system protein	false		refseq|uniprot	false
PA0688	lapA	phoA|phoA2|pstS	protein_coding	alkaline phosphatase L	false		refseq|uniprot	false
PA0689			protein_coding	hypothetical protein	false		refseq|uniprot	false
PA0690			protein_coding	hypothetical protein	false		refseq|uniprot	false
PA0691			protein_coding	hypothetical protein	false		refseq|uniprot	false
PA0692			protein_coding	hypothetical protein	false		refseq|uniprot	false
PA0693	exbB2		protein_coding	transporter ExbB	false		refseq|uniprot	false
PA0694	exbD2		protein_coding	transporter ExbD	false		refseq|uniprot	false
PA0695			protein_coding	hypothetical protein	false		refseq|uniprot	false
PA0696			protein_coding	hypothetical protein	false		refseq|uniprot	false
PA0697			protein_coding	hypothetical protein	false		refseq|uniprot	false
PA0698			protein_coding	hypothetical protein	false		refseq|uniprot	false
PA0699			protein_coding	PpiC-type peptidyl-prolyl cis-trans isomerase	false		refseq|uniprot	false
PA0700			protein_coding	hypothetical protein	false		refseq|uniprot	false
PA0701			protein_coding	transcriptional regulator	true	go_0003700|go_0006355|kw_transcription_regulation|producto_refseq	refseq|uniprot	false
PA0702			protein_coding	hypothetical protein	false		refseq|uniprot	false
PA0703			protein_coding	major facilitator superfamily transporter	false		refseq|uniprot	false
PA0704			protein_coding	amidase	false		refseq|uniprot	false
PA0705	migA		protein_coding	alpha-1,6-rhamnosyltransferase MigA	false		refseq|uniprot	false
PA0706	cat	catB7	protein_coding	chloramphenicol acetyltransferase	false		refseq|uniprot	true
PA0707	toxR	regA	protein_coding	transcriptional regulator ToxR	true	kw_transcription_regulation|producto_refseq	refseq|uniprot	false
PA0708			protein_coding	transcriptional regulator	true	go_0003700|go_0006355|kw_transcription_regulation|producto_refseq	refseq|uniprot	false
PA0709			protein_coding	hypothetical protein	false		refseq|uniprot	false
PA0710	gloA2		protein_coding	lactoylglutathione lyase	false		refseq|uniprot	false
PA0711			protein_coding	hypothetical protein	false		refseq|uniprot	false
PA0712			protein_coding	hypothetical protein	false		refseq|uniprot	false
PA0713			protein_coding	hypothetical protein	false		refseq|uniprot	false
PA0714			protein_coding	hypothetical protein	false		refseq|uniprot	false
PA0714.1	phrD		ncRNA	PhrD	false		refseq	false
PA0715			protein_coding	hypothetical protein	false		refseq|uniprot	false
PA0716			protein_coding	hypothetical protein	false		refseq|uniprot	false
PA0718			protein_coding	hypothetical protein	false		refseq|uniprot	false
PA0719			protein_coding	hypothetical protein	false		refseq|uniprot	false
PA0720			protein_coding	helix destabilizing protein of bacteriophage Pf1	false		refseq|uniprot	false
PA0721			protein_coding	hypothetical protein	false		refseq|uniprot	false
PA0722			protein_coding	hypothetical protein	false		refseq|uniprot	false
PA0723	coaB		protein_coding	phage coat protein B	false		refseq|uniprot	false
PA0724			protein_coding	phage coat protein A	false		refseq|uniprot	false
PA0725			protein_coding	hypothetical protein	false		refseq|uniprot	false
PA0726			protein_coding	hypothetical protein	false		refseq|uniprot	false
PA0727			protein_coding	hypothetical protein	false		refseq|uniprot	false
PA0728			protein_coding	bacteriophage integrase	false		refseq|uniprot	false
PA0729			protein_coding	hypothetical protein	false		refseq|uniprot	false
PA0729.1			tRNA	tRNA-Gly	false		refseq	false
PA0730	phaG	qin	protein_coding	(R)-3-hydroxydecanoyl-ACP:CoA transacylase	false		refseq|uniprot	true
PA0731			protein_coding	hypothetical protein	false		refseq|uniprot	false
PA0732			protein_coding	hypothetical protein	false		refseq|uniprot	false
PA0733	rsuA		protein_coding	16S rRNA pseudouridine(516) synthase	false		refseq|uniprot	false
PA0734			protein_coding	hypothetical protein	false		refseq|uniprot	false
PA0735			protein_coding	hypothetical protein	false		refseq|uniprot	false
PA0736			protein_coding	hypothetical protein	false		refseq|uniprot	false
PA0737			protein_coding	hypothetical protein	false		refseq|uniprot	false
PA0738			protein_coding	hypothetical protein	false		refseq|uniprot	false
PA0739			protein_coding	transcriptional regulator	true	go_0003700|go_0006355|kw_transcription_regulation|producto_refseq	refseq|uniprot	false
PA0740	sdsA1		protein_coding	SDS hydrolase SdsA1	false		refseq|uniprot	false
PA0741			protein_coding	hypothetical protein	false		refseq|uniprot	false
PA0742			protein_coding	hypothetical protein	false		refseq|uniprot	false
PA0743			protein_coding	NAD-dependent L-serine dehydrogenase	false		refseq|uniprot	false
PA0744			protein_coding	enoyl-CoA hydratase	false		refseq|uniprot	false
PA0745			protein_coding	enoyl-CoA hydratase	false		refseq|uniprot	false
PA0746			protein_coding	acyl-CoA dehydrogenase	false		refseq|uniprot	false
PA0747			protein_coding	aldehyde dehydrogenase	false		refseq|uniprot	false
PA0748			pseudogene		false		refseq	false
PA0749			protein_coding	hypothetical protein	false		refseq|uniprot	false
PA0750	ung		protein_coding	uracil-DNA glycosylase	false		refseq|uniprot	true
PA0751			protein_coding	hypothetical protein	false		refseq|uniprot	false
PA0752			protein_coding	hypothetical protein	false		refseq|uniprot	false
PA0753			protein_coding	hypothetical protein	false		refseq|uniprot	false
PA0754			protein_coding	hypothetical protein	false		refseq|uniprot	false
PA0755	opdH		protein_coding	cis-aconitate porin OpdH	false		refseq|uniprot	false
PA0756			protein_coding	two-component response regulator	true	go_0006355|kw_transcription_regulation|kw_two_component|producto_refseq	refseq|uniprot	false
PA0757			protein_coding	two-component sensor	true	kw_two_component|producto_refseq	refseq|uniprot	false
PA0758			protein_coding	hypothetical protein	false		refseq|uniprot	false
PA0759			protein_coding	hypothetical protein	false		refseq|uniprot	false
PA0760	sdhE		protein_coding	hypothetical protein	false		refseq|uniprot	false
PA0761	nadB		protein_coding	L-aspartate oxidase	false		refseq|uniprot	false
PA0762	algU	algT	protein_coding	RNA polymerase sigma factor AlgU	true	go_0006355|kw_transcription_regulation|kw_sigma_factor|producto_refseq	refseq|uniprot	false
PA0763	mucA		protein_coding	sigma factor AlgU negative regulator MucA	false		refseq|uniprot	false
PA0764	mucB	algN	protein_coding	sigma factor AlgU regulator MucB	false		refseq|uniprot	false
PA0765	mucC		protein_coding	positive regulator for alginate biosynthesis MucC	false		refseq|uniprot	false
PA0766	mucD		protein_coding	serine protease MucD	false		refseq|uniprot	false
PA0767	lepA	le	protein_coding	elongation factor 4	false		refseq|uniprot	true
PA0768	lepB		protein_coding	signal peptidase I	false		refseq|uniprot	false
PA0769			protein_coding	hypothetical protein	false		refseq|uniprot	false
PA0770	rnc		protein_coding	ribonuclease III	false		refseq|uniprot	true
PA0771	era		protein_coding	GTPase Era	false		refseq|uniprot	true
PA0772	recO		protein_coding	DNA repair protein RecO	false		refseq|uniprot	false
PA0773	pdxJ		protein_coding	pyridoxine 5'-phosphate synthase	false		refseq|uniprot	false
PA0774	cmoB		protein_coding	tRNA (mo5U34)-methyltransferase	false		refseq|uniprot	false
PA0775	cmoA		protein_coding	tRNA (cmo5U34)-methyltransferase	false		refseq|uniprot	false
PA0776			protein_coding	hypothetical protein	false		refseq|uniprot	false
PA0777			protein_coding	hypothetical protein	false		refseq|uniprot	false
PA0778	icp		protein_coding	inhibitor of cysteine peptidase	false		refseq|uniprot	true
PA0779	lon		protein_coding	ATP-dependent protease	false		refseq|uniprot	true
PA0780	pruR		protein_coding	proline utilization regulator	true	go_0003700|go_0006355|kw_transcription_regulation	refseq|uniprot	false
PA0781			protein_coding	hypothetical protein	false		refseq|uniprot	false
PA0782	putA		protein_coding	bifunctional proline dehydrogenase/pyrroline-5-carboxylate dehydrogenase	true	go_0003700|kw_transcription_regulation	refseq|uniprot	false
PA0783	putP		protein_coding	sodium/proline symporter PutP	false		refseq|uniprot	false
PA0784			protein_coding	transcriptional regulator	true	go_0003700|kw_transcription_regulation|producto_refseq	refseq|uniprot	false
PA0785	azoR1		protein_coding	FMN-dependent NADH-azoreductase AzoR	false		refseq|uniprot	false
PA0786			protein_coding	transporter	false		refseq|uniprot	false
PA0787			protein_coding	hypothetical protein	false		refseq|uniprot	false
PA0788			protein_coding	hypothetical protein	false		refseq|uniprot	false
PA0789			protein_coding	amino acid permease	false		refseq|uniprot	false
PA0790			protein_coding	hypothetical protein	false		refseq|uniprot	false
PA0791			protein_coding	transcriptional regulator	true	go_0003700|go_0006355|kw_transcription_regulation|producto_refseq	refseq|uniprot	false
PA0792	prpD		protein_coding	2-methylcitrate dehydratase	false		refseq|uniprot	false
PA0793			protein_coding	hypothetical protein	false		refseq|uniprot	false
PA0794			protein_coding	aconitate hydratase	false		refseq|uniprot	false
PA0795	prpC		protein_coding	methylcitrate synthase	false		refseq|uniprot	false
PA0796	prpB		protein_coding	2-methylisocitrate lyase	false		refseq|uniprot	false
PA0797			protein_coding	transcriptional regulator	true	go_0003700|go_0006355|kw_transcription_regulation|producto_refseq	refseq|uniprot	false
PA0798	pmtA		protein_coding	phospholipid methyltransferase	false		refseq|uniprot	false
PA0799			protein_coding	helicase	false		refseq|uniprot	false
PA0800			protein_coding	hypothetical protein	false		refseq|uniprot	false
PA0801			protein_coding	hypothetical protein	false		refseq|uniprot	false
PA0802			protein_coding	hypothetical protein	false		refseq|uniprot	false
PA0803			protein_coding	hypothetical protein	false		refseq|uniprot	false
PA0804			protein_coding	oxidoreductase	false		refseq|uniprot	false
PA0805			protein_coding	hypothetical protein	false		refseq|uniprot	false
PA0806			protein_coding	hypothetical protein	false		refseq|uniprot	false
PA0807	ampDh3		protein_coding	protein AmpDh3	false		refseq|uniprot	false
PA0808			protein_coding	hypothetical protein	false		refseq|uniprot	false
PA0809	mntH2		protein_coding	divalent metal cation transporter MntH	false		refseq|uniprot	false
PA0810			protein_coding	haloacid dehalogenase	false		refseq|uniprot	false
PA0811			protein_coding	major facilitator superfamily transporter	false		refseq|uniprot	false
PA0812			protein_coding	hypothetical protein	false		refseq|uniprot	false
PA0813			protein_coding	hypothetical protein	false		refseq|uniprot	false
PA0814			protein_coding	hypothetical protein	false		refseq|uniprot	false
PA0815			protein_coding	transcriptional regulator	true	go_0003700|go_0006355|kw_transcription_regulation|producto_refseq	refseq|uniprot	false
PA0816			protein_coding	transcriptional regulator	true	go_0003700|go_0006355|kw_transcription_regulation|producto_refseq	refseq|uniprot	false
PA0817			protein_coding	ring-cleaving dioxygenase	false		refseq|uniprot	false
PA0818			protein_coding	hypothetical protein	false		refseq|uniprot	false
PA0819			protein_coding	hypothetical protein	false		refseq|uniprot	false
PA0820			protein_coding	hypothetical protein	false		refseq|uniprot	false
PA0821			protein_coding	hypothetical protein	false		refseq|uniprot	false
PA0823			protein_coding	hypothetical protein	false		refseq|uniprot	false
PA0824			protein_coding	hypothetical protein	false		refseq|uniprot	false
PA0825			protein_coding	hypothetical protein	false		refseq|uniprot	false
PA0826			protein_coding	hypothetical protein	false		refseq|uniprot	false
PA0826.2	ssrA		ncRNA		false		refseq	false
PA0827			protein_coding	hypothetical protein	false		refseq|uniprot	false
PA0828			protein_coding	transcriptional regulator	true	go_0003700|go_0006355|producto_refseq	refseq|uniprot	false
PA0829			protein_coding	hydrolase	false		refseq|uniprot	false
PA0830			protein_coding	hypothetical protein	false		refseq|uniprot	false
PA0831	oruR		protein_coding	ornithine utilization transcriptional regulator OruR	true	go_0003700|kw_transcription_regulation|producto_refseq	refseq|uniprot	false
PA0832			protein_coding	hypothetical protein	false		refseq|uniprot	false
PA0833			protein_coding	hypothetical protein	false		refseq|uniprot	false
PA0834			protein_coding	acyltransferase	false		refseq|uniprot	false
PA0835	pta		protein_coding	phosphate acetyltransferase	false		refseq|uniprot	true
PA0836	ackA		protein_coding	acetate kinase	false		refseq|uniprot	false
PA0836.1			ncRNA	P5	false		refseq	false
PA0837	slyD		protein_coding	peptidyl-prolyl cis-trans isomerase SlyD	false		refseq|uniprot	false
PA0838			protein_coding	glutathione peroxidase	false		refseq|uniprot	false
PA0839			protein_coding	transcriptional regulator	true	go_0003700|kw_transcription_regulation|producto_refseq	refseq|uniprot	false
PA0840			protein_coding	oxidoreductase	false		refseq|uniprot	false
PA0841			protein_coding	hypothetical protein	false		refseq|uniprot	false
PA0842			protein_coding	glycosyl transferase family protein	false		refseq|uniprot	false
PA0843	plcR		protein_coding	phospholipase C accessory protein PlcR	false		refseq|uniprot	false
PA0844	plcH		protein_coding	hemolytic phospholipase C	false		refseq|uniprot	false
PA0845			protein_coding	neutral ceramidase	false		refseq|uniprot	false
PA0846	cysZ		protein_coding	sulfate transporter CysZ	false		refseq|uniprot	false
PA0847			protein_coding	hypothetical protein	true	go_0006355	refseq|uniprot	false
PA0848			protein_coding	alkyl hydroperoxide reductase	false		refseq|uniprot	false
PA0849	trxB2		protein_coding	thioredoxin reductase	false		refseq|uniprot	false
PA0850			protein_coding	hypothetical protein	false		refseq|uniprot	false
PA0851			protein_coding	hypothetical protein	false		refseq|uniprot	false
PA0852	cbpD	lasD	protein_coding	chitin-binding protein CbpD	false		refseq|uniprot	false
PA0853			protein_coding	oxidoreductase	false		refseq|uniprot	false
PA0854	fumC2	fumC1	protein_coding	fumarate hydratase	false		refseq|uniprot	false
PA0855			protein_coding	hypothetical protein	false		refseq|uniprot	false
PA0856			protein_coding	hypothetical protein	false		refseq|uniprot	false
PA0857	bolA		protein_coding	morphogene protein BolA	false		refseq|uniprot	false
PA0858	trhO		protein_coding	hypothetical protein	false		refseq|uniprot	false
PA0859			protein_coding	hypothetical protein	false		refseq|uniprot	false
PA0860			protein_coding	ABC transporter ATP-binding protein/permease	false		refseq|uniprot	false
PA0861			protein_coding	hypothetical protein	true	go_0006355	refseq|uniprot	false
PA0862			protein_coding	hypothetical protein	false		refseq|uniprot	false
PA0863			protein_coding	oxidoreductase	false		refseq|uniprot	false
PA0864			protein_coding	transcriptional regulator	true	go_0003700|go_0006355|kw_transcription_regulation|producto_refseq	refseq|uniprot	false
PA0865	hpd		protein_coding	4-hydroxyphenylpyruvate dioxygenase	false		refseq|uniprot	true
PA0866	aroP2		protein_coding	aromatic amino acid transporter AroP	false		refseq|uniprot	false
PA0867	mliC		protein_coding	lysozyme inhibitor	false		refseq|uniprot	false
PA0868			protein_coding	peptidyl-tRNA hydrolase	false		refseq|uniprot	false
PA0869	pbpG		protein_coding	D-alanyl-D-alanine endopeptidase	false		refseq|uniprot	false
PA0870	phhC		protein_coding	aromatic amino acid aminotransferase	false		refseq|uniprot	false
PA0871	phhB		protein_coding	pterin-4-alpha-carbinolamine dehydratase	false		refseq|uniprot	false
PA0872	phhA		protein_coding	phenylalanine 4-monooxygenase	false		refseq|uniprot	false
PA0873	phhR		protein_coding	transcriptional regulator PhhR	true	kw_transcription_regulation|producto_refseq	refseq|uniprot	false
PA0874			protein_coding	hypothetical protein	false		refseq|uniprot	false
PA0875			protein_coding	hypothetical protein	false		refseq|uniprot	false
PA0876			protein_coding	transcriptional regulator	true	go_0003700|go_0006355|kw_transcription_regulation|producto_refseq	refseq|uniprot	false
PA0877			protein_coding	transcriptional regulator	true	go_0003700|go_0006355|kw_transcription_regulation|producto_refseq	refseq|uniprot	false
PA0878			protein_coding	hypothetical protein	false		refseq|uniprot	false
PA0879			protein_coding	acyl-CoA dehydrogenase	false		refseq|uniprot	false
PA0880			protein_coding	ring-cleaving dioxygenase	false		refseq|uniprot	false
PA0881			protein_coding	hypothetical protein	false		refseq|uniprot	false
PA0882			protein_coding	hypothetical protein	false		refseq|uniprot	false
PA0883			protein_coding	acyl-CoA lyase subunit beta	false		refseq|uniprot	false
PA0884			protein_coding	C4-dicarboxylate-binding protein	false		refseq|uniprot	false
PA0885			protein_coding	C4-dicarboxylate transporter	false		refseq|uniprot	false
PA0886			protein_coding	C4-dicarboxylate transporter	false		refseq|uniprot	false
PA0887	acsA	acsA1	protein_coding	acetyl-CoA synthetase	false		refseq|uniprot	false
PA0887.1			ncRNA	P7	false		refseq	false
PA0888	aotJ		protein_coding	arginine/ornithine ABC transporter substrate-binding protein AotJ	false		refseq|uniprot	false
PA0889	aotQ		protein_coding	arginine/ornithine ABC transporter permease AotQ	false		refseq|uniprot	false
PA0890	aotM		protein_coding	arginine/ornithine ABC transporter permease AotM	false		refseq|uniprot	false
PA0891			protein_coding	hypothetical protein	false		refseq|uniprot	false
PA0892	aotP		protein_coding	arginine/ornithine ABC transporter ATP-binding protein AotP	false		refseq|uniprot	false
PA0893	argR		protein_coding	transcriptional regulator ArgR	true	go_0006355|kw_transcription_regulation|producto_refseq	refseq|uniprot	false
PA0894			protein_coding	hypothetical protein	false		refseq|uniprot	false
PA0895	aruC	argD|astC	protein_coding	acetylornithine aminotransferase	false		refseq|uniprot	false
PA0896	aruF	astA	protein_coding	arginine N-succinyltransferase subunit alpha	false		refseq|uniprot	false
PA0897	aruG		protein_coding	arginine N-succinyltransferase subunit beta	false		refseq|uniprot	false
PA0898	aruD	astD	protein_coding	N-succinylglutamate 5-semialdehyde dehydrogenase	false		refseq|uniprot	false
PA0899	aruB	astB	protein_coding	N-succinylarginine dihydrolase	false		refseq|uniprot	false
PA0900			protein_coding	hypothetical protein	false		refseq|uniprot	false
PA0901	aruE	astE	protein_coding	succinylglutamate desuccinylase	false		refseq|uniprot	false
PA0902			protein_coding	hypothetical protein	false		refseq|uniprot	false
PA0903	alaS		protein_coding	alanine--tRNA ligase	false		refseq|uniprot	false
PA0904	lysC		protein_coding	aspartokinase	false		refseq|uniprot	false
PA0905	rsmA	csrA	protein_coding	carbon storage regulator	false		refseq|uniprot	false
PA0905.1			tRNA	tRNA-Ser	false		refseq	false
PA0905.2			tRNA	tRNA-Arg	false		refseq	false
PA0905.3			tRNA	tRNA-Arg	false		refseq	false
PA0906			protein_coding	transcriptional regulator	true	go_0006355|kw_transcription_regulation|producto_refseq	refseq|uniprot	false
PA0907			protein_coding	hypothetical protein	false		refseq|uniprot	false
PA0908			protein_coding	hypothetical protein	false		refseq|uniprot	false
PA0909			protein_coding	hypothetical protein	false		refseq|uniprot	false
PA0910			protein_coding	hypothetical protein	false		refseq|uniprot	false
PA0911			protein_coding	hypothetical protein	false		refseq|uniprot	false
PA0912			protein_coding	hypothetical protein	false		refseq|uniprot	false
PA0913	mgtE		protein_coding	Mg transporter MgtE	false		refseq|uniprot	false
PA0914			protein_coding	hypothetical protein	false		refseq|uniprot	false
PA0915			protein_coding	hypothetical protein	false		refseq|uniprot	false
PA0916	rimO		protein_coding	ribosomal protein S12 methylthiotransferase RimO	false		refseq|uniprot	false
PA0917	kup		protein_coding	potassium transport system protein kup	false		refseq|uniprot	true
PA0918			protein_coding	cytochrome b561	false		refseq|uniprot	false
PA0919			protein_coding	hypothetical protein	false		refseq|uniprot	false
PA0920			protein_coding	hypothetical protein	false		refseq|uniprot	false
PA0921			protein_coding	hypothetical protein	false		refseq|uniprot	false
PA0922			protein_coding	hypothetical protein	false		refseq|uniprot	false
PA0922.1			tRNA	tRNA-Met	false		refseq	false
PA0923	dinB		protein_coding	DNA polymerase IV	false		refseq|uniprot	false
PA0924			protein_coding	hypothetical protein	false		refseq|uniprot	false
PA0925			protein_coding	hypothetical protein	false		refseq|uniprot	false
PA0926			protein_coding	hypothetical protein	false		refseq|uniprot	false
PA0927	ldhA		protein_coding	D-lactate dehydrogenase	false		refseq|uniprot	false
PA0928	gacS		protein_coding	sensor/response regulator hybrid protein	true	kw_two_component|producto_refseq	refseq|uniprot	false
PA0929			protein_coding	two-component response regulator	true	go_0006355|kw_transcription_regulation|kw_two_component|producto_refseq	refseq|uniprot	false
PA0930			protein_coding	two-component sensor	true	kw_two_component|producto_refseq	refseq|uniprot	false
PA0931	pirA		protein_coding	outer membrane receptor FepA	false		refseq|uniprot	false
PA0932	cysM		protein_coding	cysteine synthase B	false		refseq|uniprot	false
PA0933	ygcA	rlmD|rumA	protein_coding	23S rRNA (uracil(1939)-C(5))-methyltransferase RlmD	false		refseq|uniprot	false
PA0934	relA		protein_coding	GTP pyrophosphokinase	false		refseq|uniprot	false
PA0935			protein_coding	nucleoside triphosphate pyrophosphohydrolase	false		refseq|uniprot	false
PA0936	lpxO2		protein_coding	lipopolysaccharide biosynthetic protein LpxO	false		refseq|uniprot	false
PA0937			protein_coding	hypothetical protein	false		refseq|uniprot	false
PA0938			protein_coding	hypothetical protein	false		refseq|uniprot	false
PA0939			protein_coding	hypothetical protein	false		refseq|uniprot	false
PA0940			protein_coding	hypothetical protein	false		refseq|uniprot	false
PA0941			protein_coding	hypothetical protein	false		refseq|uniprot	false
PA0942			protein_coding	transcriptional regulator	true	go_0006355|kw_transcription_regulation|producto_refseq	refseq|uniprot	false
PA0943			protein_coding	hypothetical protein	false		refseq|uniprot	false
PA0944	purN		protein_coding	phosphoribosylglycinamide formyltransferase	false		refseq|uniprot	false
PA0945	purM		protein_coding	phosphoribosylformylglycinamidine cyclo-ligase	false		refseq|uniprot	false
PA0946			protein_coding	hypothetical protein	false		refseq|uniprot	false
PA0947			protein_coding	DNA replication initiation factor	false		refseq|uniprot	false
PA0948			protein_coding	hypothetical protein	false		refseq|uniprot	false
PA0949	wrbA		protein_coding	NAD(P)H dehydrogenase	false		refseq|uniprot	false
PA0950			protein_coding	arsenate reductase	false		refseq|uniprot	false
PA0951			protein_coding	hypothetical protein	false		refseq|uniprot	false
PA0952			protein_coding	hypothetical protein	false		refseq|uniprot	false
PA0953			protein_coding	thioredoxin	false		refseq|uniprot	false
PA0954	acyP		protein_coding	acylphosphatase	false		refseq|uniprot	false
PA0955			protein_coding	hypothetical protein	false		refseq|uniprot	false
PA0956	proS		protein_coding	proline--tRNA ligase	false		refseq|uniprot	false
PA0957			protein_coding	hypothetical protein	false		refseq|uniprot	false
PA0958	oprD	occD1	protein_coding	porin D	false		refseq|uniprot	false
PA0959			protein_coding	hypothetical protein	false		refseq|uniprot	false
PA0960	slyX		protein_coding	hypothetical protein	false		refseq|uniprot	false
PA0961			protein_coding	cold-shock protein	false		refseq|uniprot	false
PA0962			protein_coding	DNA-binding stress protein	false		refseq|uniprot	false
PA0963	aspS		protein_coding	aspartate--tRNA ligase	false		refseq|uniprot	false
PA0964	pmpR		protein_coding	transcriptional regulator PmpR	true	go_0006355|kw_transcription_regulation|producto_refseq	refseq|uniprot	false
PA0965	ruvC		protein_coding	crossover junction endodeoxyribonuclease RuvC	false		refseq|uniprot	false
PA0966	ruvA		protein_coding	Holliday junction ATP-dependent DNA helicase RuvA	false		refseq|uniprot	false
PA0967	ruvB		protein_coding	Holliday junction ATP-dependent DNA helicase RuvB	false		refseq|uniprot	false
PA0968			protein_coding	hypothetical protein	false		refseq|uniprot	false
PA0969	tolQ		protein_coding	translocation protein TolQ	false		refseq|uniprot	false
PA0970	tolR		protein_coding	translocation protein TolR	false		refseq|uniprot	false
PA0971	tolA		protein_coding	translocation protein TolA	false		refseq|uniprot	false
PA0972	tolB		protein_coding	translocation protein TolB	false		refseq|uniprot	false
PA0973	oprL	pal	protein_coding	peptidoglycan associated lipoprotein OprL	false		refseq|uniprot	true
PA0974	cpoB		protein_coding	hypothetical protein	false		refseq|uniprot	false
PA0975	queE		protein_coding	radical activating enzyme	false		refseq|uniprot	false
PA0976	queC		protein_coding	7-cyano-7-deazaguanine synthase	false		refseq|uniprot	false
PA0976.1			tRNA	tRNA-Lys	false		refseq	false
PA0978			protein_coding	hypothetical protein	false		refseq|uniprot	false
PA0979			protein_coding	hypothetical protein	false		refseq|uniprot	false
PA0981			protein_coding	hypothetical protein	false		refseq|uniprot	false
PA0982			protein_coding	hypothetical protein	false		refseq|uniprot	false
PA0983			protein_coding	hypothetical protein	false		refseq|uniprot	false
PA0984			protein_coding	colicin immunity protein	false		refseq|uniprot	false
PA0985	pyoS5		protein_coding	pyocin S5	false		refseq|uniprot	false
PA0986			protein_coding	hypothetical protein	false		refseq|uniprot	false
PA0987			protein_coding	hypothetical protein	false		refseq|uniprot	false
PA0988			protein_coding	hypothetical protein	false		refseq|uniprot	false
PA0989			protein_coding	hypothetical protein	false		refseq|uniprot	false
PA0990			protein_coding	hypothetical protein	false		refseq|uniprot	false
PA0992	cupC1		protein_coding	fimbrial subunit CupC1	false		refseq|uniprot	false
PA0993	cupC2		protein_coding	chaperone CupC2	false		refseq|uniprot	false
PA0994	cupC3		protein_coding	usher CupC3	false		refseq|uniprot	false
PA0995	ogt		protein_coding	methylated-DNA--protein-cysteine methyltransferase	false		refseq|uniprot	true
PA0996	pqsA		protein_coding	anthranilate--CoA ligase	false		refseq|uniprot	false
PA0997	pqsB		protein_coding	hypothetical protein	false		refseq|uniprot	false
PA0998	pqsC		protein_coding	hypothetical protein	false		refseq|uniprot	false
PA0999	pqsD		protein_coding	3-oxoacyl-ACP synthase	false		refseq|uniprot	false
PA1000	pqsE		protein_coding	thioesterase PqsE	false		refseq|uniprot	false
PA1001	phnA	trpE	protein_coding	anthranilate synthase component I	false		refseq|uniprot	false
PA1002	phnB	trpG	protein_coding	anthranilate synthase component II	false		refseq|uniprot	false
PA1003	mvfR		protein_coding	transcriptional regulator MvfR	true	go_0003700|go_0006355|kw_transcription_regulation|producto_refseq	refseq|uniprot	false
PA1004	nadA		protein_coding	quinolinate synthetase	false		refseq|uniprot	false
PA1005			protein_coding	hypothetical protein	false		refseq|uniprot	false
PA1006			protein_coding	hypothetical protein	false		refseq|uniprot	false
PA1007			protein_coding	hypothetical protein	false		refseq|uniprot	false
PA1008	bcp		protein_coding	bacterioferritin comigratory protein	false		refseq|uniprot	true
PA1009			protein_coding	hypothetical protein	true	go_0006355	refseq|uniprot	false
PA1010	dapA		protein_coding	4-hydroxy-tetrahydrodipicolinate synthase	false		refseq|uniprot	false
PA1011			protein_coding	hypothetical protein	false		refseq|uniprot	false
PA1012			protein_coding	hypothetical protein	false		refseq|uniprot	false
PA1013	purC		protein_coding	phosphoribosylaminoimidazole-succinocarboxamide synthase	false		refseq|uniprot	false
PA1013.1			tRNA	tRNA-Ser	false		refseq	false
PA1014			protein_coding	glycosyl transferase family protein	false		refseq|uniprot	false
PA1015			protein_coding	transcriptional regulator	true	go_0003700|kw_transcription_regulation|producto_refseq	refseq|uniprot	false
PA1016			protein_coding	thiolase	false		refseq|uniprot	false
PA1017	pauA		protein_coding	pimeloyl-CoA synthetase	false		refseq|uniprot	false
PA1018			protein_coding	hypothetical protein	false		refseq|uniprot	false
PA1019	mucK		protein_coding	cis,cis-muconate transporter MucK	false		refseq|uniprot	false
PA1020			protein_coding	acyl-CoA dehydrogenase	false		refseq|uniprot	false
PA1021			protein_coding	enoyl-CoA hydratase	false		refseq|uniprot	false
PA1022			protein_coding	acyl-CoA dehydrogenase	false		refseq|uniprot	false
PA1023			protein_coding	short-chain dehydrogenase	false		refseq|uniprot	false
PA1024			protein_coding	nitronate monooxygenase	false		refseq|uniprot	false
PA1025			protein_coding	porin	false		refseq|uniprot	false
PA1026			protein_coding	hypothetical protein	false		refseq|uniprot	false
PA1027			protein_coding	aldehyde dehydrogenase	false		refseq|uniprot	false
PA1028			protein_coding	oxidoreductase	false		refseq|uniprot	false
PA1029			pseudogene		false		refseq|uniprot	false
PA1030			protein_coding	hypothetical protein	false		refseq|uniprot	false
PA1030.1			ncRNA	P8	false		refseq	false
PA1031	rmuC		protein_coding	DNA recombination protein RmuC	false		refseq|uniprot	false
PA1032	quiP		protein_coding	acyl-homoserine lactone acylase QuiP	false		refseq|uniprot	false
PA1033			protein_coding	glutathione S-transferase	false		refseq|uniprot	false
PA1034			protein_coding	hypothetical protein	false		refseq|uniprot	false
PA1035			protein_coding	hypothetical protein	false		refseq|uniprot	false
PA1036			protein_coding	hypothetical protein	false		refseq|uniprot	false
PA1037			protein_coding	hypothetical protein	false		refseq|uniprot	false
PA1038			protein_coding	hypothetical protein	false		refseq|uniprot	false
PA1039			protein_coding	hypothetical protein	false		refseq|uniprot	false
PA1040			protein_coding	hypothetical protein	false		refseq|uniprot	false
PA1041			protein_coding	hypothetical protein	false		refseq|uniprot	false
PA1042			protein_coding	hypothetical protein	false		refseq|uniprot	false
PA1043			protein_coding	hypothetical protein	false		refseq|uniprot	false
PA1044			protein_coding	hypothetical protein	false		refseq|uniprot	false
PA1045	dinG		protein_coding	ATP-dependent DNA helicase DinG	false		refseq|uniprot	false
PA1046			protein_coding	hypothetical protein	false		refseq|uniprot	false
PA1047			protein_coding	esterase	false		refseq|uniprot	false
PA1048			protein_coding	hypothetical protein	false		refseq|uniprot	false
PA1049	pdxH		protein_coding	pyridoxine/pyridoxamine 5'-phosphate oxidase	false		refseq|uniprot	false
PA1050			protein_coding	hypothetical protein	true	go_0003700	refseq|uniprot	false
PA1051			protein_coding	transporter	false		refseq|uniprot	false
PA1052			protein_coding	hypothetical protein	false		refseq|uniprot	false
PA1053			protein_coding	hypothetical protein	false		refseq|uniprot	false
PA1054			protein_coding	monovalent cation/H+ antiporter subunit A	false		refseq|uniprot	false
PA1055			protein_coding	monovalent cation/H+ antiporter subunit C	false		refseq|uniprot	false
PA1056			protein_coding	monovalent cation/H+ antiporter subunit D	false		refseq|uniprot	false
PA1057			protein_coding	monovalent cation/H+ antiporter subunit E	false		refseq|uniprot	false
PA1058			protein_coding	monovalent cation/H+ antiporter subunit F	false		refseq|uniprot	false
PA1059			protein_coding	monovalent cation/H+ antiporter subunit G	false		refseq|uniprot	false
PA1060			protein_coding	hypothetical protein	false		refseq|uniprot	false
PA1061	cds1		protein_coding	hypothetical protein	false		refseq|uniprot	false
PA1062			protein_coding	hypothetical protein	false		refseq|uniprot	false
PA1063			protein_coding	hypothetical protein	false		refseq|uniprot	false
PA1064			protein_coding	hypothetical protein	false		refseq|uniprot	false
PA1065			protein_coding	hypothetical protein	false		refseq|uniprot	false
PA1066			protein_coding	short-chain dehydrogenase	false		refseq|uniprot	false
PA1067			protein_coding	transcriptional regulator	true	go_0003700|kw_transcription_regulation|producto_refseq	refseq|uniprot	false
PA1068			protein_coding	heat shock protein	false		refseq|uniprot	false
PA1069			protein_coding	hypothetical protein	false		refseq|uniprot	false
PA1070	braG		protein_coding	ABC transporter ATP-binding protein	false		refseq|uniprot	false
PA1071	braF		protein_coding	ABC transporter ATP-binding protein	false		refseq|uniprot	false
PA1072	braE		protein_coding	branched-chain amino acid ABC transporter permease BraE	false		refseq|uniprot	false
PA1073	braD		protein_coding	branched-chain amino acid ABC transporter permease BraD	false		refseq|uniprot	false
PA1074	braC		protein_coding	branched-chain amino acid ABC transporter substrate-binding protein BraC	false		refseq|uniprot	false
PA1075			protein_coding	hypothetical protein	false		refseq|uniprot	false
PA1076			protein_coding	hypothetical protein	false		refseq|uniprot	false
PA1077	flgB		protein_coding	flagellar basal-body rod protein FlgB	false		refseq|uniprot	false
PA1078	flgC		protein_coding	flagellar basal body rod protein FlgC	false		refseq|uniprot	false
PA1079	flgD		protein_coding	flagellar basal body rod modification protein	false		refseq|uniprot	false
PA1080	flgE		protein_coding	flagellar hook protein FlgE	false		refseq|uniprot	false
PA1081	flgF		protein_coding	flagellar basal body rod protein FlgF	false		refseq|uniprot	false
PA1082	flgG		protein_coding	flagellar basal body rod protein FlgG	false		refseq|uniprot	false
PA1083	flgH		protein_coding	flagellar basal body L-ring protein	false		refseq|uniprot	false
PA1084	flgI		protein_coding	flagellar basal body P-ring protein	false		refseq|uniprot	false
PA1085	flgJ		protein_coding	peptidoglycan hydrolase FlgJ	false		refseq|uniprot	false
PA1086	flgK		protein_coding	flagellar hook-associated protein FlgK	false		refseq|uniprot	false
PA1087	flgL		protein_coding	flagellar hook-associated protein FlgL	false		refseq|uniprot	false
PA1088			protein_coding	hypothetical protein	false		refseq|uniprot	false
PA1089			protein_coding	hypothetical protein	false		refseq|uniprot	false
PA1090			protein_coding	hypothetical protein	false		refseq|uniprot	false
PA1091	fgtA		protein_coding	flagellar glycosyl transferase FgtA	false		refseq|uniprot	false
PA1092	fliC		protein_coding	B-type flagellin	false		refseq|uniprot	false
PA1093			protein_coding	hypothetical protein	false		refseq|uniprot	false
PA1094	fliD		protein_coding	B-type flagellar hook-associated protein	false		refseq|uniprot	false
PA1095	fliS		protein_coding	B-type flagellar protein FliS	false		refseq|uniprot	false
PA1096			protein_coding	hypothetical protein	false		refseq|uniprot	false
PA1097	fleQ		protein_coding	transcriptional regulator FleQ	true	go_0006355|kw_transcription_regulation|producto_refseq	refseq|uniprot	false
PA1098	fleS		protein_coding	two-component sensor	true	kw_two_component|producto_refseq	refseq|uniprot	false
PA1099	fleR		protein_coding	two-component response regulator	true	kw_transcription_regulation|kw_two_component|producto_refseq	refseq|uniprot	false
PA1100	fliE		protein_coding	flagellar hook-basal body complex protein FliE	false		refseq|uniprot	false
PA1101	fliF		protein_coding	flagellar MS-ring protein	false		refseq|uniprot	false
PA1102	fliG		protein_coding	flagellar motor switch protein FliG	false		refseq|uniprot	false
PA1103			protein_coding	flagellar assembly protein FliH	false		refseq|uniprot	false
PA1104	fliI		protein_coding	flagellum-specific ATP synthase	false		refseq|uniprot	false
PA1105	fliJ		protein_coding	flagellar biosynthesis chaperone	false		refseq|uniprot	false
PA1106			protein_coding	hypothetical protein	false		refseq|uniprot	false
PA1107			protein_coding	hypothetical protein	false		refseq|uniprot	false
PA1108			protein_coding	major facilitator superfamily transporter	false		refseq|uniprot	false
PA1109			protein_coding	transcriptional regulator	true	go_0003700|go_0006355|kw_transcription_regulation|producto_refseq	refseq|uniprot	false
PA1110			protein_coding	hypothetical protein	false		refseq|uniprot	false
PA1111			protein_coding	hypothetical protein	false		refseq|uniprot	false
PA1112			protein_coding	hypothetical protein	false		refseq|uniprot	false
PA1112.1			ncRNA		false		refseq	false
PA1113			protein_coding	ABC transporter ATP-binding protein/permease	false		refseq|uniprot	false
PA1114			protein_coding	hypothetical protein	false		refseq|uniprot	false
PA1115			protein_coding	hypothetical protein	false		refseq|uniprot	false
PA1116			protein_coding	hypothetical protein	false		refseq|uniprot	false
PA1117			protein_coding	hypothetical protein	false		refseq|uniprot	false
PA1118			protein_coding	hypothetical protein	false		refseq|uniprot	false
PA1119	yfiB		protein_coding	hypothetical protein	false		refseq|uniprot	false
PA1120	tpbB	yfiN	protein_coding	diguanylate cyclase	false		refseq|uniprot	false
PA1121	yfiR		protein_coding	hypothetical protein	false		refseq|uniprot	false
PA1122			pseudogene		false		refseq|uniprot	false
PA1123			protein_coding	hypothetical protein	false		refseq|uniprot	false
PA1124	dgt		protein_coding	deoxyguanosinetriphosphate triphosphohydrolase	false		refseq|uniprot	true
PA1125	cobB1		protein_coding	NAD-dependent protein deacylase	false		refseq|uniprot	false
PA1126			protein_coding	hypothetical protein	false		refseq|uniprot	false
PA1127			protein_coding	oxidoreductase	false		refseq|uniprot	false
PA1128			protein_coding	transcriptional regulator	true	go_0003700|kw_transcription_regulation|producto_refseq	refseq|uniprot	false
PA1129	fosA		protein_coding	glutathione transferase FosA	false		refseq|uniprot	false
PA1130	rhlC		protein_coding	rhamnosyltransferase	false		refseq|uniprot	false
PA1131			protein_coding	major facilitator superfamily transporter	false		refseq|uniprot	false
PA1132			protein_coding	hypothetical protein	false		refseq|uniprot	false
PA1133			protein_coding	hypothetical protein	false		refseq|uniprot	false
PA1134			protein_coding	hypothetical protein	false		refseq|uniprot	false
PA1135	hchA		protein_coding	molecular chaperone Hsp31/glyoxalase	false		refseq|uniprot	false
PA1136			protein_coding	transcriptional regulator	true	go_0006355|kw_transcription_regulation|producto_refseq	refseq|uniprot	false
PA1137			protein_coding	oxidoreductase	false		refseq|uniprot	false
PA1138			protein_coding	transcriptional regulator	true	go_0003700|kw_transcription_regulation|producto_refseq	refseq|uniprot	false
PA1139			protein_coding	hypothetical protein	false		refseq|uniprot	false
PA1140			protein_coding	hypothetical protein	false		refseq|uniprot	false
PA1141			protein_coding	transcriptional regulator	true	go_0003700|go_0006355|kw_transcription_regulation|producto_refseq	refseq|uniprot	false
PA1142			protein_coding	transcriptional regulator	true	go_0003700|kw_transcription_regulation|producto_refseq	refseq|uniprot	false
PA1143			protein_coding	hypothetical protein	false		refseq|uniprot	false
PA1144			protein_coding	major facilitator superfamily transporter	false		refseq|uniprot	false
PA1145			protein_coding	transcriptional regulator	true	go_0003700|go_0006355|kw_transcription_regulation|producto_refseq	refseq|uniprot	false
PA1146			protein_coding	iron-containing alcohol dehydrogenase	false		refseq|uniprot	false
PA1147			protein_coding	amino acid permease	false		refseq|uniprot	false
PA1148	toxA	eta	protein_coding	exotoxin A	false		refseq|uniprot	true
PA1149			protein_coding	hypothetical protein	false		refseq|uniprot	false
PA1150	pys2		protein_coding	pyocin-S2	false		refseq|uniprot	false
PA1151	imm2		protein_coding	pyocin-S2 immunity protein	false		refseq|uniprot	false
PA1153			protein_coding	hypothetical protein	false		refseq|uniprot	false
PA1154			protein_coding	hypothetical protein	false		refseq|uniprot	false
PA1155	nrdB		protein_coding	ribonucleotide-diphosphate reductase subunit beta	false		refseq|uniprot	false
PA1156	nrdA		protein_coding	ribonucleotide-diphosphate reductase subunit alpha	false		refseq|uniprot	false
PA1157			protein_coding	two-component response regulator	true	go_0006355|kw_transcription_regulation|kw_two_component|producto_refseq	refseq|uniprot	false
PA1158			protein_coding	two-component sensor	false		refseq|uniprot	false
PA1159			protein_coding	cold-shock protein	false		refseq|uniprot	false
PA1160			protein_coding	hypothetical protein	false		refseq|uniprot	false
PA1161	rrmA		protein_coding	rRNA methyltransferase	false		refseq|uniprot	false
PA1162	dapE		protein_coding	succinyl-diaminopimelate desuccinylase	false		refseq|uniprot	false
PA1163	ndvB		protein_coding	glycosyl transferase	false		refseq|uniprot	false
PA1164			protein_coding	hypothetical protein	false		refseq|uniprot	false
PA1165	pcpS		protein_coding	4'-phosphopantetheinyl transferase	false		refseq|uniprot	false
PA1166			protein_coding	hypothetical protein	false		refseq|uniprot	false
PA1167			protein_coding	hypothetical protein	false		refseq|uniprot	false
PA1168			protein_coding	hypothetical protein	false		refseq|uniprot	false
PA1169	loxA		protein_coding	arachidonate 15-lipoxygenase	false		refseq|uniprot	false
PA1170			protein_coding	hypothetical protein	false		refseq|uniprot	false
PA1171			protein_coding	transglycosylase	false		refseq|uniprot	false
PA1172	napC		protein_coding	cytochrome C protein NapC	false		refseq|uniprot	false
PA1173	napB		protein_coding	cytochrome C protein NapB	false		refseq|uniprot	false
PA1174	napA		protein_coding	nitrate reductase catalytic subunit	false		refseq|uniprot	false
PA1175	napD		protein_coding	nitrate reductase biosynthesis protein NapD	false		refseq|uniprot	false
PA1176	napF		protein_coding	ferredoxin protein NapF	false		refseq|uniprot	false
PA1177	napE		protein_coding	nitrate reductase protein NapE	false		refseq|uniprot	false
PA1178	oprH		protein_coding	PhoP/Q and low Mg2+ inducible outer membrane protein H1	false		refseq|uniprot	false
PA1179	phoP		protein_coding	two-component response regulator PhoP	true	go_0006355|kw_transcription_regulation|kw_two_component|producto_refseq	refseq|uniprot	false
PA1180	phoQ		protein_coding	two-component sensor PhoQ	true	kw_two_component|producto_refseq	refseq|uniprot	false
PA1181			protein_coding	sensor protein	false		refseq|uniprot	false
PA1182			protein_coding	transcriptional regulator	true	go_0003700|kw_transcription_regulation|producto_refseq	refseq|uniprot	false
PA1183	dctA	dctA2	protein_coding	C4-dicarboxylate transport protein	false		refseq|uniprot	false
PA1184			protein_coding	transcriptional regulator	true	go_0003700|kw_transcription_regulation|producto_refseq	refseq|uniprot	false
PA1185			protein_coding	glutathione S-transferase	false		refseq|uniprot	false
PA1186			protein_coding	hypothetical protein	false		refseq|uniprot	false
PA1187			protein_coding	acyl-CoA dehydrogenase	false		refseq|uniprot	false
PA1188			protein_coding	hypothetical protein	false		refseq|uniprot	false
PA1189	sprT		protein_coding	Zn-dependent metalloprotease	false		refseq|uniprot	false
PA1190			protein_coding	hypothetical protein	false		refseq|uniprot	false
PA1191			protein_coding	hypothetical protein	false		refseq|uniprot	false
PA1192	ttcA		protein_coding	tRNA 2-thiocytidine biosynthesis protein TtcA	false		refseq|uniprot	false
PA1193			protein_coding	hypothetical protein	false		refseq|uniprot	false
PA1194			protein_coding	amino acid permease	false		refseq|uniprot	false
PA1195			protein_coding	hypothetical protein	false		refseq|uniprot	false
PA1196			protein_coding	transcriptional regulator	true	kw_transcription_regulation|producto_refseq	refseq|uniprot	false
PA1197	cobB2		protein_coding	NAD-dependent protein deacylase	false		refseq|uniprot	false
PA1198			protein_coding	hypothetical protein	false		refseq|uniprot	false
PA1199			protein_coding	lipoprotein	false		refseq|uniprot	false
PA1200			protein_coding	hypothetical protein	false		refseq|uniprot	false
PA1201			protein_coding	transcriptional regulator	true	go_0003700|kw_transcription_regulation|producto_refseq	refseq|uniprot	false
PA1202			protein_coding	hydrolase	false		refseq|uniprot	false
PA1203			protein_coding	hypothetical protein	false		refseq|uniprot	false
PA1204			protein_coding	NAD(P)H-dependent FMN reductase	false		refseq|uniprot	false
PA1205			protein_coding	quercetin 2,3-dioxygenase	false		refseq|uniprot	false
PA1206			protein_coding	hypothetical protein	false		refseq|uniprot	false
PA1207	kefB		protein_coding	glutathione-regulated potassium-efflux system protein KefB	false		refseq|uniprot	false
PA1208			protein_coding	hypothetical protein	false		refseq|uniprot	false
PA1209			protein_coding	hypothetical protein	false		refseq|uniprot	false
PA1210			protein_coding	quercetin 2,3-dioxygenase	false		refseq|uniprot	false
PA1211			protein_coding	hypothetical protein	false		refseq|uniprot	false
PA1212			protein_coding	major facilitator superfamily transporter	false		refseq|uniprot	false
PA1213			protein_coding	hypothetical protein	false		refseq|uniprot	false
PA1214			protein_coding	hypothetical protein	false		refseq|uniprot	false
PA1215			protein_coding	hypothetical protein	false		refseq|uniprot	false
PA1216			protein_coding	hypothetical protein	false		refseq|uniprot	false
PA1217			protein_coding	2-isopropylmalate synthase	false		refseq|uniprot	false
PA1218			protein_coding	hypothetical protein	false		refseq|uniprot	false
PA1219			protein_coding	hypothetical protein	false		refseq|uniprot	false
PA1220			protein_coding	hypothetical protein	false		refseq|uniprot	false
PA1221			protein_coding	hypothetical protein	false		refseq|uniprot	false
PA1222			protein_coding	membrane-bound lytic murein transglycosylase A	false		refseq|uniprot	false
PA1223			protein_coding	transcriptional regulator	true	go_0003700|go_0006355|kw_transcription_regulation|producto_refseq	refseq|uniprot	false
PA1224			protein_coding	NAD(P)H dehydrogenase	false		refseq|uniprot	false
PA1225			protein_coding	NAD(P)H dehydrogenase	false		refseq|uniprot	false
PA1226			protein_coding	transcriptional regulator	true	go_0003700|go_0006355|producto_refseq	refseq|uniprot	false
PA1227			protein_coding	hypothetical protein	false		refseq|uniprot	false
PA1228			protein_coding	hypothetical protein	false		refseq|uniprot	false
PA1229			protein_coding	transcriptional regulator	true	go_0003700|go_0006355|kw_transcription_regulation|producto_refseq	refseq|uniprot	false
PA1230			protein_coding	hypothetical protein	false		refseq|uniprot	false
PA1231			protein_coding	hypothetical protein	false		refseq|uniprot	false
PA1232			protein_coding	hypothetical protein	false		refseq|uniprot	false
PA1233			protein_coding	hypothetical protein	false		refseq|uniprot	false
PA1234			protein_coding	hypothetical protein	false		refseq|uniprot	false
PA1235			protein_coding	transcriptional regulator	true	go_0003700|go_0006355|kw_transcription_regulation|producto_refseq	refseq|uniprot	false
PA1236			protein_coding	major facilitator superfamily transporter	false		refseq|uniprot	false
PA1237			protein_coding	multidrug resistance efflux pump	false		refseq|uniprot	false
PA1238			protein_coding	multidrug efflux pump outer membrane protein	false		refseq|uniprot	false
PA1239			protein_coding	hypothetical protein	false		refseq|uniprot	false
PA1240			protein_coding	enoyl-CoA hydratase	false		refseq|uniprot	false
PA1241			protein_coding	transcriptional regulator	true	kw_transcription_regulation|producto_refseq	refseq|uniprot	false
PA1242			protein_coding	hypothetical protein	false		refseq|uniprot	false
PA1243			protein_coding	sensor/response regulator hybrid protein	false		refseq|uniprot	false
PA1244			protein_coding	hypothetical protein	false		refseq|uniprot	false
PA1245			protein_coding	hypothetical protein	false		refseq|uniprot	false
PA1246	aprD		protein_coding	alkaline protease secretion ATP-binding protein AprD	false		refseq|uniprot	false
PA1247	aprE		protein_coding	alkaline protease secretion protein AprE	false		refseq|uniprot	false
PA1248	aprF		protein_coding	alkaline protease secretion protein AprF	false		refseq|uniprot	false
PA1249	aprA		protein_coding	alkaline metalloproteinase	false		refseq|uniprot	false
PA1250	aprI	inh	protein_coding	alkaline proteinase inhibitor AprI	false		refseq|uniprot	true
PA1251			protein_coding	chemotaxis transducer	false		refseq|uniprot	false
PA1252	lhpD	lhpH	protein_coding	bifunctional Delta(1)-pyrroline-2-carboxylate/Delta(1)-piperideine-2-carboxylate reductase	false		refseq|uniprot	false
PA1253			protein_coding	semialdehyde dehydrogenase	false		refseq|uniprot	false
PA1254			protein_coding	dihydrodipicolinate synthetase	false		refseq|uniprot	false
PA1255	lhpL		protein_coding	trans-3-hydroxy-L-proline dehydratase	false		refseq|uniprot	false
PA1256			protein_coding	amino acid ABC transporter ATP binding protein	false		refseq|uniprot	false
PA1257			protein_coding	amino acid ABC transporter permease	false		refseq|uniprot	false
PA1258			protein_coding	ABC transporter permease	false		refseq|uniprot	false
PA1259	lhpI		protein_coding	hypothetical protein	false		refseq|uniprot	false
PA1260			protein_coding	amino acid ABC transporter substrate-binding protein	false		refseq|uniprot	false
PA1261			protein_coding	transcriptional regulator	true	go_0003700|go_0006355|kw_transcription_regulation|producto_refseq	refseq|uniprot	false
PA1262			protein_coding	major facilitator superfamily transporter	false		refseq|uniprot	false
PA1263			protein_coding	hypothetical protein	false		refseq|uniprot	false
PA1264			protein_coding	transcriptional regulator	true	go_0003700|go_0006355|kw_transcription_regulation|producto_refseq	refseq|uniprot	false
PA1265			protein_coding	hypothetical protein	false		refseq|uniprot	false
PA1266			protein_coding	oxidoreductase	false		refseq|uniprot	false
PA1267			protein_coding	hypothetical protein	false		refseq|uniprot	false
PA1268			protein_coding	4-hydroxyproline 2-epimerase	false		refseq|uniprot	false
PA1269			protein_coding	transcriptional regulator	true	go_0003700|go_0006355|kw_transcription_regulation|producto_refseq	refseq|uniprot	false
PA1270			protein_coding	hypothetical protein	false		refseq|uniprot	false
PA1271			protein_coding	tonB-dependent receptor	false		refseq|uniprot	false
PA1272	cobO		protein_coding	cob(I)yrinic acid a,c-diamide adenosyltransferase	false		refseq|uniprot	false
PA1273	cobB		protein_coding	hydrogenobyrinate a,c-diamide synthase	false		refseq|uniprot	false
PA1274			protein_coding	5,6-dimethylbenzimidazole synthase	false		refseq|uniprot	false
PA1275	cobD		protein_coding	cobalamin biosynthesis protein CobD	false		refseq|uniprot	false
PA1276	cobC		protein_coding	threonine-phosphate decarboxylase	false		refseq|uniprot	false
PA1277	cobQ		protein_coding	cobyric acid synthase	false		refseq|uniprot	false
PA1278	cobP		protein_coding	bifunctional adenosylcobinamide kinase/adenosylcobinamide-phosphate guanylyltransferase	false		refseq|uniprot	false
PA1279	cobU	cobT	protein_coding	nicotinate-nucleotide--dimethylbenzimidazole phosphoribosyltransferase	false		refseq|uniprot	false
PA1280			protein_coding	hypothetical protein	false		refseq|uniprot	false
PA1281	cobV	cobS	protein_coding	adenosylcobinamide-GDP ribazoletransferase	false		refseq|uniprot	false
PA1282			protein_coding	major facilitator superfamily transporter	false		refseq|uniprot	false
PA1283			protein_coding	transcriptional regulator	true	go_0003700|go_0006355|kw_transcription_regulation|producto_refseq	refseq|uniprot	false
PA1284			protein_coding	acyl-CoA dehydrogenase	false		refseq|uniprot	false
PA1285			protein_coding	transcriptional regulator	true	go_0003700|go_0006355|producto_refseq	refseq|uniprot	false
PA1286			protein_coding	major facilitator superfamily transporter	false		refseq|uniprot	false
PA1287			protein_coding	glutathione peroxidase	false		refseq|uniprot	false
PA1288			protein_coding	hypothetical protein	false		refseq|uniprot	false
PA1289			protein_coding	hypothetical protein	false		refseq|uniprot	false
PA1290			protein_coding	transcriptional regulator	true	go_0003700|go_0006355|kw_transcription_regulation|producto_refseq	refseq|uniprot	false
PA1291			protein_coding	hypothetical protein	false		refseq|uniprot	false
PA1292	sseA		protein_coding	3-mercaptopyruvate sulfurtransferase	false		refseq|uniprot	false
PA1293			protein_coding	hypothetical protein	false		refseq|uniprot	false
PA1294	rnd		protein_coding	ribonuclease D	false		refseq|uniprot	true
PA1295			protein_coding	hypothetical protein	false		refseq|uniprot	false
PA1296			protein_coding	2-hydroxyacid dehydrogenase	false		refseq|uniprot	false
PA1297			protein_coding	metal transporter	false		refseq|uniprot	false
PA1298			protein_coding	hypothetical protein	false		refseq|uniprot	false
PA1299			protein_coding	hypothetical protein	false		refseq|uniprot	false
PA1300			protein_coding	ECF subfamily sigma-70 factor	true	go_0006355|kw_transcription_regulation|kw_sigma_factor|producto_refseq	refseq|uniprot	false
PA1301			protein_coding	transmembrane sensor	false		refseq|uniprot	false
PA1302			protein_coding	heme utilization protein	false		refseq|uniprot	false
PA1303			protein_coding	signal peptidase	false		refseq|uniprot	false
PA1304			protein_coding	oligopeptidase	false		refseq|uniprot	false
PA1305			protein_coding	hypothetical protein	false		refseq|uniprot	false
PA1306			protein_coding	HIT family protein	false		refseq|uniprot	false
PA1307			protein_coding	hypothetical protein	false		refseq|uniprot	false
PA1308			protein_coding	hypothetical protein	false		refseq|uniprot	false
PA1309			protein_coding	transcriptional regulator	true	go_0003700|go_0006355|kw_transcription_regulation|producto_refseq	refseq|uniprot	false
PA1310	phnW		protein_coding	2-aminoethylphosphonate--pyruvate transaminase	false		refseq|uniprot	false
PA1311	phnX		protein_coding	phosphonoacetaldehyde hydrolase	false		refseq|uniprot	false
PA1312			protein_coding	transcriptional regulator	true	go_0003700|kw_transcription_regulation|producto_refseq	refseq|uniprot	false
PA1313			protein_coding	major facilitator superfamily transporter	false		refseq|uniprot	false
PA1314			protein_coding	hypothetical protein	false		refseq|uniprot	false
PA1315			protein_coding	transcriptional regulator	true	go_0003700|go_0006355|producto_refseq	refseq|uniprot	false
PA1316			protein_coding	major facilitator superfamily transporter	false		refseq|uniprot	false
PA1317	cyoA		protein_coding	cytochrome o ubiquinol oxidase subunit II	false		refseq|uniprot	false
PA1318	cyoB		protein_coding	cytochrome o ubiquinol oxidase subunit I	false		refseq|uniprot	false
PA1319	cyoC		protein_coding	cytochrome o ubiquinol oxidase subunit III	false		refseq|uniprot	false
PA1320	cyoD		protein_coding	cytochrome o ubiquinol oxidase subunit IV	false		refseq|uniprot	false
PA1321	cyoE	cyoE2	protein_coding	protoheme IX farnesyltransferase	false		refseq|uniprot	false
PA1322			protein_coding	TonB-dependent receptor	false		refseq|uniprot	false
PA1323			protein_coding	hypothetical protein	false		refseq|uniprot	false
PA1324			protein_coding	hypothetical protein	false		refseq|uniprot	false
PA1324.1			ncRNA	P9	false		refseq	false
PA1325			protein_coding	hypothetical protein	false		refseq|uniprot	false
PA1326	ilvA2	ilvA	protein_coding	threonine dehydratase	false		refseq|uniprot	false
PA1327			protein_coding	protease	false		refseq|uniprot	false
PA1328			protein_coding	transcriptional regulator	true	go_0003700|kw_transcription_regulation|producto_refseq	refseq|uniprot	false
PA1329			protein_coding	hypothetical protein	false		refseq|uniprot	false
PA1330			protein_coding	short-chain dehydrogenase	false		refseq|uniprot	false
PA1331			protein_coding	hypothetical protein	false		refseq|uniprot	false
PA1332			protein_coding	hypothetical protein	false		refseq|uniprot	false
PA1333			protein_coding	hypothetical protein	false		refseq|uniprot	false
PA1334			protein_coding	oxidoreductase	false		refseq|uniprot	false
PA1335			protein_coding	two-component response regulator	true	kw_transcription_regulation|kw_two_component|producto_refseq	refseq|uniprot	false
PA1336			protein_coding	two-component sensor	true	kw_two_component|producto_refseq	refseq|uniprot	false
PA1337	ansB		protein_coding	glutaminase-asparaginase	false		refseq|uniprot	false
PA1338	ggt		protein_coding	gamma-glutamyltranspeptidase	false		refseq|uniprot	true
PA1339			protein_coding	amino acid ABC transporter ATP binding protein	false		refseq|uniprot	false
PA1340			protein_coding	amino acid ABC transporter permease	false		refseq|uniprot	false
PA1341			protein_coding	amino acid ABC transporter permease	false		refseq|uniprot	false
PA1342			protein_coding	ABC transporter	false		refseq|uniprot	false
PA1343			protein_coding	hypothetical protein	false		refseq|uniprot	false
PA1344			protein_coding	short-chain dehydrogenase	false		refseq|uniprot	false
PA1345			protein_coding	hypothetical protein	false		refseq|uniprot	false
PA1346			protein_coding	hypothetical protein	false		refseq|uniprot	false
PA1347			protein_coding	transcriptional regulator	true	go_0006355|kw_transcription_regulation|producto_refseq	refseq|uniprot	false
PA1348			protein_coding	hypothetical protein	false		refseq|uniprot	false
PA1349			protein_coding	hypothetical protein	false		refseq|uniprot	false
PA1350			protein_coding	hypothetical protein	false		refseq|uniprot	false
PA1351			protein_coding	ECF subfamily sigma-70 factor	false		refseq|uniprot	false
PA1352			protein_coding	hypothetical protein	false		refseq|uniprot	false
PA1353			protein_coding	hypothetical protein	false		refseq|uniprot	false
PA1354			protein_coding	hypothetical protein	false		refseq|uniprot	false
PA1355			protein_coding	hypothetical protein	false		refseq|uniprot	false
PA1356			protein_coding	hypothetical protein	false		refseq|uniprot	false
PA1357			protein_coding	hypothetical protein	false		refseq|uniprot	false
PA1358			protein_coding	hypothetical protein	false		refseq|uniprot	false
PA1359			protein_coding	transcriptional regulator	true	go_0003700|go_0006355|kw_transcription_regulation|producto_refseq	refseq|uniprot	false
PA1360			protein_coding	hypothetical protein	false		refseq|uniprot	false
PA1361	pmpM	norM	protein_coding	multidrug resistance protein PmpM	false		refseq|uniprot	false
PA1362			protein_coding	hypothetical protein	false		refseq|uniprot	false
PA1363			protein_coding	ECF subfamily sigma-70 factor	true	go_0006355|kw_transcription_regulation|kw_sigma_factor|producto_refseq	refseq|uniprot	false
PA1364			protein_coding	transmembrane sensor	false		refseq|uniprot	false
PA1365			protein_coding	siderophore receptor	false		refseq|uniprot	false
PA1366			protein_coding	hypothetical protein	false		refseq|uniprot	false
PA1367			protein_coding	hypothetical protein	false		refseq|uniprot	false
PA1368			protein_coding	hypothetical protein	false		refseq|uniprot	false
PA1369			protein_coding	hypothetical protein	false		refseq|uniprot	false
PA1370			protein_coding	hypothetical protein	false		refseq|uniprot	false
PA1371			protein_coding	hypothetical protein	false		refseq|uniprot	false
PA1372			protein_coding	hypothetical protein	false		refseq|uniprot	false
PA1373	fabF2		protein_coding	3-oxoacyl-ACP synthase	false		refseq|uniprot	false
PA1374			protein_coding	hypothetical protein	true	go_0003700|go_0006355|kw_transcription_regulation	refseq|uniprot	false
PA1375	pdxB		protein_coding	erythronate-4-phosphate dehydrogenase	false		refseq|uniprot	false
PA1376	aceK		protein_coding	bifunctional isocitrate dehydrogenase kinase/phosphatase	false		refseq|uniprot	false
PA1377			protein_coding	hypothetical protein	false		refseq|uniprot	false
PA1378			protein_coding	hypothetical protein	false		refseq|uniprot	false
PA1379			protein_coding	short-chain dehydrogenase	false		refseq|uniprot	false
PA1380			protein_coding	transcriptional regulator	true	go_0006355|kw_transcription_regulation|producto_refseq	refseq|uniprot	false
PA1381			protein_coding	hypothetical protein	false		refseq|uniprot	false
PA1382			protein_coding	type II secretion system protein	false		refseq|uniprot	false
PA1383			protein_coding	hypothetical protein	false		refseq|uniprot	false
PA1384	galE		protein_coding	UDP-glucose 4-epimerase	false		refseq|uniprot	false
PA1385			protein_coding	glycosyl transferase family protein	false		refseq|uniprot	false
PA1386			protein_coding	ABC transporter ATP-binding protein	false		refseq|uniprot	false
PA1387			protein_coding	hypothetical protein	false		refseq|uniprot	false
PA1388			protein_coding	hypothetical protein	false		refseq|uniprot	false
PA1389			protein_coding	glycosyl transferase family protein	false		refseq|uniprot	false
PA1390			protein_coding	glycosyl transferase family protein	false		refseq|uniprot	false
PA1391			protein_coding	glycosyl transferase family protein	false		refseq|uniprot	false
PA1392			protein_coding	hypothetical protein	false		refseq|uniprot	false
PA1393	cysC		protein_coding	adenylyl-sulfate kinase	false		refseq|uniprot	false
PA1394			protein_coding	hypothetical protein	false		refseq|uniprot	false
PA1395			protein_coding	hypothetical protein	false		refseq|uniprot	false
PA1396			protein_coding	two-component sensor	true	kw_two_component|producto_refseq	refseq|uniprot	false
PA1397			protein_coding	two-component response regulator	true	go_0006355|producto_refseq	refseq|uniprot	false
PA1398			protein_coding	hypothetical protein	false		refseq|uniprot	false
PA1399			protein_coding	transcriptional regulator	true	go_0003700|go_0006355|kw_transcription_regulation|producto_refseq	refseq|uniprot	false
PA1400			protein_coding	pyruvate carboxylase	false		refseq|uniprot	false
PA1401			protein_coding	hypothetical protein	false		refseq|uniprot	false
PA1402			protein_coding	hypothetical protein	false		refseq|uniprot	false
PA1403			protein_coding	transcriptional regulator	true	go_0003700|go_0006355|producto_refseq	refseq|uniprot	false
PA1404			protein_coding	hypothetical protein	false		refseq|uniprot	false
PA1405			protein_coding	helicase	false		refseq|uniprot	false
PA1406			protein_coding	hypothetical protein	false		refseq|uniprot	false
PA1407			protein_coding	hypothetical protein	false		refseq|uniprot	false
PA1408			protein_coding	hypothetical protein	false		refseq|uniprot	false
PA1409	aphA		protein_coding	acetylpolyamine aminohydrolase	false		refseq|uniprot	false
PA1410			protein_coding	spermidine/putrescine-binding protein	false		refseq|uniprot	false
PA1411			protein_coding	hypothetical protein	false		refseq|uniprot	false
PA1412			protein_coding	hypothetical protein	false		refseq|uniprot	false
PA1413			protein_coding	transcriptional regulator	true	go_0003700|go_0006355|kw_transcription_regulation|producto_refseq	refseq|uniprot	false
PA1414			protein_coding	hypothetical protein	false		refseq	false
PA1415			protein_coding	hypothetical protein	false		refseq|uniprot	false
PA1416			protein_coding	hypothetical protein	false		refseq|uniprot	false
PA1417			protein_coding	hypothetical protein	false		refseq|uniprot	false
PA1418			protein_coding	sodium:solute symport protein	false		refseq|uniprot	false
PA1419			protein_coding	transporter	false		refseq|uniprot	false
PA1420			protein_coding	hypothetical protein	false		refseq|uniprot	false
PA1421	gbuA		protein_coding	guanidinobutyrase	false		refseq|uniprot	false
PA1422	gbuR		protein_coding	protein GbuR	true	go_0003700|go_0006355|kw_transcription_regulation	refseq|uniprot	false
PA1423	bdlA		protein_coding	biofilm dispersion protein	false		refseq|uniprot	false
PA1424			protein_coding	hypothetical protein	false		refseq|uniprot	false
PA1425			protein_coding	ABC transporter ATP-binding protein	false		refseq|uniprot	false
PA1428			protein_coding	hypothetical protein	false		refseq|uniprot	false
PA1429			protein_coding	cation-transporting P-type ATPase	false		refseq|uniprot	false
PA1430	lasR		protein_coding	transcriptional regulator LasR	true	go_0003700|go_0006355|kw_transcription_regulation|producto_refseq	refseq|uniprot	false
PA1431	rsaL		protein_coding	regulatory protein RsaL	true	go_0006355	refseq|uniprot	false
PA1432	lasI		protein_coding	acyl-homoserine-lactone synthase	false		refseq|uniprot	false
PA1433			protein_coding	hypothetical protein	false		refseq|uniprot	false
PA1434			protein_coding	hypothetical protein	false		refseq|uniprot	false
PA1435			protein_coding	resistance-nodulation-cell division (RND) efflux membrane fusion protein	false		refseq|uniprot	false
PA1436			protein_coding	resistance-nodulation-cell division (RND) efflux transporter	false		refseq|uniprot	false
PA1437			protein_coding	two-component response regulator	true	go_0006355|kw_transcription_regulation|kw_two_component|producto_refseq	refseq|uniprot	false
PA1438			protein_coding	two-component sensor	true	kw_two_component|producto_refseq	refseq|uniprot	false
PA1439			protein_coding	hypothetical protein	false		refseq|uniprot	false
PA1440			protein_coding	hypothetical protein	false		refseq|uniprot	false
PA1441			protein_coding	hypothetical protein	false		refseq|uniprot	false
PA1442			protein_coding	flagellar basal body protein FliL	false		refseq|uniprot	false
PA1443	fliM		protein_coding	flagellar motor switch protein FliM	false		refseq|uniprot	false
PA1444	fliN		protein_coding	flagellar motor switch protein FliN	false		refseq|uniprot	false
PA1445	fliO		protein_coding	flagellar protein FliO	false		refseq|uniprot	false
PA1446	fliP		protein_coding	flagellar biosynthesis protein FliP	false		refseq|uniprot	false
PA1447	fliQ		protein_coding	flagellar biosynthesis protein FliQ	false		refseq|uniprot	false
PA1448	fliR		protein_coding	flagellar biosynthesis protein FliR	false		refseq|uniprot	false
PA1449	flhB		protein_coding	flagellar biosynthesis protein FlhB	false		refseq|uniprot	false
PA1450			protein_coding	hypothetical protein	false		refseq|uniprot	false
PA1451			protein_coding	hypothetical protein	false		refseq|uniprot	false
PA1452	flhA		protein_coding	flagellar biosynthesis protein FlhA	false		refseq|uniprot	false
PA1453	flhF		protein_coding	flagellar biosynthesis regulator FlhF	false		refseq|uniprot	false
PA1454	fleN		protein_coding	flagellar synthesis regulator FleN	false		refseq|uniprot	false
PA1455	fliA	rpoF	protein_coding	flagellar biosynthesis sigma factor FliA	true	go_0006355|kw_transcription_regulation|kw_sigma_factor|producto_refseq	refseq|uniprot	false
PA1456	cheY		protein_coding	chemotaxis protein CheY	true	kw_two_component	refseq|uniprot	false
PA1457	cheZ		protein_coding	protein phosphatase CheZ	false		refseq|uniprot	false
PA1458			protein_coding	two-component sensor	true	kw_two_component|producto_refseq	refseq|uniprot	false
PA1459	cheB1	cheB	protein_coding	chemotaxis-specific methylesterase	false		refseq|uniprot	false
PA1460	motC		protein_coding	flagellar motor protein	false		refseq|uniprot	false
PA1461	motD		protein_coding	flagellar motor protein MotD	false		refseq|uniprot	false
PA1462			protein_coding	plasmid partitioning protein	false		refseq|uniprot	false
PA1463			protein_coding	hypothetical protein	false		refseq|uniprot	false
PA1464			protein_coding	purine-binding chemotaxis protein	false		refseq|uniprot	false
PA1465			protein_coding	hypothetical protein	false		refseq|uniprot	false
PA1466			protein_coding	hypothetical protein	false		refseq|uniprot	false
PA1467			protein_coding	hypothetical protein	true	go_0003700|kw_transcription_regulation	refseq|uniprot	false
PA1468			protein_coding	hypothetical protein	false		refseq|uniprot	false
PA1469			protein_coding	hypothetical protein	false		refseq|uniprot	false
PA1470			protein_coding	short-chain dehydrogenase	false		refseq|uniprot	false
PA1471			protein_coding	hypothetical protein	false		refseq|uniprot	false
PA1472			protein_coding	hypothetical protein	false		refseq|uniprot	false
PA1473			protein_coding	hypothetical protein	false		refseq|uniprot	false
PA1474			protein_coding	hypothetical protein	false		refseq|uniprot	false
PA1475	ccmA		protein_coding	cytochrome c biogenesis ATP-binding export protein CcmA	false		refseq|uniprot	false
PA1476	ccmB		protein_coding	heme exporter protein CcmB	false		refseq|uniprot	false
PA1477	ccmC		protein_coding	heme exporter protein CcmC	false		refseq|uniprot	false
PA1478	ccmD		protein_coding	heme exporter protein CcmD	false		refseq|uniprot	false
PA1479	ccmE	cycJ	protein_coding	cytochrome c-type biogenesis protein CcmE	false		refseq|uniprot	false
PA1480	ccmF		protein_coding	cytochrome c-type biogenesis protein CcmF	false		refseq|uniprot	false
PA1481	ccmG	dsbE	protein_coding	cytochrome c-type biogenesis protein CcmG	false		refseq|uniprot	false
PA1482	ccmH		protein_coding	cytochrome c-type biogenesis protein CcmH	false		refseq|uniprot	false
PA1483	cycH		protein_coding	cytochrome c-type biogenesis protein CycH	false		refseq|uniprot	false
PA1484			protein_coding	transcriptional regulator	true	go_0003700|go_0006355|kw_transcription_regulation|producto_refseq	refseq|uniprot	false
PA1485			protein_coding	amino acid permease	false		refseq|uniprot	false
PA1486			protein_coding	hypothetical protein	false		refseq|uniprot	false
PA1487			protein_coding	carbohydrate kinase	false		refseq|uniprot	false
PA1488			protein_coding	hypothetical protein	false		refseq|uniprot	false
PA1489			protein_coding	hypothetical protein	false		refseq|uniprot	false
PA1490			protein_coding	transcriptional regulator	true	go_0006355|kw_transcription_regulation|producto_refseq	refseq|uniprot	false
PA1491			protein_coding	transporter	false		refseq|uniprot	false
PA1492			protein_coding	hypothetical protein	false		refseq|uniprot	false
PA1493	cysP		protein_coding	sulfate ABC transporter substrate-binding protein	false		refseq|uniprot	false
PA1494			protein_coding	hypothetical protein	false		refseq|uniprot	false
PA1495			protein_coding	hypothetical protein	false		refseq|uniprot	false
PA1496			protein_coding	potassium channel	false		refseq|uniprot	false
PA1497			protein_coding	transporter	false		refseq|uniprot	false
PA1498	pykF		protein_coding	pyruvate kinase	false		refseq|uniprot	false
PA1499			protein_coding	hypothetical protein	false		refseq|uniprot	false
PA1500			protein_coding	2-hydroxy-3-oxopropionate reductase	false		refseq|uniprot	false
PA1501			protein_coding	hypothetical protein	false		refseq|uniprot	false
PA1502	gcl		protein_coding	glyoxylate carboligase	false		refseq|uniprot	true
PA1503			protein_coding	hypothetical protein	false		refseq|uniprot	false
PA1504			protein_coding	transcriptional regulator	true	go_0003700|go_0006355|producto_refseq	refseq|uniprot	false
PA1505	moaA2		protein_coding	cyclic pyranopterin monophosphate synthase	false		refseq|uniprot	false
PA1506			protein_coding	hypothetical protein	false		refseq|uniprot	false
PA1507			protein_coding	transporter	false		refseq|uniprot	false
PA1508			protein_coding	hypothetical protein	false		refseq|uniprot	false
PA1509			protein_coding	hypothetical protein	false		refseq|uniprot	false
PA1510			protein_coding	hypothetical protein	false		refseq|uniprot	false
PA1511	vgrG2a		protein_coding	hypothetical protein	false		refseq|uniprot	false
PA1512	hcpA		protein_coding	secreted protein Hcp	false		refseq	false
PA1513			protein_coding	hypothetical protein	false		refseq|uniprot	false
PA1514	allA		protein_coding	ureidoglycolate hydrolase	false		refseq|uniprot	false
PA1515	alc		protein_coding	allantoicase	false		refseq|uniprot	true
PA1516			protein_coding	hypothetical protein	false		refseq|uniprot	false
PA1517			protein_coding	hypothetical protein	false		refseq|uniprot	false
PA1518			protein_coding	5-hydroxyisourate hydrolase	false		refseq|uniprot	false
PA1519			protein_coding	transporter	false		refseq|uniprot	false
PA1520			protein_coding	transcriptional regulator	true	go_0003700|go_0006355|kw_transcription_regulation|producto_refseq	refseq|uniprot	false
PA1521			protein_coding	guanine deaminase	false		refseq|uniprot	false
PA1522			protein_coding	hypothetical protein	false		refseq|uniprot	false
PA1523	xdhB		protein_coding	xanthine dehydrogenase	false		refseq|uniprot	false
PA1524	xdhA		protein_coding	xanthine dehydrogenase	false		refseq|uniprot	false
PA1525	alkB2		protein_coding	alkane-1 monooxygenase	false		refseq|uniprot	false
PA1526			protein_coding	transcriptional regulator	true	go_0003700|go_0006355|kw_transcription_regulation|producto_refseq	refseq|uniprot	false
PA1527	smc		protein_coding	hypothetical protein	false		refseq|uniprot	true
PA1528	zipA		protein_coding	cell division protein ZipA	false		refseq|uniprot	false
PA1529	lig	ligA	protein_coding	NAD-dependent DNA ligase LigA	false		refseq|uniprot	true
PA1530			protein_coding	hypothetical protein	false		refseq|uniprot	false
PA1530.1	ffs		rRNA	4.5S ribosomal RNA	false		refseq	true
PA1531			protein_coding	hypothetical protein	false		refseq|uniprot	false
PA1532	dnaX		protein_coding	DNA polymerase III subunits gamma/tau	false		refseq|uniprot	false
PA1533			protein_coding	nucleoid-associated protein	false		refseq|uniprot	false
PA1534	recR		protein_coding	recombination protein RecR	false		refseq|uniprot	false
PA1535			protein_coding	acyl-CoA dehydrogenase	false		refseq|uniprot	false
PA1536			protein_coding	hypothetical protein	false		refseq|uniprot	false
PA1537			protein_coding	Baeyer-Villiger monooxygenase	false		refseq|uniprot	false
PA1538			protein_coding	flavin-containing monooxygenase	false		refseq|uniprot	false
PA1539			protein_coding	hypothetical protein	false		refseq|uniprot	false
PA1540			protein_coding	multidrug efflux system protein MdtI	false		refseq|uniprot	false
PA1541			protein_coding	drug efflux transporter	false		refseq|uniprot	false
PA1542			protein_coding	hypothetical protein	false		refseq|uniprot	false
PA1543	apt		protein_coding	adenine phosphoribosyltransferase	false		refseq|uniprot	true
PA1544	anr		protein_coding	transcriptional regulator Anr	true	go_0003700|go_0006355|kw_transcription_regulation|producto_refseq	refseq|uniprot	true
PA1545			protein_coding	hypothetical protein	false		refseq|uniprot	false
PA1546	hemN		protein_coding	oxygen-independent coproporphyrinogen-III oxidase	false		refseq|uniprot	false
PA1547			protein_coding	hypothetical protein	false		refseq|uniprot	false
PA1548			protein_coding	hypothetical protein	false		refseq|uniprot	false
PA1549			protein_coding	cation-transporting P-type ATPase	false		refseq|uniprot	false
PA1550			protein_coding	hypothetical protein	false		refseq|uniprot	false
PA1551			protein_coding	ferredoxin	false		refseq|uniprot	false
PA1552	ccoP1		protein_coding	cytochrome C oxidase cbb3-type subunit CcoP	false		refseq|uniprot	false
PA1552.1	ccoQ1		protein_coding	cytochrome C oxidase cbb3-type subunit CcoQ	false		refseq|uniprot	false
PA1553	ccoO1		protein_coding	cbb3-type cytochrome C oxidase subunit II	false		refseq|uniprot	false
PA1554	ccoN1		protein_coding	cbb3-type cytochrome C oxidase subunit I	false		refseq|uniprot	false
PA1555	ccoP2		protein_coding	cytochrome C oxidase cbb3-type subunit CcoP	false		refseq|uniprot	false
PA1555.1	ccoQ2		protein_coding	cytochrome C oxidase cbb3-type subunit CcoQ	false		refseq|uniprot	false
PA1556	ccoO2		protein_coding	cbb3-type cytochrome C oxidase subunit II	false		refseq|uniprot	false
PA1557	ccoN2		protein_coding	cbb3-type cytochrome C oxidase subunit I	false		refseq|uniprot	false
PA1558			protein_coding	hypothetical protein	false		refseq|uniprot	false
PA1559			pseudogene		false		refseq|uniprot	false
PA1561	aer	tlpC	protein_coding	aerotaxis receptor Aer	false		refseq|uniprot	true
PA1562	acnA		protein_coding	aconitate hydratase	false		refseq|uniprot	false
PA1563	rlmM		protein_coding	23S rRNA (cytidine(2498)-2'-O)-methyltransferase RlmM	false		refseq|uniprot	false
PA1564	tusA		protein_coding	sulfurtransferase TusA	false		refseq|uniprot	false
PA1565			protein_coding	oxidoreductase	false		refseq|uniprot	false
PA1566			protein_coding	hypothetical protein	false		refseq|uniprot	false
PA1567			protein_coding	hypothetical protein	false		refseq|uniprot	false
PA1568			protein_coding	hypothetical protein	false		refseq|uniprot	false
PA1569			protein_coding	major facilitator superfamily transporter	false		refseq|uniprot	false
PA1570			protein_coding	transcriptional regulator	true	go_0003700|go_0006355|kw_transcription_regulation|producto_refseq	refseq|uniprot	false
PA1571			protein_coding	hypothetical protein	false		refseq|uniprot	false
PA1572			protein_coding	hypothetical protein	false		refseq|uniprot	false
PA1573			protein_coding	hypothetical protein	false		refseq|uniprot	false
PA1574	ppnP		protein_coding	hypothetical protein	false		refseq|uniprot	false
PA1575			protein_coding	hypothetical protein	false		refseq|uniprot	false
PA1576			protein_coding	3-hydroxyisobutyrate dehydrogenase	false		refseq|uniprot	false
PA1577			protein_coding	hypothetical protein	false		refseq|uniprot	false
PA1578			protein_coding	hypothetical protein	false		refseq|uniprot	false
PA1579			protein_coding	hypothetical protein	false		refseq|uniprot	false
PA1580	gltA		protein_coding	citrate synthase	false		refseq|uniprot	false
PA1581	sdhC		protein_coding	succinate dehydrogenase subunit C	false		refseq|uniprot	false
PA1582	sdhD		protein_coding	succinate dehydrogenase subunit D	false		refseq|uniprot	false
PA1583	sdhA		protein_coding	succinate dehydrogenase flavoprotein subunit	false		refseq|uniprot	false
PA1584	sdhB		protein_coding	succinate dehydrogenase iron-sulfur subunit	false		refseq|uniprot	false
PA1585	sucA		protein_coding	2-oxoglutarate dehydrogenase subunit E1	false		refseq|uniprot	false
PA1586	sucB		protein_coding	2-oxoglutarate dehydrogenase complex dihydrolipoyllysine-residue succinyltransferase	false		refseq|uniprot	false
PA1587	lpdG		protein_coding	2-oxoglutarate dehydrogenase complex dihydrolipoyl dehydrogenase	false		refseq|uniprot	false
PA1588	sucC		protein_coding	succinyl-CoA ligase subunit beta	false		refseq|uniprot	false
PA1589	sucD		protein_coding	succinyl-CoA ligase subunit alpha	false		refseq|uniprot	false
PA1590	braB		protein_coding	branched-chain amino acid transporter	false		refseq|uniprot	false
PA1591			protein_coding	hypothetical protein	false		refseq|uniprot	false
PA1592			protein_coding	hypothetical protein	false		refseq|uniprot	false
PA1593			protein_coding	hypothetical protein	false		refseq|uniprot	false
PA1594			protein_coding	hypothetical protein	false		refseq|uniprot	false
PA1595			protein_coding	hypothetical protein	false		refseq|uniprot	false
PA1596	htpG		protein_coding	chaperone protein HtpG	false		refseq|uniprot	false
PA1597			protein_coding	hypothetical protein	false		refseq|uniprot	false
PA1598	panB1		protein_coding	3-methyl-2-oxobutanoate hydroxymethyltransferase	false		refseq|uniprot	false
PA1599			protein_coding	transcriptional regulator	true	go_0003700|go_0006355|kw_transcription_regulation|producto_refseq	refseq|uniprot	false
PA1600			protein_coding	cytochrome C	false		refseq|uniprot	false
PA1601			protein_coding	aldehyde dehydrogenase	false		refseq|uniprot	false
PA1602			protein_coding	oxidoreductase	false		refseq|uniprot	false
PA1603			protein_coding	transcriptional regulator	true	go_0003700|go_0006355|producto_refseq	refseq|uniprot	false
PA1604			protein_coding	hypothetical protein	false		refseq|uniprot	false
PA1605			protein_coding	hypothetical protein	false		refseq|uniprot	false
PA1606			protein_coding	hypothetical protein	false		refseq|uniprot	false
PA1607			protein_coding	hypothetical protein	true	go_0003700|go_0006355|kw_transcription_regulation	refseq|uniprot	false
PA1608			protein_coding	chemotaxis transducer	false		refseq|uniprot	false
PA1609	fabB		protein_coding	3-oxoacyl-ACP synthase	false		refseq|uniprot	false
PA1610	fabA		protein_coding	3-hydroxydecanoyl-ACP dehydratase	false		refseq|uniprot	false
PA1611			protein_coding	sensor/response regulator hybrid protein	true	kw_two_component|producto_refseq	refseq|uniprot	false
PA1612			protein_coding	hypothetical protein	false		refseq|uniprot	false
PA1613			protein_coding	hypothetical protein	false		refseq|uniprot	false
PA1614	gpsA		protein_coding	glycerol-3-phosphate dehydrogenase	false		refseq|uniprot	false
PA1615			protein_coding	lipase	false		refseq|uniprot	false
PA1616			protein_coding	hypothetical protein	false		refseq|uniprot	false
PA1617			protein_coding	AMP-binding protein	false		refseq|uniprot	false
PA1618			protein_coding	esterase	false		refseq|uniprot	false
PA1619			protein_coding	transcriptional regulator	true	go_0003700|go_0006355|kw_transcription_regulation|producto_refseq	refseq|uniprot	false
PA1620			protein_coding	hypothetical protein	false		refseq|uniprot	false
PA1621			protein_coding	hydrolase	false		refseq|uniprot	false
PA1622			protein_coding	hydrolase	false		refseq|uniprot	false
PA1623			protein_coding	hypothetical protein	false		refseq|uniprot	false
PA1624			protein_coding	hypothetical protein	false		refseq|uniprot	false
PA1625			protein_coding	hypothetical protein	false		refseq|uniprot	false
PA1626			protein_coding	major facilitator superfamily transporter	false		refseq|uniprot	false
PA1627			protein_coding	transcriptional regulator	true	go_0003700|go_0006355|kw_transcription_regulation|producto_refseq	refseq|uniprot	false
PA1628			protein_coding	3-hydroxyacyl-CoA dehydrogenase	false		refseq|uniprot	false
PA1629			protein_coding	enoyl-CoA hydratase	false		refseq|uniprot	false
PA1630			protein_coding	transcriptional regulator	true	go_0003700|kw_transcription_regulation|producto_refseq	refseq|uniprot	false
PA1631			protein_coding	acyl-CoA dehydrogenase	false		refseq|uniprot	false
PA1632	kdpF		protein_coding	potassium-transporting ATPase subunit F	false		refseq|uniprot	false
PA1633	kdpA		protein_coding	potassium-transporting ATPase subunit A	false		refseq|uniprot	false
PA1634	kdpB		protein_coding	potassium-transporting ATPase subunit B	false		refseq|uniprot	false
PA1635	kdpC		protein_coding	potassium-transporting ATPase subunit C	false		refseq|uniprot	false
PA1636	kdpD		protein_coding	two-component sensor KdpD	true	kw_two_component|producto_refseq	refseq|uniprot	false
PA1637	kdpE		protein_coding	two-component response regulator KdpE	true	go_0006355|kw_transcription_regulation|kw_two_component|producto_refseq	refseq|uniprot	false
PA1638	glsA		protein_coding	glutaminase	false		refseq|uniprot	false
PA1639			protein_coding	hypothetical protein	false		refseq|uniprot	false
PA1640			protein_coding	hypothetical protein	false		refseq|uniprot	false
PA1641			protein_coding	hypothetical protein	false		refseq|uniprot	false
PA1642	selD		protein_coding	selenide, water dikinase	false		refseq|uniprot	false
PA1643	selU		protein_coding	tRNA 2-selenouridine synthase	false		refseq|uniprot	false
PA1644			protein_coding	hypothetical protein	false		refseq|uniprot	false
PA1645			protein_coding	hypothetical protein	false		refseq|uniprot	false
PA1646			protein_coding	chemotaxis transducer	false		refseq|uniprot	false
PA1647			protein_coding	sulfate transporter	false		refseq|uniprot	false
PA1648			protein_coding	oxidoreductase	false		refseq|uniprot	false
PA1649			protein_coding	short-chain dehydrogenase	false		refseq|uniprot	false
PA1650			protein_coding	transporter	false		refseq|uniprot	false
PA1651			protein_coding	transporter	false		refseq|uniprot	false
PA1652			protein_coding	hypothetical protein	false		refseq|uniprot	false
PA1653			protein_coding	transcriptional regulator	true	go_0003700|go_0006355|producto_refseq	refseq|uniprot	false
PA1654			protein_coding	aminotransferase	false		refseq|uniprot	false
PA1655			protein_coding	glutathione S-transferase	false		refseq|uniprot	false
PA1656			protein_coding	hypothetical protein	false		refseq|uniprot	false
PA1657			protein_coding	hypothetical protein	false		refseq|uniprot	false
PA1658			protein_coding	hypothetical protein	false		refseq|uniprot	false
PA1659			protein_coding	hypothetical protein	false		refseq|uniprot	false
PA1660			protein_coding	hypothetical protein	false		refseq|uniprot	false
PA1661			protein_coding	hypothetical protein	false		refseq|uniprot	false
PA1662			protein_coding	ClpA/B-type protease	false		refseq|uniprot	false
PA1663			protein_coding	transcriptional regulator	true	kw_transcription_regulation|kw_two_component|producto_refseq	refseq|uniprot	false
PA1664			protein_coding	hypothetical protein	false		refseq|uniprot	false
PA1665			protein_coding	hypothetical protein	false		refseq|uniprot	false
PA1666			protein_coding	hypothetical protein	false		refseq|uniprot	false
PA1667			protein_coding	hypothetical protein	false		refseq|uniprot	false
PA1668			protein_coding	hypothetical protein	false		refseq|uniprot	false
PA1669			protein_coding	hypothetical protein	false		refseq|uniprot	false
PA1670	stp1		protein_coding	serine/threonine phosphoprotein phosphatase Stp1	false		refseq|uniprot	false
PA1671	stk1		protein_coding	serine-threonine kinase Stk1	false		refseq|uniprot	false
PA1672			protein_coding	hypothetical protein	false		refseq|uniprot	false
PA1673			protein_coding	bacteriohemerythrin	false		refseq|uniprot	false
PA1674	folE2		protein_coding	GTP cyclohydrolase I	false		refseq|uniprot	false
PA1675			protein_coding	hypothetical protein	false		refseq|uniprot	false
PA1676			protein_coding	hypothetical protein	false		refseq|uniprot	false
PA1677			protein_coding	hypothetical protein	false		refseq|uniprot	false
PA1678	prmB		protein_coding	50S ribosomal protein L3 glutamine methyltransferase	false		refseq|uniprot	false
PA1679			protein_coding	hypothetical protein	false		refseq|uniprot	false
PA1680			protein_coding	hypothetical protein	false		refseq|uniprot	false
PA1681	aroC		protein_coding	chorismate synthase	false		refseq|uniprot	false
PA1682			protein_coding	MFS metabolite transporter	false		refseq|uniprot	false
PA1683	mtnB		protein_coding	methylthioribulose-1-phosphate dehydratase	false		refseq|uniprot	false
PA1684	mtnD		protein_coding	acireductone dioxygenase	false		refseq|uniprot	false
PA1685	masA	mtnC	protein_coding	enolase-phosphatase	false		refseq|uniprot	false
PA1686	alkA		protein_coding	DNA-3-methyladenine glycosidase II	false		refseq|uniprot	false
PA1687	speE	speE1	protein_coding	polyamine aminopropyltransferase	false		refseq|uniprot	false
PA1688			protein_coding	hypothetical protein	false		refseq|uniprot	false
PA1689			protein_coding	hypothetical protein	false		refseq|uniprot	false
PA1690	pscU		protein_coding	translocation protein in type III secretion	false		refseq|uniprot	false
PA1691	pscT		protein_coding	translocation protein in type III secretion	false		refseq|uniprot	false
PA1692			protein_coding	translocation protein in type III secretion	false		refseq|uniprot	false
PA1693	pscR		protein_coding	type III secretion system protein	false		refseq|uniprot	false
PA1694	pscQ		protein_coding	type III secretion system protein	false		refseq|uniprot	false
PA1695	pscP		protein_coding	translocation protein in type III secretion	false		refseq|uniprot	false
PA1696	pscO		protein_coding	translocation protein in type III secretion	false		refseq|uniprot	false
PA1697			protein_coding	type III secretion system ATPase	false		refseq|uniprot	false
PA1698	popN		protein_coding	type III secretion outer membrane protein PopN	false		refseq|uniprot	false
PA1699			protein_coding	hypothetical protein	false		refseq|uniprot	false
PA1700			protein_coding	hypothetical protein	false		refseq|uniprot	false
PA1701			protein_coding	hypothetical protein	false		refseq|uniprot	false
PA1702			protein_coding	hypothetical protein	false		refseq|uniprot	false
PA1703	pcrD		protein_coding	type III secretory apparatus protein PcrD	false		refseq|uniprot	false
PA1704	pcrR		protein_coding	transcriptional regulator PcrR	false		refseq|uniprot	false
PA1705	pcrG		protein_coding	type III secretion regulator	false		refseq|uniprot	false
PA1706	pcrV		protein_coding	type III secretion protein PcrV	false		refseq|uniprot	false
PA1707	pcrH		protein_coding	regulatory protein PcrH	false		refseq|uniprot	false
PA1708	popB		protein_coding	translocator protein PopB	false		refseq|uniprot	false
PA1709	popD		protein_coding	translocator outer membrane protein PopD	false		refseq|uniprot	false
PA1710	exsC		protein_coding	exoenzyme S synthesis protein ExsC	false		refseq|uniprot	false
PA1711	exsE		protein_coding	hypothetical protein	false		refseq|uniprot	false
PA1712	exsB		protein_coding	exoenzyme S synthesis protein ExsB	false		refseq|uniprot	false
PA1713	exsA		protein_coding	exoenzyme S transcriptional regulator ExsA	true	go_0003700|go_0006355|kw_transcription_regulation|producto_refseq	refseq|uniprot	false
PA1714	exsD		protein_coding	hypothetical protein	false		refseq|uniprot	false
PA1715	pscB		protein_coding	type III export apparatus protein	false		refseq|uniprot	false
PA1716	pscC	sctC	protein_coding	type III secretion outer membrane protein PscC	false		refseq|uniprot	false
PA1717	pscD		protein_coding	type III export protein PscD	false		refseq|uniprot	false
PA1718	pscE		protein_coding	type III export protein PscE	false		refseq|uniprot	false
PA1719	pscF	sctF	protein_coding	type III export protein PscF	false		refseq|uniprot	false
PA1720	pscG		protein_coding	type III export protein PscG	false		refseq|uniprot	false
PA1721	pscH		protein_coding	type III export protein PscH	false		refseq|uniprot	false
PA1722	pscI		protein_coding	type III export protein PscI	false		refseq|uniprot	false
PA1723	pscJ		protein_coding	type III export protein PscJ	false		refseq|uniprot	false
PA1724	pscK		protein_coding	type III export protein PscK	false		refseq|uniprot	false
PA1725	pscL		protein_coding	type III secretion system protein	false		refseq|uniprot	false
PA1726	bglX		protein_coding	beta-glucosidase	false		refseq|uniprot	false
PA1727	mucR		protein_coding	signaling protein	false		refseq|uniprot	false
PA1728			protein_coding	hypothetical protein	false		refseq|uniprot	false
PA1729			protein_coding	hypothetical protein	false		refseq|uniprot	false
PA1730			protein_coding	hypothetical protein	false		refseq|uniprot	false
PA1731			protein_coding	hypothetical protein	false		refseq|uniprot	false
PA1732			protein_coding	hypothetical protein	false		refseq|uniprot	false
PA1733			protein_coding	hypothetical protein	false		refseq|uniprot	false
PA1734			protein_coding	hypothetical protein	false		refseq|uniprot	false
PA1735			protein_coding	hypothetical protein	false		refseq|uniprot	false
PA1736			protein_coding	acetyl-CoA acetyltransferase	false		refseq|uniprot	false
PA1737			protein_coding	3-hydroxyacyl-CoA dehydrogenase	false		refseq|uniprot	false
PA1738			protein_coding	transcriptional regulator	true	go_0003700|kw_transcription_regulation|producto_refseq	refseq|uniprot	false
PA1739			protein_coding	oxidoreductase	false		refseq|uniprot	false
PA1740			protein_coding	hypothetical protein	false		refseq|uniprot	false
PA1741			protein_coding	hypothetical protein	false		refseq|uniprot	false
PA1742			protein_coding	amidotransferase	false		refseq|uniprot	false
PA1743			protein_coding	hypothetical protein	false		refseq|uniprot	false
PA1744			protein_coding	hypothetical protein	false		refseq|uniprot	false
PA1745			protein_coding	hypothetical protein	false		refseq|uniprot	false
PA1746			protein_coding	hypothetical protein	false		refseq|uniprot	false
PA1747			protein_coding	hypothetical protein	false		refseq|uniprot	false
PA1748			protein_coding	enoyl-CoA hydratase	false		refseq|uniprot	false
PA1749			protein_coding	hypothetical protein	false		refseq|uniprot	false
PA1750			protein_coding	phospho-2-dehydro-3-deoxyheptonate aldolase	false		refseq|uniprot	false
PA1751			protein_coding	hypothetical protein	false		refseq|uniprot	false
PA1752			protein_coding	2-dehydropantoate 2-reductase	false		refseq|uniprot	false
PA1753			protein_coding	hypothetical protein	false		refseq|uniprot	false
PA1754	cysB		protein_coding	transcriptional regulator CysB	true	go_0003700|go_0006355|kw_transcription_regulation|producto_refseq	refseq|uniprot	false
PA1755			protein_coding	hypothetical protein	false		refseq|uniprot	false
PA1756	cysH		protein_coding	phosphoadenosine phosphosulfate reductase	false		refseq|uniprot	false
PA1757	thrH		protein_coding	phosphoserine phosphatase	false		refseq|uniprot	false
PA1758	pabB		protein_coding	para-aminobenzoate synthase component I	false		refseq|uniprot	false
PA1759			protein_coding	transcriptional regulator	true	go_0003700|go_0006355|kw_transcription_regulation|producto_refseq	refseq|uniprot	false
PA1760			protein_coding	transcriptional regulator	true	go_0003700|go_0006355|kw_transcription_regulation|producto_refseq	refseq|uniprot	false
PA1761			protein_coding	hypothetical protein	false		refseq|uniprot	false
PA1762			protein_coding	hypothetical protein	false		refseq|uniprot	false
PA1763			protein_coding	hypothetical protein	false		refseq|uniprot	false
PA1764			protein_coding	hypothetical protein	false		refseq|uniprot	false
PA1765			protein_coding	hypothetical protein	false		refseq|uniprot	false
PA1766			protein_coding	hypothetical protein	false		refseq|uniprot	false
PA1767			protein_coding	hypothetical protein	false		refseq|uniprot	false
PA1768			protein_coding	hypothetical protein	false		refseq|uniprot	false
PA1769			protein_coding	phosphoenolpyruvate synthase regulatory protein	false		refseq|uniprot	false
PA1770	ppsA		protein_coding	phosphoenolpyruvate synthase	false		refseq|uniprot	false
PA1771	estX		protein_coding	hydrolase	false		refseq|uniprot	false
PA1772			protein_coding	ribonuclease activity regulator protein RraA	false		refseq|uniprot	false
PA1773	cmaX	zntB	protein_coding	transporter	false		refseq|uniprot	false
PA1774	crfX		protein_coding	hypothetical protein	false		refseq|uniprot	false
PA1775	cmpX		protein_coding	hypothetical protein	false		refseq|uniprot	false
PA1776	sigX		protein_coding	RNA polymerase sigma factor SigX	true	go_0006355|kw_transcription_regulation|kw_sigma_factor|producto_refseq	refseq|uniprot	false
PA1777	oprF		protein_coding	outer membrane porin F	false		refseq|uniprot	false
PA1778	cobA		protein_coding	uroporphyrin-III C-methyltransferase	false		refseq|uniprot	false
PA1779			protein_coding	assimilatory nitrate reductase	false		refseq|uniprot	false
PA1780	nirD		protein_coding	assimilatory nitrite reductase small subunit	false		refseq|uniprot	false
PA1781	nirB		protein_coding	assimilatory nitrite reductase large subunit	false		refseq|uniprot	false
PA1781.1			ncRNA	P11	false		refseq	false
PA1782			protein_coding	serine/threonine-protein kinase	false		refseq|uniprot	false
PA1783	nasA		protein_coding	nitrate transporter	false		refseq|uniprot	false
PA1784			protein_coding	hypothetical protein	false		refseq|uniprot	false
PA1785			protein_coding	hypothetical protein	false		refseq|uniprot	false
PA1786			protein_coding	hypothetical protein	false		refseq|uniprot	false
PA1787	acnB		protein_coding	aconitate hydratase B	false		refseq|uniprot	false
PA1788			protein_coding	hypothetical protein	false		refseq|uniprot	false
PA1789			protein_coding	hypothetical protein	false		refseq|uniprot	false
PA1790			protein_coding	hypothetical protein	false		refseq|uniprot	false
PA1791			protein_coding	hypothetical protein	false		refseq|uniprot	false
PA1792	lpxH		protein_coding	UDP-2,3-diacylglucosamine hydrolase	false		refseq|uniprot	false
PA1793	ppiB		protein_coding	peptidyl-prolyl cis-trans isomerase B	false		refseq|uniprot	false
PA1794	glnS		protein_coding	glutamine--tRNA ligase	false		refseq|uniprot	false
PA1795	cysS		protein_coding	cysteine--tRNA ligase	false		refseq|uniprot	false
PA1796	folD		protein_coding	bifunctional 5,10-methylene-tetrahydrofolate dehydrogenase/ 5,10-methylene-tetrahydrofolate cyclohydrolase	false		refseq|uniprot	false
PA1796.1			tRNA	tRNA-Arg	false		refseq	false
PA1796.2			tRNA	tRNA-His	false		refseq	false
PA1796.3			tRNA	tRNA-Leu	false		refseq	false
PA1796.4			tRNA	tRNA-His	false		refseq	false
PA1797			protein_coding	hypothetical protein	false		refseq|uniprot	false
PA1798	parS		protein_coding	two-component sensor ParS	false		refseq|uniprot	false
PA1799	parR		protein_coding	two-component response regulator ParR	true	go_0006355|kw_transcription_regulation|kw_two_component|producto_refseq	refseq|uniprot	false
PA1800	tig		protein_coding	trigger factor	false		refseq|uniprot	true
PA1801	clpP	clpP1	protein_coding	ATP-dependent Clp protease proteolytic subunit	false		refseq|uniprot	false
PA1802	clpX		protein_coding	ATP-dependent protease ATP-binding subunit ClpX	false		refseq|uniprot	false
PA1803	lon		protein_coding	Lon protease	false		refseq|uniprot	true
PA1804	hupB		protein_coding	DNA-binding protein HU	false		refseq|uniprot	false
PA1804.1			tRNA	tRNA-Asp	false		refseq	false
PA1805	ppiD		protein_coding	peptidyl-prolyl cis-trans isomerase D	false		refseq|uniprot	false
PA1806	fabI		protein_coding	NADH-dependent enoyl-ACP reductase	false		refseq|uniprot	false
PA1807			protein_coding	ABC transporter ATP-binding protein	false		refseq|uniprot	false
PA1808			protein_coding	ABC transporter permease	false		refseq|uniprot	false
PA1809			protein_coding	ABC transporter permease	false		refseq|uniprot	false
PA1810			protein_coding	ABC transporter	false		refseq|uniprot	false
PA1811			protein_coding	solute-binding protein	false		refseq|uniprot	false
PA1812	mltD		protein_coding	membrane-bound lytic murein transglycosylase D	false		refseq|uniprot	false
PA1813	gloB		protein_coding	hydroxyacylglutathione hydrolase	false		refseq|uniprot	false
PA1814			protein_coding	hypothetical protein	false		refseq|uniprot	false
PA1815	rnhA		protein_coding	ribonuclease HI	false		refseq|uniprot	false
PA1816	dnaQ		protein_coding	DNA polymerase III subunit epsilon	false		refseq|uniprot	false
PA1817			protein_coding	hypothetical protein	false		refseq|uniprot	false
PA1818	ldcA		protein_coding	lysine-specific pyridoxal 5'-phosphate-dependent carboxylase LdcA	false		refseq|uniprot	false
PA1819			protein_coding	amino acid permease	false		refseq|uniprot	false
PA1820	nhaB		protein_coding	Na(+)/H(+) antiporter NhaB	false		refseq|uniprot	false
PA1821			protein_coding	enoyl-CoA hydratase	false		refseq|uniprot	false
PA1822	fimL		protein_coding	hypothetical protein	false		refseq|uniprot	false
PA1823	nudC		protein_coding	NADH pyrophosphatase	false		refseq|uniprot	false
PA1824			protein_coding	hypothetical protein	false		refseq|uniprot	false
PA1825			protein_coding	hypothetical protein	false		refseq|uniprot	false
PA1826			protein_coding	transcriptional regulator	true	go_0003700|go_0006355|kw_transcription_regulation|producto_refseq	refseq|uniprot	false
PA1827			protein_coding	short-chain dehydrogenase	false		refseq|uniprot	false
PA1828			protein_coding	short-chain dehydrogenase	false		refseq|uniprot	false
PA1829			protein_coding	hypothetical protein	false		refseq|uniprot	false
PA1830			protein_coding	hypothetical protein	false		refseq|uniprot	false
PA1831			protein_coding	hypothetical protein	false		refseq|uniprot	false
PA1832			protein_coding	protease	false		refseq|uniprot	false
PA1833			protein_coding	oxidoreductase	false		refseq|uniprot	false
PA1835			protein_coding	hypothetical protein	false		refseq|uniprot	false
PA1836			protein_coding	transcriptional regulator	true	go_0003700|go_0006355|producto_refseq	refseq|uniprot	false
PA1837			protein_coding	hypothetical protein	false		refseq|uniprot	false
PA1838	cysI		protein_coding	sulfite reductase	false		refseq|uniprot	false
PA1839			protein_coding	RNA methyltransferase	false		refseq|uniprot	false
PA1840			protein_coding	hypothetical protein	false		refseq|uniprot	false
PA1841			protein_coding	hypothetical protein	false		refseq|uniprot	false
PA1842			protein_coding	hypothetical protein	false		refseq|uniprot	false
PA1843	metH		protein_coding	B12-dependent methionine synthase	false		refseq|uniprot	false
PA1844	tse1		protein_coding	hypothetical protein	false		refseq|uniprot	false
PA1845	tsi1		protein_coding	hypothetical protein	false		refseq|uniprot	false
PA1846	cti		protein_coding	cis/trans isomerase	false		refseq|uniprot	true
PA1847	nfuA		protein_coding	Fe/S biogenesis protein NfuA	false		refseq|uniprot	false
PA1848			protein_coding	major facilitator superfamily transporter	false		refseq|uniprot	false
PA1849			protein_coding	hypothetical protein	false		refseq|uniprot	false
PA1850			protein_coding	transcriptional regulator	true	go_0003700|go_0006355|kw_transcription_regulation|producto_refseq	refseq|uniprot	false
PA1851			protein_coding	hypothetical protein	false		refseq|uniprot	false
PA1852			protein_coding	hypothetical protein	false		refseq|uniprot	false
PA1853			protein_coding	transcriptional regulator	true	go_0003700|go_0006355|kw_transcription_regulation|producto_refseq	refseq|uniprot	false
PA1854			protein_coding	hypothetical protein	false		refseq|uniprot	false
PA1855			protein_coding	hypothetical protein	false		refseq|uniprot	false
PA1856			protein_coding	cbb3-type cytochrome C oxidase subunit I	false		refseq|uniprot	false
PA1857			protein_coding	hypothetical protein	false		refseq|uniprot	false
PA1858	str		protein_coding	streptomycin 3''-phosphotransferase	false		refseq|uniprot	true
PA1859			protein_coding	transcriptional regulator	true	go_0003700|kw_transcription_regulation|producto_refseq	refseq|uniprot	false
PA1860			protein_coding	hypothetical protein	false		refseq|uniprot	false
PA1861	modC		protein_coding	molybdenum ABC transporter ATP-binding protein ModC	false		refseq|uniprot	false
PA1862	modB		protein_coding	molybdenum ABC transporter permease ModB	false		refseq|uniprot	false
PA1863	modA		protein_coding	molybdenum ABC transporter substrate-binding protein ModA	false		refseq|uniprot	false
PA1864			protein_coding	transcriptional regulator	true	go_0003700|go_0006355|producto_refseq	refseq|uniprot	false
PA1865	fan1		protein_coding	Fanconi-associated nuclease	false		refseq|uniprot	false
PA1866			protein_coding	hypothetical protein	false		refseq|uniprot	false
PA1867	xphA		protein_coding	type VI pilus biosynthesis protein	false		refseq|uniprot	false
PA1868	xqhA		protein_coding	secretion protein XqhA	false		refseq|uniprot	false
PA1869	acpP2		protein_coding	acyl carrier protein	false		refseq|uniprot	false
PA1870			protein_coding	hypothetical protein	false		refseq|uniprot	false
PA1871	lasA		protein_coding	protease LasA	false		refseq|uniprot	false
PA1872			protein_coding	hypothetical protein	false		refseq|uniprot	false
PA1873			protein_coding	hypothetical protein	false		refseq|uniprot	false
PA1874			protein_coding	hypothetical protein	false		refseq|uniprot	false
PA1875			protein_coding	hypothetical protein	false		refseq|uniprot	false
PA1876			protein_coding	ABC transporter ATP-binding protein/permease	false		refseq|uniprot	false
PA1877			protein_coding	secretion protein	false		refseq|uniprot	false
PA1878			protein_coding	hypothetical protein	false		refseq|uniprot	false
PA1879			protein_coding	hypothetical protein	false		refseq|uniprot	false
PA1880			protein_coding	oxidoreductase	false		refseq|uniprot	false
PA1881			protein_coding	oxidoreductase	false		refseq|uniprot	false
PA1882			protein_coding	transporter	false		refseq|uniprot	false
PA1883	nuoA1		protein_coding	NADH-quinone oxidoreductase subunit A	false		refseq|uniprot	false
PA1884			protein_coding	transcriptional regulator	true	go_0003700|go_0006355|producto_refseq	refseq|uniprot	false
PA1885			protein_coding	hypothetical protein	false		refseq|uniprot	false
PA1886	polB		protein_coding	DNA polymerase II	false		refseq|uniprot	false
PA1887			protein_coding	hypothetical protein	false		refseq|uniprot	false
PA1888			protein_coding	hypothetical protein	false		refseq|uniprot	false
PA1889			protein_coding	hypothetical protein	false		refseq|uniprot	false
PA1890			protein_coding	glutathione S-transferase	false		refseq|uniprot	false
PA1891			protein_coding	hypothetical protein	false		refseq|uniprot	false
PA1892			protein_coding	hypothetical protein	false		refseq|uniprot	false
PA1893			protein_coding	hypothetical protein	false		refseq|uniprot	false
PA1894			protein_coding	hypothetical protein	false		refseq|uniprot	false
PA1895			protein_coding	hypothetical protein	false		refseq|uniprot	false
PA1896			protein_coding	hypothetical protein	false		refseq|uniprot	false
PA1897			protein_coding	hypothetical protein	false		refseq|uniprot	false
PA1898	qscR		protein_coding	quorum-sensing control repressor	true	kw_transcription_regulation	refseq|uniprot	false
PA1899	phzA2		protein_coding	phenazine biosynthesis protein PhzA	false		refseq|uniprot	false
PA1900	phzB2		protein_coding	phenazine biosynthesis protein PhzB	false		refseq|uniprot	false
PA1901	phzC2	phzC1	protein_coding	phenazine biosynthesis protein PhzC	false		refseq|uniprot	false
PA1902	phzD2	phzD	protein_coding	phenazine biosynthesis protein PhzD	false		refseq|uniprot	false
PA1903	phzE2	phzE1	protein_coding	phenazine biosynthesis protein PhzE	false		refseq|uniprot	false
PA1904	phzF2		protein_coding	trans-2,3-dihydro-3-hydroxyanthranilate isomerase	false		refseq	false
PA1905	phzG2		protein_coding	pyridoxamine 5'-phosphate oxidase	false		refseq|uniprot	false
PA1906			protein_coding	hypothetical protein	false		refseq|uniprot	false
PA1907			protein_coding	hypothetical protein	false		refseq|uniprot	false
PA1908			protein_coding	major facilitator superfamily transporter	false		refseq|uniprot	false
PA1909			protein_coding	hypothetical protein	false		refseq|uniprot	false
PA1910	femA		protein_coding	ferric-mycobactin receptor FemA	false		refseq|uniprot	false
PA1911	femR		protein_coding	sigma factor regulator FemR	false		refseq|uniprot	false
PA1912	femI		protein_coding	ECF sigma factor FemI	true	go_0006355|kw_transcription_regulation|kw_sigma_factor|producto_refseq	refseq|uniprot	false
PA1913			protein_coding	hypothetical protein	false		refseq|uniprot	false
PA1914			protein_coding	hypothetical protein	false		refseq|uniprot	false
PA1915			protein_coding	hypothetical protein	true	go_0003700	refseq|uniprot	false
PA1916			protein_coding	amino acid permease	false		refseq|uniprot	false
PA1917			protein_coding	hypothetical protein	false		refseq|uniprot	false
PA1918			protein_coding	hypothetical protein	false		refseq|uniprot	false
PA1919	nrdG		protein_coding	class III (anaerobic) ribonucleoside-triphosphate reductase activating protein NrdG	false		refseq|uniprot	false
PA1920	nrdD		protein_coding	anaerobic ribonucleoside triphosphate reductase	false		refseq|uniprot	false
PA1921			protein_coding	hypothetical protein	false		refseq|uniprot	false
PA1922			protein_coding	TonB-dependent receptor	false		refseq|uniprot	false
PA1923			protein_coding	cobaltochelatase subunit CobN	false		refseq|uniprot	false
PA1924			protein_coding	hypothetical protein	false		refseq|uniprot	false
PA1925			protein_coding	hypothetical protein	false		refseq|uniprot	false
PA1926			protein_coding	hypothetical protein	false		refseq|uniprot	false
PA1927	metE		protein_coding	5-methyltetrahydropteroyltriglutamate--homocysteine methyltransferase	false		refseq|uniprot	false
PA1928	rimJ		protein_coding	ribosomal protein alanine acetyltransferase	false		refseq|uniprot	false
PA1929			protein_coding	hypothetical protein	false		refseq|uniprot	false
PA1930			protein_coding	chemotaxis transducer	false		refseq|uniprot	false
PA1931			protein_coding	ferredoxin	false		refseq|uniprot	false
PA1932			protein_coding	hydroxylase molybdopterin-containing subunit	false		refseq|uniprot	false
PA1933			protein_coding	hydroxylase large subunit	false		refseq|uniprot	false
PA1934			protein_coding	hypothetical protein	false		refseq|uniprot	false
PA1937			protein_coding	hypothetical protein	false		refseq|uniprot	false
PA1938			protein_coding	hypothetical protein	false		refseq|uniprot	false
PA1939			protein_coding	hypothetical protein	false		refseq|uniprot	false
PA1940			protein_coding	hypothetical protein	false		refseq|uniprot	false
PA1941			protein_coding	hypothetical protein	false		refseq|uniprot	false
PA1942			protein_coding	hypothetical protein	false		refseq|uniprot	false
PA1943			protein_coding	hypothetical protein	false		refseq|uniprot	false
PA1944			protein_coding	hypothetical protein	false		refseq|uniprot	false
PA1945			protein_coding	transcriptional regulator	true	kw_transcription_regulation|producto_refseq	refseq|uniprot	false
PA1946	rbsB		protein_coding	ribose ABC transporter substrate-binding protein	false		refseq|uniprot	false
PA1947	rbsA		protein_coding	ribose transporter RbsA	false		refseq|uniprot	false
PA1948	rbsC		protein_coding	ribose ABC transporter permease	false		refseq|uniprot	false
PA1949	rbsR		protein_coding	ribose operon repressor RbsR	true	go_0003700|go_0006355|kw_transcription_regulation	refseq|uniprot	false
PA1950	rbsK		protein_coding	ribokinase	false		refseq|uniprot	false
PA1951	fapF		protein_coding	hypothetical protein	false		refseq|uniprot	false
PA1952	fapE		protein_coding	hypothetical protein	false		refseq|uniprot	false
PA1953	fapD		protein_coding	hypothetical protein	false		refseq|uniprot	false
PA1954	fapC		protein_coding	hypothetical protein	false		refseq|uniprot	false
PA1955	fapB		protein_coding	hypothetical protein	false		refseq|uniprot	false
PA1956	fapA		protein_coding	hypothetical protein	false		refseq|uniprot	false
PA1957			protein_coding	hypothetical protein	false		refseq|uniprot	false
PA1958			protein_coding	transporter	false		refseq|uniprot	false
PA1959	bacA	upk|uppP	protein_coding	undecaprenyl-diphosphatase	false		refseq|uniprot	true
PA1960			protein_coding	hypothetical protein	false		refseq|uniprot	false
PA1961			protein_coding	transcriptional regulator	true	go_0003700|go_0006355|kw_transcription_regulation|producto_refseq	refseq|uniprot	false
PA1962	azoR2		protein_coding	FMN-dependent NADH-azoreductase	false		refseq|uniprot	false
PA1963			protein_coding	hypothetical protein	false		refseq|uniprot	false
PA1964			protein_coding	ABC-F family ATPase	false		refseq|uniprot	false
PA1965			protein_coding	hypothetical protein	false		refseq|uniprot	false
PA1966			protein_coding	hypothetical protein	false		refseq|uniprot	false
PA1967			protein_coding	hypothetical protein	false		refseq|uniprot	false
PA1968			protein_coding	hypothetical protein	false		refseq|uniprot	false
PA1969			protein_coding	hypothetical protein	false		refseq|uniprot	false
PA1970			protein_coding	hypothetical protein	false		refseq|uniprot	false
PA1971	braZ		protein_coding	branched-chain amino acid transport system 3 carrier protein	false		refseq|uniprot	false
PA1972			protein_coding	hypothetical protein	false		refseq|uniprot	false
PA1973	pqqF		protein_coding	coenzyme PQQ synthesis protein F	false		refseq|uniprot	false
PA1974			protein_coding	hypothetical protein	false		refseq|uniprot	false
PA1975			protein_coding	hypothetical protein	false		refseq|uniprot	false
PA1976	ercS'		protein_coding	sensor histidine kinase	false		refseq|uniprot	false
PA1977			protein_coding	hypothetical protein	false		refseq|uniprot	false
PA1978	agmR	glpR	protein_coding	glycerol metabolism activator	true	go_0006355|kw_transcription_regulation|kw_two_component	refseq|uniprot	false
PA1979	eraS		protein_coding	sensor kinase EraS	true	kw_two_component	refseq|uniprot	false
PA1980	eraR		protein_coding	response regulator EraR	true	go_0003700|go_0006355|producto_refseq	refseq|uniprot	false
PA1981			protein_coding	hypothetical protein	false		refseq|uniprot	false
PA1982	exaA		protein_coding	quinoprotein ethanol dehydrogenase	false		refseq|uniprot	false
PA1983	exaB		protein_coding	cytochrome C550	false		refseq|uniprot	false
PA1984	exaC		protein_coding	NAD+ dependent aldehyde dehydrogenase ExaC	false		refseq|uniprot	false
PA1985	pqqA		protein_coding	coenzyme PQQ synthesis protein A	false		refseq|uniprot	false
PA1986	pqqB		protein_coding	coenzyme PQQ synthesis protein B	false		refseq|uniprot	false
PA1987	pqqC		protein_coding	pyrroloquinoline-quinone synthase	false		refseq|uniprot	false
PA1988	pqqD		protein_coding	coenzyme PQQ synthesis protein D	false		refseq|uniprot	false
PA1989	pqqE		protein_coding	coenzyme PQQ synthesis protein E	false		refseq|uniprot	false
PA1990	pqqH		protein_coding	peptidase	false		refseq|uniprot	false
PA1991	ercA		protein_coding	iron-containing alcohol dehydrogenase	false		refseq|uniprot	false
PA1992	ercS		protein_coding	sensor histidine kinase	true	kw_two_component	refseq|uniprot	false
PA1993			protein_coding	hypothetical protein	false		refseq|uniprot	false
PA1994			protein_coding	hypothetical protein	false		refseq|uniprot	false
PA1995			protein_coding	hypothetical protein	false		refseq|uniprot	false
PA1996	ppiC1		protein_coding	peptidyl-prolyl cis-trans isomerase C1	false		refseq|uniprot	false
PA1997			protein_coding	acetoacetyl-CoA synthetase	false		refseq|uniprot	false
PA1998	dhcR		protein_coding	transcriptional regulator DhcR	true	go_0003700|go_0006355|kw_transcription_regulation|producto_refseq	refseq|uniprot	false
PA1999	dhcA		protein_coding	dehydrocarnitine CoA transferase subunit A	false		refseq|uniprot	false
PA2000	dhcB		protein_coding	dehydrocarnitine CoA transferase subunit B	false		refseq|uniprot	false
PA2001	atoB		protein_coding	acetyl-CoA acetyltransferase	false		refseq|uniprot	false
PA2002			protein_coding	hypothetical protein	false		refseq|uniprot	false
PA2003	bdhA		protein_coding	3-hydroxybutyrate dehydrogenase	false		refseq|uniprot	false
PA2004			protein_coding	hypothetical protein	false		refseq|uniprot	false
PA2005			protein_coding	transcriptional regulator	true	kw_transcription_regulation|producto_refseq	refseq|uniprot	false
PA2006			protein_coding	major facilitator superfamily transporter	false		refseq|uniprot	false
PA2007	maiA		protein_coding	maleylacetoacetate isomerase	false		refseq|uniprot	false
PA2008	fahA		protein_coding	fumarylacetoacetase	false		refseq|uniprot	false
PA2009	hmgA		protein_coding	homogentisate 1,2-dioxygenase	false		refseq|uniprot	false
PA2010			protein_coding	transcriptional regulator	true	go_0003700|kw_transcription_regulation|producto_refseq	refseq|uniprot	false
PA2011	liuE		protein_coding	3-hydroxy-3-isohexenylglutaryl-CoA/hydroxy-methylglutaryl-CoA lyase	false		refseq|uniprot	false
PA2012	liuD		protein_coding	methylcrotonyl-CoA carboxylase subunit alpha	false		refseq|uniprot	false
PA2013	liuC		protein_coding	gamma-carboxygeranoyl-CoA hydratase	false		refseq|uniprot	false
PA2014	liuB		protein_coding	methylcrotonyl-CoA carboxylase subunit beta	false		refseq|uniprot	false
PA2015	liuA		protein_coding	isovaleryl-CoA dehydrogenase	false		refseq|uniprot	false
PA2016	liuR		protein_coding	liu genes regulator	true	go_0003700	refseq|uniprot	false
PA2017			protein_coding	hypothetical protein	false		refseq|uniprot	false
PA2018	mexY	amrB|mexH	protein_coding	multidrug efflux protein	false		refseq|uniprot	false
PA2019	mexX		protein_coding	multidrug efflux lipoprotein	false		refseq|uniprot	false
PA2020	mexZ		protein_coding	transcriptional regulator	true	go_0003700|go_0006355|kw_transcription_regulation|producto_refseq	refseq|uniprot	false
PA2021			protein_coding	hypothetical protein	false		refseq|uniprot	false
PA2022	udg	ugd	protein_coding	UDP-glucose 6-dehydrogenase	false		refseq|uniprot	true
PA2023	galU		protein_coding	UTP-glucose-1-phosphate uridylyltransferase	false		refseq|uniprot	false
PA2024			protein_coding	ring-cleaving dioxygenase	false		refseq|uniprot	false
PA2025	gor		protein_coding	glutathione reductase	false		refseq|uniprot	true
PA2026			protein_coding	hypothetical protein	false		refseq|uniprot	false
PA2027			protein_coding	hypothetical protein	false		refseq|uniprot	false
PA2028			protein_coding	transcriptional regulator	true	go_0006355|kw_transcription_regulation|producto_refseq	refseq|uniprot	false
PA2029			protein_coding	hypothetical protein	false		refseq|uniprot	false
PA2030			protein_coding	hypothetical protein	false		refseq|uniprot	false
PA2031			protein_coding	hypothetical protein	false		refseq|uniprot	false
PA2032			protein_coding	transcriptional regulator	true	go_0003700|kw_transcription_regulation|producto_refseq	refseq|uniprot	false
PA2033			protein_coding	hypothetical protein	false		refseq|uniprot	false
PA2034			protein_coding	hypothetical protein	false		refseq|uniprot	false
PA2035			protein_coding	thiamine pyrophosphate protein	false		refseq|uniprot	false
PA2036			protein_coding	hypothetical protein	false		refseq|uniprot	false
PA2037			protein_coding	hypothetical protein	false		refseq|uniprot	false
PA2038			protein_coding	hypothetical protein	false		refseq|uniprot	false
PA2039			protein_coding	hypothetical protein	false		refseq|uniprot	false
PA2040			protein_coding	glutamine synthetase	false		refseq|uniprot	false
PA2041			protein_coding	amino acid permease	false		refseq|uniprot	false
PA2042	sstT		protein_coding	serine/threonine transporter SstT	false		refseq|uniprot	false
PA2043			protein_coding	hypothetical protein	false		refseq|uniprot	false
PA2044			protein_coding	hypothetical protein	false		refseq|uniprot	false
PA2045			protein_coding	membrane protein insertion efficiency factor	false		refseq|uniprot	false
PA2046			pseudogene		false		refseq|uniprot	false
PA2047			protein_coding	transcriptional regulator	true	go_0006355|kw_transcription_regulation|producto_refseq	refseq|uniprot	false
PA2048			protein_coding	hypothetical protein	false		refseq|uniprot	false
PA2049			protein_coding	hypothetical protein	false		refseq|uniprot	false
PA2050			protein_coding	RNA polymerase sigma factor	true	go_0006355|kw_transcription_regulation|kw_sigma_factor|producto_refseq	refseq|uniprot	false
PA2051			protein_coding	transmembrane sensor	false		refseq|uniprot	false
PA2052	cynS		protein_coding	cyanate hydratase	false		refseq|uniprot	false
PA2053	cynT		protein_coding	carbonic anhydrase	false		refseq|uniprot	false
PA2054	cynR		protein_coding	DNA-binding transcriptional regulator CynR	true	go_0003700|go_0006355|kw_transcription_regulation|producto_refseq	refseq|uniprot	false
PA2055			protein_coding	major facilitator superfamily transporter	false		refseq|uniprot	false
PA2056			protein_coding	transcriptional regulator	true	go_0003700|kw_transcription_regulation|producto_refseq	refseq|uniprot	false
PA2057			protein_coding	hypothetical protein	false		refseq|uniprot	false
PA2058			protein_coding	ABC transporter	false		refseq|uniprot	false
PA2059			protein_coding	ABC transporter permease	false		refseq|uniprot	false
PA2060			protein_coding	ABC transporter permease	false		refseq|uniprot	false
PA2061			protein_coding	ABC transporter ATP-binding protein	false		refseq|uniprot	false
PA2062			protein_coding	pyridoxal-phosphate dependent protein	false		refseq|uniprot	false
PA2063			protein_coding	hypothetical protein	false		refseq|uniprot	false
PA2064	pcoB		protein_coding	copper resistance protein B	false		refseq|uniprot	false
PA2065	pcoA		protein_coding	copper resistance protein A	false		refseq|uniprot	false
PA2066			protein_coding	hypothetical protein	false		refseq|uniprot	false
PA2067			protein_coding	hydrolase	false		refseq|uniprot	false
PA2068			protein_coding	major facilitator superfamily transporter	false		refseq|uniprot	false
PA2069			protein_coding	carbamoyl transferase	false		refseq|uniprot	false
PA2070			protein_coding	hypothetical protein	false		refseq|uniprot	false
PA2071	fusA2	fusB	protein_coding	elongation factor G	false		refseq|uniprot	false
PA2072			protein_coding	hypothetical protein	false		refseq|uniprot	false
PA2073			protein_coding	transporter membrane subunit	false		refseq|uniprot	false
PA2074			protein_coding	hypothetical protein	false		refseq|uniprot	false
PA2075			protein_coding	hypothetical protein	false		refseq|uniprot	false
PA2076			protein_coding	transcriptional regulator	true	go_0003700|go_0006355|kw_transcription_regulation|producto_refseq	refseq|uniprot	false
PA2077			protein_coding	hypothetical protein	false		refseq|uniprot	false
PA2078			protein_coding	hypothetical protein	false		refseq|uniprot	false
PA2079			protein_coding	amino acid permease	false		refseq|uniprot	false
PA2080	kynU		protein_coding	kynureninase KynU	false		refseq|uniprot	false
PA2081	kynB		protein_coding	kynurenine formamidase KynB	false		refseq|uniprot	false
PA2082			protein_coding	transcriptional regulator	true	go_0006355|kw_transcription_regulation|producto_refseq	refseq|uniprot	false
PA2083			protein_coding	ring-hydroxylating dioxygenase subunit	false		refseq|uniprot	false
PA2084			protein_coding	asparagine synthetase	false		refseq|uniprot	false
PA2085			protein_coding	ring-hydroxylating dioxygenase small subunit	false		refseq|uniprot	false
PA2086			protein_coding	epoxide hydrolase	false		refseq|uniprot	false
PA2087			protein_coding	hypothetical protein	false		refseq|uniprot	false
PA2088			protein_coding	hypothetical protein	false		refseq|uniprot	false
PA2089			protein_coding	hypothetical protein	false		refseq|uniprot	false
PA2090			protein_coding	hypothetical protein	false		refseq|uniprot	false
PA2091			protein_coding	hypothetical protein	false		refseq|uniprot	false
PA2092			protein_coding	major facilitator superfamily transporter	false		refseq|uniprot	false
PA2093			protein_coding	RNA polymerase sigma factor	true	go_0006355|kw_transcription_regulation|kw_sigma_factor|producto_refseq	refseq|uniprot	false
PA2094			protein_coding	transmembrane sensor	false		refseq|uniprot	false
PA2095			protein_coding	hypothetical protein	false		refseq|uniprot	false
PA2096			protein_coding	transcriptional regulator	true	go_0003700|kw_transcription_regulation|producto_refseq	refseq|uniprot	false
PA2097			protein_coding	flavin-binding monooxygenase	false		refseq|uniprot	false
PA2098			protein_coding	esterase	false		refseq|uniprot	false
PA2099			protein_coding	short-chain dehydrogenase	false		refseq|uniprot	false
PA2100			protein_coding	transcriptional regulator	true	go_0003700|kw_transcription_regulation|producto_refseq	refseq|uniprot	false
PA2101			protein_coding	hypothetical protein	false		refseq|uniprot	false
PA2102			protein_coding	hypothetical protein	false		refseq|uniprot	false
PA2103			protein_coding	molybdopterin biosynthesis protein MoeB	false		refseq|uniprot	false
PA2104			protein_coding	cysteine synthase	false		refseq|uniprot	false
PA2105			protein_coding	acetyltransferase	false		refseq|uniprot	false
PA2106			protein_coding	hypothetical protein	false		refseq|uniprot	false
PA2107			protein_coding	hypothetical protein	false		refseq|uniprot	false
PA2108			protein_coding	thiamine pyrophosphate protein	false		refseq|uniprot	false
PA2109			protein_coding	hypothetical protein	false		refseq|uniprot	false
PA2110			protein_coding	hypothetical protein	false		refseq|uniprot	false
PA2111			protein_coding	hypothetical protein	false		refseq|uniprot	false
PA2112	pxpA2		protein_coding	hypothetical protein	false		refseq|uniprot	false
PA2113	opdO		protein_coding	pyroglutatmate porin OpdO	false		refseq|uniprot	false
PA2114			protein_coding	major facilitator superfamily transporter	false		refseq|uniprot	false
PA2115			protein_coding	transcriptional regulator	true	go_0003700|go_0006355|kw_transcription_regulation|producto_refseq	refseq|uniprot	false
PA2116			protein_coding	hypothetical protein	false		refseq|uniprot	false
PA2117			protein_coding	hypothetical protein	false		refseq|uniprot	false
PA2118	ada		protein_coding	O6-methylguanine-DNA methyltransferase	true	go_0003700|kw_transcription_regulation	refseq|uniprot	true
PA2119			protein_coding	alcohol dehydrogenase	false		refseq|uniprot	false
PA2120			protein_coding	hypothetical protein	false		refseq|uniprot	false
PA2121			protein_coding	transcriptional regulator	true	go_0003700|go_0006355|kw_transcription_regulation|producto_refseq	refseq|uniprot	false
PA2122			protein_coding	hypothetical protein	false		refseq|uniprot	false
PA2123			protein_coding	transcriptional regulator	true	go_0003700|kw_transcription_regulation|producto_refseq	refseq|uniprot	false
PA2124			protein_coding	dehydrogenase	false		refseq|uniprot	false
PA2125			protein_coding	aldehyde dehydrogenase	false		refseq|uniprot	false
PA2126			protein_coding	hypothetical protein	false		refseq|uniprot	false
PA2127			protein_coding	hypothetical protein	false		refseq|uniprot	false
PA2128	cupA1		protein_coding	fimbrial subunit CupA1	false		refseq|uniprot	false
PA2129	cupA2		protein_coding	chaperone CupA2	false		refseq|uniprot	false
PA2130	cupA3		protein_coding	usher CupA3	false		refseq|uniprot	false
PA2131	cupA4		protein_coding	fimbrial subunit CupA4	false		refseq|uniprot	false
PA2132	cupA5		protein_coding	chaperone CupA5	false		refseq|uniprot	false
PA2133			protein_coding	hypothetical protein	false		refseq|uniprot	false
PA2134			protein_coding	hypothetical protein	false		refseq|uniprot	false
PA2135			protein_coding	transporter	false		refseq|uniprot	false
PA2136			protein_coding	hypothetical protein	false		refseq|uniprot	false
PA2137			protein_coding	hypothetical protein	false		refseq|uniprot	false
PA2138	ligD		protein_coding	multifunctional non-homologous end joining protein LigD	false		refseq|uniprot	false
PA2139			pseudogene		false		refseq|uniprot	false
PA2140			protein_coding	metallothionein	false		refseq|uniprot	false
PA2141			protein_coding	hypothetical protein	false		refseq|uniprot	false
PA2142			protein_coding	short-chain dehydrogenase	false		refseq|uniprot	false
PA2143			protein_coding	hypothetical protein	false		refseq|uniprot	false
PA2144	glgP		protein_coding	glycogen phosphorylase	false		refseq|uniprot	false
PA2145			protein_coding	hypothetical protein	false		refseq|uniprot	false
PA2146			protein_coding	hypothetical protein	false		refseq|uniprot	false
PA2147	katE		protein_coding	catalase HPII	false		refseq|uniprot	false
PA2148			protein_coding	hypothetical protein	false		refseq|uniprot	false
PA2149			protein_coding	hypothetical protein	false		refseq|uniprot	false
PA2150	ku		protein_coding	non-homologous end joining protein Ku	false		refseq|uniprot	true
PA2151	glgE		protein_coding	alpha-1,4-glucan:maltose-1-phosphate maltosyltransferase	false		refseq|uniprot	false
PA2152			protein_coding	trehalose synthase	false		refseq|uniprot	false
PA2153	glgB		protein_coding	1,4-alpha-glucan branching protein GlgB	false		refseq|uniprot	false
PA2154			protein_coding	hypothetical protein	false		refseq|uniprot	false
PA2155	clsB		protein_coding	cardiolipin synthase 2	false		refseq|uniprot	false
PA2156			protein_coding	hypothetical protein	false		refseq|uniprot	false
PA2157			protein_coding	hypothetical protein	false		refseq|uniprot	false
PA2158			protein_coding	alcohol dehydrogenase	false		refseq|uniprot	false
PA2159			protein_coding	hypothetical protein	false		refseq|uniprot	false
PA2160			protein_coding	glycosyl hydrolase	false		refseq|uniprot	false
PA2161			protein_coding	hypothetical protein	false		refseq|uniprot	false
PA2162			protein_coding	malto-oligosyltrehalose synthase	false		refseq|uniprot	false
PA2163			protein_coding	4-alpha-glucanotransferase	false		refseq|uniprot	false
PA2164			protein_coding	glycosyl hydrolase	false		refseq|uniprot	false
PA2165	glgA		protein_coding	glycogen synthase	false		refseq|uniprot	false
PA2166			protein_coding	hypothetical protein	false		refseq|uniprot	false
PA2167			protein_coding	hypothetical protein	false		refseq|uniprot	false
PA2168			protein_coding	hypothetical protein	false		refseq|uniprot	false
PA2169			protein_coding	hypothetical protein	false		refseq|uniprot	false
PA2170			protein_coding	hypothetical protein	false		refseq|uniprot	false
PA2171			protein_coding	hypothetical protein	false		refseq|uniprot	false
PA2172			protein_coding	hypothetical protein	false		refseq|uniprot	false
PA2173			protein_coding	hypothetical protein	false		refseq|uniprot	false
PA2174			protein_coding	hypothetical protein	false		refseq|uniprot	false
PA2175			protein_coding	hypothetical protein	false		refseq|uniprot	false
PA2176			protein_coding	hypothetical protein	false		refseq|uniprot	false
PA2177			protein_coding	sensor/response regulator hybrid protein	false		refseq|uniprot	false
PA2178			protein_coding	hypothetical protein	false		refseq|uniprot	false
PA2179			protein_coding	hypothetical protein	false		refseq|uniprot	false
PA2180			protein_coding	hypothetical protein	false		refseq|uniprot	false
PA2181			protein_coding	glutamate--cysteine ligase	false		refseq|uniprot	false
PA2182			protein_coding	hypothetical protein	false		refseq|uniprot	false
PA2183			protein_coding	hypothetical protein	false		refseq|uniprot	false
PA2184			protein_coding	hypothetical protein	false		refseq|uniprot	false
PA2185	katN		protein_coding	non-heme catalase KatN	false		refseq|uniprot	false
PA2187			protein_coding	hypothetical protein	false		refseq|uniprot	false
PA2188			protein_coding	alcohol dehydrogenase	false		refseq|uniprot	false
PA2189			protein_coding	hypothetical protein	false		refseq|uniprot	false
PA2190			protein_coding	hypothetical protein	false		refseq|uniprot	false
PA2191	exoY		protein_coding	adenylate cyclase	false		refseq|uniprot	false
PA2192			protein_coding	hypothetical protein	false		refseq|uniprot	false
PA2193	hcnA		protein_coding	hydrogen cyanide synthase subunit HcnA	false		refseq|uniprot	false
PA2194	hcnB		protein_coding	hydrogen cyanide synthase subunit HcnB	false		refseq|uniprot	false
PA2195	hcnC		protein_coding	hydrogen cyanide synthase subunit HcnC	false		refseq|uniprot	false
PA2196			protein_coding	transcriptional regulator	true	go_0003700|kw_transcription_regulation|producto_refseq	refseq|uniprot	false
PA2197			protein_coding	hypothetical protein	false		refseq|uniprot	false
PA2198			protein_coding	hypothetical protein	false		refseq|uniprot	false
PA2199			protein_coding	dehydrogenase	false		refseq|uniprot	false
PA2200			protein_coding	hypothetical protein	false		refseq|uniprot	false
PA2201			protein_coding	hypothetical protein	false		refseq|uniprot	false
PA2202			protein_coding	amino acid permease	false		refseq|uniprot	false
PA2203			protein_coding	amino acid permease	false		refseq|uniprot	false
PA2204			protein_coding	ABC transporter	false		refseq|uniprot	false
PA2205			protein_coding	hypothetical protein	false		refseq|uniprot	false
PA2206			protein_coding	transcriptional regulator	true	go_0003700|go_0006355|kw_transcription_regulation|producto_refseq	refseq|uniprot	false
PA2207			protein_coding	hypothetical protein	false		refseq|uniprot	false
PA2208			protein_coding	hypothetical protein	false		refseq|uniprot	false
PA2209			protein_coding	hypothetical protein	false		refseq|uniprot	false
PA2210			protein_coding	major facilitator superfamily transporter	false		refseq|uniprot	false
PA2211			protein_coding	hypothetical protein	false		refseq|uniprot	false
PA2212			protein_coding	4-hydroxythreonine-4-phosphate dehydrogenase	false		refseq|uniprot	false
PA2213			protein_coding	porin	false		refseq|uniprot	false
PA2214			protein_coding	major facilitator superfamily transporter	false		refseq|uniprot	false
PA2215	lyxD		protein_coding	hypothetical protein	false		refseq|uniprot	false
PA2216	kdaD		protein_coding	hypothetical protein	false		refseq|uniprot	false
PA2217			protein_coding	aldehyde dehydrogenase	false		refseq|uniprot	false
PA2218			protein_coding	hypothetical protein	false		refseq|uniprot	false
PA2219	opdE		protein_coding	transcriptional regulator OpdE	true	kw_transcription_regulation|producto_refseq	refseq|uniprot	false
PA2220			protein_coding	transcriptional regulator	true	go_0003700|kw_transcription_regulation|producto_refseq	refseq|uniprot	false
PA2221			protein_coding	hypothetical protein	false		refseq|uniprot	false
PA2222			protein_coding	hypothetical protein	false		refseq|uniprot	false
PA2223			protein_coding	hypothetical protein	false		refseq|uniprot	false
PA2224			protein_coding	hypothetical protein	false		refseq|uniprot	false
PA2225			protein_coding	hypothetical protein	false		refseq|uniprot	false
PA2226			protein_coding	hypothetical protein	false		refseq|uniprot	false
PA2227	vqsM		protein_coding	HTH-type transcriptional regulator VqsM	true	go_0003700|kw_transcription_regulation|producto_refseq	refseq|uniprot	false
PA2228			protein_coding	hypothetical protein	false		refseq|uniprot	false
PA2229			protein_coding	hypothetical protein	false		refseq|uniprot	false
PA2230			protein_coding	hypothetical protein	false		refseq|uniprot	false
PA2231	pslA		protein_coding	biofilm formation protein PslA	false		refseq|uniprot	false
PA2232	pslB		protein_coding	biofilm formation protein PslB	false		refseq|uniprot	false
PA2233	pslC		protein_coding	biofilm formation protein PslC	false		refseq|uniprot	false
PA2234	pslD		protein_coding	biofilm formation protein PslD	false		refseq|uniprot	false
PA2235	pslE		protein_coding	biofilm formation protein PslE	false		refseq|uniprot	false
PA2236	pslF		protein_coding	biofilm formation protein PslF	false		refseq|uniprot	false
PA2237	pslG		protein_coding	biofilm formation protein PslG	false		refseq|uniprot	false
PA2238	pslH		protein_coding	biofilm formation protein PslH	false		refseq|uniprot	false
PA2239	pslI		protein_coding	biofilm formation protein PslI	false		refseq|uniprot	false
PA2240	pslJ		protein_coding	biofilm formation protein PslJ	false		refseq|uniprot	false
PA2241	pslK		protein_coding	biofilm formation protein PslL	false		refseq|uniprot	false
PA2242	pslL		protein_coding	hypothetical protein	false		refseq|uniprot	false
PA2243	pslM		protein_coding	FAD-binding dehydrogenase	false		refseq|uniprot	false
PA2244	pslN		protein_coding	hypothetical protein	false		refseq|uniprot	false
PA2246	bkdR		protein_coding	Bkd operon transcriptional regulator BkdR	true	go_0006355|kw_transcription_regulation|producto_refseq	refseq|uniprot	false
PA2247	bkdA1		protein_coding	2-oxoisovalerate dehydrogenase subunit alpha	false		refseq|uniprot	false
PA2248	bkdA2		protein_coding	2-oxoisovalerate dehydrogenase subunit beta	false		refseq|uniprot	false
PA2249	bkdB		protein_coding	branched-chain alpha-keto acid dehydrogenase complex lipoamide acyltransferase	false		refseq|uniprot	false
PA2250	lpdV		protein_coding	branched-chain alpha-keto acid dehydrogenase complex dihydrolipoyl dehydrogenase	false		refseq|uniprot	false
PA2251			protein_coding	hypothetical protein	false		refseq|uniprot	false
PA2252			protein_coding	AGCS sodium/alanine/glycine symporter	false		refseq|uniprot	false
PA2253	ansA		protein_coding	L-asparaginase I	false		refseq|uniprot	false
PA2254	pvcA		protein_coding	paerucumarin biosynthesis protein PvcA	false		refseq|uniprot	false
PA2255	pvcB		protein_coding	paerucumarin biosynthesis protein PvcB	false		refseq|uniprot	false
PA2256	pvcC		protein_coding	paerucumarin biosynthesis protein PvcC	false		refseq|uniprot	false
PA2257	pvcD		protein_coding	paerucumarin biosynthesis protein PvcD	false		refseq|uniprot	false
PA2258	ptxR		protein_coding	HTH-type transcriptional regulator PtxR	true	go_0006355|kw_transcription_regulation|producto_refseq	refseq|uniprot	false
PA2259	ptxS		protein_coding	transcriptional regulator PtxS	true	go_0003700|go_0006355|kw_transcription_regulation|producto_refseq	refseq|uniprot	false
PA2260			protein_coding	hypothetical protein	false		refseq|uniprot	false
PA2261			protein_coding	2-ketogluconate kinase	false		refseq|uniprot	false
PA2262			protein_coding	2-ketogluconate transporter	false		refseq|uniprot	false
PA2263			protein_coding	2-hydroxyacid dehydrogenase	false		refseq|uniprot	false
PA2264			protein_coding	hypothetical protein	false		refseq|uniprot	false
PA2265			protein_coding	gluconate dehydrogenase	false		refseq|uniprot	false
PA2266			protein_coding	cytochrome C	false		refseq|uniprot	false
PA2267			protein_coding	transcriptional regulator	true	go_0003700|go_0006355|kw_transcription_regulation|producto_refseq	refseq|uniprot	false
PA2268			protein_coding	hypothetical protein	false		refseq|uniprot	false
PA2269			protein_coding	hypothetical protein	false		refseq|uniprot	false
PA2270			protein_coding	transcriptional regulator	true	go_0003700|go_0006355|producto_refseq	refseq|uniprot	false
PA2271			protein_coding	acetyltransferase	false		refseq|uniprot	false
PA2272	pbpC		protein_coding	penicillin-binding protein 3A	false		refseq|uniprot	false
PA2273	soxR		protein_coding	redox-sensitive transcriptional activator SoxR	true	go_0003700|go_0006355|kw_transcription_regulation|producto_refseq	refseq|uniprot	false
PA2274			protein_coding	hypothetical protein	false		refseq|uniprot	false
PA2275			protein_coding	alcohol dehydrogenase	false		refseq|uniprot	false
PA2276			protein_coding	transcriptional regulator	true	go_0006355|kw_transcription_regulation|producto_refseq	refseq|uniprot	false
PA2277	arsR		protein_coding	ArsR family transcriptional regulator	true	go_0003700|go_0006355|kw_transcription_regulation|producto_refseq	refseq|uniprot	false
PA2278	arsB		protein_coding	arsenite-antimonite efflux pump ArsB	false		refseq|uniprot	false
PA2279	arsC		protein_coding	low molecular weight phosphatase	false		refseq|uniprot	false
PA2280			protein_coding	hypothetical protein	false		refseq|uniprot	false
PA2281			protein_coding	transcriptional regulator	true	go_0003700|kw_transcription_regulation|producto_refseq	refseq|uniprot	false
PA2282			protein_coding	hypothetical protein	false		refseq|uniprot	false
PA2283			protein_coding	hypothetical protein	false		refseq|uniprot	false
PA2284			protein_coding	hypothetical protein	false		refseq|uniprot	false
PA2285			protein_coding	hypothetical protein	false		refseq|uniprot	false
PA2286			protein_coding	hypothetical protein	false		refseq|uniprot	false
PA2287			protein_coding	hypothetical protein	false		refseq|uniprot	false
PA2288			protein_coding	hypothetical protein	false		refseq|uniprot	false
PA2289			protein_coding	hypothetical protein	false		refseq|uniprot	false
PA2290	gcd		protein_coding	glucose dehydrogenase	false		refseq|uniprot	true
PA2291			protein_coding	glucose-sensitive porin	false		refseq|uniprot	false
PA2292			protein_coding	hypothetical protein	false		refseq|uniprot	false
PA2293			protein_coding	hypothetical protein	false		refseq|uniprot	false
PA2294			protein_coding	ABC transporter ATP-binding protein	false		refseq|uniprot	false
PA2295			protein_coding	ABC transporter permease	false		refseq|uniprot	false
PA2296			protein_coding	hypothetical protein	false		refseq|uniprot	false
PA2297			protein_coding	ferredoxin	false		refseq|uniprot	false
PA2298			protein_coding	oxidoreductase	false		refseq|uniprot	false
PA2299			protein_coding	transcriptional regulator	true	go_0003700|kw_transcription_regulation|producto_refseq	refseq|uniprot	false
PA2300	chiC		protein_coding	chitinase	false		refseq|uniprot	false
PA2301			protein_coding	hypothetical protein	false		refseq|uniprot	false
PA2302	ambE		protein_coding	protein AmbE	false		refseq|uniprot	false
PA2303	ambD		protein_coding	protein AmbD	false		refseq|uniprot	false
PA2304	ambC		protein_coding	protein AmbC	false		refseq|uniprot	false
PA2305	ambB		protein_coding	protein AmbB	false		refseq|uniprot	false
PA2306	ambA		protein_coding	protein AmbA	false		refseq|uniprot	false
PA2307			protein_coding	ABC transporter permease	false		refseq|uniprot	false
PA2308			protein_coding	ABC transporter ATP-binding protein	false		refseq|uniprot	false
PA2309			protein_coding	hypothetical protein	false		refseq|uniprot	false
PA2310			protein_coding	hypothetical protein	false		refseq|uniprot	false
PA2311			protein_coding	hypothetical protein	false		refseq|uniprot	false
PA2312			protein_coding	transcriptional regulator	true	go_0003700|go_0006355|producto_refseq	refseq|uniprot	false
PA2314			protein_coding	major facilitator superfamily transporter	false		refseq|uniprot	false
PA2315			protein_coding	hypothetical protein	false		refseq|uniprot	false
PA2316			protein_coding	transcriptional regulator	true	go_0003700|kw_transcription_regulation|producto_refseq	refseq|uniprot	false
PA2317			protein_coding	oxidoreductase	false		refseq|uniprot	false
PA2318			protein_coding	hypothetical protein	false		refseq|uniprot	false
PA2319			protein_coding	transposase	false		refseq	false
PA2320	gntR		protein_coding	GntR family transcriptional regulator	true	go_0003700|go_0006355|kw_transcription_regulation|producto_refseq	refseq|uniprot	false
PA2321			protein_coding	gluconokinase	false		refseq|uniprot	false
PA2322	gnuT		protein_coding	gluconate permease	false		refseq|uniprot	false
PA2323			protein_coding	glyceraldehyde-3-phosphate dehydrogenase	false		refseq|uniprot	false
PA2324			protein_coding	hypothetical protein	false		refseq|uniprot	false
PA2325			protein_coding	hypothetical protein	false		refseq|uniprot	false
PA2326			protein_coding	hypothetical protein	false		refseq|uniprot	false
PA2327			protein_coding	ABC transporter permease	false		refseq|uniprot	false
PA2328			protein_coding	hypothetical protein	false		refseq|uniprot	false
PA2329			protein_coding	ABC transporter ATP-binding protein	false		refseq|uniprot	false
PA2330			protein_coding	hypothetical protein	false		refseq|uniprot	false
PA2331			protein_coding	hypothetical protein	false		refseq|uniprot	false
PA2332			protein_coding	transcriptional regulator	true	go_0003700|go_0006355|kw_transcription_regulation|producto_refseq	refseq|uniprot	false
PA2333			protein_coding	sulfatase	false		refseq|uniprot	false
PA2334			protein_coding	transcriptional regulator	true	go_0003700|go_0006355|kw_transcription_regulation|producto_refseq	refseq|uniprot	false
PA2335			protein_coding	TonB-dependent receptor	false		refseq|uniprot	false
PA2336			protein_coding	hypothetical protein	false		refseq|uniprot	false
PA2337	mtlR		protein_coding	transcriptional regulator MtlR	true	go_0003700|go_0006355|kw_transcription_regulation|producto_refseq	refseq|uniprot	false
PA2338			protein_coding	maltose/mannitol ABC transporter substrate-binding protein	false		refseq|uniprot	false
PA2339			protein_coding	binding-protein-dependent maltose/mannitol transport protein	false		refseq|uniprot	false
PA2340			protein_coding	binding-protein-dependent maltose/mannitol transport protein	false		refseq|uniprot	false
PA2341			protein_coding	maltose ABC transporter ATP-binding protein	false		refseq|uniprot	false
PA2342	mtlD		protein_coding	mannitol dehydrogenase	false		refseq|uniprot	false
PA2343	mtlY	xylB	protein_coding	xylulose kinase	false		refseq|uniprot	false
PA2344	mtlZ		protein_coding	fructokinase	false		refseq|uniprot	false
PA2345			protein_coding	hypothetical protein	false		refseq|uniprot	false
PA2346			protein_coding	hypothetical protein	false		refseq|uniprot	false
PA2347			protein_coding	hypothetical protein	false		refseq|uniprot	false
PA2348			protein_coding	hypothetical protein	false		refseq|uniprot	false
PA2349			protein_coding	hypothetical protein	false		refseq|uniprot	false
PA2350	metN1		protein_coding	methionine ABC transporter ATP-binding protein	false		refseq|uniprot	false
PA2351			protein_coding	ABC transporter permease	false		refseq|uniprot	false
PA2352			protein_coding	glycerophosphoryl diester phosphodiesterase	false		refseq|uniprot	false
PA2353			protein_coding	hypothetical protein	false		refseq|uniprot	false
PA2354			protein_coding	transcriptional regulator	true	kw_transcription_regulation|producto_refseq	refseq|uniprot	false
PA2355			protein_coding	FMNH2-dependent monooxygenase	false		refseq|uniprot	false
PA2356	msuD		protein_coding	methanesulfonate monooxygenase	false		refseq|uniprot	false
PA2357	msuE	slfA	protein_coding	FMN reductase MsuE	false		refseq|uniprot	false
PA2358			protein_coding	hypothetical protein	false		refseq|uniprot	false
PA2359			protein_coding	transcriptional regulator	true	kw_transcription_regulation|producto_refseq	refseq|uniprot	false
PA2360			protein_coding	hypothetical protein	false		refseq|uniprot	false
PA2361			protein_coding	hypothetical protein	false		refseq|uniprot	false
PA2362			protein_coding	hypothetical protein	false		refseq|uniprot	false
PA2363			protein_coding	hypothetical protein	false		refseq|uniprot	false
PA2364			protein_coding	hypothetical protein	false		refseq|uniprot	false
PA2365			protein_coding	hypothetical protein	false		refseq|uniprot	false
PA2366			protein_coding	uricase	false		refseq|uniprot	false
PA2367			protein_coding	hypothetical protein	false		refseq|uniprot	false
PA2368			protein_coding	hypothetical protein	false		refseq|uniprot	false
PA2369			protein_coding	hypothetical protein	false		refseq|uniprot	false
PA2370			protein_coding	hypothetical protein	false		refseq|uniprot	false
PA2371			protein_coding	ClpA/B-type protease	false		refseq|uniprot	false
PA2373			protein_coding	hypothetical protein	false		refseq|uniprot	false
PA2374			protein_coding	hypothetical protein	false		refseq|uniprot	false
PA2375			protein_coding	hypothetical protein	false		refseq|uniprot	false
PA2376			protein_coding	transcriptional regulator	true	go_0006355|producto_refseq	refseq|uniprot	false
PA2377			protein_coding	hypothetical protein	false		refseq|uniprot	false
PA2378			protein_coding	aldehyde dehydrogenase	false		refseq|uniprot	false
PA2379			protein_coding	oxidoreductase	false		refseq|uniprot	false
PA2380			protein_coding	hypothetical protein	false		refseq|uniprot	false
PA2381			protein_coding	hypothetical protein	false		refseq|uniprot	false
PA2382	lldA		protein_coding	L-lactate dehydrogenase	false		refseq|uniprot	false
PA2383			protein_coding	transcriptional regulator	true	go_0003700|kw_transcription_regulation|producto_refseq	refseq|uniprot	false
PA2384			protein_coding	hypothetical protein	false		refseq|uniprot	false
PA2385	pvdQ	qsc112	protein_coding	acyl-homoserine lactone acylase PvdQ	false		refseq|uniprot	false
PA2386	pvdA	pvd-1	protein_coding	L-ornithine N5-oxygenase	false		refseq|uniprot	false
PA2387	fpvI		protein_coding	RNA polymerase sigma factor	true	go_0006355|kw_transcription_regulation|kw_sigma_factor|producto_refseq	refseq|uniprot	false
PA2388	fpvR		protein_coding	protein FpvR	false		refseq|uniprot	false
PA2389	pvdR		protein_coding	pyoverdine biosynthesis protein PvdR	false		refseq|uniprot	false
PA2390	pvdT		protein_coding	pyoverdine biosynthesis protein PvdT	false		refseq|uniprot	false
PA2391	opmQ		protein_coding	hypothetical protein	false		refseq|uniprot	false
PA2392	pvdP		protein_coding	pyoverdine biosynthesis protein PvdP	false		refseq|uniprot	false
PA2393			protein_coding	dipeptidase	false		refseq|uniprot	false
PA2394	pvdN		protein_coding	pyoverdine biosynthesis protein PvdN	false		refseq|uniprot	false
PA2395	pvdO		protein_coding	pyoverdine biosynthesis protein PvdO	false		refseq|uniprot	false
PA2396	pvdF		protein_coding	pyoverdine synthetase F	false		refseq|uniprot	false
PA2397	pvdE		protein_coding	pyoverdine biosynthesis protein PvdE	false		refseq|uniprot	false
PA2398	fpvA		protein_coding	ferripyoverdine receptor	false		refseq|uniprot	false
PA2399	pvdD		protein_coding	pyoverdine synthetase D	false		refseq|uniprot	false
PA2400	pvdJ		protein_coding	pyoverdine biosynthesis protein PvdJ	false		refseq|uniprot	false
PA2402			protein_coding	peptide synthase	false		refseq|uniprot	false
PA2403			protein_coding	hypothetical protein	false		refseq|uniprot	false
PA2404			protein_coding	hypothetical protein	false		refseq|uniprot	false
PA2405			protein_coding	hypothetical protein	false		refseq|uniprot	false
PA2406			protein_coding	hypothetical protein	false		refseq|uniprot	false
PA2407			protein_coding	adhesion protein	false		refseq|uniprot	false
PA2408			protein_coding	ABC transporter ATP-binding protein	false		refseq|uniprot	false
PA2409			protein_coding	ABC transporter permease	false		refseq|uniprot	false
PA2410			protein_coding	hypothetical protein	false		refseq|uniprot	false
PA2411			protein_coding	thioesterase	false		refseq|uniprot	false
PA2412			protein_coding	hypothetical protein	false		refseq|uniprot	false
PA2413	pvdH		protein_coding	diaminobutyrate--2-oxoglutarate aminotransferase	false		refseq|uniprot	false
PA2414			protein_coding	L-sorbosone dehydrogenase	false		refseq|uniprot	false
PA2415			protein_coding	hypothetical protein	false		refseq|uniprot	false
PA2416	treA		protein_coding	trehalase	false		refseq|uniprot	false
PA2417			protein_coding	transcriptional regulator	true	go_0003700|kw_transcription_regulation|producto_refseq	refseq|uniprot	false
PA2418			protein_coding	quercetin 2,3-dioxygenase	false		refseq|uniprot	false
PA2419			protein_coding	hydrolase	false		refseq|uniprot	false
PA2420			protein_coding	porin	false		refseq|uniprot	false
PA2421			protein_coding	hypothetical protein	false		refseq|uniprot	false
PA2422			protein_coding	hypothetical protein	false		refseq|uniprot	false
PA2423			protein_coding	hypothetical protein	false		refseq|uniprot	false
PA2424	pvdL		protein_coding	peptide synthase	false		refseq|uniprot	false
PA2425	pvdG		protein_coding	pyoverdine biosynthesis protein PvdG	false		refseq|uniprot	false
PA2426	pvdS		protein_coding	extracytoplasmic-function sigma-70 factor	true	go_0006355|kw_transcription_regulation|kw_sigma_factor|producto_refseq	refseq|uniprot	false
PA2427			protein_coding	hypothetical protein	false		refseq|uniprot	false
PA2428			protein_coding	hypothetical protein	false		refseq|uniprot	false
PA2429			protein_coding	hypothetical protein	false		refseq|uniprot	false
PA2430			protein_coding	hypothetical protein	false		refseq|uniprot	false
PA2431			protein_coding	hypothetical protein	false		refseq|uniprot	false
PA2432	bexR		protein_coding	bistable expression regulator BexR	true	go_0003700|kw_transcription_regulation	refseq|uniprot	false
PA2433			protein_coding	hypothetical protein	false		refseq|uniprot	false
PA2434			protein_coding	hypothetical protein	false		refseq|uniprot	false
PA2435			protein_coding	cation-transporting P-type ATPase	false		refseq|uniprot	false
PA2436			protein_coding	hypothetical protein	false		refseq|uniprot	false
PA2437			protein_coding	hypothetical protein	false		refseq|uniprot	false
PA2438			protein_coding	hypothetical protein	false		refseq|uniprot	false
PA2439			protein_coding	hypothetical protein	false		refseq|uniprot	false
PA2440			protein_coding	hypothetical protein	false		refseq|uniprot	false
PA2441			protein_coding	hypothetical protein	false		refseq|uniprot	false
PA2442	gcvT2		protein_coding	glycine cleavage system protein T2	false		refseq|uniprot	false
PA2443	sdaA		protein_coding	L-serine dehydratase	false		refseq|uniprot	false
PA2444	glyA2		protein_coding	serine hydroxymethyltransferase	false		refseq|uniprot	false
PA2445	gcvP2	gcvP1	protein_coding	glycine dehydrogenase	false		refseq|uniprot	false
PA2446	gcvH2	gcvH1	protein_coding	glycine cleavage system protein H	false		refseq|uniprot	false
PA2447			protein_coding	transcriptional regulator	true	go_0003700|go_0006355|kw_transcription_regulation|producto_refseq	refseq|uniprot	false
PA2448			protein_coding	hypothetical protein	false		refseq|uniprot	false
PA2449			protein_coding	transcriptional regulator	true	kw_transcription_regulation|producto_refseq	refseq|uniprot	false
PA2450			protein_coding	hypothetical protein	false		refseq|uniprot	false
PA2451			pseudogene		false		refseq|uniprot	false
PA2453			protein_coding	hypothetical protein	false		refseq|uniprot	false
PA2454			protein_coding	hypothetical protein	false		refseq|uniprot	false
PA2455			protein_coding	hypothetical protein	false		refseq|uniprot	false
PA2457			protein_coding	hypothetical protein	false		refseq|uniprot	false
PA2458			protein_coding	hypothetical protein	false		refseq|uniprot	false
PA2459			protein_coding	hypothetical protein	false		refseq|uniprot	false
PA2460			protein_coding	hypothetical protein	false		refseq|uniprot	false
PA2461			protein_coding	hypothetical protein	false		refseq|uniprot	false
PA2462			protein_coding	hypothetical protein	false		refseq|uniprot	false
PA2463			protein_coding	hypothetical protein	false		refseq|uniprot	false
PA2464			protein_coding	hypothetical protein	false		refseq|uniprot	false
PA2465			protein_coding	hypothetical protein	false		refseq|uniprot	false
PA2466	foxA		protein_coding	ferrioxamine receptor FoxA	false		refseq|uniprot	false
PA2467	foxR		protein_coding	anti-sigma factor FoxR	false		refseq|uniprot	false
PA2468	foxI		protein_coding	ECF sigma factor FoxI	true	go_0006355|kw_transcription_regulation|kw_sigma_factor|producto_refseq	refseq|uniprot	false
PA2469			protein_coding	transcriptional regulator	true	go_0003700|go_0006355|kw_transcription_regulation|producto_refseq	refseq|uniprot	false
PA2470	gtdA		protein_coding	gentisate 1,2-dioxygenase	false		refseq|uniprot	false
PA2471			protein_coding	hypothetical protein	false		refseq|uniprot	false
PA2472			protein_coding	major facilitator superfamily transporter	false		refseq|uniprot	false
PA2473			protein_coding	glutathione S-transferase	false		refseq|uniprot	false
PA2474			protein_coding	hypothetical protein	false		refseq|uniprot	false
PA2475			protein_coding	cytochrome P450	false		refseq|uniprot	false
PA2476	dsbG		protein_coding	thiol:disulfide interchange protein DsbG	false		refseq|uniprot	false
PA2477			protein_coding	thiol:disulfide interchange protein	false		refseq|uniprot	false
PA2478	dsbD2		protein_coding	thiol:disulfide interchange protein DsbD	false		refseq|uniprot	false
PA2479			protein_coding	two-component response regulator	true	go_0006355|kw_transcription_regulation|kw_two_component|producto_refseq	refseq|uniprot	false
PA2480			protein_coding	two-component sensor	true	kw_two_component|producto_refseq	refseq|uniprot	false
PA2481			protein_coding	hypothetical protein	false		refseq|uniprot	false
PA2482			protein_coding	cytochrome C	false		refseq|uniprot	false
PA2483			protein_coding	hypothetical protein	false		refseq|uniprot	false
PA2484			protein_coding	hypothetical protein	true	kw_transcription_regulation	refseq|uniprot	false
PA2485			protein_coding	hypothetical protein	false		refseq|uniprot	false
PA2486			protein_coding	hypothetical protein	false		refseq|uniprot	false
PA2487			protein_coding	hypothetical protein	false		refseq|uniprot	false
PA2488			protein_coding	transcriptional regulator	true	go_0003700|go_0006355|kw_transcription_regulation|producto_refseq	refseq|uniprot	false
PA2489			protein_coding	transcriptional regulator	true	go_0003700|go_0006355|kw_transcription_regulation|producto_refseq	refseq|uniprot	false
PA2490			protein_coding	hypothetical protein	false		refseq|uniprot	false
PA2491	mexS	qrh	protein_coding	oxidoreductase	false		refseq|uniprot	true
PA2492	mexT	nfxC	protein_coding	transcriptional regulator MexT	true	go_0006355|kw_transcription_regulation|producto_refseq	refseq|uniprot	false
PA2493	mexE		protein_coding	resistance-nodulation-cell division (RND) multidrug efflux membrane fusion protein MexE	false		refseq|uniprot	false
PA2494	mexF		protein_coding	resistance-nodulation-cell division (RND) multidrug efflux transporter MexF	false		refseq|uniprot	false
PA2495	oprN		protein_coding	multidrug efflux outer membrane protein OprN	false		refseq|uniprot	false
PA2496			protein_coding	hypothetical protein	false		refseq|uniprot	false
PA2497			protein_coding	transcriptional regulator	true	go_0003700|go_0006355|kw_transcription_regulation|producto_refseq	refseq|uniprot	false
PA2498			protein_coding	hypothetical protein	false		refseq|uniprot	false
PA2499			protein_coding	deaminase	false		refseq|uniprot	false
PA2500			protein_coding	major facilitator superfamily transporter	false		refseq|uniprot	false
PA2501			protein_coding	hypothetical protein	false		refseq|uniprot	false
PA2502			protein_coding	hypothetical protein	false		refseq|uniprot	false
PA2503			protein_coding	hypothetical protein	false		refseq|uniprot	false
PA2504			protein_coding	hypothetical protein	false		refseq|uniprot	false
PA2505	opdT		protein_coding	tyrosine porin OpdT	false		refseq|uniprot	false
PA2506			protein_coding	hypothetical protein	false		refseq|uniprot	false
PA2507	catA		protein_coding	catechol 1,2-dioxygenase	false		refseq|uniprot	false
PA2508	catC		protein_coding	muconolactone delta-isomerase	false		refseq|uniprot	false
PA2509	catB		protein_coding	muconate cycloisomerase I	false		refseq|uniprot	false
PA2510	catR		protein_coding	transcriptional regulator CatR	true	go_0003700|go_0006355|kw_transcription_regulation|producto_refseq	refseq|uniprot	false
PA2511			protein_coding	transcriptional regulator	true	go_0003700|go_0006355|kw_transcription_regulation|producto_refseq	refseq|uniprot	false
PA2512	antA		protein_coding	anthranilate dioxygenase large subunit	false		refseq|uniprot	false
PA2513	antB		protein_coding	anthranilate dioxygenase small subunit	false		refseq|uniprot	false
PA2514	antC		protein_coding	anthranilate dioxygenase reductase	false		refseq|uniprot	false
PA2515	xylL		protein_coding	1,6-dihydroxycyclohexa-2,4-diene-1-carboxylate dehydrogenase	false		refseq|uniprot	false
PA2516	xylZ		protein_coding	toluate 1,2-dioxygenase electron transfer subunit	false		refseq|uniprot	false
PA2517	xylY		protein_coding	toluate 1,2-dioxygenase subunit beta	false		refseq|uniprot	false
PA2518	xylX		protein_coding	toluate 1,2-dioxygenase subunit alpha	false		refseq|uniprot	false
PA2519	xylS		protein_coding	transcriptional regulator XylS	true	go_0003700|go_0006355|kw_transcription_regulation|producto_refseq	refseq|uniprot	false
PA2520	czcA		protein_coding	resistance-nodulation-cell division (RND) divalent metal cation efflux transporter CzcA	false		refseq|uniprot	false
PA2521	czcB		protein_coding	resistance-nodulation-cell division (RND) divalent metal cation efflux membrane fusion protein CzcB	false		refseq|uniprot	false
PA2522	czcC		protein_coding	outer membrane protein CzcC	false		refseq|uniprot	false
PA2523			protein_coding	two-component response regulator	true	go_0006355|kw_transcription_regulation|kw_two_component|producto_refseq	refseq|uniprot	false
PA2524			protein_coding	two-component sensor	true	kw_two_component|producto_refseq	refseq|uniprot	false
PA2525			protein_coding	hypothetical protein	false		refseq|uniprot	false
PA2526			protein_coding	resistance-nodulation-cell division (RND) efflux transporter	false		refseq|uniprot	false
PA2527			protein_coding	resistance-nodulation-cell division (RND) efflux transporter	false		refseq|uniprot	false
PA2528			protein_coding	resistance-nodulation-cell division (RND) efflux membrane fusion protein	false		refseq|uniprot	false
PA2529			protein_coding	hypothetical protein	false		refseq|uniprot	false
PA2530			protein_coding	hypothetical protein	false		refseq|uniprot	false
PA2531			protein_coding	aminotransferase	false		refseq|uniprot	false
PA2532	tpx		protein_coding	2-Cys peroxiredoxin	false		refseq|uniprot	true
PA2533			protein_coding	sodium:alanine symporter	false		refseq|uniprot	false
PA2534			protein_coding	transcriptional regulator	true	go_0003700|kw_transcription_regulation|producto_refseq	refseq|uniprot	false
PA2535			protein_coding	oxidoreductase	false		refseq|uniprot	false
PA2536			protein_coding	phosphatidate cytidylyltransferase	false		refseq|uniprot	false
PA2537			protein_coding	acyltransferase	false		refseq|uniprot	false
PA2538			protein_coding	hypothetical protein	false		refseq|uniprot	false
PA2539			protein_coding	hypothetical protein	false		refseq|uniprot	false
PA2540			protein_coding	hypothetical protein	false		refseq|uniprot	false
PA2541			protein_coding	CDP-alcohol phosphatidyltransferase	false		refseq|uniprot	false
PA2542	tamB		protein_coding	hypothetical protein	false		refseq|uniprot	false
PA2543	tamA		protein_coding	hypothetical protein	false		refseq|uniprot	false
PA2544			protein_coding	hypothetical protein	false		refseq|uniprot	false
PA2545	xthA		protein_coding	exonuclease III	false		refseq|uniprot	false
PA2546			protein_coding	ring-cleaving dioxygenase	false		refseq|uniprot	false
PA2547			protein_coding	transcriptional regulator	true	go_0003700|kw_transcription_regulation|producto_refseq	refseq|uniprot	false
PA2548			protein_coding	hypothetical protein	false		refseq|uniprot	false
PA2549			protein_coding	hypothetical protein	false		refseq|uniprot	false
PA2550			protein_coding	acyl-CoA dehydrogenase	false		refseq|uniprot	false
PA2551			protein_coding	transcriptional regulator	true	go_0003700|go_0006355|kw_transcription_regulation|producto_refseq	refseq|uniprot	false
PA2552			protein_coding	acyl-CoA dehydrogenase	false		refseq|uniprot	false
PA2553			protein_coding	acyl-CoA thiolase	false		refseq|uniprot	false
PA2554			protein_coding	short-chain dehydrogenase	false		refseq|uniprot	false
PA2555			protein_coding	AMP-binding protein	false		refseq|uniprot	false
PA2556			protein_coding	transcriptional regulator	true	go_0003700|kw_transcription_regulation|producto_refseq	refseq|uniprot	false
PA2557			protein_coding	AMP-binding protein	false		refseq|uniprot	false
PA2558			protein_coding	transporter	false		refseq|uniprot	false
PA2559			protein_coding	hypothetical protein	false		refseq|uniprot	false
PA2560			protein_coding	hypothetical protein	false		refseq|uniprot	false
PA2561	ctpH		protein_coding	methyl-accepting chemotaxis protein CtpH	false		refseq|uniprot	false
PA2562			protein_coding	hypothetical protein	false		refseq|uniprot	false
PA2563			protein_coding	sulfate transporter	false		refseq|uniprot	false
PA2564	tam		protein_coding	trans-aconitate 2-methyltransferase	false		refseq|uniprot	true
PA2565			protein_coding	hypothetical protein	false		refseq|uniprot	false
PA2566			protein_coding	hypothetical protein	false		refseq|uniprot	false
PA2567			protein_coding	hypothetical protein	false		refseq|uniprot	false
PA2568			protein_coding	hypothetical protein	false		refseq|uniprot	false
PA2569			protein_coding	hypothetical protein	false		refseq|uniprot	false
PA2570	lecA	pa1L	protein_coding	PA-I galactophilic lectin	false		refseq|uniprot	false
PA2570.1			tRNA	tRNA-Leu	false		refseq	false
PA2571			protein_coding	two-component sensor	false		refseq|uniprot	false
PA2572			protein_coding	two-component response regulator	false		refseq|uniprot	false
PA2573			protein_coding	chemotaxis transducer	false		refseq|uniprot	false
PA2574	alkB1		protein_coding	alkane-1 monooxygenase	false		refseq|uniprot	false
PA2575			protein_coding	hypothetical protein	false		refseq|uniprot	false
PA2576			protein_coding	hypothetical protein	false		refseq|uniprot	false
PA2577			protein_coding	transcriptional regulator	true	kw_transcription_regulation|producto_refseq	refseq|uniprot	false
PA2578			protein_coding	acetyltransferase	false		refseq|uniprot	false
PA2579	kynA		protein_coding	tryptophan 2,3-dioxygenase	false		refseq|uniprot	false
PA2580			protein_coding	hypothetical protein	false		refseq|uniprot	false
PA2581			protein_coding	hypothetical protein	false		refseq|uniprot	false
PA2581.1			tRNA	tRNA-Cys	false		refseq	false
PA2582			protein_coding	hypothetical protein	false		refseq|uniprot	false
PA2583			protein_coding	sensor/response regulator hybrid protein	true	kw_two_component|producto_refseq	refseq|uniprot	false
PA2583.1			tRNA	tRNA-Gly	false		refseq	false
PA2584	pgsA		protein_coding	CDP-diacylglycerol--glycerol-3-phosphate 3-phosphatidyltransferase	false		refseq|uniprot	false
PA2585	uvrC		protein_coding	excinuclease ABC subunit C	false		refseq|uniprot	false
PA2586	gacA		protein_coding	response regulator GacA	true	go_0003700|go_0006355|kw_transcription_regulation|kw_two_component|producto_refseq	refseq|uniprot	false
PA2587	pqsH		protein_coding	2-heptyl-3-hydroxy-4(1H)-quinolone synthase	false		refseq|uniprot	false
PA2588			protein_coding	transcriptional regulator	true	go_0003700|kw_transcription_regulation|producto_refseq	refseq|uniprot	false
PA2589			protein_coding	hypothetical protein	false		refseq|uniprot	false
PA2590			protein_coding	hypothetical protein	false		refseq|uniprot	false
PA2591			protein_coding	transcriptional regulator	true	go_0003700|go_0006355|kw_transcription_regulation|producto_refseq	refseq|uniprot	false
PA2592			protein_coding	spermidine/putrescine-binding protein	false		refseq|uniprot	false
PA2593	qteE		protein_coding	quorum threshold expression protein QteE	false		refseq|uniprot	false
PA2594			protein_coding	hypothetical protein	false		refseq|uniprot	false
PA2595			protein_coding	hypothetical protein	false		refseq|uniprot	false
PA2596			protein_coding	hypothetical protein	false		refseq|uniprot	false
PA2597			protein_coding	hypothetical protein	false		refseq|uniprot	false
PA2598			protein_coding	hypothetical protein	false		refseq|uniprot	false
PA2599			protein_coding	hypothetical protein	false		refseq|uniprot	false
PA2600			protein_coding	hypothetical protein	false		refseq|uniprot	false
PA2601			protein_coding	transcriptional regulator	true	go_0003700|go_0006355|kw_transcription_regulation|producto_refseq	refseq|uniprot	false
PA2602			protein_coding	hypothetical protein	false		refseq|uniprot	false
PA2603			protein_coding	thiosulfate sulfurtransferase	false		refseq|uniprot	false
PA2603.1			tRNA	tRNA-Ser	false		refseq	false
PA2604			protein_coding	hypothetical protein	false		refseq|uniprot	false
PA2605	tusD		protein_coding	sulfurtransferase TusD	false		refseq|uniprot	false
PA2606	tusC		protein_coding	sulfur relay protein TusC	false		refseq|uniprot	false
PA2607			protein_coding	hypothetical protein	false		refseq|uniprot	false
PA2608			protein_coding	hypothetical protein	false		refseq|uniprot	false
PA2609			protein_coding	hypothetical protein	false		refseq|uniprot	false
PA2610			protein_coding	hypothetical protein	false		refseq|uniprot	false
PA2611	cysG		protein_coding	siroheme synthase	false		refseq|uniprot	false
PA2612	serS		protein_coding	serine--tRNA ligase	false		refseq|uniprot	false
PA2613			protein_coding	recombination factor protein RarA	false		refseq|uniprot	false
PA2614	lolA		protein_coding	outer-membrane lipoprotein carrier protein	false		refseq|uniprot	false
PA2615	ftsK		protein_coding	DNA translocase FtsK	false		refseq|uniprot	false
PA2616	trxB1		protein_coding	thioredoxin reductase	false		refseq|uniprot	false
PA2617	aat		protein_coding	leucyl/phenylalanyl-tRNA--protein transferase	false		refseq|uniprot	true
PA2618	bpt		protein_coding	arginyl-tRNA--protein transferase	false		refseq|uniprot	true
PA2619	infA		protein_coding	translation initiation factor IF-1	false		refseq|uniprot	false
PA2620	clpA		protein_coding	ATP-binding protease component ClpA	false		refseq|uniprot	false
PA2621	clpS		protein_coding	ATP-dependent Clp protease adapter protein Clp	false		refseq|uniprot	false
PA2622	cspD		protein_coding	cold-shock protein CspD	true	go_0006355	refseq|uniprot	false
PA2623	icd		protein_coding	isocitrate dehydrogenase	false		refseq|uniprot	true
PA2624	idh		protein_coding	isocitrate dehydrogenase	false		refseq|uniprot	true
PA2625	nudJ		protein_coding	hypothetical protein	false		refseq|uniprot	false
PA2626	trmU	mnmA	protein_coding	tRNA-specific 2-thiouridylase MnmA	false		refseq|uniprot	false
PA2627	hflD		protein_coding	high frequency lysogenization protein HflD	false		refseq|uniprot	false
PA2628			protein_coding	hypothetical protein	false		refseq|uniprot	false
PA2629	purB		protein_coding	adenylosuccinate lyase	false		refseq|uniprot	false
PA2630			protein_coding	hypothetical protein	false		refseq|uniprot	false
PA2631			protein_coding	acetyltransferase	false		refseq|uniprot	false
PA2632			protein_coding	hypothetical protein	false		refseq|uniprot	false
PA2633			protein_coding	hypothetical protein	false		refseq|uniprot	false
PA2634	aceA		protein_coding	isocitrate lyase	false		refseq|uniprot	false
PA2635			protein_coding	hypothetical protein	false		refseq|uniprot	false
PA2636			protein_coding	hypothetical protein	false		refseq|uniprot	false
PA2637	nuoA	nuoA2	protein_coding	NADH-quinone oxidoreductase subunit A	false		refseq|uniprot	false
PA2638	nuoB		protein_coding	NADH-quinone oxidoreductase subunit B	false		refseq|uniprot	false
PA2639	nuoD	nuoC|nuoCD	protein_coding	NADH:-quinone oxidoreductase subunit C/D	false		refseq|uniprot	false
PA2640	nuoE		protein_coding	NADH-quinone oxidoreductase subunit E	false		refseq|uniprot	false
PA2641	nuoF		protein_coding	NADH dehydrogenase I subunit F	false		refseq|uniprot	false
PA2642	nuoG		protein_coding	NADH-quinone oxidoreductase subunit G	false		refseq|uniprot	false
PA2643	nuoH		protein_coding	NADH-quinone oxidoreductase subunit H	false		refseq|uniprot	false
PA2644	nuoI		protein_coding	NADH-quinone oxidoreductase subunit I	false		refseq|uniprot	false
PA2645	nuoJ		protein_coding	NADH-quinone oxidoreductase subunit J	false		refseq|uniprot	false
PA2646	nuoK		protein_coding	NADH-quinone oxidoreductase subunit K	false		refseq|uniprot	false
PA2647	nuoL		protein_coding	NADH-quinone oxidoreductase subunit L	false		refseq|uniprot	false
PA2648	nuoM		protein_coding	NADH-quinone oxidoreductase subunit M	false		refseq|uniprot	false
PA2649	nuoN		protein_coding	NADH-quinone oxidoreductase subunit N	false		refseq|uniprot	false
PA2650			protein_coding	hypothetical protein	false		refseq|uniprot	false
PA2651			protein_coding	hypothetical protein	false		refseq|uniprot	false
PA2652	ctpM		protein_coding	methyl-accepting chemotaxis protein	false		refseq|uniprot	false
PA2653			protein_coding	transporter	false		refseq|uniprot	false
PA2654	tlpQ		protein_coding	chemotaxis transducer	false		refseq|uniprot	false
PA2655			protein_coding	hypothetical protein	false		refseq|uniprot	false
PA2656	carS		protein_coding	two-component sensor	true	kw_two_component|producto_refseq	refseq|uniprot	false
PA2657	carR		protein_coding	two-component response regulator	true	go_0006355|kw_transcription_regulation|kw_two_component|producto_refseq	refseq|uniprot	false
PA2658			protein_coding	hypothetical protein	false		refseq|uniprot	false
PA2659			protein_coding	hypothetical protein	false		refseq|uniprot	false
PA2660			protein_coding	hypothetical protein	false		refseq|uniprot	false
PA2661			protein_coding	hypothetical protein	false		refseq|uniprot	false
PA2662			protein_coding	hypothetical protein	false		refseq|uniprot	false
PA2663	ppyR		protein_coding	psl and pyoverdine operon regulator PpyR	false		refseq|uniprot	false
PA2664	fhp	hmp	protein_coding	flavohemoprotein	false		refseq|uniprot	true
PA2665			protein_coding	anaerobic nitric oxide reductase transcriptional regulator	true	kw_transcription_regulation|producto_refseq	refseq|uniprot	false
PA2666			protein_coding	6-carboxytetrahydropterin synthase QueD	false		refseq|uniprot	false
PA2667			protein_coding	hypothetical protein	false		refseq|uniprot	false
PA2668			pseudogene		false		refseq|uniprot	false
PA2669			protein_coding	hypothetical protein	false		refseq|uniprot	false
PA2670			protein_coding	hypothetical protein	false		refseq|uniprot	false
PA2671			protein_coding	hypothetical protein	false		refseq|uniprot	false
PA2672			protein_coding	type II secretion system protein	false		refseq|uniprot	false
PA2673			protein_coding	type II secretion system protein	false		refseq|uniprot	false
PA2674			protein_coding	type II secretion system protein	false		refseq|uniprot	false
PA2675			protein_coding	type II secretion system protein	false		refseq|uniprot	false
PA2676			protein_coding	type II secretion system protein	false		refseq|uniprot	false
PA2677			protein_coding	type II secretion protein	false		refseq|uniprot	false
PA2678			protein_coding	ABC transporter permease	false		refseq|uniprot	false
PA2679			protein_coding	hypothetical protein	false		refseq|uniprot	false
PA2680			protein_coding	quinone oxidoreductase	false		refseq|uniprot	false
PA2681			protein_coding	transcriptional regulator	true	go_0003700|kw_transcription_regulation|producto_refseq	refseq|uniprot	false
PA2682			protein_coding	hypothetical protein	false		refseq|uniprot	false
PA2683			protein_coding	serine/threonine dehydratase	false		refseq|uniprot	false
PA2684	tse5		protein_coding	hypothetical protein	false		refseq|uniprot	false
PA2685	vgrG1c		protein_coding	hypothetical protein	false		refseq|uniprot	false
PA2686	pfeR		protein_coding	two-component response regulator PfeR	true	go_0006355|kw_transcription_regulation|kw_two_component|producto_refseq	refseq|uniprot	false
PA2687	pfeS		protein_coding	two-component sensor histidine kinase PfeS	true	kw_two_component|producto_refseq	refseq|uniprot	false
PA2688	pfeA		protein_coding	ferric enterobactin receptor	false		refseq|uniprot	false
PA2689	pfeE		protein_coding	hypothetical protein	false		refseq|uniprot	false
PA2690			protein_coding	transposase	false		refseq	false
PA2691			protein_coding	hypothetical protein	false		refseq|uniprot	false
PA2692			protein_coding	transcriptional regulator	true	go_0003700|go_0006355|producto_refseq	refseq|uniprot	false
PA2693			protein_coding	acyl-CoA thioesterase	false		refseq|uniprot	false
PA2694			protein_coding	thioredoxin	false		refseq|uniprot	false
PA2695			protein_coding	hypothetical protein	false		refseq|uniprot	false
PA2696			protein_coding	transcriptional regulator	true	go_0003700|go_0006355|kw_transcription_regulation|producto_refseq	refseq|uniprot	false
PA2697			protein_coding	hypothetical protein	false		refseq|uniprot	false
PA2698			protein_coding	hydrolase	false		refseq|uniprot	false
PA2699			protein_coding	hypothetical protein	false		refseq|uniprot	false
PA2700	opdB		protein_coding	OpdB proline porin	false		refseq|uniprot	false
PA2701			protein_coding	major facilitator superfamily transporter	false		refseq|uniprot	false
PA2702	tse2		protein_coding	hypothetical protein	false		refseq|uniprot	false
PA2703	tsi2		protein_coding	hypothetical protein	false		refseq|uniprot	false
PA2704			protein_coding	transcriptional regulator	true	go_0003700|kw_transcription_regulation|producto_refseq	refseq|uniprot	false
PA2705			protein_coding	hypothetical protein	false		refseq|uniprot	false
PA2706			protein_coding	hypothetical protein	false		refseq|uniprot	false
PA2707			protein_coding	hypothetical protein	false		refseq|uniprot	false
PA2708			protein_coding	hypothetical protein	false		refseq|uniprot	false
PA2709	cysK		protein_coding	cysteine synthase A	false		refseq|uniprot	false
PA2710			protein_coding	hypothetical protein	false		refseq|uniprot	false
PA2711			protein_coding	spermidine/putrescine-binding protein	false		refseq|uniprot	false
PA2712			protein_coding	hypothetical protein	false		refseq|uniprot	false
PA2713			protein_coding	hypothetical protein	true	go_0003700|go_0006355|kw_transcription_regulation	refseq|uniprot	false
PA2714			protein_coding	molybdopterin oxidoreductase	false		refseq|uniprot	false
PA2715			protein_coding	ferredoxin	false		refseq|uniprot	false
PA2716			protein_coding	FMN oxidoreductase	false		refseq|uniprot	false
PA2717	cpo		protein_coding	chloroperoxidase	false		refseq|uniprot	true
PA2718			protein_coding	transcriptional regulator	true	go_0003700|kw_transcription_regulation|producto_refseq	refseq|uniprot	false
PA2719			protein_coding	hypothetical protein	false		refseq|uniprot	false
PA2720			protein_coding	hypothetical protein	false		refseq|uniprot	false
PA2721			protein_coding	hypothetical protein	false		refseq|uniprot	false
PA2722			protein_coding	hypothetical protein	false		refseq|uniprot	false
PA2723			protein_coding	hypothetical protein	false		refseq|uniprot	false
PA2724			protein_coding	hypothetical protein	false		refseq|uniprot	false
PA2725			protein_coding	chaperone	false		refseq|uniprot	false
PA2726			protein_coding	radical activating enzyme	false		refseq|uniprot	false
PA2727			pseudogene		false		refseq|uniprot	false
PA2729			protein_coding	hypothetical protein	false		refseq|uniprot	false
PA2730			protein_coding	hypothetical protein	false		refseq|uniprot	false
PA2732			protein_coding	hypothetical protein	false		refseq|uniprot	false
PA2733			protein_coding	hypothetical protein	false		refseq|uniprot	false
PA2734			protein_coding	hypothetical protein	false		refseq|uniprot	false
PA2735			protein_coding	restriction-modification system protein	false		refseq|uniprot	false
PA2736			protein_coding	hypothetical protein	false		refseq|uniprot	false
PA2736.1			tRNA	tRNA-Pro	false		refseq	false
PA2737			protein_coding	hypothetical protein	true	go_0003700|go_0006355	refseq|uniprot	false
PA2738	himA	ihfA	protein_coding	integration host factor subunit alpha	true	kw_transcription_regulation	refseq|uniprot	false
PA2739	pheT		protein_coding	phenylalanine--tRNA ligase subunit beta	false		refseq|uniprot	false
PA2740	pheS		protein_coding	phenylalanine--tRNA ligase subunit alpha	false		refseq|uniprot	false
PA2741	rplT		protein_coding	50S ribosomal protein L20	false		refseq|uniprot	false
PA2742	rpmI		protein_coding	50S ribosomal protein L35	false		refseq|uniprot	false
PA2743	infC		protein_coding	translation initiation factor IF-3	false		refseq|uniprot	false
PA2744	thrS		protein_coding	threonine--tRNA ligase	false		refseq|uniprot	false
PA2744.1			ncRNA		false		refseq	false
PA2745			protein_coding	hydrolase	false		refseq|uniprot	false
PA2746			protein_coding	hypothetical protein	false		refseq|uniprot	false
PA2747			protein_coding	hypothetical protein	false		refseq|uniprot	false
PA2748	map		protein_coding	methionine aminopeptidase	false		refseq|uniprot	true
PA2749	endA		protein_coding	DNA-specific endonuclease I	false		refseq|uniprot	false
PA2750			protein_coding	hypothetical protein	false		refseq|uniprot	false
PA2751			protein_coding	hypothetical protein	false		refseq|uniprot	false
PA2752			protein_coding	hypothetical protein	false		refseq|uniprot	false
PA2753			protein_coding	hypothetical protein	false		refseq|uniprot	false
PA2754			protein_coding	hypothetical protein	false		refseq|uniprot	false
PA2755	eco		protein_coding	ecotin	false		refseq|uniprot	true
PA2756			protein_coding	hypothetical protein	false		refseq|uniprot	false
PA2757			protein_coding	hypothetical protein	false		refseq|uniprot	false
PA2758			protein_coding	transcriptional regulator	true	go_0003700|go_0006355|kw_transcription_regulation|producto_refseq	refseq|uniprot	false
PA2759			protein_coding	hypothetical protein	false		refseq|uniprot	false
PA2760			protein_coding	hypothetical protein	false		refseq|uniprot	false
PA2761			protein_coding	hypothetical protein	false		refseq|uniprot	false
PA2762			protein_coding	hypothetical protein	false		refseq|uniprot	false
PA2763			protein_coding	hypothetical protein	false		refseq|uniprot	false
PA2764			protein_coding	hypothetical protein	false		refseq|uniprot	false
PA2765			protein_coding	hypothetical protein	false		refseq|uniprot	false
PA2766			protein_coding	transcriptional regulator	true	kw_transcription_regulation|producto_refseq	refseq|uniprot	false
PA2767			protein_coding	enoyl-CoA hydratase	false		refseq|uniprot	false
PA2768			protein_coding	hypothetical protein	false		refseq|uniprot	false
PA2769			protein_coding	hypothetical protein	false		refseq|uniprot	false
PA2770			protein_coding	isomerase	false		refseq|uniprot	false
PA2771			protein_coding	hypothetical protein	false		refseq|uniprot	false
PA2772			protein_coding	hypothetical protein	false		refseq|uniprot	false
PA2773			protein_coding	hypothetical protein	false		refseq|uniprot	false
PA2774	tse4		protein_coding	hypothetical protein	false		refseq|uniprot	false
PA2775	tsi4		protein_coding	hypothetical protein	false		refseq|uniprot	false
PA2775.1			tRNA	tRNA-Val	false		refseq	false
PA2776			protein_coding	hypothetical protein	false		refseq|uniprot	false
PA2777			protein_coding	hypothetical protein	false		refseq|uniprot	false
PA2778			protein_coding	hypothetical protein	false		refseq|uniprot	false
PA2779			protein_coding	hypothetical protein	false		refseq|uniprot	false
PA2780			protein_coding	hypothetical protein	false		refseq|uniprot	false
PA2781			protein_coding	hypothetical protein	false		refseq|uniprot	false
PA2782	bamI		protein_coding	hypothetical protein	false		refseq|uniprot	false
PA2783	mep72		protein_coding	hypothetical protein	false		refseq|uniprot	false
PA2784			protein_coding	hypothetical protein	false		refseq|uniprot	false
PA2785			protein_coding	hypothetical protein	false		refseq|uniprot	false
PA2786			protein_coding	hypothetical protein	false		refseq|uniprot	false
PA2787	cpg2		protein_coding	glutamate carboxypeptidase	false		refseq|uniprot	false
PA2788	mcpN		protein_coding	chemotaxis transducer	false		refseq|uniprot	false
PA2789			protein_coding	hypothetical protein	false		refseq|uniprot	false
PA2790			protein_coding	hypothetical protein	false		refseq|uniprot	false
PA2791			protein_coding	hypothetical protein	false		refseq|uniprot	false
PA2792			protein_coding	hypothetical protein	false		refseq|uniprot	false
PA2793			protein_coding	hypothetical protein	false		refseq|uniprot	false
PA2795	dusA		protein_coding	tRNA-dihydrouridine synthase A	false		refseq|uniprot	false
PA2796	tal		protein_coding	transaldolase B	false		refseq|uniprot	true
PA2797			protein_coding	hypothetical protein	false		refseq|uniprot	false
PA2798			protein_coding	two-component response regulator	true	go_0006355|kw_transcription_regulation|kw_two_component|producto_refseq	refseq|uniprot	false
PA2799			protein_coding	hypothetical protein	false		refseq|uniprot	false
PA2800			protein_coding	hypothetical protein	false		refseq|uniprot	false
PA2801			protein_coding	hypothetical protein	false		refseq|uniprot	false
PA2802			protein_coding	transcriptional regulator	true	go_0003700|kw_transcription_regulation|producto_refseq	refseq|uniprot	false
PA2803			protein_coding	hypothetical protein	false		refseq|uniprot	false
PA2804			protein_coding	hypothetical protein	false		refseq|uniprot	false
PA2805			protein_coding	hypothetical protein	false		refseq|uniprot	false
PA2806	queF		protein_coding	7-cyano-7-deazaguanine reductase	false		refseq|uniprot	false
PA2807	copI		protein_coding	hypothetical protein	false		refseq|uniprot	false
PA2808	ptrA		protein_coding	repressor PtrA	false		refseq|uniprot	false
PA2809	copR		protein_coding	two-component response regulator CopR	true	go_0006355|kw_transcription_regulation|kw_two_component|producto_refseq	refseq|uniprot	false
PA2810	copS		protein_coding	two-component sensor CopS	true	kw_two_component|producto_refseq	refseq|uniprot	false
PA2811			protein_coding	ABC transporter permease	false		refseq|uniprot	false
PA2812			protein_coding	ABC transporter ATP-binding protein	false		refseq|uniprot	false
PA2813			protein_coding	glutathione S-transferase	false		refseq|uniprot	false
PA2814			protein_coding	hypothetical protein	false		refseq|uniprot	false
PA2815			protein_coding	acyl-CoA dehydrogenase	false		refseq|uniprot	false
PA2816			protein_coding	hypothetical protein	false		refseq|uniprot	false
PA2817			protein_coding	hypothetical protein	false		refseq|uniprot	false
PA2818	arr		protein_coding	aminoglycoside response regulator	false		refseq|uniprot	true
PA2819.1			tRNA	tRNA-Gly	false		refseq	false
PA2819.2			tRNA	tRNA-Gly	false		refseq	false
PA2819.3			tRNA	tRNA-Glu	false		refseq	false
PA2820			protein_coding	hypothetical protein	false		refseq|uniprot	false
PA2821			protein_coding	glutathione S-transferase	false		refseq|uniprot	false
PA2822			protein_coding	hypothetical protein	false		refseq|uniprot	false
PA2823			protein_coding	hypothetical protein	false		refseq|uniprot	false
PA2824			protein_coding	sensor/response regulator hybrid protein	true	kw_two_component|producto_refseq	refseq|uniprot	false
PA2825	ospR		protein_coding	transcriptional regulator	true	go_0003700|go_0006355|kw_transcription_regulation|producto_refseq	refseq|uniprot	false
PA2826			protein_coding	glutathione peroxidase	false		refseq|uniprot	false
PA2827	msrB		protein_coding	methionine sulfoxide reductase B	false		refseq|uniprot	false
PA2828			protein_coding	aminotransferase	false		refseq|uniprot	false
PA2829			protein_coding	hypothetical protein	false		refseq|uniprot	false
PA2830	htpX		protein_coding	protease HtpX	false		refseq|uniprot	false
PA2831			protein_coding	hypothetical protein	false		refseq|uniprot	false
PA2832	tpm		protein_coding	thiopurine S-methyltransferase	false		refseq|uniprot	true
PA2833			protein_coding	hypothetical protein	false		refseq|uniprot	false
PA2834			protein_coding	transcriptional regulator	true	go_0003700|go_0006355|kw_transcription_regulation|producto_refseq	refseq|uniprot	false
PA2835			protein_coding	major facilitator superfamily transporter	false		refseq|uniprot	false
PA2836			protein_coding	secretion protein	false		refseq|uniprot	false
PA2837			protein_coding	hypothetical protein	false		refseq|uniprot	false
PA2838			protein_coding	transcriptional regulator	true	go_0003700|go_0006355|kw_transcription_regulation|producto_refseq	refseq|uniprot	false
PA2839			protein_coding	hypothetical protein	false		refseq|uniprot	false
PA2840	deaD	csdA	protein_coding	ATP-dependent RNA helicase	false		refseq|uniprot	false
PA2841			protein_coding	enoyl-CoA hydratase	false		refseq|uniprot	false
PA2842			protein_coding	hypothetical protein	false		refseq|uniprot	false
PA2843			protein_coding	aldolase	false		refseq|uniprot	false
PA2844			protein_coding	hypothetical protein	false		refseq|uniprot	false
PA2845			protein_coding	hypothetical protein	false		refseq|uniprot	false
PA2846			protein_coding	transcriptional regulator	true	go_0003700|go_0006355|kw_transcription_regulation|producto_refseq	refseq|uniprot	false
PA2847			protein_coding	hypothetical protein	false		refseq|uniprot	false
PA2848			protein_coding	transcriptional regulator	true	go_0003700|go_0006355|kw_transcription_regulation|producto_refseq	refseq|uniprot	false
PA2849	ohrR		protein_coding	transcriptional regulator	true	go_0006355|kw_transcription_regulation|producto_refseq	refseq|uniprot	false
PA2850	ohr		protein_coding	organic hydroperoxide resistance protein	false		refseq|uniprot	true
PA2851	efp		protein_coding	elongation factor P	false		refseq|uniprot	true
PA2852	earP		protein_coding	hypothetical protein	false		refseq|uniprot	false
PA2852.1			tRNA	tRNA-Ser	false		refseq	false
PA2853	oprI		protein_coding	outer membrane lipoprotein OprI	false		refseq|uniprot	false
PA2854			protein_coding	hypothetical protein	false		refseq|uniprot	false
PA2855			protein_coding	hypothetical protein	false		refseq|uniprot	false
PA2856	tesA		protein_coding	esterase TesA	false		refseq|uniprot	false
PA2857			protein_coding	ABC transporter ATP-binding protein	false		refseq|uniprot	false
PA2858			protein_coding	hypothetical protein	false		refseq|uniprot	false
PA2859	greB		protein_coding	transcription elongation factor GreB	true	kw_transcription_regulation	refseq|uniprot	false
PA2860			protein_coding	hypothetical protein	false		refseq|uniprot	false
PA2861	ligT		protein_coding	2'-5' RNA ligase	false		refseq|uniprot	false
PA2862	lipA	lip	protein_coding	lactonizing lipase	false		refseq|uniprot	true
PA2863	lipH	lifO|lipB	protein_coding	lipase chaperone	false		refseq|uniprot	false
PA2864			protein_coding	hypothetical protein	false		refseq|uniprot	false
PA2865			protein_coding	glycosylase	false		refseq|uniprot	false
PA2866	mttC		protein_coding	secretion protein MttC	false		refseq|uniprot	false
PA2867			protein_coding	chemotaxis transducer	false		refseq|uniprot	false
PA2868			protein_coding	hypothetical protein	false		refseq|uniprot	false
PA2869			protein_coding	hypothetical protein	false		refseq|uniprot	false
PA2870			protein_coding	hypothetical protein	false		refseq|uniprot	false
PA2871			protein_coding	hypothetical protein	false		refseq|uniprot	false
PA2872			protein_coding	hypothetical protein	false		refseq|uniprot	false
PA2873	tgpA		protein_coding	protein-glutamine gamma-glutamyltransferase	false		refseq|uniprot	false
PA2874			protein_coding	hypothetical protein	false		refseq|uniprot	false
PA2875			protein_coding	hypothetical protein	false		refseq|uniprot	false
PA2876	pyrF		protein_coding	orotidine 5'-phosphate decarboxylase	false		refseq|uniprot	false
PA2877			protein_coding	transcriptional regulator	true	go_0003700|kw_transcription_regulation|producto_refseq	refseq|uniprot	false
PA2878			protein_coding	hypothetical protein	false		refseq|uniprot	false
PA2879			protein_coding	transcriptional regulator	true	go_0003700|go_0006355|kw_transcription_regulation|producto_refseq	refseq|uniprot	false
PA2880			protein_coding	hypothetical protein	false		refseq|uniprot	false
PA2881			protein_coding	two-component response regulator	false		refseq|uniprot	false
PA2882			protein_coding	two-component sensor	false		refseq|uniprot	false
PA2883			protein_coding	hypothetical protein	false		refseq|uniprot	false
PA2884			protein_coding	hypothetical protein	false		refseq|uniprot	false
PA2885	atuR		protein_coding	atu genes repressor	true	go_0003700|go_0006355	refseq|uniprot	false
PA2886	atuA		protein_coding	hypothetical protein	false		refseq|uniprot	false
PA2887	atuB		protein_coding	citronellol catabolism dehydrogenase	false		refseq|uniprot	false
PA2888	atuC		protein_coding	geranyl-CoA carboxylase subunit beta	false		refseq|uniprot	false
PA2889	atuD		protein_coding	citronellyl-CoA dehydrogenase	false		refseq|uniprot	false
PA2890	atuE		protein_coding	isohexenylglutaconyl-CoA hydratase	false		refseq|uniprot	false
PA2891	atuF		protein_coding	geranyl-CoA carboxylase subunit alpha	false		refseq|uniprot	false
PA2892	atuG		protein_coding	short-chain dehydrogenase	false		refseq|uniprot	false
PA2893	atuH		protein_coding	long-chain-acyl-CoA synthetase	false		refseq|uniprot	false
PA2894			protein_coding	hypothetical protein	false		refseq|uniprot	false
PA2895			protein_coding	hypothetical protein	false		refseq|uniprot	false
PA2896			protein_coding	RNA polymerase sigma factor	true	go_0006355|kw_transcription_regulation|kw_sigma_factor|producto_refseq	refseq|uniprot	false
PA2897			protein_coding	transcriptional regulator	true	go_0003700|kw_transcription_regulation|producto_refseq	refseq|uniprot	false
PA2898			protein_coding	hypothetical protein	false		refseq|uniprot	false
PA2899			protein_coding	transcriptional regulator	true	go_0006355|producto_refseq	refseq|uniprot	false
PA2900			protein_coding	hypothetical protein	false		refseq|uniprot	false
PA2901			protein_coding	hypothetical protein	false		refseq|uniprot	false
PA2902			protein_coding	hypothetical protein	false		refseq|uniprot	false
PA2903	cobJ		protein_coding	precorrin-3 methylase CobJ	false		refseq|uniprot	false
PA2904	cobI		protein_coding	precorrin-2 C(20)-methyltransferase	false		refseq|uniprot	false
PA2905	cobH		protein_coding	precorrin-8X methylmutase	false		refseq|uniprot	false
PA2906			protein_coding	oxidoreductase	false		refseq|uniprot	false
PA2907	cobL		protein_coding	precorrin-6y-dependent methyltransferase CobL	false		refseq|uniprot	false
PA2908	cbiD		protein_coding	cobalt-precorrin-5B C(1)-methyltransferase	false		refseq|uniprot	false
PA2909			protein_coding	cobalt-precorrin-6x reductase	false		refseq|uniprot	false
PA2910	mntP		protein_coding	manganese efflux pump MntP	false		refseq|uniprot	false
PA2911			protein_coding	TonB-dependent receptor	false		refseq|uniprot	false
PA2912			protein_coding	ABC transporter ATP-binding protein	false		refseq|uniprot	false
PA2913			protein_coding	hypothetical protein	false		refseq|uniprot	false
PA2914			protein_coding	ABC transporter permease	false		refseq|uniprot	false
PA2915			protein_coding	hypothetical protein	false		refseq|uniprot	false
PA2916			protein_coding	hypothetical protein	false		refseq|uniprot	false
PA2917			protein_coding	transcriptional regulator	true	go_0003700|go_0006355|kw_transcription_regulation|producto_refseq	refseq|uniprot	false
PA2918			protein_coding	short-chain dehydrogenase	false		refseq|uniprot	false
PA2919			protein_coding	hypothetical protein	false		refseq|uniprot	false
PA2920			protein_coding	chemotaxis transducer	false		refseq|uniprot	false
PA2921			protein_coding	transcriptional regulator	true	go_0003700|go_0006355|kw_transcription_regulation|producto_refseq	refseq|uniprot	false
PA2922			protein_coding	hydrolase	false		refseq|uniprot	false
PA2923	hisJ		protein_coding	histidine ABC transporter substrate-binding protein HisJ	false		refseq|uniprot	false
PA2924	hisQ		protein_coding	histidine ABC transporter permease HisQ	false		refseq|uniprot	false
PA2925	hisM		protein_coding	histidine ABC transporter permease HisM	false		refseq|uniprot	false
PA2926	hisP		protein_coding	histidine ABC transporter ATP-binding protein HisP	false		refseq|uniprot	false
PA2927			protein_coding	hypothetical protein	false		refseq|uniprot	false
PA2928			protein_coding	hypothetical protein	false		refseq|uniprot	false
PA2929			protein_coding	hypothetical protein	false		refseq|uniprot	false
PA2930			protein_coding	transcriptional regulator	true	go_0003700|kw_transcription_regulation|producto_refseq	refseq|uniprot	false
PA2931	cifR		protein_coding	CifR protein	true	kw_transcription_regulation	refseq|uniprot	false
PA2932	morB		protein_coding	morphinone reductase	false		refseq|uniprot	false
PA2933			protein_coding	major facilitator superfamily transporter	false		refseq|uniprot	false
PA2934	cif		protein_coding	CFTR inhibitory factor	false		refseq|uniprot	true
PA2935			protein_coding	hypothetical protein	false		refseq|uniprot	false
PA2936			protein_coding	hypothetical protein	false		refseq|uniprot	false
PA2937			protein_coding	hypothetical protein	false		refseq|uniprot	false
PA2938			protein_coding	transporter	false		refseq|uniprot	false
PA2939	lap		protein_coding	aminopeptidase	false		refseq|uniprot	true
PA2940			protein_coding	acyl-CoA thiolase	false		refseq|uniprot	false
PA2941			protein_coding	hypothetical protein	false		refseq|uniprot	false
PA2942			protein_coding	magnesium chelatase	false		refseq|uniprot	false
PA2942.1			ncRNA	P15	false		refseq	false
PA2943			protein_coding	phospho-2-dehydro-3-deoxyheptonate aldolase	false		refseq|uniprot	false
PA2944	cobN		protein_coding	cobaltochelatase subunit CobN	false		refseq|uniprot	false
PA2945	cobW		protein_coding	cobalamin biosynthesis protein CobW	false		refseq|uniprot	false
PA2946			protein_coding	hypothetical protein	false		refseq|uniprot	false
PA2947			protein_coding	hypothetical protein	false		refseq|uniprot	false
PA2948	cobM		protein_coding	precorrin-4 C(11)-methyltransferase	false		refseq|uniprot	false
PA2949			protein_coding	lipase	false		refseq|uniprot	false
PA2950	fabV		protein_coding	reductase	false		refseq|uniprot	false
PA2951	etfA		protein_coding	electron transfer flavoprotein subunit alpha	false		refseq|uniprot	false
PA2952	etfB		protein_coding	electron transfer flavoprotein subunit beta	false		refseq|uniprot	false
PA2953			protein_coding	electron transfer flavoprotein-ubiquinone oxidoreductase	false		refseq|uniprot	false
PA2954			protein_coding	hypothetical protein	false		refseq|uniprot	false
PA2955			protein_coding	hypothetical protein	false		refseq|uniprot	false
PA2956			protein_coding	hypothetical protein	false		refseq|uniprot	false
PA2957			protein_coding	transcriptional regulator	true	go_0003700|go_0006355|kw_transcription_regulation|producto_refseq	refseq|uniprot	false
PA2958			protein_coding	hypothetical protein	false		refseq|uniprot	false
PA2958.1	rgsA		ncRNA	RgsA	false		refseq	false
PA2959			protein_coding	hypothetical protein	false		refseq|uniprot	false
PA2960	pilZ		protein_coding	type 4 fimbrial biogenesis protein PilZ	false		refseq|uniprot	false
PA2961	holB		protein_coding	DNA polymerase III subunit delta'	false		refseq|uniprot	false
PA2962	tmk		protein_coding	thymidylate kinase	false		refseq|uniprot	true
PA2963	mltG		protein_coding	hypothetical protein	false		refseq|uniprot	false
PA2964	pabC		protein_coding	4-amino-4-deoxychorismate lyase	false		refseq|uniprot	false
PA2965	fabF1		protein_coding	3-oxoacyl-ACP synthase	false		refseq|uniprot	false
PA2966	acpP	acpP1	protein_coding	acyl carrier protein	false		refseq|uniprot	false
PA2967	fabG		protein_coding	3-oxoacyl-[acyl-carrier-protein] reductase FabG	false		refseq|uniprot	false
PA2968	fabD		protein_coding	malonyl CoA-ACP transacylase	false		refseq|uniprot	false
PA2969	plsX		protein_coding	phosphate acyltransferase	false		refseq|uniprot	false
PA2970	rpmF		protein_coding	50S ribosomal protein L32	false		refseq|uniprot	false
PA2971			protein_coding	hypothetical protein	false		refseq|uniprot	false
PA2972			protein_coding	hypothetical protein	false		refseq|uniprot	false
PA2973			protein_coding	peptidase	false		refseq|uniprot	false
PA2974			protein_coding	hydrolase	false		refseq|uniprot	false
PA2975	rluC		protein_coding	ribosomal large subunit pseudouridine synthase C	false		refseq|uniprot	false
PA2976	rne		protein_coding	ribonuclease E	false		refseq|uniprot	true
PA2977	murB		protein_coding	UDP-N-acetylenolpyruvoylglucosamine reductase	false		refseq|uniprot	false
PA2978	ptpA		protein_coding	phosphotyrosine protein phosphatase	false		refseq|uniprot	false
PA2979	kdsB		protein_coding	3-deoxy-manno-octulosonate cytidylyltransferase	false		refseq|uniprot	false
PA2980			protein_coding	hypothetical protein	false		refseq|uniprot	false
PA2981	lpxK		protein_coding	tetraacyldisaccharide 4'-kinase	false		refseq|uniprot	false
PA2982			protein_coding	hypothetical protein	false		refseq|uniprot	false
PA2983			protein_coding	translocation protein TolQ	false		refseq|uniprot	false
PA2984			protein_coding	hypothetical protein	false		refseq|uniprot	false
PA2985			protein_coding	hypothetical protein	false		refseq|uniprot	false
PA2986			protein_coding	hypothetical protein	false		refseq|uniprot	false
PA2987	lolD		protein_coding	lipoprotein-releasing system ABC transporter ATP-binding protein	false		refseq|uniprot	false
PA2988			protein_coding	hypothetical protein	false		refseq|uniprot	false
PA2989			protein_coding	hypothetical protein	false		refseq|uniprot	false
PA2990			protein_coding	phosphodiesterase	false		refseq|uniprot	false
PA2991	sth	sthA	protein_coding	soluble pyridine nucleotide transhydrogenase	false		refseq|uniprot	true
PA2992			protein_coding	hypothetical protein	false		refseq|uniprot	false
PA2993			protein_coding	hypothetical protein	false		refseq|uniprot	false
PA2994	nqrF		protein_coding	Na(+)-translocating NADH-quinone reductase subunit F	false		refseq|uniprot	false
PA2995	nqrE		protein_coding	Na(+)-translocating NADH-quinone reductase subunit E	false		refseq|uniprot	false
PA2996	nqrD		protein_coding	Na(+)-translocating NADH-quinone reductase subunit D	false		refseq|uniprot	false
PA2997	nqrC		protein_coding	Na(+)-translocating NADH-quinone reductase subunit C	false		refseq|uniprot	false
PA2998	nqrB		protein_coding	Na(+)-translocating NADH-quinone reductase subunit B	false		refseq|uniprot	false
PA2999	nqrA		protein_coding	Na(+)-translocating NADH-quinone reductase subunit A	false		refseq|uniprot	false
PA3000	aroP1		protein_coding	aromatic amino acid transporter AroP	false		refseq|uniprot	false
PA3001			protein_coding	glyceraldehyde-3-phosphate dehydrogenase	false		refseq|uniprot	false
PA3002	mfd		protein_coding	transcription-repair coupling factor	true	go_0006355	refseq|uniprot	true
PA3003			protein_coding	hypothetical protein	false		refseq|uniprot	false
PA3004			protein_coding	S-methyl-5'-thioinosine phosphorylase	false		refseq|uniprot	false
PA3005	nagZ		protein_coding	beta-hexosaminidase	false		refseq|uniprot	false
PA3006	psrA		protein_coding	transcriptional regulator PsrA	true	go_0003700|go_0006355|producto_refseq	refseq|uniprot	false
PA3007	lexA		protein_coding	LexA repressor	true	go_0006355|kw_transcription_regulation	refseq|uniprot	false
PA3008	sulA		protein_coding	cell division inhibitor SulA	false		refseq|uniprot	false
PA3009			protein_coding	hypothetical protein	false		refseq|uniprot	false
PA3010			protein_coding	hypothetical protein	false		refseq|uniprot	false
PA3011	topA		protein_coding	DNA topoisomerase I	false		refseq|uniprot	false
PA3012			protein_coding	hypothetical protein	false		refseq|uniprot	false
PA3013	foaB	fadA	protein_coding	3-ketoacyl-CoA thiolase	false		refseq|uniprot	false
PA3014	faoA	fadB	protein_coding	fatty acid oxidation complex subunit alpha	false		refseq|uniprot	false
PA3015			protein_coding	hypothetical protein	false		refseq|uniprot	false
PA3016			protein_coding	hypothetical protein	false		refseq|uniprot	false
PA3017			protein_coding	hypothetical protein	false		refseq|uniprot	false
PA3018			protein_coding	hypothetical protein	false		refseq|uniprot	false
PA3019	uup		protein_coding	ABC transporter ATP-binding protein	false		refseq|uniprot	true
PA3020			protein_coding	lytic transglycosylase	false		refseq|uniprot	false
PA3021			protein_coding	hypothetical protein	false		refseq|uniprot	false
PA3022			protein_coding	hypothetical protein	false		refseq|uniprot	false
PA3023			protein_coding	lipid kinase	false		refseq|uniprot	false
PA3024			protein_coding	carbohydrate kinase	false		refseq|uniprot	false
PA3025			protein_coding	FAD-dependent glycerol-3-phosphate dehydrogenase	false		refseq|uniprot	false
PA3026			protein_coding	hypothetical protein	false		refseq|uniprot	false
PA3027			protein_coding	transcriptional regulator	true	go_0003700|kw_transcription_regulation|producto_refseq	refseq|uniprot	false
PA3028	moeA2		protein_coding	molybdenum cofactor biosynthesis protein A	false		refseq|uniprot	false
PA3029	moaB2		protein_coding	molybdopterin biosynthesis protein B	false		refseq|uniprot	false
PA3030	mobA		protein_coding	molybdenum cofactor guanylyltransferase	false		refseq|uniprot	false
PA3031			protein_coding	hypothetical protein	false		refseq|uniprot	false
PA3031.1			tRNA	tRNA-Pro	false		refseq	false
PA3032	snr1		protein_coding	cytochrome C Snr1	false		refseq|uniprot	false
PA3033			protein_coding	hypothetical protein	false		refseq|uniprot	false
PA3034			protein_coding	transcriptional regulator	true	go_0003700|go_0006355|kw_transcription_regulation|producto_refseq	refseq|uniprot	false
PA3035			protein_coding	glutathione S-transferase	false		refseq|uniprot	false
PA3036			protein_coding	hypothetical protein	false		refseq|uniprot	false
PA3037			protein_coding	hypothetical protein	false		refseq|uniprot	false
PA3038			protein_coding	porin	false		refseq|uniprot	false
PA3039			protein_coding	transporter	false		refseq|uniprot	false
PA3040			protein_coding	hypothetical protein	false		refseq|uniprot	false
PA3041			protein_coding	hypothetical protein	false		refseq|uniprot	false
PA3042			protein_coding	hypothetical protein	false		refseq|uniprot	false
PA3043	dgt2		protein_coding	deoxyguanosinetriphosphate triphosphohydrolase	false		refseq|uniprot	false
PA3044			protein_coding	two-component sensor	true	kw_two_component|producto_refseq	refseq|uniprot	false
PA3045			protein_coding	two-component response regulator	true	go_0003700|go_0006355|kw_transcription_regulation|producto_refseq	refseq|uniprot	false
PA3046			protein_coding	hypothetical protein	false		refseq|uniprot	false
PA3047			protein_coding	D-alanyl-D-alanine carboxypeptidase	false		refseq|uniprot	false
PA3048	rlmL		protein_coding	ribosomal RNA large subunit methyltransferase K/L	false		refseq|uniprot	false
PA3049	rmf		protein_coding	ribosome modulation factor	false		refseq|uniprot	true
PA3050	pyrD		protein_coding	dihydroorotate dehydrogenase	false		refseq|uniprot	false
PA3051			protein_coding	hypothetical protein	false		refseq|uniprot	false
PA3052			protein_coding	hypothetical protein	false		refseq|uniprot	false
PA3053			protein_coding	hydrolase	false		refseq|uniprot	false
PA3054			protein_coding	hypothetical protein	false		refseq|uniprot	false
PA3055			protein_coding	hypothetical protein	false		refseq|uniprot	false
PA3056			protein_coding	hypothetical protein	false		refseq|uniprot	false
PA3057			protein_coding	hypothetical protein	false		refseq|uniprot	false
PA3058	pelG		protein_coding	pellicle/biofilm biosynthesis Wzx-like polysaccharide transporter PelG	false		refseq|uniprot	false
PA3059	pelF		protein_coding	pellicle/biofilm biosynthesis glycosyltransferase PelF	false		refseq|uniprot	false
PA3060	pelE		protein_coding	pellicle/biofilm biosynthesis protein PelE	false		refseq|uniprot	false
PA3061	pelD		protein_coding	pellicle/biofilm biosynthesis protein PelD	false		refseq|uniprot	false
PA3062	pelC		protein_coding	pellicle/biofilm biosynthesis outer membrane protein PelC	false		refseq|uniprot	false
PA3063	pelB		protein_coding	pellicle/biofilm biosynthesis protein PelB	false		refseq|uniprot	false
PA3064	pelA		protein_coding	hypothetical protein	false		refseq|uniprot	false
PA3065			protein_coding	hypothetical protein	false		refseq|uniprot	false
PA3066			protein_coding	hypothetical protein	false		refseq|uniprot	false
PA3067			protein_coding	transcriptional regulator	true	go_0003700|producto_refseq	refseq|uniprot	false
PA3068	gdhB		protein_coding	NAD-specific glutamate dehydrogenase	false		refseq|uniprot	false
PA3069			protein_coding	hypothetical protein	false		refseq|uniprot	false
PA3070			protein_coding	hypothetical protein	false		refseq|uniprot	false
PA3071			protein_coding	hypothetical protein	false		refseq|uniprot	false
PA3072			protein_coding	hypothetical protein	false		refseq|uniprot	false
PA3073			protein_coding	hypothetical protein	false		refseq|uniprot	false
PA3074			protein_coding	hypothetical protein	false		refseq|uniprot	false
PA3075			protein_coding	hypothetical protein	false		refseq|uniprot	false
PA3076			protein_coding	hypothetical protein	false		refseq|uniprot	false
PA3077			protein_coding	two-component response regulator	true	go_0006355|kw_transcription_regulation|kw_two_component|producto_refseq	refseq|uniprot	false
PA3078			protein_coding	two-component sensor	false		refseq|uniprot	false
PA3079			protein_coding	hypothetical protein	false		refseq|uniprot	false
PA3080			protein_coding	hypothetical protein	false		refseq|uniprot	false
PA3081			protein_coding	hypothetical protein	false		refseq|uniprot	false
PA3082	gbt		protein_coding	glycine betaine transmethylase	false		refseq|uniprot	true
PA3083	pepN		protein_coding	aminopeptidase	false		refseq|uniprot	false
PA3084			protein_coding	hypothetical protein	false		refseq|uniprot	false
PA3085			protein_coding	hypothetical protein	false		refseq|uniprot	false
PA3086			protein_coding	hypothetical protein	false		refseq|uniprot	false
PA3087			protein_coding	hypothetical protein	false		refseq|uniprot	false
PA3088	nadK		protein_coding	NAD kinase	false		refseq|uniprot	false
PA3089			protein_coding	hypothetical protein	false		refseq|uniprot	false
PA3091			protein_coding	hypothetical protein	false		refseq|uniprot	false
PA3092	fadH1		protein_coding	2,4-dienoyl-CoA reductase	false		refseq|uniprot	false
PA3093			protein_coding	hypothetical protein	false		refseq|uniprot	false
PA3094			protein_coding	transcriptional regulator	true	go_0003700|kw_transcription_regulation|producto_refseq	refseq|uniprot	false
PA3094.1			tRNA	tRNA-Asp	false		refseq	false
PA3094.2			tRNA	tRNA-Asp	false		refseq	false
PA3094.3			tRNA	tRNA-Val	false		refseq	false
PA3095	xcpZ		protein_coding	type II secretion system protein M	false		refseq|uniprot	false
PA3096	xcpY		protein_coding	type II secretion system protein L	false		refseq|uniprot	false
PA3097	xcpX		protein_coding	type II secretion system protein K	false		refseq|uniprot	false
PA3098	xcpW	pddD	protein_coding	type II secretion system protein J	false		refseq|uniprot	false
PA3099	xcpV	pddC	protein_coding	type II secretion system protein I	false		refseq|uniprot	false
PA3100	xcpU	pddB	protein_coding	type II secretion system protein H	false		refseq|uniprot	false
PA3101	xcpT	pddA	protein_coding	type II secretion system protein G	false		refseq|uniprot	false
PA3102	xcpS		protein_coding	type II secretion system protein F	false		refseq|uniprot	false
PA3103	xcpR		protein_coding	type II secretion system protein E	false		refseq|uniprot	false
PA3104	xcpP		protein_coding	type II secretion system protein N	false		refseq|uniprot	false
PA3105	xcpQ		protein_coding	type II secretion system protein D	false		refseq|uniprot	false
PA3106			protein_coding	oxidoreductase	false		refseq|uniprot	false
PA3107	metZ		protein_coding	O-succinylhomoserine sulfhydrylase	false		refseq|uniprot	false
PA3108	purF		protein_coding	amidophosphoribosyltransferase	false		refseq|uniprot	false
PA3109			protein_coding	hypothetical protein	false		refseq|uniprot	false
PA3110			protein_coding	hypothetical protein	false		refseq|uniprot	false
PA3111	folC		protein_coding	folylpolyglutamate synthetase	false		refseq|uniprot	false
PA3112	accD		protein_coding	acetyl-CoA carboxylase carboxyltransferase subunit beta	false		refseq|uniprot	false
PA3113	trpF		protein_coding	N-(5'-phosphoribosyl)anthranilate isomerase	false		refseq|uniprot	false
PA3114	truA	hisT	protein_coding	tRNA pseudouridine synthase A	false		refseq|uniprot	false
PA3115	fimV		protein_coding	motility protein FimV	false		refseq|uniprot	false
PA3116	usg		protein_coding	aspartate-semialdehyde dehydrogenase	false		refseq|uniprot	true
PA3117	asd		protein_coding	aspartate-semialdehyde dehydrogenase	false		refseq|uniprot	true
PA3118	leuB		protein_coding	3-isopropylmalate dehydrogenase	false		refseq|uniprot	false
PA3119			protein_coding	hypothetical protein	false		refseq|uniprot	false
PA3120	leuD		protein_coding	isopropylmalate isomerase small subunit	false		refseq|uniprot	false
PA3121	leuC		protein_coding	3-isopropylmalate dehydratase large subunit	false		refseq|uniprot	false
PA3122			protein_coding	transcriptional regulator	true	go_0003700|go_0006355|kw_transcription_regulation|producto_refseq	refseq|uniprot	false
PA3123			protein_coding	hypothetical protein	false		refseq|uniprot	false
PA3124			protein_coding	transcriptional regulator	true	go_0003700|kw_transcription_regulation|producto_refseq	refseq|uniprot	false
PA3125			protein_coding	hypothetical protein	false		refseq|uniprot	false
PA3126	ibpA		protein_coding	heat-shock protein IbpA	false		refseq|uniprot	false
PA3127			protein_coding	hypothetical protein	false		refseq|uniprot	false
PA3128			protein_coding	short-chain dehydrogenase	false		refseq|uniprot	false
PA3129	dusC		protein_coding	tRNA-dihydrouridine synthase C	false		refseq|uniprot	false
PA3130			protein_coding	hypothetical protein	false		refseq|uniprot	false
PA3131			protein_coding	aldolase	false		refseq|uniprot	false
PA3132			protein_coding	hydrolase	false		refseq|uniprot	false
PA3133			protein_coding	transcriptional regulator	true	kw_transcription_regulation|producto_refseq	refseq|uniprot	false
PA3133.1			tRNA	tRNA-Glu	false		refseq	false
PA3133.2			tRNA	tRNA-Ala	false		refseq	false
PA3133.3			tRNA	tRNA-Glu	false		refseq	false
PA3133.4			tRNA	tRNA-Ala	false		refseq	false
PA3134	gltX		protein_coding	glutamate--tRNA ligase	false		refseq|uniprot	false
PA3135			protein_coding	transcriptional regulator	true	go_0003700|kw_transcription_regulation|producto_refseq	refseq|uniprot	false
PA3136			protein_coding	secretion protein	false		refseq|uniprot	false
PA3137			protein_coding	major facilitator superfamily transporter	false		refseq|uniprot	false
PA3138	uvrB		protein_coding	excinuclease ABC subunit B	false		refseq|uniprot	false
PA3139	aspC		protein_coding	aspartate aminotransferase	false		refseq|uniprot	false
PA3139.1			tRNA	tRNA-Asn	false		refseq	false
PA3140			protein_coding	hypothetical protein	false		refseq|uniprot	false
PA3141	wbpM		protein_coding	nucleotide sugar epimerase/dehydratase WbpM	false		refseq|uniprot	false
PA3142			protein_coding	hypothetical protein	false		refseq|uniprot	false
PA3143			protein_coding	hypothetical protein	false		refseq|uniprot	false
PA3145	wbpL		protein_coding	glycosyltransferase WbpL	false		refseq|uniprot	false
PA3146	wbpK		protein_coding	NAD-dependent epimerase/dehydratase	false		refseq|uniprot	false
PA3147	wbpJ		protein_coding	glycosyl transferase WbpJ	false		refseq|uniprot	false
PA3148	wbpI		protein_coding	UDP-2,3-diacetamido-2,3-dideoxy-D-glucuronate 2-epimeras	false		refseq|uniprot	false
PA3149	wbpH		protein_coding	glycosyltransferase WbpH	false		refseq|uniprot	false
PA3150	wbpG		protein_coding	LPS biosynthesis protein WbpG	false		refseq|uniprot	false
PA3151	hisF2		protein_coding	imidazole glycerol phosphate synthase subunit HisF	false		refseq|uniprot	false
PA3152	hisH2	hisH	protein_coding	imidazole glycerol phosphate synthase subunit HisH	false		refseq|uniprot	false
PA3153	wzx		protein_coding	O-antigen translocase	false		refseq|uniprot	true
PA3154	wzy	rfc	protein_coding	B-band O-antigen polymerase	false		refseq|uniprot	true
PA3155	wbpE		protein_coding	UDP-2-acetamido-2-deoxy-3-oxo-D-glucuronate aminotransferase	false		refseq|uniprot	false
PA3156	wbpD		protein_coding	UDP-2-acetamido-3-amino-2,3-dideoxy-D-glucuronate N-acetyltransferase	false		refseq|uniprot	false
PA3157			protein_coding	acetyltransferase	false		refseq|uniprot	false
PA3158	wbpB	wlbA	protein_coding	UDP-N-acetyl-2-amino-2-deoxy-D-glucuronate oxidase	false		refseq|uniprot	false
PA3159	wbpA		protein_coding	UDP-N-acetyl-d-glucosamine 6-dehydrogenase	false		refseq|uniprot	false
PA3160	wzz		protein_coding	O-antigen chain length regulator	false		refseq|uniprot	true
PA3161	himD	ihfB	protein_coding	integration host factor subunit beta	true	go_0006355|kw_transcription_regulation	refseq|uniprot	false
PA3162	rpsA		protein_coding	30S ribosomal protein S1	false		refseq|uniprot	false
PA3163	cmk		protein_coding	cytidylate kinase	false		refseq|uniprot	true
PA3164			pseudogene		false		refseq	false
PA3165	hisC2		protein_coding	histidinol-phosphate aminotransferase	false		refseq|uniprot	false
PA3166	pheA		protein_coding	bifunctional chorismate mutase/prephenate dehydratase	false		refseq|uniprot	false
PA3167	serC		protein_coding	3-phosphoserine/phosphohydroxythreonine aminotransferase	false		refseq|uniprot	false
PA3168	gyrA		protein_coding	DNA gyrase subunit A	false		refseq|uniprot	false
PA3169	mtnA		protein_coding	methylthioribose-1-phosphate isomerase	false		refseq|uniprot	false
PA3170			protein_coding	N-ethylammeline chlorohydrolase	false		refseq|uniprot	false
PA3171	ubiG		protein_coding	ubiquinone biosynthesis O-methyltransferase	false		refseq|uniprot	false
PA3172	mupP		protein_coding	phosphoglycolate phosphatase	false		refseq|uniprot	false
PA3173			protein_coding	short-chain dehydrogenase	false		refseq|uniprot	false
PA3174			protein_coding	transcriptional regulator	true	go_0003700|kw_transcription_regulation|producto_refseq	refseq|uniprot	false
PA3175			protein_coding	formimidoylglutamase	false		refseq|uniprot	false
PA3176	gltS		protein_coding	glutamate/sodium ion symporter GltS	false		refseq|uniprot	false
PA3177			protein_coding	hypothetical protein	false		refseq|uniprot	false
PA3178			protein_coding	hypothetical protein	false		refseq|uniprot	false
PA3179	rluB		protein_coding	ribosomal large subunit pseudouridine synthase B	false		refseq|uniprot	false
PA3180			protein_coding	hypothetical protein	false		refseq|uniprot	false
PA3181	eda		protein_coding	2-dehydro-3-deoxy-phosphogluconate aldolase	false		refseq|uniprot	true
PA3182	pgl	devB	protein_coding	6-phosphogluconolactonase	false		refseq|uniprot	true
PA3183	zwf		protein_coding	glucose-6-phosphate 1-dehydrogenase	false		refseq|uniprot	true
PA3184	hexR		protein_coding	HTH-type transcriptional regulator	true	go_0003700|go_0006355|kw_transcription_regulation|producto_refseq	refseq|uniprot	false
PA3185			protein_coding	hypothetical protein	false		refseq|uniprot	false
PA3186	oprB		protein_coding	porin B	false		refseq|uniprot	false
PA3187			protein_coding	ABC transporter ATP-binding protein	false		refseq|uniprot	false
PA3188			protein_coding	sugar ABC transporter permease	false		refseq|uniprot	false
PA3189			protein_coding	sugar ABC transporter permease	false		refseq|uniprot	false
PA3190			protein_coding	sugar ABC transporter substrate-binding protein	false		refseq|uniprot	false
PA3191	gtrS		protein_coding	two-component sensor	true	kw_two_component|producto_refseq	refseq|uniprot	false
PA3192	gltR		protein_coding	two-component response regulator GltR	true	go_0006355|kw_transcription_regulation|kw_two_component|producto_refseq	refseq|uniprot	false
PA3193	glk		protein_coding	glucokinase	false		refseq|uniprot	true
PA3194	edd		protein_coding	phosphogluconate dehydratase	false		refseq|uniprot	true
PA3195	gapA	gap|hexC	protein_coding	glyceraldehyde 3-phosphate dehydrogenase	false		refseq|uniprot	true
PA3196			protein_coding	hypothetical protein	false		refseq|uniprot	false
PA3197			protein_coding	hypothetical protein	false		refseq|uniprot	false
PA3198	scpA		protein_coding	hypothetical protein	false		refseq|uniprot	false
PA3199			protein_coding	hypothetical protein	false		refseq|uniprot	false
PA3200			protein_coding	hypothetical protein	false		refseq|uniprot	false
PA3201	yciB		protein_coding	intracellular septation protein A	false		refseq|uniprot	false
PA3202			protein_coding	hypothetical protein	false		refseq|uniprot	false
PA3203			protein_coding	hypothetical protein	false		refseq|uniprot	false
PA3204			protein_coding	two-component response regulator	true	go_0006355|kw_transcription_regulation|kw_two_component|producto_refseq	refseq|uniprot	false
PA3205			protein_coding	hypothetical protein	false		refseq|uniprot	false
PA3206			protein_coding	two-component sensor	true	kw_two_component|producto_refseq	refseq|uniprot	false
PA3207			protein_coding	hypothetical protein	false		refseq|uniprot	false
PA3208			protein_coding	hypothetical protein	false		refseq|uniprot	false
PA3209			protein_coding	hypothetical protein	false		refseq|uniprot	false
PA3210	trkH		protein_coding	potassium uptake protein TrkH	false		refseq|uniprot	false
PA3211			protein_coding	ABC transporter permease	false		refseq|uniprot	false
PA3212			protein_coding	ABC transporter ATP-binding protein	false		refseq|uniprot	false
PA3213			protein_coding	hypothetical protein	false		refseq|uniprot	false
PA3214			protein_coding	hypothetical protein	false		refseq|uniprot	false
PA3215			protein_coding	transcriptional regulator	true	go_0003700|kw_transcription_regulation|producto_refseq	refseq|uniprot	false
PA3216			protein_coding	hypothetical protein	false		refseq|uniprot	false
PA3217	cyaB		protein_coding	protein CyaB	false		refseq|uniprot	false
PA3219			protein_coding	hypothetical protein	false		refseq|uniprot	false
PA3220			protein_coding	transcriptional regulator	true	go_0003700|go_0006355|kw_transcription_regulation|producto_refseq	refseq|uniprot	false
PA3221	csaA		protein_coding	molecular chaperone CsaA	false		refseq|uniprot	false
PA3222			protein_coding	hypothetical protein	false		refseq|uniprot	false
PA3223	azoR3		protein_coding	FMN-dependent NADH-azoreductase	false		refseq|uniprot	false
PA3224			protein_coding	hypothetical protein	false		refseq|uniprot	false
PA3225			protein_coding	transcriptional regulator	true	go_0003700|go_0006355|kw_transcription_regulation|producto_refseq	refseq|uniprot	false
PA3226			protein_coding	hydrolase	false		refseq|uniprot	false
PA3227	ppiA	cypH	protein_coding	peptidyl-prolyl cis-trans isomerase A	false		refseq|uniprot	false
PA3228			protein_coding	ABC transporter ATP-binding protein/permease	false		refseq|uniprot	false
PA3229			protein_coding	hypothetical protein	false		refseq|uniprot	false
PA3230			protein_coding	hypothetical protein	false		refseq|uniprot	false
PA3231			protein_coding	hypothetical protein	false		refseq|uniprot	false
PA3232			protein_coding	DNA polymerase III subunit epsilon	false		refseq|uniprot	false
PA3233			protein_coding	hypothetical protein	false		refseq|uniprot	false
PA3234			protein_coding	acetate permease	false		refseq|uniprot	false
PA3235			protein_coding	hypothetical protein	false		refseq|uniprot	false
PA3236			protein_coding	glycine betaine-binding protein	false		refseq|uniprot	false
PA3237			protein_coding	hypothetical protein	false		refseq|uniprot	false
PA3238			protein_coding	hypothetical protein	false		refseq|uniprot	false
PA3239			protein_coding	hypothetical protein	false		refseq|uniprot	false
PA3240			protein_coding	quercetin 2,3-dioxygenase	false		refseq|uniprot	false
PA3241			protein_coding	hypothetical protein	false		refseq|uniprot	false
PA3242	lpxL		protein_coding	lipid A biosynthesis lauroyl acyltransferase	false		refseq|uniprot	false
PA3243	minC		protein_coding	septum formation inhibitor	false		refseq|uniprot	false
PA3244	minD		protein_coding	cell division inhibitor MinD	false		refseq|uniprot	false
PA3245	minE		protein_coding	cell division topological specificity factor MinE	false		refseq|uniprot	false
PA3246	rluA		protein_coding	pseudouridine synthase	false		refseq|uniprot	false
PA3247	apeB		protein_coding	aminopeptidase	false		refseq|uniprot	false
PA3248			protein_coding	hypothetical protein	false		refseq|uniprot	false
PA3249			protein_coding	transcriptional regulator	true	go_0003700|kw_transcription_regulation|producto_refseq	refseq|uniprot	false
PA3250			protein_coding	hypothetical protein	false		refseq|uniprot	false
PA3251			protein_coding	hypothetical protein	false		refseq|uniprot	false
PA3252			protein_coding	ABC transporter permease	false		refseq|uniprot	false
PA3253			protein_coding	ABC transporter permease	false		refseq|uniprot	false
PA3254			protein_coding	ABC transporter ATP-binding protein	false		refseq|uniprot	false
PA3255			protein_coding	hypothetical protein	false		refseq|uniprot	false
PA3256			protein_coding	oxidoreductase	false		refseq|uniprot	false
PA3257	prc		protein_coding	tail-specific protease	false		refseq|uniprot	true
PA3258			protein_coding	hypothetical protein	false		refseq|uniprot	false
PA3259			protein_coding	hypothetical protein	false		refseq|uniprot	false
PA3260			protein_coding	transcriptional regulator	false		refseq|uniprot	false
PA3261			protein_coding	hypothetical protein	false		refseq|uniprot	false
PA3262			protein_coding	FkbP-type peptidyl-prolyl cis-trans isomerase	false		refseq|uniprot	false
PA3262.1			tRNA	tRNA-Asp	false		refseq	false
PA3262.2			tRNA	tRNA-Val	false		refseq	false
PA3263	rdgC		protein_coding	recombination associated protein RdgC	false		refseq|uniprot	false
PA3264			protein_coding	transporter	false		refseq|uniprot	false
PA3265			protein_coding	transporter	false		refseq|uniprot	false
PA3266	capB	cspA	protein_coding	major cold shock protein CspA	true	kw_transcription_regulation	refseq|uniprot	false
PA3267			protein_coding	hypothetical protein	false		refseq|uniprot	false
PA3268			protein_coding	TonB-dependent receptor	false		refseq|uniprot	false
PA3269			protein_coding	transcriptional regulator	true	go_0003700|go_0006355|kw_transcription_regulation|producto_refseq	refseq|uniprot	false
PA3270			protein_coding	hypothetical protein	false		refseq|uniprot	false
PA3271			protein_coding	two-component sensor	false		refseq|uniprot	false
PA3272			protein_coding	ATP-dependent DNA helicase	false		refseq|uniprot	false
PA3273			protein_coding	hypothetical protein	false		refseq|uniprot	false
PA3274			protein_coding	hypothetical protein	false		refseq|uniprot	false
PA3275			protein_coding	hypothetical protein	false		refseq|uniprot	false
PA3276			protein_coding	hypothetical protein	false		refseq|uniprot	false
PA3277			protein_coding	short-chain dehydrogenase	false		refseq|uniprot	false
PA3278			protein_coding	hypothetical protein	false		refseq|uniprot	false
PA3279	oprP		protein_coding	phosphate-specific outer membrane porin OprP	false		refseq|uniprot	false
PA3280	oprO		protein_coding	pyrophosphate-specific outer membrane porin OprO	false		refseq|uniprot	false
PA3281			protein_coding	hypothetical protein	false		refseq|uniprot	false
PA3282			protein_coding	hypothetical protein	false		refseq|uniprot	false
PA3283			protein_coding	hypothetical protein	false		refseq|uniprot	false
PA3284			protein_coding	hypothetical protein	false		refseq|uniprot	false
PA3285			protein_coding	ECF subfamily sigma-70 factor	true	go_0006355|kw_transcription_regulation|kw_sigma_factor|producto_refseq	refseq|uniprot	false
PA3286			protein_coding	3-oxoacyl-ACP synthase	false		refseq|uniprot	false
PA3287			protein_coding	hypothetical protein	false		refseq|uniprot	false
PA3288			protein_coding	hypothetical protein	false		refseq|uniprot	false
PA3289			protein_coding	hypothetical protein	false		refseq|uniprot	false
PA3290			protein_coding	hypothetical protein	false		refseq|uniprot	false
PA3291			protein_coding	hypothetical protein	false		refseq|uniprot	false
PA3292			protein_coding	hypothetical protein	false		refseq|uniprot	false
PA3293			protein_coding	hypothetical protein	false		refseq|uniprot	false
PA3294			protein_coding	hypothetical protein	false		refseq|uniprot	false
PA3295			protein_coding	HIT family protein	false		refseq|uniprot	false
PA3296	phoA		protein_coding	alkaline phosphatase	false		refseq|uniprot	false
PA3297			protein_coding	ATP-dependent helicase	false		refseq|uniprot	false
PA3298			protein_coding	hypothetical protein	false		refseq|uniprot	false
PA3299	fadD1		protein_coding	long-chain-fatty-acid--CoA ligase	false		refseq|uniprot	false
PA3300	fadD2		protein_coding	long-chain-fatty-acid--CoA ligase	false		refseq|uniprot	false
PA3301			protein_coding	hypothetical protein	false		refseq|uniprot	false
PA3302			protein_coding	hypothetical protein	false		refseq|uniprot	false
PA3303			protein_coding	major facilitator superfamily transporter	false		refseq|uniprot	false
PA3304			protein_coding	hypothetical protein	false		refseq|uniprot	false
PA3304.1			ncRNA	P18	false		refseq	false
PA3305			protein_coding	hypothetical protein	false		refseq|uniprot	false
PA3305.1	phrS		ncRNA	PhrS	false		refseq	false
PA3306			protein_coding	hypothetical protein	false		refseq|uniprot	false
PA3307			protein_coding	hypothetical protein	false		refseq|uniprot	false
PA3308	rapA	hepA	protein_coding	RNA polymerase-associated protein RapA	true	kw_transcription_regulation	refseq|uniprot	false
PA3309			protein_coding	hypothetical protein	false		refseq|uniprot	false
PA3310			protein_coding	hypothetical protein	false		refseq|uniprot	false
PA3311	nbdA		protein_coding	signaling protein	false		refseq|uniprot	false
PA3312			protein_coding	3-hydroxyisobutyrate dehydrogenase	false		refseq|uniprot	false
PA3313			protein_coding	hypothetical protein	false		refseq|uniprot	false
PA3314	phnC1		protein_coding	phosphonates ABC transporter ATP-binding protein	false		refseq|uniprot	false
PA3315			protein_coding	phosphonates ABC transporter permease	false		refseq|uniprot	false
PA3316			protein_coding	ABC transporter permease	false		refseq|uniprot	false
PA3317			protein_coding	hypothetical protein	false		refseq|uniprot	false
PA3318			protein_coding	hypothetical protein	false		refseq|uniprot	false
PA3319	plcN		protein_coding	non-hemolytic phospholipase C	false		refseq|uniprot	false
PA3320			protein_coding	hypothetical protein	false		refseq|uniprot	false
PA3321			protein_coding	transcriptional regulator	true	go_0003700|go_0006355|kw_transcription_regulation|producto_refseq	refseq|uniprot	false
PA3322			protein_coding	hypothetical protein	true	go_0003700|go_0006355	refseq|uniprot	false
PA3323			protein_coding	hypothetical protein	false		refseq|uniprot	false
PA3324			protein_coding	short-chain dehydrogenase	false		refseq|uniprot	false
PA3325			protein_coding	hypothetical protein	false		refseq|uniprot	false
PA3326	clpP2		protein_coding	ATP-dependent Clp protease proteolytic subunit	false		refseq|uniprot	false
PA3327			protein_coding	non-ribosomal peptide synthetase	false		refseq|uniprot	false
PA3328			protein_coding	FAD-dependent monooxygenase	false		refseq|uniprot	false
PA3329			protein_coding	hypothetical protein	false		refseq|uniprot	false
PA3330			protein_coding	short-chain dehydrogenase	false		refseq|uniprot	false
PA3331			protein_coding	cytochrome P450	false		refseq|uniprot	false
PA3332			protein_coding	hypothetical protein	false		refseq|uniprot	false
PA3333	fabH2	fabH	protein_coding	3-oxoacyl-ACP synthase III	false		refseq|uniprot	false
PA3334			protein_coding	acyl carrier protein	false		refseq|uniprot	false
PA3335			protein_coding	hypothetical protein	false		refseq|uniprot	false
PA3336			protein_coding	major facilitator superfamily transporter	false		refseq|uniprot	false
PA3337	rfaD	hldD	protein_coding	ADP-L-glycero-D-mannoheptose-6-epimerase	false		refseq|uniprot	false
PA3338			protein_coding	hypothetical protein	false		refseq|uniprot	false
PA3339	plpD		protein_coding	patatin-like protein	false		refseq|uniprot	false
PA3340			protein_coding	hypothetical protein	false		refseq|uniprot	false
PA3341			protein_coding	transcriptional regulator	true	go_0003700|go_0006355|kw_transcription_regulation|producto_refseq	refseq|uniprot	false
PA3342			protein_coding	hypothetical protein	false		refseq|uniprot	false
PA3343			protein_coding	hypothetical protein	false		refseq|uniprot	false
PA3344	recQ		protein_coding	ATP-dependent DNA helicase RecQ	false		refseq|uniprot	false
PA3345			protein_coding	hypothetical protein	true	kw_two_component	refseq|uniprot	false
PA3346			protein_coding	two-component response regulator	false		refseq|uniprot	false
PA3347			protein_coding	hypothetical protein	false		refseq|uniprot	false
PA3348	cheR1		protein_coding	chemotaxis protein methyltransferase	false		refseq|uniprot	false
PA3349			protein_coding	chemotaxis protein	false		refseq|uniprot	false
PA3350			protein_coding	flagellar basal body P-ring biosynthesis protein FlgA	false		refseq|uniprot	false
PA3351	flgM		protein_coding	protein FlgM	true	kw_transcription_regulation	refseq|uniprot	false
PA3352			protein_coding	hypothetical protein	false		refseq|uniprot	false
PA3353			protein_coding	hypothetical protein	false		refseq|uniprot	false
PA3354			protein_coding	hypothetical protein	false		refseq|uniprot	false
PA3355			protein_coding	hypothetical protein	false		refseq|uniprot	false
PA3356			protein_coding	hypothetical protein	false		refseq|uniprot	false
PA3357	dsdA		protein_coding	D-serine dehydratase	false		refseq|uniprot	false
PA3358			protein_coding	hypothetical protein	false		refseq|uniprot	false
PA3359			protein_coding	hypothetical protein	false		refseq|uniprot	false
PA3360			protein_coding	secretion protein	false		refseq|uniprot	false
PA3361	lecB		protein_coding	fucose-binding lectin PA-IIL	false		refseq|uniprot	false
PA3362	amiS		protein_coding	transporter protein AmiS	false		refseq|uniprot	false
PA3363	amiR		protein_coding	aliphatic amidase regulator	true	kw_transcription_regulation	refseq|uniprot	false
PA3364	amiC		protein_coding	aliphatic amidase expression-regulating protein	false		refseq|uniprot	false
PA3365	amiB		protein_coding	chaperone	false		refseq|uniprot	false
PA3366	amiE		protein_coding	acylamide amidohydrolase	false		refseq|uniprot	false
PA3366.1	amiL		ncRNA	AmiL	false		refseq	false
PA3367			protein_coding	hypothetical protein	false		refseq|uniprot	false
PA3368.1			tRNA	tRNA-Arg	false		refseq	false
PA3368			protein_coding	acetyltransferase	false		refseq|uniprot	false
PA3369			protein_coding	hypothetical protein	false		refseq|uniprot	false
PA3370			protein_coding	hypothetical protein	false		refseq|uniprot	false
PA3371			protein_coding	hypothetical protein	false		refseq|uniprot	false
PA3372			protein_coding	carbon-phosphorus lyase complex accessory protein	false		refseq|uniprot	false
PA3373	phnN		protein_coding	hypothetical protein	false		refseq|uniprot	false
PA3374			protein_coding	hypothetical protein	false		refseq|uniprot	false
PA3375			protein_coding	ABC transporter ATP-binding protein	false		refseq|uniprot	false
PA3376			protein_coding	phosphonate C-P lyase system protein PhnK	false		refseq|uniprot	false
PA3377			protein_coding	hypothetical protein	false		refseq|uniprot	false
PA3378			protein_coding	hypothetical protein	false		refseq|uniprot	false
PA3379			protein_coding	carbon-phosphorus lyase complex subunit	false		refseq|uniprot	false
PA3380			protein_coding	hypothetical protein	false		refseq|uniprot	false
PA3381			protein_coding	transcriptional regulator	true	go_0003700|kw_transcription_regulation|producto_refseq	refseq|uniprot	false
PA3382	phnE		protein_coding	phosphonate transporter PhnE	false		refseq|uniprot	false
PA3383			protein_coding	phosphonate ABC transporter substrate-binding protein	false		refseq|uniprot	false
PA3384	phnC	phnC2	protein_coding	phosphonate ABC transporter ATP-binding protein	false		refseq|uniprot	false
PA3385	amrZ		protein_coding	alginate and motility regulator Z	true	kw_transcription_regulation	refseq|uniprot	false
PA3386			protein_coding	hypothetical protein	false		refseq|uniprot	false
PA3387	rhlG		protein_coding	3-oxoacyl-ACP reductase	false		refseq|uniprot	false
PA3388	rcsF		protein_coding	S-adenosylmethionine-dependent methyltransferase RcsF	false		refseq|uniprot	false
PA3389			protein_coding	ring-cleaving dioxygenase	false		refseq|uniprot	false
PA3390			protein_coding	hypothetical protein	false		refseq|uniprot	false
PA3391	nosR		protein_coding	regulatory protein NosR	true	kw_transcription_regulation	refseq|uniprot	false
PA3392	nosZ		protein_coding	nitrous-oxide reductase	false		refseq|uniprot	false
PA3393	nosD		protein_coding	copper-binding periplasmic protein	false		refseq|uniprot	false
PA3394	nosF		protein_coding	copper ABC transporter ATP-binding protein	false		refseq|uniprot	false
PA3395	nosY		protein_coding	membrane protein NosY	false		refseq|uniprot	false
PA3396	nosL		protein_coding	acessory protein NosL	false		refseq|uniprot	false
PA3397	fpr		protein_coding	ferredoxin-NADP reductase	false		refseq|uniprot	true
PA3398			protein_coding	transcriptional regulator	true	go_0003700|go_0006355|kw_transcription_regulation|producto_refseq	refseq|uniprot	false
PA3399			protein_coding	hypothetical protein	false		refseq|uniprot	false
PA3400			protein_coding	hypothetical protein	false		refseq|uniprot	false
PA3401			protein_coding	hypothetical protein	false		refseq|uniprot	false
PA3402			protein_coding	hypothetical protein	false		refseq|uniprot	false
PA3403			protein_coding	hypothetical protein	false		refseq|uniprot	false
PA3404			protein_coding	hypothetical protein	false		refseq|uniprot	false
PA3405	hasE		protein_coding	metalloprotease secretion protein	false		refseq|uniprot	false
PA3406	hasD		protein_coding	transporter HasD	false		refseq|uniprot	false
PA3407	hasAp		protein_coding	heme acquisition protein HasA	false		refseq|uniprot	false
PA3408	hasR		protein_coding	heme uptake outer membrane receptor HasR	false		refseq|uniprot	false
PA3409			protein_coding	transmembrane sensor	false		refseq|uniprot	false
PA3410			protein_coding	ECF subfamily sigma-70 factor	true	go_0006355|kw_transcription_regulation|kw_sigma_factor|producto_refseq	refseq|uniprot	false
PA3411			protein_coding	hypothetical protein	false		refseq|uniprot	false
PA3412			protein_coding	hypothetical protein	false		refseq|uniprot	false
PA3413			protein_coding	hypothetical protein	false		refseq|uniprot	false
PA3414			protein_coding	hypothetical protein	false		refseq|uniprot	false
PA3415			protein_coding	branched-chain alpha-keto acid dehydrogenase subunit E2	false		refseq|uniprot	false
PA3416			protein_coding	pyruvate dehydrogenase E1 component subunit beta	false		refseq|uniprot	false
PA3417			protein_coding	pyruvate dehydrogenase E1 component subunit alpha	false		refseq|uniprot	false
PA3418	ldh		protein_coding	leucine dehydrogenase	false		refseq|uniprot	true
PA3419			protein_coding	hypothetical protein	false		refseq|uniprot	false
PA3420			protein_coding	transcriptional regulator	true	go_0006355|kw_transcription_regulation|producto_refseq	refseq|uniprot	false
PA3421			protein_coding	hypothetical protein	false		refseq|uniprot	false
PA3422			protein_coding	hypothetical protein	false		refseq|uniprot	false
PA3423			protein_coding	transcriptional regulator	true	go_0003700|go_0006355|kw_transcription_regulation|producto_refseq	refseq|uniprot	false
PA3424			protein_coding	hypothetical protein	false		refseq|uniprot	false
PA3425			protein_coding	hypothetical protein	false		refseq|uniprot	false
PA3426			protein_coding	enoyl-CoA hydratase	false		refseq|uniprot	false
PA3427			protein_coding	short-chain dehydrogenase	false		refseq|uniprot	false
PA3428			protein_coding	hypothetical protein	false		refseq|uniprot	false
PA3429			protein_coding	epoxide hydrolase	false		refseq|uniprot	false
PA3430			protein_coding	aldolase	false		refseq|uniprot	false
PA3431			protein_coding	hypothetical protein	false		refseq|uniprot	false
PA3432			protein_coding	hypothetical protein	false		refseq|uniprot	false
PA3433			protein_coding	transcriptional regulator	true	go_0003700|go_0006355|kw_transcription_regulation|producto_refseq	refseq|uniprot	false
PA3434			protein_coding	transposase	false		refseq	false
PA3435			protein_coding	flavodoxin	false		refseq|uniprot	false
PA3436			protein_coding	hypothetical protein	false		refseq|uniprot	false
PA3437	folM		protein_coding	short-chain dehydrogenase	false		refseq|uniprot	false
PA3438	folE1		protein_coding	GTP cyclohydrolase I	false		refseq|uniprot	false
PA3439	folX		protein_coding	D-erythro-7,8-dihydroneopterin triphosphate 2'-epimerase	false		refseq|uniprot	false
PA3440			protein_coding	hypothetical protein	false		refseq|uniprot	false
PA3441			protein_coding	molybdopterin-binding protein	false		refseq|uniprot	false
PA3442	ssuB1		protein_coding	aliphatic sulfonates ABC transporter ATP-binding subunit	false		refseq|uniprot	false
PA3443			protein_coding	ABC transporter permease	false		refseq|uniprot	false
PA3444	ssuD		protein_coding	alkanesulfonate monooxygenase	false		refseq|uniprot	false
PA3445			protein_coding	hypothetical protein	false		refseq|uniprot	false
PA3446			protein_coding	NAD(P)H-dependent FMN reductase	false		refseq|uniprot	false
PA3447	ssuB2		protein_coding	ABC transporter ATP-binding protein	false		refseq|uniprot	false
PA3448			protein_coding	ABC transporter permease	false		refseq|uniprot	false
PA3449			protein_coding	hypothetical protein	false		refseq|uniprot	false
PA3450			protein_coding	antioxidant protein	false		refseq|uniprot	false
PA3451			protein_coding	hypothetical protein	false		refseq|uniprot	false
PA3452	mqoA	mqo1	protein_coding	malate:quinone oxidoreductase	false		refseq|uniprot	false
PA3453			protein_coding	hypothetical protein	false		refseq|uniprot	false
PA3454			protein_coding	acyl-CoA thiolase	false		refseq|uniprot	false
PA3455			protein_coding	hypothetical protein	false		refseq|uniprot	false
PA3456	mnmC		protein_coding	tRNA 5-methylaminomethyl-2-thiouridine biosynthesis bifunctional protein MnmC	false		refseq|uniprot	false
PA3457			protein_coding	hypothetical protein	false		refseq|uniprot	false
PA3458			protein_coding	transcriptional regulator	true	go_0003700|go_0006355|producto_refseq	refseq|uniprot	false
PA3459			protein_coding	glutamine amidotransferase	false		refseq|uniprot	false
PA3460			protein_coding	acetyltransferase	false		refseq|uniprot	false
PA3461			protein_coding	hypothetical protein	false		refseq|uniprot	false
PA3462			protein_coding	sensor/response regulator hybrid protein	true	kw_two_component|producto_refseq	refseq|uniprot	false
PA3463			protein_coding	hypothetical protein	false		refseq|uniprot	false
PA3464			protein_coding	hypothetical protein	false		refseq|uniprot	false
PA3465			protein_coding	hypothetical protein	false		refseq|uniprot	false
PA3466			protein_coding	ATP-dependent RNA helicase	false		refseq|uniprot	false
PA3467			protein_coding	major facilitator superfamily transporter	false		refseq|uniprot	false
PA3468			protein_coding	hypothetical protein	false		refseq|uniprot	false
PA3469			protein_coding	hypothetical protein	false		refseq|uniprot	false
PA3470			protein_coding	hypothetical protein	false		refseq|uniprot	false
PA3471	maeA		protein_coding	NAD-dependent malic enzyme	false		refseq|uniprot	false
PA3472			protein_coding	hypothetical protein	false		refseq|uniprot	false
PA3473	rarD		protein_coding	chloramphenicol-sensitive protein RarD	false		refseq|uniprot	false
PA3474			protein_coding	hypothetical protein	false		refseq|uniprot	false
PA3475	pheC		protein_coding	cyclohexadienyl dehydratase	false		refseq|uniprot	false
PA3476	rhlI	vsmI	protein_coding	acyl-homoserine-lactone synthase	false		refseq|uniprot	false
PA3477	rhlR	lasM|vsmR	protein_coding	transcriptional regulator RhlR	true	go_0003700|kw_transcription_regulation|producto_refseq	refseq|uniprot	false
PA3478	rhlB		protein_coding	rhamnosyltransferase subunit B	false		refseq|uniprot	false
PA3479	rhlA		protein_coding	rhamnosyltransferase subunit A	false		refseq|uniprot	false
PA3480	dcd		protein_coding	deoxycytidine triphosphate deaminase	false		refseq|uniprot	true
PA3481			protein_coding	hypothetical protein	false		refseq|uniprot	false
PA3482	metG		protein_coding	methionine--tRNA ligase	false		refseq|uniprot	false
PA3483			protein_coding	hypothetical protein	false		refseq|uniprot	false
PA3484	tse3		protein_coding	hypothetical protein	false		refseq|uniprot	false
PA3485	tsi3		protein_coding	hypothetical protein	false		refseq|uniprot	false
PA3486	vgrG4b		protein_coding	hypothetical protein	false		refseq|uniprot	false
PA3487	pldA		protein_coding	phospholipase D	false		refseq|uniprot	false
PA3488			protein_coding	hypothetical protein	false		refseq|uniprot	false
PA3489	rnfA		protein_coding	electron transport complex subunit A	false		refseq|uniprot	false
PA3490	rnfB		protein_coding	electron transport complex subunit B	false		refseq|uniprot	false
PA3491	rnfC		protein_coding	electron transport complex subunit C	false		refseq|uniprot	false
PA3492	rnfD		protein_coding	electron transport complex subunit D	false		refseq|uniprot	false
PA3493	rnfG		protein_coding	electron transport complex subunit G	false		refseq|uniprot	false
PA3494	rnfE		protein_coding	electron transport complex subunit E	false		refseq|uniprot	false
PA3495	nth		protein_coding	endonuclease III	false		refseq|uniprot	true
PA3496			protein_coding	hypothetical protein	false		refseq|uniprot	false
PA3497			protein_coding	hypothetical protein	false		refseq|uniprot	false
PA3498			protein_coding	oxidoreductase	false		refseq|uniprot	false
PA3499			protein_coding	hypothetical protein	false		refseq|uniprot	false
PA3500			protein_coding	hypothetical protein	false		refseq|uniprot	false
PA3501			protein_coding	hypothetical protein	false		refseq|uniprot	false
PA3502			protein_coding	hypothetical protein	false		refseq|uniprot	false
PA3503			pseudogene		false		refseq|uniprot	false
PA3504			protein_coding	aldehyde dehydrogenase	false		refseq|uniprot	false
PA3505	nadX		protein_coding	L-aspartate dehydrogenase	false		refseq|uniprot	false
PA3506			protein_coding	hypothetical protein	false		refseq|uniprot	false
PA3507			protein_coding	short-chain dehydrogenase	false		refseq|uniprot	false
PA3508			protein_coding	transcriptional regulator	true	go_0003700|kw_transcription_regulation|producto_refseq	refseq|uniprot	false
PA3509			protein_coding	hydrolase	false		refseq|uniprot	false
PA3510			protein_coding	hypothetical protein	false		refseq|uniprot	false
PA3511			protein_coding	short-chain dehydrogenase	false		refseq|uniprot	false
PA3512			protein_coding	ABC transporter permease	false		refseq|uniprot	false
PA3513			protein_coding	hypothetical protein	false		refseq|uniprot	false
PA3514			protein_coding	ABC transporter ATP-binding protein	false		refseq|uniprot	false
PA3515	flcA		protein_coding	hypothetical protein	false		refseq|uniprot	false
PA3516	flcB		protein_coding	adenylosuccinate lyase	false		refseq|uniprot	false
PA3517	flcC		protein_coding	adenylosuccinate lyase	false		refseq|uniprot	false
PA3518	flcD		protein_coding	hypothetical protein	false		refseq|uniprot	false
PA3519	flcE		protein_coding	hypothetical protein	false		refseq|uniprot	false
PA3520			protein_coding	hypothetical protein	false		refseq|uniprot	false
PA3521			protein_coding	hypothetical protein	false		refseq|uniprot	false
PA3522			protein_coding	resistance-nodulation-cell division (RND) efflux transporter	false		refseq|uniprot	false
PA3523			protein_coding	resistance-nodulation-cell division (RND) efflux membrane fusion protein	false		refseq|uniprot	false
PA3524	gloA1		protein_coding	lactoylglutathione lyase	false		refseq|uniprot	false
PA3525	argG		protein_coding	argininosuccinate synthase	false		refseq|uniprot	false
PA3526			protein_coding	hypothetical protein	false		refseq|uniprot	false
PA3527	pyrC		protein_coding	dihydroorotase	false		refseq|uniprot	false
PA3528	rnt		protein_coding	ribonuclease T	false		refseq|uniprot	true
PA3529			protein_coding	peroxidase	false		refseq|uniprot	false
PA3530	bfd		protein_coding	hypothetical protein	false		refseq|uniprot	true
PA3531	bfrB		protein_coding	bacterioferritin	false		refseq|uniprot	false
PA3532			protein_coding	hypothetical protein	false		refseq|uniprot	false
PA3533			protein_coding	hypothetical protein	false		refseq|uniprot	false
PA3534			protein_coding	oxidoreductase	false		refseq|uniprot	false
PA3535			protein_coding	serine protease	false		refseq|uniprot	false
PA3536			protein_coding	hypothetical protein	false		refseq|uniprot	false
PA3537	argF		protein_coding	ornithine carbamoyltransferase	false		refseq|uniprot	false
PA3538			protein_coding	ABC transporter ATP-binding protein	false		refseq|uniprot	false
PA3539			protein_coding	hypothetical protein	false		refseq|uniprot	false
PA3540	algD		protein_coding	GDP-mannose 6-dehydrogenase AlgD	false		refseq|uniprot	false
PA3541	alg8		protein_coding	glycosyltransferase alg8	false		refseq|uniprot	false
PA3542	alg44		protein_coding	alginate biosynthesis protein Alg44	false		refseq|uniprot	false
PA3543	algK		protein_coding	alginate biosynthesis protein AlgK	false		refseq|uniprot	false
PA3544	algE	alg76	protein_coding	alginate production protein AlgE	false		refseq|uniprot	false
PA3545	algG		protein_coding	alginate-c5-mannuronan-epimerase AlgG	false		refseq|uniprot	false
PA3546	algX		protein_coding	alginate biosynthesis protein AlgX	false		refseq|uniprot	false
PA3547	algL		protein_coding	alginate lyase	false		refseq|uniprot	false
PA3548	algI		protein_coding	alginate o-acetylase AlgI	false		refseq|uniprot	false
PA3549	algJ		protein_coding	alginate o-acetylase AlgJ	false		refseq|uniprot	false
PA3550	algF		protein_coding	alginate o-acetyltransferase AlgF	false		refseq|uniprot	false
PA3551	algA	pmi	protein_coding	bifunctional mannose-1-phosphate guanylyltransferase/mannose-6-phosphate isomerase	false		refseq|uniprot	true
PA3552	arnB		protein_coding	UDP-4-amino-4-deoxy-L-arabinose--oxoglutarate aminotransferase	false		refseq|uniprot	false
PA3553	arnC		protein_coding	undecaprenyl-phosphate 4-deoxy-4-formamido-L-arabinose transferase	false		refseq|uniprot	false
PA3554	arnA		protein_coding	bifunctional UDP-glucuronic acid decarboxylase/UDP-4-amino-4-deoxy-L-arabinose formyltransferase	false		refseq|uniprot	false
PA3555	arnD		protein_coding	4-deoxy-4-formamido-L-arabinose-phosphoundecaprenol deformylase ArnD	false		refseq|uniprot	false
PA3556	arnT		protein_coding	4-amino-4-deoxy-L-arabinose lipid A transferase	false		refseq|uniprot	false
PA3557	arnE		protein_coding	4-amino-4-deoxy-L-arabinose-phosphoundecaprenol flippase subunit ArnE	false		refseq|uniprot	false
PA3558	arnF		protein_coding	4-amino-4-deoxy-L-arabinose-phosphoundecaprenol flippase subunit ArnF	false		refseq|uniprot	false
PA3559			protein_coding	nucleotide sugar dehydrogenase	false		refseq|uniprot	false
PA3560	fruA		protein_coding	PTS system fructose-specific transporter subunit IIBC	false		refseq|uniprot	false
PA3561	fruK		protein_coding	1-phosphofructokinase	false		refseq|uniprot	false
PA3562	fruI		protein_coding	PTS system fructose-specific transporter subunit FruI	false		refseq|uniprot	false
PA3563	fruR		protein_coding	FruR family transcriptional regulator	true	go_0003700|go_0006355|kw_transcription_regulation|producto_refseq	refseq|uniprot	false
PA3564			protein_coding	hypothetical protein	false		refseq|uniprot	false
PA3565			protein_coding	transcriptional regulator	true	go_0003700|kw_transcription_regulation|producto_refseq	refseq|uniprot	false
PA3566			protein_coding	hypothetical protein	false		refseq|uniprot	false
PA3567			protein_coding	oxidoreductase	false		refseq|uniprot	false
PA3568			protein_coding	propionyl-CoA synthetase	false		refseq|uniprot	false
PA3569	mmsB		protein_coding	3-hydroxyisobutyrate dehydrogenase	false		refseq|uniprot	false
PA3570	mmsA		protein_coding	methylmalonate-semialdehyde dehydrogenase	false		refseq|uniprot	false
PA3571	mmsR		protein_coding	transcriptional regulator MmsR	true	go_0003700|go_0006355|kw_transcription_regulation|producto_refseq	refseq|uniprot	false
PA3572			protein_coding	hypothetical protein	false		refseq|uniprot	false
PA3573			protein_coding	major facilitator superfamily transporter	false		refseq|uniprot	false
PA3574	nalD		protein_coding	transcriptional regulator	true	go_0003700|go_0006355|kw_transcription_regulation|producto_refseq	refseq|uniprot	false
PA3575			protein_coding	hypothetical protein	false		refseq|uniprot	false
PA3576			protein_coding	hypothetical protein	false		refseq|uniprot	false
PA3577			protein_coding	hypothetical protein	false		refseq|uniprot	false
PA3578			protein_coding	hypothetical protein	false		refseq|uniprot	false
PA3579	glpK1	glpK2	protein_coding	glycerol kinase	false		refseq|uniprot	false
PA3580			protein_coding	hypothetical protein	false		refseq|uniprot	false
PA3581	glpF		protein_coding	glycerol uptake facilitator protein	false		refseq|uniprot	false
PA3582	glpK	glpK1|glpK2	protein_coding	glycerol kinase	false		refseq|uniprot	false
PA3583	glpR		protein_coding	glycerol-3-phosphate regulon repressor	true	go_0006355|kw_transcription_regulation	refseq|uniprot	false
PA3584	glpD		protein_coding	glycerol-3-phosphate dehydrogenase	false		refseq|uniprot	false
PA3585	glpM		protein_coding	membrane protein GlpM	false		refseq|uniprot	false
PA3586			protein_coding	hydrolase	false		refseq|uniprot	false
PA3587	metR		protein_coding	transcriptional regulator MetR	true	go_0003700|go_0006355|kw_transcription_regulation|producto_refseq	refseq|uniprot	false
PA3588			protein_coding	porin	false		refseq|uniprot	false
PA3589			protein_coding	acetyl-CoA acetyltransferase	false		refseq|uniprot	false
PA3590			protein_coding	3-hydroxyacyl-CoA dehydrogenase	false		refseq|uniprot	false
PA3591			protein_coding	enoyl-CoA hydratase	false		refseq|uniprot	false
PA3592			protein_coding	hypothetical protein	false		refseq|uniprot	false
PA3593			protein_coding	acyl-CoA dehydrogenase	false		refseq|uniprot	false
PA3594			protein_coding	transcriptional regulator	true	go_0003700|go_0006355|kw_transcription_regulation|producto_refseq	refseq|uniprot	false
PA3595			protein_coding	major facilitator superfamily transporter	false		refseq|uniprot	false
PA3596			protein_coding	methylated-DNA--protein-cysteine methyltransferase	true	go_0003700	refseq|uniprot	false
PA3597			protein_coding	amino acid permease	false		refseq|uniprot	false
PA3598			protein_coding	hypothetical protein	false		refseq|uniprot	false
PA3599			protein_coding	transcriptional regulator	true	go_0003700|go_0006355|kw_transcription_regulation|producto_refseq	refseq|uniprot	false
PA3600	rpmJ2		protein_coding	50S ribosomal protein L36	false		refseq|uniprot	false
PA3601	rpmE2		protein_coding	50S ribosomal protein L31 type B	false		refseq|uniprot	false
PA3602			protein_coding	hypothetical protein	false		refseq|uniprot	false
PA3603	dgkA		protein_coding	diacylglycerol kinase	false		refseq|uniprot	false
PA3604	erdR		protein_coding	response regulator ErdR	true	go_0006355|producto_refseq	refseq|uniprot	false
PA3605			protein_coding	hypothetical protein	false		refseq|uniprot	false
PA3606			protein_coding	hypothetical protein	false		refseq|uniprot	false
PA3607	potA	potA2	protein_coding	polyamine transporter ATP-binding protein PotA	false		refseq|uniprot	false
PA3608	potB		protein_coding	polyamine ABC transporter permease PotB	false		refseq|uniprot	false
PA3609	potC		protein_coding	polyamine ABC transporter permease PotC	false		refseq|uniprot	false
PA3610	potD		protein_coding	polyamine ABC transporter substrate-binding protein PotD	false		refseq|uniprot	false
PA3611			protein_coding	hypothetical protein	false		refseq|uniprot	false
PA3612			protein_coding	hypothetical protein	false		refseq|uniprot	false
PA3613			protein_coding	hypothetical protein	false		refseq|uniprot	false
PA3614			protein_coding	hypothetical protein	false		refseq|uniprot	false
PA3615			protein_coding	hypothetical protein	false		refseq|uniprot	false
PA3616	recX		protein_coding	recombination regulator RecX	false		refseq|uniprot	false
PA3617	recA		protein_coding	recombinase A	false		refseq|uniprot	false
PA3618			protein_coding	hypothetical protein	false		refseq|uniprot	false
PA3619			protein_coding	hypothetical protein	false		refseq|uniprot	false
PA3620	mutS		protein_coding	DNA mismatch repair protein MutS	false		refseq|uniprot	false
PA3621	fdxA		protein_coding	ferredoxin I	false		refseq|uniprot	false
PA3621.1	rsmZ		ncRNA	regulatory RNA RsmZ	false		refseq	false
PA3622	rpoS		protein_coding	RNA polymerase sigma factor RpoS	true	go_0006355|kw_transcription_regulation|kw_sigma_factor|producto_refseq	refseq|uniprot	false
PA3623			protein_coding	hypothetical protein	false		refseq|uniprot	false
PA3624	pcm		protein_coding	protein-L-isoaspartate O-methyltransferase	false		refseq|uniprot	true
PA3625	surE		protein_coding	5'-nucleotidase SurE	false		refseq|uniprot	false
PA3626	truD		protein_coding	tRNA pseudouridine synthase D	false		refseq|uniprot	false
PA3627	ygbB	ispF	protein_coding	2-C-methyl-D-erythritol 2,4-cyclodiphosphate synthase	false		refseq|uniprot	false
PA3628			protein_coding	esterase	false		refseq|uniprot	false
PA3629	adhC		protein_coding	alcohol dehydrogenase	false		refseq|uniprot	false
PA3630	gfnR		protein_coding	glutathione-dependent formaldehyde neutralization regulator GfnR	true	go_0003700|kw_transcription_regulation	refseq|uniprot	false
PA3631			protein_coding	hypothetical protein	false		refseq|uniprot	false
PA3632			protein_coding	hypothetical protein	false		refseq|uniprot	false
PA3633	ygbP	ispD	protein_coding	2-C-methyl-D-erythritol 4-phosphate cytidylyltransferase	false		refseq|uniprot	false
PA3634	ftsB		protein_coding	cell division protein FtsB	false		refseq|uniprot	false
PA3635	eno		protein_coding	enolase	false		refseq|uniprot	true
PA3636	kdsA		protein_coding	2-dehydro-3-deoxyphosphooctonate aldolase	false		refseq|uniprot	false
PA3637	pyrG		protein_coding	CTP synthetase	false		refseq|uniprot	false
PA3638	tilS		protein_coding	tRNA(Ile)-lysidine synthase	false		refseq|uniprot	false
PA3639	accA		protein_coding	acetyl-CoA carboxylase carboxyltransferase subunit alpha	false		refseq|uniprot	false
PA3640	dnaE		protein_coding	DNA polymerase III subunit alpha	false		refseq|uniprot	false
PA3641			protein_coding	amino acid permease	false		refseq|uniprot	false
PA3642	rnhB		protein_coding	ribonuclease HII	false		refseq|uniprot	false
PA3643	lpxB		protein_coding	lipid-A-disaccharide synthase	false		refseq|uniprot	false
PA3644	lpxA		protein_coding	acyl-[acyl-carrier-protein]--UDP-N-acetylglucosamine O-acyltransferase	false		refseq|uniprot	false
PA3645	fabZ		protein_coding	3-hydroxyacyl-[acyl-carrier-protein] dehydratase FabZ	false		refseq|uniprot	false
PA3646	lpxD		protein_coding	UDP-3-O-acylglucosamine N-acyltransferase	false		refseq|uniprot	false
PA3647			protein_coding	hypothetical protein	false		refseq|uniprot	false
PA3648	opr86	bamA	protein_coding	outer membrane protein Opr86	false		refseq|uniprot	false
PA3649			protein_coding	zinc metalloprotease	false		refseq|uniprot	false
PA3650	dxr		protein_coding	1-deoxy-D-xylulose 5-phosphate reductoisomerase	false		refseq|uniprot	true
PA3651	cdsA	cds	protein_coding	phosphatidate cytidylyltransferase	false		refseq|uniprot	true
PA3652	uppS		protein_coding	ditrans,polycis-undecaprenyl-diphosphate synthase	false		refseq|uniprot	false
PA3653	frr		protein_coding	ribosome recycling factor	false		refseq|uniprot	true
PA3654	pyrH		protein_coding	uridylate kinase	false		refseq|uniprot	false
PA3655	tsf		protein_coding	elongation factor Ts	false		refseq|uniprot	true
PA3656	rpsB		protein_coding	30S ribosomal protein S2	false		refseq|uniprot	false
PA3657	map		protein_coding	methionine aminopeptidase	false		refseq|uniprot	true
PA3658	glnD		protein_coding	bifunctional uridylyltransferase/uridylyl-removing protein	false		refseq|uniprot	false
PA3659			protein_coding	succinyldiaminopimelate transaminase	false		refseq|uniprot	false
PA3660			protein_coding	sodium/hydrogen antiporter	false		refseq|uniprot	false
PA3661			protein_coding	hypothetical protein	false		refseq|uniprot	false
PA3662			protein_coding	hypothetical protein	false		refseq|uniprot	false
PA3663			protein_coding	hypothetical protein	false		refseq|uniprot	false
PA3664			protein_coding	hypothetical protein	false		refseq|uniprot	false
PA3665			protein_coding	hypothetical protein	false		refseq|uniprot	false
PA3666	dapD		protein_coding	2,3,4,5-tetrahydropyridine-2,6-dicarboxylate N-succinyltransferase	false		refseq|uniprot	false
PA3667	csd		protein_coding	cysteine desulfurase	false		refseq|uniprot	true
PA3668			protein_coding	hypothetical protein	false		refseq|uniprot	false
PA3669			protein_coding	hypothetical protein	false		refseq|uniprot	false
PA3670			protein_coding	hypothetical protein	false		refseq|uniprot	false
PA3671			protein_coding	ABC transporter permease	false		refseq|uniprot	false
PA3672			protein_coding	ABC transporter ATP-binding protein	false		refseq|uniprot	false
PA3673	plsB		protein_coding	glycerol-3-phosphate acyltransferase	false		refseq|uniprot	false
PA3674			protein_coding	hypothetical protein	false		refseq|uniprot	false
PA3675			protein_coding	hypothetical protein	false		refseq|uniprot	false
PA3676			protein_coding	resistance-nodulation-cell division (RND) efflux transporter	false		refseq|uniprot	false
PA3677			protein_coding	resistance-nodulation-cell division (RND) efflux membrane fusion protein	false		refseq|uniprot	false
PA3678			protein_coding	transcriptional regulator	true	go_0003700|go_0006355|kw_transcription_regulation|producto_refseq	refseq|uniprot	false
PA3679			protein_coding	hypothetical protein	false		refseq|uniprot	false
PA3680	rsmJ		protein_coding	ribosomal RNA small subunit methyltransferase J	false		refseq|uniprot	false
PA3681			protein_coding	hypothetical protein	false		refseq|uniprot	false
PA3682			protein_coding	hypothetical protein	false		refseq|uniprot	false
PA3683			protein_coding	hypothetical protein	false		refseq|uniprot	false
PA3684			protein_coding	hypothetical protein	false		refseq|uniprot	false
PA3685			protein_coding	hypothetical protein	false		refseq|uniprot	false
PA3686	adk		protein_coding	adenylate kinase	false		refseq|uniprot	true
PA3687	ppc		protein_coding	phosphoenolpyruvate carboxylase	false		refseq|uniprot	true
PA3688			protein_coding	hypothetical protein	false		refseq|uniprot	false
PA3689			protein_coding	transcriptional regulator	true	go_0003700|producto_refseq	refseq|uniprot	false
PA3690			protein_coding	metal-transporting P-type ATPase	false		refseq|uniprot	false
PA3691			protein_coding	hypothetical protein	false		refseq|uniprot	false
PA3692	lptF		protein_coding	outer membrane porin F	false		refseq|uniprot	false
PA3693			protein_coding	hypothetical protein	false		refseq|uniprot	false
PA3694			protein_coding	hypothetical protein	false		refseq|uniprot	false
PA3695			protein_coding	hypothetical protein	false		refseq|uniprot	false
PA3696			protein_coding	hypothetical protein	false		refseq|uniprot	false
PA3697			protein_coding	hypothetical protein	false		refseq|uniprot	false
PA3698			protein_coding	hypothetical protein	false		refseq|uniprot	false
PA3699			protein_coding	transcriptional regulator	false		refseq|uniprot	false
PA3700	lysS		protein_coding	lysine--tRNA ligase	false		refseq|uniprot	false
PA3701	prfB		protein_coding	peptide chain release factor 1	false		refseq|uniprot	false
PA3702	wspR		protein_coding	two-component response regulator	false		refseq|uniprot	false
PA3703	wspF	cheB3	protein_coding	chemotaxis-specific methylesterase	false		refseq|uniprot	false
PA3704	wspE		protein_coding	chemotaxis sensor/effector fusion protein	true	kw_two_component	refseq|uniprot	false
PA3705	wspD		protein_coding	hypothetical protein	false		refseq|uniprot	false
PA3706	wspC		protein_coding	biofilm formation methyltransferase WspC	false		refseq|uniprot	false
PA3707	wspB		protein_coding	hypothetical protein	false		refseq|uniprot	false
PA3708	wspA		protein_coding	chemotaxis transducer	false		refseq|uniprot	false
PA3709			protein_coding	major facilitator superfamily transporter	false		refseq|uniprot	false
PA3710			protein_coding	GMC-type oxidoreductase	false		refseq|uniprot	false
PA3711			protein_coding	transcriptional regulator	true	go_0003700|go_0006355|kw_transcription_regulation|producto_refseq	refseq|uniprot	false
PA3712			protein_coding	hypothetical protein	false		refseq|uniprot	false
PA3713	spdH		protein_coding	spermidine dehydrogenase SpdH	false		refseq|uniprot	false
PA3714			protein_coding	two-component response regulator	true	go_0003700|go_0006355|producto_refseq	refseq|uniprot	false
PA3715			protein_coding	hypothetical protein	false		refseq|uniprot	false
PA3716			protein_coding	hypothetical protein	false		refseq|uniprot	false
PA3717			protein_coding	FkbP-type peptidyl-prolyl cis-trans isomerase	false		refseq|uniprot	false
PA3718			protein_coding	major facilitator superfamily transporter	false		refseq|uniprot	false
PA3719	armR		protein_coding	MexR antirepressor ArmR	false		refseq|uniprot	false
PA3720			protein_coding	hypothetical protein	false		refseq|uniprot	false
PA3721	nalC		protein_coding	transcriptional regulator	true	go_0003700|go_0006355|producto_refseq	refseq|uniprot	false
PA3722			protein_coding	hypothetical protein	false		refseq|uniprot	false
PA3723			protein_coding	FMN oxidoreductase	false		refseq|uniprot	false
PA3724	lasB		protein_coding	elastase LasB	false		refseq|uniprot	false
PA3725	recJ		protein_coding	single-stranded-DNA-specific exonuclease RecJ	false		refseq|uniprot	false
PA3726			protein_coding	hypothetical protein	false		refseq|uniprot	false
PA3727			protein_coding	hypothetical protein	false		refseq|uniprot	false
PA3728			protein_coding	hypothetical protein	false		refseq|uniprot	false
PA3729			protein_coding	hypothetical protein	false		refseq|uniprot	false
PA3730			protein_coding	hypothetical protein	false		refseq|uniprot	false
PA3731			protein_coding	hypothetical protein	false		refseq|uniprot	false
PA3732			protein_coding	hypothetical protein	false		refseq|uniprot	false
PA3733			protein_coding	hypothetical protein	false		refseq|uniprot	false
PA3734			protein_coding	hypothetical protein	false		refseq|uniprot	false
PA3735	thrC		protein_coding	threonine synthase	false		refseq|uniprot	false
PA3736	hom		protein_coding	homoserine dehydrogenase	false		refseq|uniprot	true
PA3737	dsbC		protein_coding	thiol:disulfide interchange protein DsbC	false		refseq|uniprot	false
PA3738	xerD		protein_coding	site-specific tyrosine recombinase XerD	false		refseq|uniprot	false
PA3739			protein_coding	sodium/hydrogen antiporter	false		refseq|uniprot	false
PA3740			protein_coding	hypothetical protein	false		refseq|uniprot	false
PA3741			protein_coding	acyl-CoA thioesterase	false		refseq|uniprot	false
PA3742	rplS		protein_coding	50S ribosomal protein L19	false		refseq|uniprot	false
PA3743	trmD		protein_coding	tRNA (guanine-N(1)-)-methyltransferase	false		refseq|uniprot	false
PA3744	rimM		protein_coding	ribosome maturation factor RimM	false		refseq|uniprot	false
PA3745	rpsP		protein_coding	30S ribosomal protein S16	false		refseq|uniprot	false
PA3746	ffh		protein_coding	signal recognition particle protein Ffh	false		refseq|uniprot	true
PA3747			protein_coding	hypothetical protein	false		refseq|uniprot	false
PA3748			protein_coding	hypothetical protein	false		refseq|uniprot	false
PA3749			protein_coding	major facilitator superfamily transporter	false		refseq|uniprot	false
PA3750			protein_coding	hypothetical protein	false		refseq|uniprot	false
PA3751	purT		protein_coding	phosphoribosylglycinamide formyltransferase	false		refseq|uniprot	false
PA3752			protein_coding	hypothetical protein	false		refseq|uniprot	false
PA3753			protein_coding	hypothetical protein	false		refseq|uniprot	false
PA3754			protein_coding	hypothetical protein	false		refseq|uniprot	false
PA3755			protein_coding	hypothetical protein	false		refseq|uniprot	false
PA3756			protein_coding	hypothetical protein	false		refseq|uniprot	false
PA3757			protein_coding	transcriptional regulator	true	go_0003700|kw_transcription_regulation|producto_refseq	refseq|uniprot	false
PA3758			protein_coding	N-acetylglucosamine-6-phosphate deacetylase	false		refseq|uniprot	false
PA3759			protein_coding	aminotransferase	false		refseq|uniprot	false
PA3760			protein_coding	N-acetyl-D-glucosamine phosphotransferase system transporter	false		refseq|uniprot	false
PA3761			protein_coding	N-acetyl-D-glucosamine phosphotransferase system transporter	false		refseq|uniprot	false
PA3762			protein_coding	hypothetical protein	false		refseq|uniprot	false
PA3763	purL		protein_coding	phosphoribosylformylglycinamidine synthase	false		refseq|uniprot	false
PA3764	mltF		protein_coding	membrane-bound lytic murein transglycosylase F	false		refseq|uniprot	false
PA3765			protein_coding	hypothetical protein	false		refseq|uniprot	false
PA3766			protein_coding	aromatic amino acid transporter	false		refseq|uniprot	false
PA3767	tadA		protein_coding	hypothetical protein	false		refseq|uniprot	false
PA3768			protein_coding	metallo-oxidoreductase	false		refseq|uniprot	false
PA3769	guaA		protein_coding	GMP synthase	false		refseq|uniprot	false
PA3770	guaB		protein_coding	inosine 5'-monophosphate dehydrogenase	false		refseq|uniprot	false
PA3771			protein_coding	transcriptional regulator	true	go_0003700|go_0006355|kw_transcription_regulation|producto_refseq	refseq|uniprot	false
PA3772			protein_coding	hypothetical protein	false		refseq|uniprot	false
PA3773			protein_coding	hypothetical protein	false		refseq|uniprot	false
PA3774			protein_coding	acetylpolyamine aminohydrolase	false		refseq|uniprot	false
PA3775			protein_coding	hypothetical protein	false		refseq|uniprot	false
PA3776			protein_coding	transcriptional regulator	true	go_0003700|go_0006355|kw_transcription_regulation|producto_refseq	refseq|uniprot	false
PA3777	xseA		protein_coding	exodeoxyribonuclease VII large subunit	false		refseq|uniprot	false
PA3778			protein_coding	transcriptional regulator	true	go_0003700|go_0006355|kw_transcription_regulation|producto_refseq	refseq|uniprot	false
PA3779			protein_coding	hypothetical protein	false		refseq|uniprot	false
PA3780			protein_coding	hypothetical protein	false		refseq|uniprot	false
PA3781			protein_coding	transporter	false		refseq|uniprot	false
PA3782			protein_coding	transcriptional regulator	true	go_0003700|go_0006355|kw_transcription_regulation|producto_refseq	refseq|uniprot	false
PA3783			protein_coding	hypothetical protein	false		refseq|uniprot	false
PA3784			protein_coding	hypothetical protein	false		refseq|uniprot	false
PA3785			protein_coding	hypothetical protein	false		refseq|uniprot	false
PA3786			protein_coding	hypothetical protein	false		refseq|uniprot	false
PA3787			protein_coding	hypothetical protein	false		refseq|uniprot	false
PA3788			protein_coding	hypothetical protein	false		refseq|uniprot	false
PA3789			protein_coding	hypothetical protein	false		refseq|uniprot	false
PA3790	oprC		protein_coding	copper transport outer membrane porin OprC	false		refseq|uniprot	false
PA3791			protein_coding	hypothetical protein	false		refseq|uniprot	false
PA3792	leuA		protein_coding	2-isopropylmalate synthase	false		refseq|uniprot	false
PA3793			protein_coding	hypothetical protein	false		refseq|uniprot	false
PA3794			protein_coding	hypothetical protein	false		refseq|uniprot	false
PA3795			protein_coding	oxidoreductase	false		refseq|uniprot	false
PA3796			protein_coding	hypothetical protein	false		refseq|uniprot	false
PA3797			protein_coding	hypothetical protein	false		refseq|uniprot	false
PA3798			protein_coding	aminotransferase	false		refseq|uniprot	false
PA3799	der	engA	protein_coding	GTPase Der	false		refseq|uniprot	true
PA3800	bamB		protein_coding	outer membrane protein assembly factor BamB	false		refseq|uniprot	false
PA3801			protein_coding	hypothetical protein	false		refseq|uniprot	false
PA3802	hisS		protein_coding	histidine--tRNA ligase	false		refseq|uniprot	false
PA3803	gcpE	ispG	protein_coding	4-hydroxy-3-methylbut-2-en-1-yl diphosphate synthase (flavodoxin)	false		refseq|uniprot	false
PA3804			protein_coding	hypothetical protein	true	go_0003700	refseq|uniprot	false
PA3805	pilF		protein_coding	type 4 fimbrial biogenesis protein PilF	false		refseq|uniprot	false
PA3806	rlmN		protein_coding	23S rRNA (adenine(2503)-C(2))-methyltransferase RlmN	false		refseq|uniprot	false
PA3807	ndk		protein_coding	nucleoside diphosphate kinase	false		refseq|uniprot	true
PA3808			protein_coding	hypothetical protein	false		refseq|uniprot	false
PA3809	fdx2	fdx	protein_coding	(2Fe-2S) ferredoxin	false		refseq|uniprot	true
PA3810	hscA		protein_coding	chaperone protein HscA	false		refseq|uniprot	false
PA3811	hscB		protein_coding	co-chaperone HscB	false		refseq|uniprot	false
PA3812	iscA		protein_coding	iron-binding protein IscA	false		refseq|uniprot	false
PA3813	iscU		protein_coding	scaffold protein	false		refseq|uniprot	false
PA3814	iscS		protein_coding	cysteine desulfurase	false		refseq|uniprot	false
PA3815	iscR		protein_coding	HTH-type transcriptional regulator	true	go_0003700|go_0006355|producto_refseq	refseq|uniprot	false
PA3816	cysE		protein_coding	O-acetylserine synthase	false		refseq|uniprot	false
PA3817	trmJ		protein_coding	methyltransferase	false		refseq|uniprot	false
PA3818	suhB		protein_coding	type III secretion system regulator SuhB	true	kw_transcription_regulation	refseq|uniprot	false
PA3819			protein_coding	hypothetical protein	false		refseq|uniprot	false
PA3820	secF		protein_coding	preprotein translocase subunit SecF	false		refseq|uniprot	false
PA3821	secD		protein_coding	preprotein translocase subunit SecD	false		refseq|uniprot	false
PA3822			protein_coding	preprotein translocase subunit YajC	false		refseq|uniprot	false
PA3823	tgt		protein_coding	queuine tRNA-ribosyltransferase	false		refseq|uniprot	true
PA3824	queA		protein_coding	S-adenosylmethionine--tRNA ribosyltransferase-isomerase	false		refseq|uniprot	false
PA3824.1			tRNA	tRNA-Leu	false		refseq	false
PA3825			protein_coding	hypothetical protein	false		refseq|uniprot	false
PA3826			protein_coding	hypothetical protein	false		refseq|uniprot	false
PA3827			protein_coding	hypothetical protein	false		refseq|uniprot	false
PA3828			protein_coding	hypothetical protein	false		refseq|uniprot	false
PA3829			protein_coding	hypothetical protein	false		refseq|uniprot	false
PA3830			protein_coding	transcriptional regulator	true	go_0003700|go_0006355|kw_transcription_regulation|producto_refseq	refseq|uniprot	false
PA3831	pepA	phpA	protein_coding	leucyl aminopeptidase	false		refseq|uniprot	false
PA3832	holC		protein_coding	DNA polymerase III subunit chi	false		refseq|uniprot	false
PA3833			protein_coding	hypothetical protein	false		refseq|uniprot	false
PA3834	valS		protein_coding	valine--tRNA ligase	false		refseq|uniprot	false
PA3835			protein_coding	hypothetical protein	false		refseq|uniprot	false
PA3836			protein_coding	hypothetical protein	false		refseq|uniprot	false
PA3837			protein_coding	ABC transporter permease	false		refseq|uniprot	false
PA3838			protein_coding	ABC transporter ATP-binding protein	false		refseq|uniprot	false
PA3839			protein_coding	sodium:sulfate symporter	false		refseq|uniprot	false
PA3840	rlmF		protein_coding	SAM-dependent methyltransferase	false		refseq|uniprot	false
PA3841	exoS		protein_coding	exoenzyme S	false		refseq|uniprot	false
PA3842			protein_coding	chaperone	false		refseq|uniprot	false
PA3844			protein_coding	hypothetical protein	false		refseq|uniprot	false
PA3845			protein_coding	transcriptional regulator	true	go_0003700|kw_transcription_regulation|producto_refseq	refseq|uniprot	false
PA3846			protein_coding	hypothetical protein	false		refseq|uniprot	false
PA3847			protein_coding	hypothetical protein	false		refseq|uniprot	false
PA3848			protein_coding	hypothetical protein	false		refseq|uniprot	false
PA3849			protein_coding	nucleoid-associated protein NdpA	false		refseq|uniprot	false
PA3850			protein_coding	hypothetical protein	false		refseq|uniprot	false
PA3851			protein_coding	hypothetical protein	false		refseq|uniprot	false
PA3852			protein_coding	hypothetical protein	false		refseq|uniprot	false
PA3853			protein_coding	transferase	false		refseq|uniprot	false
PA3854			protein_coding	GIY-YIG nuclease superfamily protein	false		refseq|uniprot	false
PA3855			protein_coding	hypothetical protein	false		refseq|uniprot	false
PA3856			protein_coding	hypothetical protein	false		refseq|uniprot	false
PA3857	pcs		protein_coding	phosphatidylcholine synthase	false		refseq|uniprot	true
PA3858			protein_coding	amino acid-binding protein	false		refseq|uniprot	false
PA3859			protein_coding	carboxylesterase	false		refseq|uniprot	false
PA3860			protein_coding	acyl-CoA synthetase	false		refseq|uniprot	false
PA3861	rhl	rhlB	protein_coding	ATP-dependent RNA helicase RhlB	false		refseq|uniprot	true
PA3862	dauB		protein_coding	NAD(P)H-dependent anabolic L-arginine dehydrogenase DauB	false		refseq|uniprot	false
PA3863	dauA		protein_coding	FAD-dependent catabolic D-arginine dehydrogenase DauA	false		refseq|uniprot	false
PA3864	dauR		protein_coding	transcriptional regulator	true	kw_transcription_regulation|producto_refseq	refseq|uniprot	false
PA3865			protein_coding	amino acid binding protein	false		refseq|uniprot	false
PA3866			protein_coding	pyocin protein	false		refseq|uniprot	false
PA3867			protein_coding	DNA invertase	false		refseq|uniprot	false
PA3868			protein_coding	hypothetical protein	false		refseq|uniprot	false
PA3869			protein_coding	hypothetical protein	false		refseq|uniprot	false
PA3870	moaA1	moaA	protein_coding	molybdenum cofactor biosynthesis protein A	false		refseq|uniprot	false
PA3871			protein_coding	PpiC-type peptidyl-prolyl cis-trans isomerase	false		refseq|uniprot	false
PA3872	narI		protein_coding	respiratory nitrate reductase subunit gamma	false		refseq|uniprot	false
PA3873	narJ		protein_coding	respiratory nitrate reductase subunit delta	false		refseq|uniprot	false
PA3874	narH		protein_coding	respiratory nitrate reductase subunit beta	false		refseq|uniprot	false
PA3875	narG		protein_coding	respiratory nitrate reductase subunit alpha	false		refseq|uniprot	false
PA3876	narK2		protein_coding	nitrite extrusion protein 2	false		refseq|uniprot	false
PA3877	narK1		protein_coding	nitrite extrusion protein 1	false		refseq|uniprot	false
PA3878	narX		protein_coding	two-component sensor NarX	true	kw_two_component|producto_refseq	refseq|uniprot	false
PA3879	narL		protein_coding	transcriptional regulator NarL	true	go_0003700|go_0006355|producto_refseq	refseq|uniprot	false
PA3880	anvM		protein_coding	hypothetical protein	false		refseq|uniprot	false
PA3881			protein_coding	hypothetical protein	false		refseq|uniprot	false
PA3882			protein_coding	hypothetical protein	false		refseq|uniprot	false
PA3883			protein_coding	short-chain dehydrogenase	false		refseq|uniprot	false
PA3884			protein_coding	hypothetical protein	false		refseq|uniprot	false
PA3885	tpbA		protein_coding	protein tyrosine phosphatase TpbA	false		refseq|uniprot	false
PA3886			protein_coding	hypothetical protein	false		refseq|uniprot	false
PA3887	nhaP		protein_coding	Na+/H+ antiporter NhaP	false		refseq|uniprot	false
PA3888			protein_coding	ABC transporter permease	false		refseq|uniprot	false
PA3889			protein_coding	ABC transporter	false		refseq|uniprot	false
PA3890			protein_coding	ABC transporter permease	false		refseq|uniprot	false
PA3891			protein_coding	ABC transporter ATP-binding protein	false		refseq|uniprot	false
PA3892			protein_coding	hypothetical protein	false		refseq|uniprot	false
PA3893			protein_coding	hypothetical protein	false		refseq|uniprot	false
PA3894			protein_coding	hypothetical protein	false		refseq|uniprot	false
PA3895			protein_coding	transcriptional regulator	true	go_0003700|go_0006355|kw_transcription_regulation|producto_refseq	refseq|uniprot	false
PA3896			protein_coding	2-hydroxyacid dehydrogenase	false		refseq|uniprot	false
PA3897			protein_coding	hypothetical protein	false		refseq|uniprot	false
PA3898			protein_coding	transcriptional regulator	true	go_0003700|go_0006355|kw_transcription_regulation|producto_refseq	refseq|uniprot	false
PA3899			protein_coding	RNA polymerase sigma factor	true	go_0006355|kw_transcription_regulation|kw_sigma_factor|producto_refseq	refseq|uniprot	false
PA3900			protein_coding	transmembrane sensor	false		refseq|uniprot	false
PA3901	fecA		protein_coding	Fe(III) dicitrate transporter FecA	false		refseq|uniprot	false
PA3902	ivy		protein_coding	hypothetical protein	false		refseq|uniprot	true
PA3903	prfC		protein_coding	peptide chain release factor 3	false		refseq|uniprot	false
PA3904			protein_coding	hypothetical protein	false		refseq|uniprot	false
PA3905			protein_coding	hypothetical protein	false		refseq|uniprot	false
PA3906			protein_coding	hypothetical protein	false		refseq|uniprot	false
PA3907			protein_coding	hypothetical protein	false		refseq|uniprot	false
PA3908			protein_coding	hypothetical protein	false		refseq|uniprot	false
PA3909	eddB		protein_coding	extracelullar DNA degradation protein EddB	false		refseq|uniprot	false
PA3910	eddA		protein_coding	extracelullar DNA degradation protein EddA	false		refseq|uniprot	false
PA3911	ubiT		protein_coding	hypothetical protein	false		refseq|uniprot	false
PA3912	ubiV		protein_coding	hypothetical protein	false		refseq|uniprot	false
PA3913	ubiU		protein_coding	protease	false		refseq|uniprot	false
PA3914	moeA1		protein_coding	molybdenum cofactor biosynthesis protein A	false		refseq|uniprot	false
PA3915	moaB1		protein_coding	molybdopterin biosynthesis protein B	false		refseq|uniprot	false
PA3916	moaE		protein_coding	molybdopterin converting factor large subunit	false		refseq|uniprot	false
PA3917	moaD		protein_coding	molybdopterin converting factor small subunit	false		refseq|uniprot	false
PA3918	moaC		protein_coding	molybdenum cofactor biosynthesis protein MoaC	false		refseq|uniprot	false
PA3919			protein_coding	hypothetical protein	false		refseq|uniprot	false
PA3920			protein_coding	metal transporting P-type ATPase	false		refseq|uniprot	false
PA3921			protein_coding	transcriptional regulator	true	go_0006355|kw_transcription_regulation|producto_refseq	refseq|uniprot	false
PA3922			protein_coding	hypothetical protein	false		refseq|uniprot	false
PA3923			protein_coding	hypothetical protein	false		refseq|uniprot	false
PA3924			protein_coding	long-chain-fatty-acid--CoA ligase	false		refseq|uniprot	false
PA3925			protein_coding	acyl-CoA thiolase	false		refseq|uniprot	false
PA3926			protein_coding	major facilitator superfamily transporter	false		refseq|uniprot	false
PA3927			protein_coding	transcriptional regulator	true	go_0003700|go_0006355|kw_transcription_regulation|producto_refseq	refseq|uniprot	false
PA3928			protein_coding	hypothetical protein	false		refseq|uniprot	false
PA3929	cioB		protein_coding	cyanide insensitive terminal oxidase	false		refseq|uniprot	false
PA3930	cioA		protein_coding	cyanide insensitive terminal oxidase	false		refseq|uniprot	false
PA3931			protein_coding	hypothetical protein	false		refseq|uniprot	false
PA3932			protein_coding	transcriptional regulator	true	kw_transcription_regulation|producto_refseq	refseq|uniprot	false
PA3933			protein_coding	choline transporter	false		refseq|uniprot	false
PA3934			protein_coding	hypothetical protein	false		refseq|uniprot	false
PA3935	tauD		protein_coding	taurine dioxygenase	false		refseq|uniprot	false
PA3936			protein_coding	taurine ABC transporter permease	false		refseq|uniprot	false
PA3937	tauB		protein_coding	taurine ABC transporter ATP-binding protein	false		refseq|uniprot	false
PA3938			protein_coding	taurine-binding protein	false		refseq|uniprot	false
PA3939			protein_coding	hypothetical protein	false		refseq|uniprot	false
PA3940			protein_coding	DNA binding protein	false		refseq|uniprot	false
PA3941			protein_coding	hypothetical protein	false		refseq|uniprot	false
PA3942	tesB		protein_coding	acyl-CoA thioesterase II	false		refseq|uniprot	false
PA3943			protein_coding	hypothetical protein	false		refseq|uniprot	false
PA3944			protein_coding	hypothetical protein	false		refseq|uniprot	false
PA3945			protein_coding	hypothetical protein	false		refseq|uniprot	false
PA3946	rocS1		protein_coding	two-component sensor	true	kw_two_component|producto_refseq	refseq|uniprot	false
PA3947	rocR	sadR	protein_coding	DNA-binding response regulator RocR	false		refseq|uniprot	false
PA3948	rocA1		protein_coding	two-component response regulator RocA1	true	go_0003700|go_0006355|kw_transcription_regulation|producto_refseq	refseq|uniprot	false
PA3949			protein_coding	hypothetical protein	false		refseq|uniprot	false
PA3950			protein_coding	ATP-dependent RNA helicase	false		refseq|uniprot	false
PA3951			protein_coding	hypothetical protein	false		refseq|uniprot	false
PA3952			protein_coding	hypothetical protein	false		refseq|uniprot	false
PA3953			protein_coding	hypothetical protein	false		refseq|uniprot	false
PA3954			protein_coding	hypothetical protein	false		refseq|uniprot	false
PA3955			protein_coding	hypothetical protein	false		refseq|uniprot	false
PA3956			protein_coding	hypothetical protein	false		refseq|uniprot	false
PA3957			protein_coding	short-chain dehydrogenase	false		refseq|uniprot	false
PA3958			protein_coding	hypothetical protein	false		refseq|uniprot	false
PA3959			protein_coding	hypothetical protein	false		refseq|uniprot	false
PA3960			protein_coding	hypothetical protein	false		refseq|uniprot	false
PA3961			protein_coding	ATP-dependent helicase	false		refseq|uniprot	false
PA3962			protein_coding	hypothetical protein	false		refseq|uniprot	false
PA3963			protein_coding	transporter	false		refseq|uniprot	false
PA3965			protein_coding	transcriptional regulator	true	go_0006355|kw_transcription_regulation|producto_refseq	refseq|uniprot	false
PA3966			protein_coding	hypothetical protein	false		refseq|uniprot	false
PA3967			protein_coding	hypothetical protein	false		refseq|uniprot	false
PA3968	rluE		protein_coding	pseudouridine synthase	false		refseq|uniprot	false
PA3969			protein_coding	hypothetical protein	false		refseq|uniprot	false
PA3970	amn		protein_coding	AMP nucleosidase	false		refseq|uniprot	true
PA3971			protein_coding	hypothetical protein	false		refseq|uniprot	false
PA3972			protein_coding	acyl-CoA dehydrogenase	false		refseq|uniprot	false
PA3973			protein_coding	transcriptional regulator	true	go_0003700|go_0006355|producto_refseq	refseq|uniprot	false
PA3974	ladS		protein_coding	lost adherence sensor LadS	true	kw_two_component	refseq|uniprot	false
PA3975	thiD		protein_coding	phosphomethylpyrimidine kinase	false		refseq|uniprot	false
PA3976	thiE		protein_coding	thiamine-phosphate pyrophosphorylase	false		refseq|uniprot	false
PA3977	hemL		protein_coding	glutamate-1-semialdehyde aminotransferase	false		refseq|uniprot	false
PA3978			protein_coding	hypothetical protein	false		refseq|uniprot	false
PA3979			protein_coding	hypothetical protein	false		refseq|uniprot	false
PA3980	miaB		protein_coding	(dimethylallyl)adenosine tRNA methylthiotransferase	false		refseq|uniprot	false
PA3981			protein_coding	hypothetical protein	false		refseq|uniprot	false
PA3982	ybeY		protein_coding	metalloprotease	false		refseq|uniprot	false
PA3983			protein_coding	hypothetical protein	false		refseq|uniprot	false
PA3984	lnt	cutE	protein_coding	apolipoprotein N-acyltransferase	false		refseq|uniprot	true
PA3985			protein_coding	hypothetical protein	false		refseq|uniprot	false
PA3986			protein_coding	hypothetical protein	false		refseq|uniprot	false
PA3987	leuS		protein_coding	leucine--tRNA ligase	false		refseq|uniprot	false
PA3988	lptE		protein_coding	hypothetical protein	false		refseq|uniprot	false
PA3989	holA		protein_coding	DNA polymerase III subunit delta	false		refseq|uniprot	false
PA3990			protein_coding	hypothetical protein	false		refseq|uniprot	false
PA3992			protein_coding	hypothetical protein	false		refseq|uniprot	false
PA3993			protein_coding	transposase	false		refseq	false
PA3994			protein_coding	epoxide hydrolase	false		refseq|uniprot	false
PA3995			protein_coding	transcriptional regulator	true	go_0003700|go_0006355|kw_transcription_regulation|producto_refseq	refseq|uniprot	false
PA3996	lis	lipA	protein_coding	lipoyl synthase	false		refseq|uniprot	true
PA3997	lipB		protein_coding	lipoate-protein ligase B	false		refseq|uniprot	false
PA3998			protein_coding	hypothetical protein	false		refseq|uniprot	false
PA3999	dacC		protein_coding	D-ala-D-ala-carboxypeptidase	false		refseq|uniprot	false
PA4000	rlpA		protein_coding	hypothetical protein	false		refseq|uniprot	false
PA4001	sltB1		protein_coding	soluble lytic transglycosylase B	false		refseq|uniprot	false
PA4002	rodA	mrdB	protein_coding	rod shape-determining protein	false		refseq|uniprot	false
PA4003	pbpA	mrdA	protein_coding	penicillin-binding protein 2	false		refseq|uniprot	false
PA4004	rlmH		protein_coding	23S rRNA (pseudouridine(1915)-N(3))-methyltransferase RlmH	false		refseq|uniprot	false
PA4005	rsfS		protein_coding	hypothetical protein	false		refseq|uniprot	false
PA4006	nadD		protein_coding	nicotinic acid mononucleotide adenylyltransferase	false		refseq|uniprot	false
PA4007	proA		protein_coding	gamma-glutamyl phosphate reductase	false		refseq|uniprot	false
PA4008			protein_coding	hydrolase	false		refseq|uniprot	false
PA4009			protein_coding	hypothetical protein	false		refseq|uniprot	false
PA4010			protein_coding	3-methyladenine DNA glycosylase	false		refseq|uniprot	false
PA4011			protein_coding	hypothetical protein	false		refseq|uniprot	false
PA4012			protein_coding	hypothetical protein	false		refseq|uniprot	false
PA4013			protein_coding	hypothetical protein	false		refseq|uniprot	false
PA4014			protein_coding	hypothetical protein	false		refseq|uniprot	false
PA4015			protein_coding	hypothetical protein	false		refseq|uniprot	false
PA4016			protein_coding	hypothetical protein	false		refseq|uniprot	false
PA4017			protein_coding	hypothetical protein	false		refseq|uniprot	false
PA4018			protein_coding	hypothetical protein	false		refseq|uniprot	false
PA4019	ubiX		protein_coding	aromatic acid decarboxylase	false		refseq|uniprot	false
PA4020	mpl		protein_coding	UDP-N-acetylmuramate:L-alanyl-gamma-D-glutamyl-meso-diaminopimelate ligase	false		refseq|uniprot	true
PA4021			protein_coding	transcriptional regulator	true	kw_transcription_regulation|producto_refseq	refseq|uniprot	false
PA4022			protein_coding	aldehyde dehydrogenase	false		refseq|uniprot	false
PA4023			protein_coding	transporter	false		refseq|uniprot	false
PA4024	eutB		protein_coding	ethanolamine ammonia-lyase large subunit	false		refseq|uniprot	false
PA4025	eutC		protein_coding	ethanolamine ammonia-lyase small subunit	false		refseq|uniprot	false
PA4026			protein_coding	acetyltransferase	false		refseq|uniprot	false
PA4027			protein_coding	hypothetical protein	false		refseq|uniprot	false
PA4029			protein_coding	hypothetical protein	false		refseq|uniprot	false
PA4030			protein_coding	hypothetical protein	false		refseq|uniprot	false
PA4031	ppa		protein_coding	inorganic pyrophosphatase	false		refseq|uniprot	true
PA4032			protein_coding	two-component response regulator	true	go_0006355|kw_two_component|producto_refseq	refseq|uniprot	false
PA4033			protein_coding	hypothetical protein	false		refseq|uniprot	false
PA4034	aqpZ		protein_coding	aquaporin Z	false		refseq|uniprot	false
PA4035			protein_coding	hypothetical protein	false		refseq|uniprot	false
PA4036			protein_coding	two-component sensor	true	kw_two_component|producto_refseq	refseq|uniprot	false
PA4037			protein_coding	ABC transporter ATP-binding protein	false		refseq|uniprot	false
PA4038			protein_coding	hypothetical protein	false		refseq|uniprot	false
PA4039			protein_coding	hypothetical protein	false		refseq|uniprot	false
PA4040			protein_coding	hypothetical protein	false		refseq|uniprot	false
PA4041			protein_coding	hypothetical protein	false		refseq|uniprot	false
PA4042	xseB		protein_coding	exodeoxyribonuclease VII small subunit	false		refseq|uniprot	false
PA4043	ispA		protein_coding	geranyltranstransferase	false		refseq|uniprot	false
PA4044	dxs		protein_coding	1-deoxy-D-xylulose-5-phosphate synthase	false		refseq|uniprot	true
PA4045			protein_coding	hypothetical protein	false		refseq|uniprot	false
PA4046			protein_coding	hypothetical protein	false		refseq|uniprot	false
PA4047	ribA		protein_coding	GTP cyclohydrolase II	false		refseq|uniprot	false
PA4048			protein_coding	hypothetical protein	false		refseq|uniprot	false
PA4049			protein_coding	hypothetical protein	false		refseq|uniprot	false
PA4050	pgpA		protein_coding	phosphatidylglycerophosphatase A	false		refseq|uniprot	false
PA4051	thiL		protein_coding	thiamine monophosphate kinase	false		refseq|uniprot	false
PA4052	nusB		protein_coding	transcription antitermination protein NusB	true	kw_transcription_regulation	refseq|uniprot	false
PA4053	ribE	ribH	protein_coding	6,7-dimethyl-8-ribityllumazine synthase	false		refseq|uniprot	false
PA4054	ribB		protein_coding	3,4-dihydroxy-2-butanone-4-phosphate synthase	false		refseq|uniprot	false
PA4055	ribC		protein_coding	riboflavin synthase subunit alpha	false		refseq|uniprot	false
PA4056	ribD		protein_coding	riboflavin-specific deaminase/reductase	false		refseq|uniprot	false
PA4057	nrdR		protein_coding	transcriptional regulator NrdR	true	kw_transcription_regulation|producto_refseq	refseq|uniprot	false
PA4058			pseudogene		false		refseq|uniprot	false
PA4060			protein_coding	hypothetical protein	false		refseq|uniprot	false
PA4061			protein_coding	thioredoxin	false		refseq|uniprot	false
PA4062			protein_coding	hypothetical protein	false		refseq|uniprot	false
PA4063			protein_coding	hypothetical protein	false		refseq|uniprot	false
PA4064			protein_coding	ABC transporter ATP-binding protein	false		refseq|uniprot	false
PA4065			protein_coding	hypothetical protein	false		refseq|uniprot	false
PA4066			protein_coding	hypothetical protein	false		refseq|uniprot	false
PA4067	oprG		protein_coding	outer membrane protein OprG	false		refseq|uniprot	false
PA4068			protein_coding	epimerase	false		refseq|uniprot	false
PA4069			protein_coding	hypothetical protein	false		refseq|uniprot	false
PA4070			protein_coding	FeaR family transcriptional regulator	true	go_0003700|go_0006355|kw_transcription_regulation|producto_refseq	refseq|uniprot	false
PA4071			protein_coding	hypothetical protein	false		refseq|uniprot	false
PA4072			protein_coding	amino acid permease	false		refseq|uniprot	false
PA4073			protein_coding	aldehyde dehydrogenase	false		refseq|uniprot	false
PA4074			protein_coding	transcriptional regulator	true	go_0006355|kw_transcription_regulation|producto_refseq	refseq|uniprot	false
PA4075			protein_coding	hypothetical protein	false		refseq|uniprot	false
PA4076			protein_coding	hypothetical protein	false		refseq|uniprot	false
PA4077			protein_coding	transcriptional regulator	false		refseq|uniprot	false
PA4078			protein_coding	nonribosomal peptide synthetase	false		refseq|uniprot	false
PA4079			protein_coding	short-chain dehydrogenase	false		refseq|uniprot	false
PA4080			protein_coding	response regulator	true	go_0006355|producto_refseq	refseq|uniprot	false
PA4081	cupB6		protein_coding	fimbrial subunit CupB6	false		refseq|uniprot	false
PA4082	cupB5		protein_coding	adhesive protein CupB5	false		refseq|uniprot	false
PA4083	cupB4		protein_coding	chaperone CupB4	false		refseq|uniprot	false
PA4084	cupB3		protein_coding	usher CupB3	false		refseq|uniprot	false
PA4085	cupB2		protein_coding	chaperone CupB2	false		refseq|uniprot	false
PA4086	cupB1		protein_coding	fimbrial subunit CupB1	false		refseq|uniprot	false
PA4087			protein_coding	hypothetical protein	false		refseq|uniprot	false
PA4088			protein_coding	aminotransferase	false		refseq|uniprot	false
PA4089			protein_coding	3-ketoacyl-ACP reductase	false		refseq|uniprot	false
PA4090			protein_coding	hypothetical protein	false		refseq|uniprot	false
PA4091	hpaA	hpaB	protein_coding	4-hydroxyphenylacetate 3-monooxygenase large subunit	false		refseq|uniprot	false
PA4092	hpaC		protein_coding	4-hydroxyphenylacetate 3-monooxygenase small subunit	false		refseq|uniprot	false
PA4093			protein_coding	hypothetical protein	false		refseq|uniprot	false
PA4094			protein_coding	transcriptional regulator	true	go_0003700|go_0006355|kw_transcription_regulation|producto_refseq	refseq|uniprot	false
PA4095			protein_coding	hypothetical protein	false		refseq|uniprot	false
PA4096			protein_coding	major facilitator superfamily transporter	false		refseq|uniprot	false
PA4097			protein_coding	alcohol dehydrogenase	false		refseq|uniprot	false
PA4098			protein_coding	short-chain dehydrogenase	false		refseq|uniprot	false
PA4099			protein_coding	hypothetical protein	false		refseq|uniprot	false
PA4100			protein_coding	dehydrogenase	false		refseq|uniprot	false
PA4101	bfmR		protein_coding	protein BfmR	true	go_0006355|kw_transcription_regulation|kw_two_component	refseq|uniprot	false
PA4102	bfmS		protein_coding	protein BfmS	true	kw_two_component	refseq|uniprot	false
PA4103			protein_coding	hypothetical protein	false		refseq|uniprot	false
PA4104			protein_coding	hypothetical protein	false		refseq|uniprot	false
PA4105			protein_coding	hypothetical protein	false		refseq|uniprot	false
PA4106			protein_coding	hypothetical protein	false		refseq|uniprot	false
PA4107			protein_coding	hypothetical protein	false		refseq|uniprot	false
PA4108			protein_coding	cyclic di-GMP phosphodiesterase	false		refseq|uniprot	false
PA4109	ampR		protein_coding	transcriptional regulator AmpR	true	go_0003700|go_0006355|kw_transcription_regulation|producto_refseq	refseq|uniprot	false
PA4110	ampC		protein_coding	beta-lactamase	false		refseq|uniprot	false
PA4111			protein_coding	hypothetical protein	false		refseq|uniprot	false
PA4112			protein_coding	sensor/response regulator hybrid protein	true	go_0006355|kw_two_component|producto_refseq	refseq|uniprot	false
PA4113	sotB		protein_coding	sugar efflux transporter	false		refseq|uniprot	false
PA4114			protein_coding	spermidine acetyltransferase	false		refseq|uniprot	false
PA4115			protein_coding	hypothetical protein	false		refseq|uniprot	false
PA4116	bphO		protein_coding	heme oxygenase BphO	false		refseq|uniprot	false
PA4117	bphP		protein_coding	phytochrome BphP	true	go_0006355	refseq|uniprot	false
PA4118			protein_coding	hypothetical protein	false		refseq|uniprot	false
PA4119	aph		protein_coding	aminoglycoside 3-N-acetyltransferase	false		refseq|uniprot	true
PA4120			protein_coding	transcriptional regulator	true	go_0003700|go_0006355|kw_transcription_regulation|producto_refseq	refseq|uniprot	false
PA4121			protein_coding	hypothetical protein	false		refseq|uniprot	false
PA4122			protein_coding	hypothetical protein	false		refseq|uniprot	false
PA4123	hpcC		protein_coding	5-carboxy-2-hydroxymuconate semialdehyde dehydrogenase	false		refseq|uniprot	false
PA4124	hpcB		protein_coding	homoprotocatechuate 2,3-dioxygenase	false		refseq|uniprot	false
PA4125	hpcD		protein_coding	5-carboxymethyl-2-hydroxymuconate isomerase	false		refseq|uniprot	false
PA4126			protein_coding	major facilitator superfamily transporter	false		refseq|uniprot	false
PA4127	hpcG		protein_coding	2-oxo-hepta-3-ene-1,7-dioic acid hydratase	false		refseq|uniprot	false
PA4128			protein_coding	2,4-dihydroxyhept-2-ene-1,7-dioic acid aldolase	false		refseq|uniprot	false
PA4129			protein_coding	hypothetical protein	false		refseq|uniprot	false
PA4130			protein_coding	sulfite/nitrite reductase	false		refseq|uniprot	false
PA4131			protein_coding	iron-sulfur protein	false		refseq|uniprot	false
PA4132			protein_coding	hypothetical protein	true	go_0003700|kw_transcription_regulation	refseq|uniprot	false
PA4133			protein_coding	cbb3-type cytochrome C oxidase subunit I	false		refseq|uniprot	false
PA4134			protein_coding	hypothetical protein	false		refseq|uniprot	false
PA4135			protein_coding	transcriptional regulator	true	go_0003700|go_0006355|producto_refseq	refseq|uniprot	false
PA4136			protein_coding	major facilitator superfamily transporter	false		refseq|uniprot	false
PA4137			protein_coding	porin	false		refseq|uniprot	false
PA4138	tyrS	tyrS1	protein_coding	tyrosine--tRNA ligase	false		refseq|uniprot	false
PA4139			protein_coding	hypothetical protein	false		refseq|uniprot	false
PA4140			protein_coding	hypothetical protein	false		refseq|uniprot	false
PA4141			protein_coding	hypothetical protein	false		refseq|uniprot	false
PA4142			protein_coding	secretion protein	false		refseq|uniprot	false
PA4143			protein_coding	toxin transporter	false		refseq|uniprot	false
PA4144			protein_coding	hypothetical protein	false		refseq|uniprot	false
PA4145			protein_coding	transcriptional regulator	true	go_0003700|go_0006355|kw_transcription_regulation|producto_refseq	refseq|uniprot	false
PA4147	acoR		protein_coding	transcriptional regulator AcoR	true	kw_transcription_regulation|producto_refseq	refseq|uniprot	false
PA4148			protein_coding	short-chain dehydrogenase	false		refseq|uniprot	false
PA4149			protein_coding	hypothetical protein	false		refseq|uniprot	false
PA4150			protein_coding	dehydrogenase E1 component	false		refseq|uniprot	false
PA4151	acoB		protein_coding	acetoin catabolism protein AcoB	false		refseq|uniprot	false
PA4152			protein_coding	branched-chain alpha-keto acid dehydrogenase subunit E2	false		refseq|uniprot	false
PA4153			protein_coding	2,3-butanediol dehydrogenase	false		refseq|uniprot	false
PA4154			protein_coding	hypothetical protein	false		refseq|uniprot	false
PA4155			protein_coding	hypothetical protein	false		refseq|uniprot	false
PA4156			protein_coding	TonB-dependent receptor	false		refseq|uniprot	false
PA4157			protein_coding	transcriptional regulator	true	go_0003700|kw_transcription_regulation|producto_refseq	refseq|uniprot	false
PA4158	fepC		protein_coding	ferric enterobactin transporter FepC	false		refseq|uniprot	false
PA4159	fepB		protein_coding	iron-enterobactin transporter periplasmic binding protein	false		refseq|uniprot	false
PA4160	fepD		protein_coding	ferric enterobactin transporter FepD	false		refseq|uniprot	false
PA4161	fepG		protein_coding	ferric enterobactin transporter FepG	false		refseq|uniprot	false
PA4162			protein_coding	short-chain dehydrogenase	false		refseq|uniprot	false
PA4163			protein_coding	amidase	false		refseq|uniprot	false
PA4164			protein_coding	hypothetical protein	false		refseq|uniprot	false
PA4165			protein_coding	transcriptional regulator	true	go_0003700|kw_transcription_regulation|producto_refseq	refseq|uniprot	false
PA4166			protein_coding	acetyltransferase	false		refseq|uniprot	false
PA4167			protein_coding	2,5-diketo-D-gluconate reductase B	false		refseq|uniprot	false
PA4168	fpvB		protein_coding	second ferric pyoverdine receptor FpvB	false		refseq|uniprot	false
PA4169			protein_coding	hypothetical protein	true	go_0003700|go_0006355	refseq|uniprot	false
PA4170			protein_coding	hypothetical protein	false		refseq|uniprot	false
PA4171			protein_coding	protease	false		refseq|uniprot	false
PA4172			protein_coding	nuclease	false		refseq|uniprot	false
PA4173			protein_coding	hypothetical protein	false		refseq|uniprot	false
PA4174			protein_coding	transcriptional regulator	true	go_0003700|kw_transcription_regulation|producto_refseq	refseq|uniprot	false
PA4175	piv	prpL	protein_coding	endopeptidase IV	false		refseq|uniprot	true
PA4176	ppiC2		protein_coding	peptidyl-prolyl cis-trans isomerase C2	false		refseq|uniprot	false
PA4177			protein_coding	hypothetical protein	false		refseq|uniprot	false
PA4178			protein_coding	hypothetical protein	false		refseq|uniprot	false
PA4179			protein_coding	porin	false		refseq|uniprot	false
PA4180			protein_coding	acetolactate synthase	false		refseq|uniprot	false
PA4181			protein_coding	hypothetical protein	false		refseq|uniprot	false
PA4182			protein_coding	hypothetical protein	false		refseq|uniprot	false
PA4183			protein_coding	hypothetical protein	false		refseq|uniprot	false
PA4184			protein_coding	transcriptional regulator	true	go_0003700|go_0006355|kw_transcription_regulation|producto_refseq	refseq|uniprot	false
PA4185			protein_coding	transcriptional regulator	true	go_0003700|go_0006355|kw_transcription_regulation|producto_refseq	refseq|uniprot	false
PA4186			protein_coding	hypothetical protein	false		refseq|uniprot	false
PA4187			protein_coding	major facilitator superfamily transporter	false		refseq|uniprot	false
PA4188			protein_coding	hypothetical protein	false		refseq|uniprot	false
PA4189			protein_coding	aldehyde dehydrogenase	false		refseq|uniprot	false
PA4190	pqsL		protein_coding	monooxygenase	false		refseq|uniprot	false
PA4191			protein_coding	iron/ascorbate oxidoreductase	false		refseq|uniprot	false
PA4192			protein_coding	ABC transporter ATP-binding protein	false		refseq|uniprot	false
PA4193			protein_coding	ABC transporter permease	false		refseq|uniprot	false
PA4194			protein_coding	ABC transporter permease	false		refseq|uniprot	false
PA4195			protein_coding	ABC transporter	false		refseq|uniprot	false
PA4196	bfiR		protein_coding	protein BfiR	true	go_0006355|kw_transcription_regulation	refseq|uniprot	false
PA4197	bfiS		protein_coding	protein BfiS	false		refseq|uniprot	false
PA4198			protein_coding	acyl-CoA synthetase	false		refseq|uniprot	false
PA4199			protein_coding	acyl-CoA dehydrogenase	false		refseq|uniprot	false
PA4200			protein_coding	hypothetical protein	false		refseq|uniprot	false
PA4201	ddlA		protein_coding	D-alanine--D-alanine ligase	false		refseq|uniprot	false
PA4202	nmoA		protein_coding	hypothetical protein	false		refseq|uniprot	false
PA4203	nmoR		protein_coding	transcriptional regulator	true	go_0003700|go_0006355|kw_transcription_regulation|producto_refseq	refseq|uniprot	false
PA4204	ppgL		protein_coding	gluconolactonase PpgL	false		refseq|uniprot	false
PA4205	mexG		protein_coding	hypothetical protein	false		refseq|uniprot	false
PA4206	mexH		protein_coding	resistance-nodulation-cell division (RND) efflux membrane fusion protein	false		refseq|uniprot	false
PA4207	mexI		protein_coding	resistance-nodulation-cell division (RND) efflux transporter	false		refseq|uniprot	false
PA4208	opmD		protein_coding	hypothetical protein	false		refseq|uniprot	false
PA4209	phzM		protein_coding	phenazine-specific methyltransferase	false		refseq|uniprot	false
PA4210	phzA1		protein_coding	phenazine biosynthesis protein	false		refseq|uniprot	false
PA4211	phzB1		protein_coding	phenazine biosynthesis protein	false		refseq|uniprot	false
PA4212	phzC1		protein_coding	phenazine biosynthesis protein PhzC	false		refseq	false
PA4213	phzD1	phzD	protein_coding	phenazine biosynthesis protein PhzD	false		refseq|uniprot	false
PA4214	phzE1		protein_coding	phenazine biosynthesis protein PhzE	false		refseq	false
PA4215	phzF1	phzF|phzF2	protein_coding	trans-2,3-dihydro-3-hydroxyanthranilate isomerase	false		refseq|uniprot	false
PA4216	phzG1		protein_coding	pyridoxamine 5'-phosphate oxidase	false		refseq|uniprot	false
PA4217	phzS		protein_coding	hypothetical protein	false		refseq|uniprot	false
PA4218			protein_coding	transporter	false		refseq|uniprot	false
PA4219			protein_coding	hypothetical protein	false		refseq|uniprot	false
PA4220	fptB		protein_coding	hypothetical protein	false		refseq|uniprot	false
PA4221	fptA		protein_coding	Fe(III)-pyochelin outer membrane receptor	false		refseq|uniprot	false
PA4222			protein_coding	ABC transporter ATP-binding protein	false		refseq|uniprot	false
PA4223			protein_coding	ABC transporter ATP-binding protein	false		refseq|uniprot	false
PA4224	pchG		protein_coding	pyochelin biosynthetic protein PchG	false		refseq|uniprot	false
PA4225	pchF		protein_coding	pyochelin synthetase	false		refseq|uniprot	false
PA4226	pchE		protein_coding	dihydroaeruginoic acid synthetase	false		refseq|uniprot	false
PA4227	pchR		protein_coding	transcriptional regulator PchR	true	kw_transcription_regulation|producto_refseq	refseq|uniprot	false
PA4228	pchD		protein_coding	2,3-dihydroxybenzoate-AMP ligase	false		refseq|uniprot	false
PA4229	pchC		protein_coding	pyochelin biosynthetic protein PchC	false		refseq|uniprot	false
PA4230	pchB		protein_coding	isochorismate-pyruvate lyase	false		refseq|uniprot	false
PA4231	pchA		protein_coding	salicylate biosynthesis isochorismate synthase	false		refseq|uniprot	false
PA4232	ssb		protein_coding	single-stranded DNA-binding protein	false		refseq|uniprot	true
PA4233			protein_coding	major facilitator superfamily transporter	false		refseq|uniprot	false
PA4234	uvrA		protein_coding	excinuclease ABC subunit A	false		refseq|uniprot	false
PA4235	bfrA	ftnA	protein_coding	bacterioferritin	false		refseq|uniprot	false
PA4236	katA		protein_coding	catalase	false		refseq|uniprot	false
PA4237	rplQ		protein_coding	50S ribosomal protein L17	false		refseq|uniprot	false
PA4238	rpoA		protein_coding	DNA-directed RNA polymerase subunit alpha	false		refseq|uniprot	false
PA4239	rpsD		protein_coding	30S ribosomal protein S4	false		refseq|uniprot	false
PA4240	rpsK		protein_coding	30S ribosomal protein S11	false		refseq|uniprot	false
PA4241	rpsM		protein_coding	30S ribosomal protein S13	false		refseq|uniprot	false
PA4242	rpmJ	rpmJ1	protein_coding	50S ribosomal protein L36	false		refseq|uniprot	false
PA4243	secY		protein_coding	preprotein translocase subunit SecY	false		refseq|uniprot	false
PA4244	rplO		protein_coding	50S ribosomal protein L15	false		refseq|uniprot	false
PA4245	rpmD		protein_coding	50S ribosomal protein L30	false		refseq|uniprot	false
PA4246	rpsE		protein_coding	30S ribosomal protein S5	false		refseq|uniprot	false
PA4247	rplR		protein_coding	50S ribosomal protein L18	false		refseq|uniprot	false
PA4248	rplF		protein_coding	50S ribosomal protein L6	false		refseq|uniprot	false
PA4249	rpsH		protein_coding	30S ribosomal protein S8	false		refseq|uniprot	false
PA4250	rpsN		protein_coding	30S ribosomal protein S14	false		refseq|uniprot	false
PA4251	rplE		protein_coding	50S ribosomal protein L5	false		refseq|uniprot	false
PA4252	rplX		protein_coding	50S ribosomal protein L24	false		refseq|uniprot	false
PA4253	rplN		protein_coding	50S ribosomal protein L14	false		refseq|uniprot	false
PA4254	rpsQ		protein_coding	30S ribosomal protein S17	false		refseq|uniprot	false
PA4255	rpmC		protein_coding	50S ribosomal protein L29	false		refseq|uniprot	false
PA4256	rplP		protein_coding	50S ribosomal protein L16	false		refseq|uniprot	false
PA4257	rpsC		protein_coding	30S ribosomal protein S3	false		refseq|uniprot	false
PA4258	rplV		protein_coding	50S ribosomal protein L22	false		refseq|uniprot	false
PA4259	rpsS		protein_coding	30S ribosomal protein S19	false		refseq|uniprot	false
PA4260	rplB		protein_coding	50S ribosomal protein L2	false		refseq|uniprot	false
PA4261	rplW		protein_coding	50S ribosomal protein L23	false		refseq|uniprot	false
PA4262	rplD		protein_coding	50S ribosomal protein L4	false		refseq|uniprot	false
PA4263	rplC		protein_coding	50S ribosomal protein L3	false		refseq|uniprot	false
PA4264	rpsJ		protein_coding	30S ribosomal protein S10	false		refseq|uniprot	false
PA4265	tufA		protein_coding	elongation factor Tu	false		refseq	false
PA4266	fusA1	fusA	protein_coding	elongation factor G	false		refseq|uniprot	false
PA4267	rpsG		protein_coding	30S ribosomal protein S7	false		refseq|uniprot	false
PA4268	rpsL		protein_coding	30S ribosomal protein S12	false		refseq|uniprot	false
PA4269	rpoC		protein_coding	DNA-directed RNA polymerase subunit beta'	false		refseq|uniprot	false
PA4270	rpoB		protein_coding	DNA-directed RNA polymerase subunit beta	false		refseq|uniprot	false
PA4270.1			ncRNA	P26	false		refseq	false
PA4271	rplL		protein_coding	50S ribosomal protein L7/L12	false		refseq|uniprot	false
PA4272	rplJ		protein_coding	50S ribosomal protein L10	false		refseq|uniprot	false
PA4272.1			ncRNA	P27	false		refseq	false
PA4273	rplA		protein_coding	50S ribosomal protein L1	false		refseq|uniprot	false
PA4274	rplK		protein_coding	50S ribosomal protein L11	false		refseq|uniprot	false
PA4275	nusG		protein_coding	transcription antitermination protein NusG	true	kw_transcription_regulation	refseq|uniprot	false
PA4276	secE		protein_coding	preprotein translocase subunit SecE	false		refseq|uniprot	false
PA4276.1			tRNA	tRNA-Trp	false		refseq	false
PA4277	tufB	tufA	protein_coding	elongation factor Tu	false		refseq|uniprot	false
PA4277.1			tRNA	tRNA-Thr	false		refseq	false
PA4277.2			tRNA	tRNA-Gly	false		refseq	false
PA4277.3			tRNA	tRNA-Tyr	false		refseq	false
PA4278			protein_coding	hypothetical protein	false		refseq|uniprot	false
PA4279	coaX	coaA	protein_coding	pantothenate kinase	false		refseq|uniprot	false
PA4280	birA		protein_coding	biotin--protein ligase	true	go_0006355|kw_transcription_regulation	refseq|uniprot	false
PA4280.1			rRNA	5S ribosomal RNA	false		refseq	false
PA4280.2			rRNA	23S ribosomal RNA	false		refseq	false
PA4280.3			tRNA	tRNA-Ala	false		refseq	false
PA4280.4			tRNA	tRNA-Ile	false		refseq	false
PA4280.5			rRNA	16S ribosomal RNA	false		refseq	false
PA4281	sbcD		protein_coding	exonuclease SbcD	false		refseq|uniprot	false
PA4282	sbcC		protein_coding	exonuclease	false		refseq|uniprot	false
PA4283	recD		protein_coding	exodeoxyribonuclease V subunit alpha	false		refseq|uniprot	false
PA4284	recB		protein_coding	exodeoxyribonuclease V subunit beta	false		refseq|uniprot	false
PA4285	recC		protein_coding	exodeoxyribonuclease V subunit gamma	false		refseq|uniprot	false
PA4286			protein_coding	hypothetical protein	false		refseq|uniprot	false
PA4287			protein_coding	hypothetical protein	false		refseq|uniprot	false
PA4288			protein_coding	transcriptional regulator	true	go_0003700|go_0006355|kw_transcription_regulation|producto_refseq	refseq|uniprot	false
PA4289			protein_coding	transporter	false		refseq|uniprot	false
PA4290			protein_coding	chemotaxis transducer	false		refseq|uniprot	false
PA4291			protein_coding	hypothetical protein	false		refseq|uniprot	false
PA4292			protein_coding	phosphate transporter	false		refseq|uniprot	false
PA4293	pprA		protein_coding	two-component sensor PprA	true	kw_two_component|producto_refseq	refseq|uniprot	false
PA4294			protein_coding	hypothetical protein	false		refseq|uniprot	false
PA4295	fppA		protein_coding	Flp prepilin peptidase FppA	false		refseq|uniprot	false
PA4296	pprB		protein_coding	two-component response regulator PprB	true	go_0003700|go_0006355|kw_transcription_regulation|kw_two_component|producto_refseq	refseq|uniprot	false
PA4297	tadG		protein_coding	hypothetical protein	false		refseq|uniprot	false
PA4298			protein_coding	hypothetical protein	false		refseq|uniprot	false
PA4299	tadD		protein_coding	type II secretion system protein TadD	false		refseq|uniprot	false
PA4300	tadC		protein_coding	type II secretion system protein TadC	false		refseq|uniprot	false
PA4301	tadB		protein_coding	type II secretion system protein TadB	false		refseq|uniprot	false
PA4302	tadA		protein_coding	ATPase TadA	false		refseq|uniprot	false
PA4303	tadZ		protein_coding	hypothetical protein	false		refseq|uniprot	false
PA4304	rcpA		protein_coding	type II/III secretion system protein	false		refseq|uniprot	false
PA4305	rcpC		protein_coding	hypothetical protein	false		refseq|uniprot	false
PA4306	flp		protein_coding	type IVb pilin Flp	false		refseq|uniprot	true
PA4307	pctC		protein_coding	chemotactic transducer PctC	false		refseq|uniprot	false
PA4308			protein_coding	hypothetical protein	false		refseq|uniprot	false
PA4309	pctA		protein_coding	chemotactic transducer PctA	false		refseq|uniprot	false
PA4310	pctB		protein_coding	chemotactic transducer PctB	false		refseq|uniprot	false
PA4311			protein_coding	hypothetical protein	false		refseq|uniprot	false
PA4312			protein_coding	hypothetical protein	false		refseq|uniprot	false
PA4313			protein_coding	hypothetical protein	false		refseq|uniprot	false
PA4314	purU1	purU	protein_coding	formyltetrahydrofolate deformylase	false		refseq|uniprot	false
PA4315	mvaT		protein_coding	transcriptional regulator MvaT	false		refseq|uniprot	false
PA4316	sbcB		protein_coding	exonuclease I	false		refseq|uniprot	false
PA4317			protein_coding	hypothetical protein	false		refseq|uniprot	false
PA4318			protein_coding	hypothetical protein	false		refseq|uniprot	false
PA4319			protein_coding	hypothetical protein	false		refseq|uniprot	false
PA4320			protein_coding	hypothetical protein	false		refseq|uniprot	false
PA4321			protein_coding	hypothetical protein	false		refseq|uniprot	false
PA4322			protein_coding	hypothetical protein	false		refseq|uniprot	false
PA4323			protein_coding	hypothetical protein	false		refseq|uniprot	false
PA4324			protein_coding	hypothetical protein	false		refseq|uniprot	false
PA4325			protein_coding	hypothetical protein	false		refseq|uniprot	false
PA4326			protein_coding	hypothetical protein	false		refseq|uniprot	false
PA4327			protein_coding	hypothetical protein	false		refseq|uniprot	false
PA4328			protein_coding	hypothetical protein	false		refseq|uniprot	false
PA4329	pykA		protein_coding	pyruvate kinase	false		refseq|uniprot	false
PA4330			protein_coding	enoyl-CoA hydratase	false		refseq|uniprot	false
PA4331			protein_coding	hypothetical protein	false		refseq|uniprot	false
PA4332			protein_coding	hypothetical protein	false		refseq|uniprot	false
PA4333			protein_coding	fumarase	false		refseq|uniprot	false
PA4334	mntH1		protein_coding	manganese transporter MntH	false		refseq|uniprot	false
PA4335			protein_coding	hypothetical protein	false		refseq|uniprot	false
PA4336			protein_coding	hypothetical protein	false		refseq|uniprot	false
PA4337			protein_coding	hypothetical protein	false		refseq|uniprot	false
PA4338			protein_coding	acyltransferase	false		refseq|uniprot	false
PA4339			protein_coding	phospholipase	false		refseq|uniprot	false
PA4340			protein_coding	hypothetical protein	false		refseq|uniprot	false
PA4341			protein_coding	transcriptional regulator	true	go_0003700|kw_transcription_regulation|producto_refseq	refseq|uniprot	false
PA4342			protein_coding	amidase	false		refseq|uniprot	false
PA4343			protein_coding	major facilitator superfamily transporter	false		refseq|uniprot	false
PA4344			protein_coding	hydrolase	false		refseq|uniprot	false
PA4345			protein_coding	hypothetical protein	false		refseq|uniprot	false
PA4346			protein_coding	hypothetical protein	false		refseq|uniprot	false
PA4347			protein_coding	hypothetical protein	false		refseq|uniprot	false
PA4348			protein_coding	hypothetical protein	false		refseq|uniprot	false
PA4349			protein_coding	hypothetical protein	false		refseq|uniprot	false
PA4350	olsB		protein_coding	hypothetical protein	false		refseq|uniprot	false
PA4351	olsA		protein_coding	acyltransferase	false		refseq|uniprot	false
PA4352			protein_coding	hypothetical protein	false		refseq|uniprot	false
PA4353			protein_coding	hypothetical protein	false		refseq|uniprot	false
PA4354			protein_coding	hypothetical protein	true	go_0003700|go_0006355|kw_transcription_regulation	refseq|uniprot	false
PA4355			protein_coding	major facilitator superfamily transporter	false		refseq|uniprot	false
PA4356	xenB		protein_coding	xenobiotic reductase	false		refseq|uniprot	false
PA4357			protein_coding	hypothetical protein	false		refseq|uniprot	false
PA4358			protein_coding	ferrous iron transporter B	false		refseq|uniprot	false
PA4359			protein_coding	ferrous iron transporter A	false		refseq|uniprot	false
PA4360			pseudogene		false		refseq|uniprot	false
PA4361			protein_coding	oxidoreductase	false		refseq|uniprot	false
PA4362			protein_coding	hypothetical protein	false		refseq|uniprot	false
PA4363	iciA	argP	protein_coding	chromosome replication initiation inhibitor protein	true	go_0003700|go_0006355|kw_transcription_regulation	refseq|uniprot	false
PA4364			protein_coding	hypothetical protein	false		refseq|uniprot	false
PA4365			protein_coding	transporter	false		refseq|uniprot	false
PA4366	sodB		protein_coding	superoxide dismutase	false		refseq|uniprot	false
PA4367	bifA		protein_coding	protein BifA	false		refseq|uniprot	false
PA4368			protein_coding	hypothetical protein	false		refseq|uniprot	false
PA4369			protein_coding	hypothetical protein	false		refseq|uniprot	false
PA4370	icmP		protein_coding	insulin-cleaving metalloproteinase outer membrane protein	false		refseq|uniprot	false
PA4371			protein_coding	hypothetical protein	false		refseq|uniprot	false
PA4372			protein_coding	hypothetical protein	false		refseq|uniprot	false
PA4373			protein_coding	hypothetical protein	false		refseq|uniprot	false
PA4374			protein_coding	resistance-nodulation-cell division (RND) efflux membrane fusion protein	false		refseq|uniprot	false
PA4375			protein_coding	multidrug efflux protein	false		refseq|uniprot	false
PA4376	pncB2		protein_coding	nicotinate phosphoribosyltransferase	false		refseq|uniprot	false
PA4377			protein_coding	hypothetical protein	false		refseq|uniprot	false
PA4378	inaA		protein_coding	hypothetical protein	false		refseq|uniprot	false
PA4379			protein_coding	hypothetical protein	false		refseq|uniprot	false
PA4380			protein_coding	two-component sensor	true	kw_two_component|producto_refseq	refseq|uniprot	false
PA4381			protein_coding	two-component response regulator	true	go_0006355|kw_transcription_regulation|kw_two_component|producto_refseq	refseq|uniprot	false
PA4382			protein_coding	hypothetical protein	false		refseq|uniprot	false
PA4383	fluC	crcB	protein_coding	camphor resistance protein CrcB	false		refseq|uniprot	false
PA4384			protein_coding	hypothetical protein	false		refseq|uniprot	false
PA4385	groEL	groL|mopA	protein_coding	molecular chaperone GroEL	false		refseq|uniprot	false
PA4386	groES	groS|mopB	protein_coding	co-chaperonin GroES	false		refseq|uniprot	false
PA4387			protein_coding	phage exclusion suppressor FxsA	false		refseq|uniprot	false
PA4388			protein_coding	hypothetical protein	false		refseq|uniprot	false
PA4389	speA		protein_coding	3-ketoacyl-ACP reductase	false		refseq|uniprot	false
PA4390			protein_coding	hypothetical protein	false		refseq|uniprot	false
PA4391			protein_coding	hypothetical protein	false		refseq|uniprot	false
PA4392			protein_coding	hypothetical protein	false		refseq|uniprot	false
PA4393	ampG		protein_coding	AmpG protein	false		refseq|uniprot	false
PA4394			protein_coding	hypothetical protein	false		refseq|uniprot	false
PA4395			protein_coding	nucleotide-binding protein	false		refseq|uniprot	false
PA4396			protein_coding	two-component response regulator	true	go_0003700|go_0006355|kw_transcription_regulation|producto_refseq	refseq|uniprot	false
PA4397	panE		protein_coding	2-dehydropantoate 2-reductase	false		refseq|uniprot	false
PA4398			protein_coding	two-component sensor	true	go_0006355|kw_two_component|producto_refseq	refseq|uniprot	false
PA4399			protein_coding	hypothetical protein	false		refseq|uniprot	false
PA4400			protein_coding	hypothetical protein	false		refseq|uniprot	false
PA4401			protein_coding	glutathione S-transferase	false		refseq|uniprot	false
PA4402	argJ		protein_coding	bifunctional ornithine acetyltransferase/N-acetylglutamate synthase	false		refseq|uniprot	false
PA4403	secA		protein_coding	preprotein translocase subunit SecA	false		refseq|uniprot	false
PA4404			protein_coding	hypothetical protein	false		refseq|uniprot	false
PA4405			protein_coding	hypothetical protein	false		refseq|uniprot	false
PA4406	lpxC	envA	protein_coding	UDP-3-O-[3-hydroxymyristoyl] N-acetylglucosamine deacetylase	false		refseq|uniprot	false
PA4406.1			ncRNA		false		refseq	false
PA4407	ftsZ		protein_coding	cell division protein FtsZ	false		refseq|uniprot	false
PA4408	ftsA		protein_coding	cell division protein FtsA	false		refseq|uniprot	false
PA4409	ftsQ		protein_coding	cell division protein FtsQ	false		refseq|uniprot	false
PA4410	ddlB		protein_coding	D-alanine--D-alanine ligase	false		refseq|uniprot	false
PA4411	murC		protein_coding	UDP-N-acetylmuramate--L-alanine ligase	false		refseq|uniprot	false
PA4412	murG		protein_coding	undecaprenyldiphospho-muramoylpentapeptide beta-N- acetylglucosaminyltransferase	false		refseq|uniprot	false
PA4413	ftsW		protein_coding	cell division protein FtsW	false		refseq|uniprot	false
PA4414	murD		protein_coding	UDP-N-acetylmuramoyl-L-alanyl-D-glutamate synthetase	false		refseq|uniprot	false
PA4415	mraY		protein_coding	phospho-N-acetylmuramoyl-pentapeptide-transferase	false		refseq|uniprot	false
PA4416	murF		protein_coding	UDP-N-acetylmuramoyl-tripeptide--D-alanyl-D-alanine ligase	false		refseq|uniprot	false
PA4417	murE		protein_coding	UDP-N-acetylmuramoylalanyl-D-glutamate--2,6-diaminopimelate ligase	false		refseq|uniprot	false
PA4418	ftsI	pbpB	protein_coding	penicillin-binding protein 3	false		refseq|uniprot	false
PA4419	ftsL		protein_coding	cell division protein FtsL	false		refseq|uniprot	false
PA4420	rsmH	mraW	protein_coding	S-adenosyl-methyltransferase MraW	false		refseq|uniprot	false
PA4421	mraZ		protein_coding	cell division protein MraZ	true	go_0003700|kw_transcription_regulation	refseq|uniprot	false
PA4421.1	rnpB		ncRNA	RNA component of RNaseP, RnpB	false		refseq	false
PA4422	rsmI		protein_coding	hypothetical protein	false		refseq|uniprot	false
PA4423			protein_coding	hypothetical protein	false		refseq|uniprot	false
PA4424			protein_coding	hypothetical protein	false		refseq|uniprot	false
PA4425	gmhA		protein_coding	phosphoheptose isomerase	false		refseq|uniprot	false
PA4426			protein_coding	hypothetical protein	false		refseq|uniprot	false
PA4427	sspB		protein_coding	ClpXP protease specificity-enhancing factor	false		refseq|uniprot	false
PA4428	sspA		protein_coding	stringent starvation protein A	false		refseq|uniprot	false
PA4429			protein_coding	cytochrome C1	false		refseq|uniprot	false
PA4430			protein_coding	cytochrome b	false		refseq|uniprot	false
PA4431			protein_coding	iron-sulfur protein	false		refseq|uniprot	false
PA4432	rpsI		protein_coding	30S ribosomal protein S9	false		refseq|uniprot	false
PA4433	rplM		protein_coding	50S ribosomal protein L13	false		refseq|uniprot	false
PA4434			protein_coding	oxidoreductase	false		refseq|uniprot	false
PA4435			protein_coding	acyl-CoA dehydrogenase	false		refseq|uniprot	false
PA4436			protein_coding	transcriptional regulator	true	go_0003700|go_0006355|kw_transcription_regulation|producto_refseq	refseq|uniprot	false
PA4437			protein_coding	hypothetical protein	false		refseq|uniprot	false
PA4438	zapE		protein_coding	hypothetical protein	false		refseq|uniprot	false
PA4439	trpS		protein_coding	tryptophan--tRNA ligase	false		refseq|uniprot	false
PA4440			protein_coding	hypothetical protein	false		refseq|uniprot	false
PA4441			protein_coding	hypothetical protein	false		refseq|uniprot	false
PA4442	cysN	cysNC	protein_coding	bifunctional sulfate adenylyltransferase subunit 1/adenylylsulfate kinase	false		refseq|uniprot	false
PA4443	cysD		protein_coding	sulfate adenylyltransferase subunit 2	false		refseq|uniprot	false
PA4444	mltB1		protein_coding	murein hydrolase B	false		refseq|uniprot	false
PA4445			protein_coding	hypothetical protein	false		refseq|uniprot	false
PA4446	algW		protein_coding	AlgW protein	false		refseq|uniprot	false
PA4447	hisC1		protein_coding	histidinol-phosphate aminotransferase	false		refseq|uniprot	false
PA4448	hisD		protein_coding	histidinol dehydrogenase	false		refseq|uniprot	false
PA4449	hisG		protein_coding	ATP phosphoribosyltransferase	false		refseq|uniprot	false
PA4450	murA		protein_coding	UDP-N-acetylglucosamine 1-carboxyvinyltransferase	false		refseq|uniprot	false
PA4451			protein_coding	hypothetical protein	false		refseq|uniprot	false
PA4451.1			ncRNA	P35	false		refseq	false
PA4452			protein_coding	hypothetical protein	false		refseq|uniprot	false
PA4453			protein_coding	hypothetical protein	false		refseq|uniprot	false
PA4454			protein_coding	hypothetical protein	false		refseq|uniprot	false
PA4455			protein_coding	ABC transporter permease	false		refseq|uniprot	false
PA4456			protein_coding	ABC transporter ATP-binding protein	false		refseq|uniprot	false
PA4457	kdsD		protein_coding	arabinose-5-phosphate isomerase KdsD	false		refseq|uniprot	false
PA4458			protein_coding	hypothetical protein	false		refseq|uniprot	false
PA4459	lptC		protein_coding	hypothetical protein	false		refseq|uniprot	false
PA4460	lptH	lptA	protein_coding	hypothetical protein	false		refseq|uniprot	false
PA4461			protein_coding	ABC transporter ATP-binding protein	false		refseq|uniprot	false
PA4462	rpoN		protein_coding	RNA polymerase factor sigma-54	true	go_0006355|kw_transcription_regulation|kw_sigma_factor|producto_refseq	refseq|uniprot	false
PA4463			protein_coding	hypothetical protein	false		refseq|uniprot	false
PA4464	ptsN		protein_coding	nitrogen regulatory IIA protein	false		refseq|uniprot	false
PA4465			protein_coding	hypothetical protein	false		refseq|uniprot	false
PA4466	ptsH		protein_coding	phosphoryl carrier protein	false		refseq|uniprot	false
PA4467			protein_coding	hypothetical protein	false		refseq|uniprot	false
PA4468	sodM	sodA	protein_coding	superoxide dismutase	false		refseq|uniprot	false
PA4469			protein_coding	hypothetical protein	false		refseq|uniprot	false
PA4470	fumC1	fumC2	protein_coding	fumarate hydratase	false		refseq|uniprot	false
PA4471			protein_coding	hypothetical protein	false		refseq|uniprot	false
PA4472	pmbA		protein_coding	PmbA protein	false		refseq|uniprot	false
PA4473	darP		protein_coding	hypothetical protein	false		refseq|uniprot	false
PA4474			protein_coding	hypothetical protein	false		refseq|uniprot	false
PA4475			protein_coding	hypothetical protein	false		refseq|uniprot	false
PA4476	yhdP		protein_coding	hypothetical protein	false		refseq|uniprot	false
PA4477	cafA		protein_coding	cytoplasmic axial filament protein	false		refseq|uniprot	false
PA4478			protein_coding	hypothetical protein	false		refseq|uniprot	false
PA4479	mreD		protein_coding	rod shape-determining protein MreD	false		refseq|uniprot	false
PA4480	mreC		protein_coding	rod shape-determining protein MreC	false		refseq|uniprot	false
PA4481	mreB		protein_coding	rod shape-determining protein MreB	false		refseq|uniprot	false
PA4482	gatC		protein_coding	aspartyl/glutamyl-tRNA amidotransferase subunit C	false		refseq|uniprot	false
PA4483	gatA		protein_coding	aspartyl/glutamyl-tRNA amidotransferase subunit A	false		refseq|uniprot	false
PA4484	gatB		protein_coding	aspartyl/glutamyl-tRNA amidotransferase subunit B	false		refseq|uniprot	false
PA4485	rlpA		protein_coding	hypothetical protein	false		refseq|uniprot	false
PA4486			protein_coding	hypothetical protein	false		refseq|uniprot	false
PA4487			protein_coding	hypothetical protein	false		refseq|uniprot	false
PA4488			protein_coding	hypothetical protein	false		refseq|uniprot	false
PA4489			protein_coding	hypothetical protein	false		refseq|uniprot	false
PA4490			protein_coding	hypothetical protein	false		refseq|uniprot	false
PA4491			protein_coding	hypothetical protein	false		refseq|uniprot	false
PA4492			protein_coding	hypothetical protein	false		refseq|uniprot	false
PA4493	roxR		protein_coding	DNA-binding response regulator RoxR	true	go_0006355|kw_transcription_regulation|kw_two_component|producto_refseq	refseq|uniprot	false
PA4494	roxS		protein_coding	sensor histidine kinase RoxS	false		refseq|uniprot	false
PA4495			protein_coding	hypothetical protein	false		refseq|uniprot	false
PA4496			protein_coding	ABC transporter	false		refseq|uniprot	false
PA4497			protein_coding	ABC transporter	false		refseq|uniprot	false
PA4498			protein_coding	metallopeptidase	false		refseq|uniprot	false
PA4499			protein_coding	transcriptional regulator	true	go_0003700|go_0006355|producto_refseq	refseq|uniprot	false
PA4500			protein_coding	ABC transporter	false		refseq|uniprot	false
PA4501	opdP		protein_coding	glycine-glutamate dipeptide porin OpdP	false		refseq|uniprot	false
PA4502			protein_coding	ABC transporter	false		refseq|uniprot	false
PA4503			protein_coding	ABC transporter permease	false		refseq|uniprot	false
PA4504			protein_coding	ABC transporter permease	false		refseq|uniprot	false
PA4505			protein_coding	ABC transporter ATP-binding protein	false		refseq|uniprot	false
PA4506			protein_coding	peptide ABC transporter ATP-binding protein	false		refseq|uniprot	false
PA4507			protein_coding	hypothetical protein	false		refseq|uniprot	false
PA4508			protein_coding	transcriptional regulator	true	go_0006355|kw_transcription_regulation|producto_refseq	refseq|uniprot	false
PA4509			protein_coding	hypothetical protein	false		refseq|uniprot	false
PA4510			protein_coding	hypothetical protein	false		refseq|uniprot	false
PA4511	pxpA3		protein_coding	hypothetical protein	false		refseq|uniprot	false
PA4512	lpxO1		protein_coding	lipopolysaccharide biosynthetic protein LpxO	false		refseq|uniprot	false
PA4513			protein_coding	oxidoreductase	false		refseq|uniprot	false
PA4514	piuA		protein_coding	iron transport outer membrane receptor	false		refseq|uniprot	false
PA4515	piuC		protein_coding	hydroxylase	false		refseq|uniprot	false
PA4516			protein_coding	hypothetical protein	false		refseq|uniprot	false
PA4517			protein_coding	hypothetical protein	false		refseq|uniprot	false
PA4518			protein_coding	hypothetical protein	false		refseq|uniprot	false
PA4519	speC		protein_coding	ornithine decarboxylase	false		refseq|uniprot	false
PA4520			protein_coding	chemotaxis transducer	false		refseq|uniprot	false
PA4521			protein_coding	hypothetical protein	false		refseq|uniprot	false
PA4522	ampD		protein_coding	N-acetyl-anhydromuranmyl-L-alanine amidase	false		refseq|uniprot	false
PA4523			protein_coding	hypothetical protein	false		refseq|uniprot	false
PA4524	nadC		protein_coding	nicotinate-nucleotide pyrophosphorylase	false		refseq|uniprot	false
PA4524.1			tRNA	tRNA-Thr	false		refseq	false
PA4525	pilA	fimA	protein_coding	type 4 fimbrial protein PilA	false		refseq|uniprot	false
PA4526	pilB		protein_coding	type 4 fimbrial biogenesis protein PilB	false		refseq|uniprot	false
PA4527	pilC		pseudogene		false		refseq|uniprot	false
PA4528	pilD	xcpA	protein_coding	type 4 prepilin peptidase PilD	false		refseq|uniprot	false
PA4529	coaE		protein_coding	dephospho-CoA kinase	false		refseq|uniprot	false
PA4530	yacG		protein_coding	zinc-binding protein	true	go_0006355	refseq|uniprot	false
PA4531			protein_coding	hypothetical protein	false		refseq|uniprot	false
PA4532			protein_coding	hypothetical protein	false		refseq|uniprot	false
PA4533			protein_coding	hypothetical protein	false		refseq|uniprot	false
PA4534			protein_coding	hypothetical protein	false		refseq|uniprot	false
PA4535			protein_coding	hypothetical protein	false		refseq|uniprot	false
PA4536			protein_coding	hypothetical protein	false		refseq|uniprot	false
PA4537			protein_coding	hypothetical protein	false		refseq|uniprot	false
PA4538	ndh		protein_coding	NADH dehydrogenase	false		refseq|uniprot	true
PA4539			protein_coding	hypothetical protein	false		refseq|uniprot	false
PA4540			protein_coding	hypothetical protein	false		refseq|uniprot	false
PA4541			protein_coding	hypothetical protein	false		refseq|uniprot	false
PA4541.1			tRNA	tRNA-Lys	false		refseq	false
PA4541.2			tRNA	tRNA-Pro	false		refseq	false
PA4541.3			tRNA	tRNA-Asn	false		refseq	false
PA4542	clpB		protein_coding	chaperone protein ClpB	false		refseq|uniprot	false
PA4543	pgeF		protein_coding	hypothetical protein	false		refseq|uniprot	false
PA4544	rluD		protein_coding	pseudouridine synthase	false		refseq|uniprot	false
PA4545	comL	bamD	protein_coding	competence protein ComL	false		refseq|uniprot	false
PA4546	pilS		protein_coding	two-component sensor PilS	true	kw_two_component|producto_refseq	refseq|uniprot	false
PA4547	pilR		protein_coding	two-component response regulator PilR	true	kw_transcription_regulation|kw_two_component|producto_refseq	refseq|uniprot	false
PA4548	thiO		protein_coding	D-amino acid oxidase	false		refseq|uniprot	false
PA4549	fimT		protein_coding	type 4 fimbrial biogenesis protein FimT	false		refseq|uniprot	false
PA4550	fimU		protein_coding	type 4 fimbrial biogenesis protein FimU	false		refseq|uniprot	false
PA4551	pilV		protein_coding	type 4 fimbrial biogenesis protein PilV	false		refseq|uniprot	false
PA4552	pilW		protein_coding	type 4 fimbrial biogenesis protein PilW	false		refseq|uniprot	false
PA4553	pilX		protein_coding	type 4 fimbrial biogenesis protein PilX	false		refseq|uniprot	false
PA4554	pilY1		protein_coding	type 4 fimbrial biogenesis protein PilY1	false		refseq|uniprot	false
PA4555	pilY2		protein_coding	type 4 fimbrial biogenesis protein PilY2	false		refseq|uniprot	false
PA4556	pilE		protein_coding	type 4 fimbrial biogenesis protein PilE	false		refseq|uniprot	false
PA4557	lytB	ispH	protein_coding	4-hydroxy-3-methylbut-2-enyl diphosphate reductase	false		refseq|uniprot	false
PA4558			protein_coding	FkbP-type peptidyl-prolyl cis-trans isomerase	false		refseq|uniprot	false
PA4559	lspA	ls	protein_coding	lipoprotein signal peptidase	false		refseq|uniprot	true
PA4560	ileS		protein_coding	isoleucine--tRNA ligase	false		refseq|uniprot	false
PA4561	ribF		protein_coding	bifunctional riboflavin kinase/FMN adenylyltransferase	false		refseq|uniprot	false
PA4562	murJ		protein_coding	hypothetical protein	false		refseq|uniprot	false
PA4563	rpsT		protein_coding	30S ribosomal protein S20	false		refseq|uniprot	false
PA4564			protein_coding	hypothetical protein	false		refseq|uniprot	false
PA4565	proB		protein_coding	gamma-glutamyl kinase	false		refseq|uniprot	false
PA4566	obg		protein_coding	GTPase ObgE	false		refseq|uniprot	true
PA4567	rpmA		protein_coding	50S ribosomal protein L27	false		refseq|uniprot	false
PA4568	rplU		protein_coding	50S ribosomal protein L21	false		refseq|uniprot	false
PA4569	ispB		protein_coding	octaprenyl-diphosphate synthase	false		refseq|uniprot	false
PA4570			protein_coding	hypothetical protein	false		refseq|uniprot	false
PA4571			protein_coding	cytochrome C	false		refseq|uniprot	false
PA4572	fklB		protein_coding	peptidyl-prolyl cis-trans isomerase FklB	false		refseq|uniprot	false
PA4573			protein_coding	hypothetical protein	false		refseq|uniprot	false
PA4574			protein_coding	hypothetical protein	false		refseq|uniprot	false
PA4575			protein_coding	hypothetical protein	false		refseq|uniprot	false
PA4576			protein_coding	ATP-dependent protease	false		refseq|uniprot	false
PA4577			protein_coding	hypothetical protein	false		refseq|uniprot	false
PA4578			protein_coding	hypothetical protein	false		refseq|uniprot	false
PA4579			protein_coding	hypothetical protein	false		refseq|uniprot	false
PA4580			protein_coding	hypothetical protein	false		refseq|uniprot	false
PA4581	rtcR		protein_coding	transcriptional regulator RtcR	false		refseq|uniprot	false
PA4581.1			tRNA	tRNA-Arg	false		refseq	false
PA4582			protein_coding	hypothetical protein	false		refseq|uniprot	false
PA4583			protein_coding	hypothetical protein	false		refseq|uniprot	false
PA4584			protein_coding	hypothetical protein	false		refseq|uniprot	false
PA4585	rtcA		protein_coding	RNA 3'-terminal-phosphate cyclase	false		refseq|uniprot	false
PA4586			protein_coding	hypothetical protein	false		refseq|uniprot	false
PA4587	ccpR	ccpA	protein_coding	cytochrome C551 peroxidase	false		refseq|uniprot	false
PA4588	gdhA		protein_coding	glutamate dehydrogenase	false		refseq|uniprot	false
PA4589			protein_coding	hypothetical protein	false		refseq|uniprot	false
PA4590	pra		protein_coding	protein activator	false		refseq|uniprot	true
PA4591			protein_coding	hypothetical protein	false		refseq|uniprot	false
PA4592			protein_coding	hypothetical protein	false		refseq|uniprot	false
PA4593			protein_coding	ABC transporter permease	false		refseq|uniprot	false
PA4594			protein_coding	ABC transporter ATP-binding protein	false		refseq|uniprot	false
PA4595	ettA		protein_coding	ABC transporter ATP-binding protein	false		refseq|uniprot	false
PA4596			protein_coding	transcriptional regulator	true	go_0003700|go_0006355|kw_transcription_regulation|producto_refseq	refseq|uniprot	false
PA4597	oprJ	oprK	protein_coding	multidrug efflux outer membrane protein OprJ	false		refseq|uniprot	false
PA4598	mexD		protein_coding	resistance-nodulation-cell division (RND) multidrug efflux transporter MexD	false		refseq|uniprot	false
PA4599	mexC		protein_coding	resistance-nodulation-cell division (RND) multidrug efflux membrane fusion protein MexC	false		refseq|uniprot	false
PA4600	nfxB		protein_coding	transcriptional regulator NfxB	true	go_0003700|go_0006355|kw_transcription_regulation|producto_refseq	refseq|uniprot	false
PA4601	morA		protein_coding	motility regulator	true	go_0006355	refseq|uniprot	false
PA4602	glyA3		protein_coding	serine hydroxymethyltransferase	false		refseq|uniprot	false
PA4603			protein_coding	hypothetical protein	false		refseq|uniprot	false
PA4604			protein_coding	hypothetical protein	false		refseq|uniprot	false
PA4605			protein_coding	hypothetical protein	false		refseq|uniprot	false
PA4606			protein_coding	hypothetical protein	false		refseq|uniprot	false
PA4607			protein_coding	hypothetical protein	false		refseq|uniprot	false
PA4608			protein_coding	hypothetical protein	false		refseq|uniprot	false
PA4609	radA		protein_coding	DNA repair protein RadA	false		refseq|uniprot	false
PA4610			protein_coding	hypothetical protein	false		refseq|uniprot	false
PA4611			protein_coding	hypothetical protein	false		refseq|uniprot	false
PA4612			protein_coding	hypothetical protein	false		refseq|uniprot	false
PA4613	katB		protein_coding	catalase	false		refseq|uniprot	false
PA4614	mscL		protein_coding	large-conductance mechanosensitive channel	false		refseq|uniprot	false
PA4615			protein_coding	oxidoreductase	false		refseq|uniprot	false
PA4616			protein_coding	C4-dicarboxylate-binding protein	false		refseq|uniprot	false
PA4617	rlmG		protein_coding	hypothetical protein	false		refseq|uniprot	false
PA4618			protein_coding	hypothetical protein	false		refseq|uniprot	false
PA4619			protein_coding	cytochrome C	false		refseq|uniprot	false
PA4620			protein_coding	hypothetical protein	false		refseq|uniprot	false
PA4621			protein_coding	oxidoreductase	false		refseq|uniprot	false
PA4622			protein_coding	major facilitator superfamily transporter	false		refseq|uniprot	false
PA4623			protein_coding	hypothetical protein	false		refseq|uniprot	false
PA4624			protein_coding	hypothetical protein	false		refseq|uniprot	false
PA4625			protein_coding	hypothetical protein	false		refseq|uniprot	false
PA4626	hprA		protein_coding	glycerate dehydrogenase	false		refseq|uniprot	false
PA4627	rsmC		protein_coding	16S rRNA methyltransferase	false		refseq|uniprot	false
PA4628	lysP		protein_coding	lysine-specific permease	false		refseq|uniprot	false
PA4629			protein_coding	hypothetical protein	false		refseq|uniprot	false
PA4630			protein_coding	hypothetical protein	false		refseq|uniprot	false
PA4631			protein_coding	hypothetical protein	false		refseq|uniprot	false
PA4632			protein_coding	hypothetical protein	false		refseq|uniprot	false
PA4633			protein_coding	chemotaxis transducer	false		refseq|uniprot	false
PA4634			protein_coding	hypothetical protein	false		refseq|uniprot	false
PA4635			protein_coding	hypothetical protein	false		refseq|uniprot	false
PA4636			protein_coding	hypothetical protein	false		refseq|uniprot	false
PA4637			protein_coding	hypothetical protein	false		refseq|uniprot	false
PA4639			protein_coding	hypothetical protein	false		refseq|uniprot	false
PA4640	mqoB	mqo2	protein_coding	malate:quinone oxidoreductase	false		refseq|uniprot	false
PA4641			pseudogene		false		refseq	false
PA4642			protein_coding	hypothetical protein	false		refseq|uniprot	false
PA4643			protein_coding	hypothetical protein	false		refseq|uniprot	false
PA4644			protein_coding	hypothetical protein	false		refseq|uniprot	false
PA4645			protein_coding	hypoxanthine-guanine phosphoribosyltransferase	false		refseq|uniprot	false
PA4646	upp		protein_coding	uracil phosphoribosyltransferase	false		refseq|uniprot	true
PA4647	uraA		protein_coding	uracil permease	false		refseq|uniprot	false
PA4648			protein_coding	hypothetical protein	false		refseq|uniprot	false
PA4649			protein_coding	hypothetical protein	false		refseq|uniprot	false
PA4650			protein_coding	hypothetical protein	false		refseq|uniprot	false
PA4651			protein_coding	pili assembly chaperone	false		refseq|uniprot	false
PA4652			protein_coding	hypothetical protein	false		refseq|uniprot	false
PA4653			protein_coding	hypothetical protein	false		refseq|uniprot	false
PA4654			protein_coding	major facilitator superfamily transporter	false		refseq|uniprot	false
PA4655	hemH		protein_coding	ferrochelatase	false		refseq|uniprot	false
PA4656			protein_coding	hypothetical protein	false		refseq|uniprot	false
PA4657			protein_coding	hypothetical protein	false		refseq|uniprot	false
PA4658			protein_coding	hypothetical protein	false		refseq|uniprot	false
PA4659			protein_coding	transcriptional regulator	true	go_0003700|go_0006355|kw_transcription_regulation|producto_refseq	refseq|uniprot	false
PA4660	phr		protein_coding	deoxyribodipyrimidine photolyase	false		refseq|uniprot	true
PA4661	pagL		protein_coding	lipid A 3-O-deacylase	false		refseq|uniprot	false
PA4662	murI		protein_coding	glutamate racemase	false		refseq|uniprot	false
PA4663	moeB		protein_coding	molybdopterin biosynthesis protein MoeB	false		refseq|uniprot	false
PA4664	hemK	prmC	protein_coding	methyl transferase	false		refseq|uniprot	false
PA4665	prfA	prf1	protein_coding	peptide chain release factor 1	false		refseq|uniprot	false
PA4666	hemA		protein_coding	glutamyl-tRNA reductase	false		refseq|uniprot	false
PA4667			protein_coding	hypothetical protein	false		refseq|uniprot	false
PA4668	lolB	hemM	protein_coding	molecular chaperone LolB	false		refseq|uniprot	false
PA4669	ipk	ispE	protein_coding	4-diphosphocytidyl-2C-methyl-D-erythritol kinase	false		refseq|uniprot	true
PA4669.1			tRNA	tRNA-Gln	false		refseq	false
PA4670	prs		protein_coding	ribose-phosphate pyrophosphokinase	false		refseq|uniprot	true
PA4671	rplY	ctc	protein_coding	50S ribosomal protein L25/general stress protein Ctc	false		refseq|uniprot	true
PA4672	pth		protein_coding	peptidyl-tRNA hydrolase	false		refseq|uniprot	true
PA4673	ychF		protein_coding	GTP-dependent nucleic acid-binding protein EngD	false		refseq|uniprot	false
PA4673.1			tRNA	tRNA-Met	false		refseq	false
PA4674			protein_coding	hypothetical protein	true	go_0006355	refseq|uniprot	false
PA4675			protein_coding	TonB-dependent receptor	false		refseq|uniprot	false
PA4676			protein_coding	carbonic anhydrase	false		refseq|uniprot	false
PA4677			protein_coding	hypothetical protein	false		refseq|uniprot	false
PA4678	rimI		protein_coding	peptide n-acetyltransferase RimI	false		refseq|uniprot	false
PA4679			protein_coding	hypothetical protein	false		refseq|uniprot	false
PA4680			protein_coding	hypothetical protein	false		refseq|uniprot	false
PA4681			protein_coding	hypothetical protein	false		refseq|uniprot	false
PA4682			protein_coding	hypothetical protein	false		refseq|uniprot	false
PA4683			protein_coding	hypothetical protein	false		refseq|uniprot	false
PA4684			protein_coding	hypothetical protein	false		refseq|uniprot	false
PA4685			protein_coding	hypothetical protein	false		refseq|uniprot	false
PA4686			protein_coding	hypothetical protein	false		refseq|uniprot	false
PA4687	hitA		protein_coding	ferric iron-binding periplasmic protein HitA	false		refseq|uniprot	false
PA4688	hitB		protein_coding	iron (III)-transporter permease HitB	false		refseq|uniprot	false
PA4689			protein_coding	hypothetical protein	false		refseq|uniprot	false
PA4690			protein_coding	hypothetical protein	false		refseq	false
PA4690.1			rRNA	5S ribosomal RNA	false		refseq	false
PA4690.2			rRNA	23S ribosomal RNA	false		refseq	false
PA4690.3			tRNA	tRNA-Ala	false		refseq	false
PA4690.4			tRNA	tRNA-Ile	false		refseq	false
PA4690.5			rRNA	16S ribosomal RNA	false		refseq	false
PA4691	msrQ		protein_coding	sulfite oxidase subunit YedZ	false		refseq|uniprot	false
PA4692	msrP		protein_coding	sulfite oxidase subunit YedY	false		refseq|uniprot	false
PA4693	pssA		protein_coding	phosphatidylserine synthase	false		refseq|uniprot	false
PA4694	ilvC		protein_coding	ketol-acid reductoisomerase	false		refseq|uniprot	false
PA4695	ilvH		protein_coding	acetolactate synthase small subunit	false		refseq|uniprot	false
PA4696	ilvI		protein_coding	acetolactate synthase 3 catalytic subunit	false		refseq|uniprot	false
PA4697			protein_coding	hypothetical protein	false		refseq|uniprot	false
PA4698			protein_coding	hypothetical protein	false		refseq|uniprot	false
PA4699			protein_coding	hypothetical protein	false		refseq|uniprot	false
PA4700	mrcB		protein_coding	penicillin-binding protein 1B	false		refseq|uniprot	false
PA4701			protein_coding	hypothetical protein	false		refseq|uniprot	false
PA4702			protein_coding	hypothetical protein	false		refseq|uniprot	false
PA4703			protein_coding	hypothetical protein	true	go_0006355	refseq|uniprot	false
PA4704	cbpA		protein_coding	cAMP-binding protein A	true	go_0003700	refseq|uniprot	false
PA4704.1	prrF1		ncRNA	regulatory RNA PrrF1	false		refseq	false
PA4704.2	prrF2		ncRNA	regulatory RNA PrrF2	false		refseq	false
PA4705			protein_coding	hypothetical protein	false		refseq|uniprot	false
PA4706	hmuV	phuV	protein_coding	hemin importer ATP-binding subunit	false		refseq|uniprot	false
PA4707			protein_coding	ABC transporter permease	false		refseq|uniprot	false
PA4708	phuT		protein_coding	heme-transporter PhuT	false		refseq|uniprot	false
PA4709			protein_coding	hemin degrading factor	false		refseq|uniprot	false
PA4710	phuR		protein_coding	heme/hemoglobin uptake outer membrane receptor PhuR	false		refseq|uniprot	false
PA4711			protein_coding	hypothetical protein	false		refseq|uniprot	false
PA4712			protein_coding	hypothetical protein	false		refseq|uniprot	false
PA4713			protein_coding	hypothetical protein	false		refseq|uniprot	false
PA4714			protein_coding	hypothetical protein	false		refseq|uniprot	false
PA4715			protein_coding	aminotransferase	false		refseq|uniprot	false
PA4716			protein_coding	hypothetical protein	false		refseq|uniprot	false
PA4717			protein_coding	hypothetical protein	false		refseq|uniprot	false
PA4718			protein_coding	hypothetical protein	false		refseq|uniprot	false
PA4719			protein_coding	transporter	false		refseq|uniprot	false
PA4720	trmA		protein_coding	tRNA (uracil-5-)-methyltransferase	false		refseq|uniprot	false
PA4721	sfsA		protein_coding	sugar fermentation stimulation protein A	false		refseq|uniprot	false
PA4722			protein_coding	hypothetical protein	false		refseq|uniprot	false
PA4723	dksA		protein_coding	suppressor protein DksA	true	go_0006355	refseq|uniprot	false
PA4724	gluQ		protein_coding	glutamyl-Q tRNA(Asp) synthetase	false		refseq|uniprot	false
PA4724.1			protein_coding	hypothetical protein	false		refseq|uniprot	false
PA4725	cbrA		protein_coding	two-component sensor CbrA	true	go_0006355|kw_two_component|producto_refseq	refseq|uniprot	false
PA4726	cbrB		protein_coding	two-component response regulator CbrB	true	kw_transcription_regulation|kw_two_component|producto_refseq	refseq|uniprot	false
PA4726.1			ncRNA	P36	false		refseq	false
PA4726.2			ncRNA	P30	false		refseq	false
PA4727	pcnB		protein_coding	poly(A) polymerase	false		refseq|uniprot	false
PA4728	folK		protein_coding	2-amino-4-hydroxy-6-hydroxymethyldihydropteridine pyrophosphokinase	false		refseq|uniprot	false
PA4729	panB	panB2	protein_coding	3-methyl-2-oxobutanoate hydroxymethyltransferase	false		refseq|uniprot	false
PA4730	panC		protein_coding	pantoate--beta-alanine ligase	false		refseq|uniprot	false
PA4731	panD		protein_coding	aspartate alpha-decarboxylase	false		refseq|uniprot	false
PA4732	pgi		protein_coding	glucose-6-phosphate isomerase	false		refseq|uniprot	true
PA4733	acsB	acsA2	protein_coding	acetyl-CoA synthetase	false		refseq|uniprot	false
PA4734			protein_coding	hypothetical protein	false		refseq|uniprot	false
PA4735	epaF		protein_coding	hypothetical protein	false		refseq|uniprot	false
PA4736			protein_coding	hypothetical protein	false		refseq|uniprot	false
PA4737			protein_coding	hypothetical protein	false		refseq|uniprot	false
PA4738			protein_coding	hypothetical protein	false		refseq|uniprot	false
PA4739			protein_coding	hypothetical protein	false		refseq|uniprot	false
PA4740	pnp		protein_coding	polynucleotide phosphorylase	false		refseq|uniprot	true
PA4741	rpsO		protein_coding	30S ribosomal protein S15	false		refseq|uniprot	false
PA4742	truB	orp	protein_coding	tRNA pseudouridine synthase B	false		refseq|uniprot	true
PA4743	rbfA		protein_coding	ribosome-binding factor A	false		refseq|uniprot	false
PA4744	infB		protein_coding	translation initiation factor IF-2	false		refseq|uniprot	false
PA4745	nusA		protein_coding	transcription elongation factor NusA	true	go_0003700|kw_transcription_regulation	refseq|uniprot	false
PA4746	rimP		protein_coding	hypothetical protein	false		refseq|uniprot	false
PA4746.1			tRNA	tRNA-Met	false		refseq	false
PA4746.2			tRNA	tRNA-Leu	false		refseq	false
PA4747	secG		protein_coding	preprotein translocase subunit SecG	false		refseq|uniprot	false
PA4748	tpiA		protein_coding	triosephosphate isomerase	false		refseq|uniprot	false
PA4749	glmM		protein_coding	phosphoglucosamine mutase	false		refseq|uniprot	false
PA4750	folP		protein_coding	dihydropteroate synthase	false		refseq|uniprot	false
PA4751	ftsH		protein_coding	cell division protein FtsH	false		refseq|uniprot	false
PA4752	ftsJ	rlmE|rrmJ	protein_coding	cell division protein FtsJ	false		refseq|uniprot	false
PA4753			protein_coding	hypothetical protein	false		refseq|uniprot	false
PA4754			protein_coding	hypothetical protein	false		refseq|uniprot	false
PA4755	greA		protein_coding	transcription elongation factor GreA	true	kw_transcription_regulation	refseq|uniprot	false
PA4756	carB		protein_coding	carbamoyl phosphate synthase large subunit	false		refseq|uniprot	false
PA4757			protein_coding	leucine export protein LeuE	false		refseq|uniprot	false
PA4758	carA		protein_coding	carbamoyl phosphate synthase small subunit	false		refseq|uniprot	false
PA4758.1			ncRNA	P32	false		refseq	false
PA4759	dapB		protein_coding	4-hydroxy-tetrahydrodipicolinate reductase	false		refseq|uniprot	false
PA4760	dnaJ		protein_coding	molecular chaperone DnaJ	false		refseq|uniprot	false
PA4761	dnaK		protein_coding	molecular chaperone DnaK	false		refseq|uniprot	false
PA4762	grpE		protein_coding	heat shock protein GrpE	false		refseq|uniprot	false
PA4763	recN		protein_coding	DNA repair protein RecN	false		refseq|uniprot	false
PA4764	fur		protein_coding	ferric uptake regulation protein	true	go_0003700|kw_transcription_regulation	refseq|uniprot	true
PA4765	omlA	bamE|oprX	protein_coding	outer membrane lipoprotein OmlA	false		refseq|uniprot	false
PA4766			protein_coding	hypothetical protein	false		refseq|uniprot	false
PA4767	ratA		protein_coding	hypothetical protein	false		refseq|uniprot	false
PA4768	smpB		protein_coding	SsrA-binding protein	false		refseq|uniprot	false
PA4769			protein_coding	transcriptional regulator	true	go_0003700|go_0006355|kw_transcription_regulation|producto_refseq	refseq|uniprot	false
PA4770	lldP		protein_coding	L-lactate permease	false		refseq|uniprot	false
PA4771	lldD		protein_coding	L-lactate dehydrogenase	false		refseq|uniprot	false
PA4772			protein_coding	ferredoxin	false		refseq|uniprot	false
PA4773	speH		protein_coding	hypothetical protein	false		refseq|uniprot	false
PA4774	speE2		protein_coding	hypothetical protein	false		refseq|uniprot	false
PA4775			protein_coding	hypothetical protein	false		refseq|uniprot	false
PA4776	pmrA		protein_coding	two-component regulator system response regulator PmrA	true	go_0006355|kw_transcription_regulation|kw_two_component|producto_refseq	refseq|uniprot	false
PA4777	pmrB		protein_coding	two-component regulator system signal sensor kinase PmrB	true	kw_two_component|producto_refseq	refseq|uniprot	false
PA4778	cueR		protein_coding	protein CueR	true	go_0003700|kw_transcription_regulation	refseq|uniprot	false
PA4779			protein_coding	hypothetical protein	false		refseq|uniprot	false
PA4780			protein_coding	hypothetical protein	false		refseq|uniprot	false
PA4781			protein_coding	cyclic di-GMP phosphodiesterase	false		refseq|uniprot	false
PA4782			protein_coding	hypothetical protein	false		refseq|uniprot	false
PA4783			protein_coding	hypothetical protein	false		refseq|uniprot	false
PA4784			protein_coding	transcriptional regulator	true	go_0006355|kw_transcription_regulation|producto_refseq	refseq|uniprot	false
PA4785			protein_coding	acetyl-CoA acetyltransferase	false		refseq|uniprot	false
PA4786			protein_coding	3-ketoacyl-ACP reductase	false		refseq|uniprot	false
PA4787			protein_coding	transcriptional regulator	true	go_0003700|kw_transcription_regulation|producto_refseq	refseq|uniprot	false
PA4788			protein_coding	hypothetical protein	false		refseq|uniprot	false
PA4789			protein_coding	hypothetical protein	false		refseq|uniprot	false
PA4790	cmoM		protein_coding	hypothetical protein	false		refseq|uniprot	false
PA4791			protein_coding	hypothetical protein	false		refseq|uniprot	false
PA4792			protein_coding	hypothetical protein	false		refseq|uniprot	false
PA4793			protein_coding	hypothetical protein	false		refseq|uniprot	false
PA4794			protein_coding	hypothetical protein	false		refseq|uniprot	false
PA4795			protein_coding	hypothetical protein	false		refseq|uniprot	false
PA4796			protein_coding	hypothetical protein	false		refseq|uniprot	false
PA4797			protein_coding	transposase	false		refseq|uniprot	false
PA4798			protein_coding	hypothetical protein	false		refseq|uniprot	false
PA4799			protein_coding	hypothetical protein	false		refseq|uniprot	false
PA4800			protein_coding	hypothetical protein	false		refseq|uniprot	false
PA4801			protein_coding	hypothetical protein	false		refseq|uniprot	false
PA4802			protein_coding	hypothetical protein	false		refseq|uniprot	false
PA4802.1			tRNA	tRNA-Sec	false		refseq	false
PA4803			protein_coding	hypothetical protein	false		refseq|uniprot	false
PA4804			protein_coding	amino acid permease	false		refseq|uniprot	false
PA4805			protein_coding	hypothetical protein	false		refseq|uniprot	false
PA4806			protein_coding	transcriptional regulator	true	go_0003700|go_0006355|kw_transcription_regulation|producto_refseq	refseq|uniprot	false
PA4807	selB		protein_coding	selenocysteine-specific elongation factor	false		refseq|uniprot	false
PA4808	selA		protein_coding	selenocysteine synthase	false		refseq|uniprot	false
PA4809	fdhE		protein_coding	formate dehydrogenase subunit epsilon	false		refseq|uniprot	false
PA4810	fdnI		protein_coding	nitrate-inducible formate dehydrogenase subunit gamma	false		refseq|uniprot	false
PA4811	fdnH		protein_coding	nitrate-inducible formate dehydrogenase subunit beta	false		refseq|uniprot	false
PA4812	fdnG		protein_coding	formate dehydrogenase-O major subunit	false		refseq|uniprot	false
PA4813	lipC		protein_coding	lipase LipC	false		refseq|uniprot	false
PA4814	fadH2		protein_coding	2,4-dienoyl-CoA reductase	false		refseq|uniprot	false
PA4815			protein_coding	hypothetical protein	false		refseq|uniprot	false
PA4816			protein_coding	hypothetical protein	false		refseq|uniprot	false
PA4817			protein_coding	hypothetical protein	false		refseq|uniprot	false
PA4818			protein_coding	hypothetical protein	false		refseq|uniprot	false
PA4819			protein_coding	glycosyl transferase family protein	false		refseq|uniprot	false
PA4820			protein_coding	hypothetical protein	false		refseq|uniprot	false
PA4821			protein_coding	transporter	false		refseq|uniprot	false
PA4822			protein_coding	hypothetical protein	false		refseq|uniprot	false
PA4823			protein_coding	hypothetical protein	false		refseq|uniprot	false
PA4824			protein_coding	hypothetical protein	false		refseq|uniprot	false
PA4825	mgtA		protein_coding	Mg(2+) transport ATPase	false		refseq|uniprot	false
PA4826			protein_coding	hypothetical protein	false		refseq|uniprot	false
PA4827			protein_coding	arylamine N-acetyltransferase	false		refseq|uniprot	false
PA4828			protein_coding	hypothetical protein	false		refseq|uniprot	false
PA4829	lpd3		protein_coding	dihydrolipoamide dehydrogenase	false		refseq|uniprot	false
PA4830			protein_coding	hypothetical protein	false		refseq|uniprot	false
PA4831			protein_coding	transcriptional regulator	true	go_0003700|go_0006355|kw_transcription_regulation|producto_refseq	refseq|uniprot	false
PA4832			protein_coding	short-chain dehydrogenase	false		refseq|uniprot	false
PA4833			protein_coding	hypothetical protein	false		refseq|uniprot	false
PA4834	cntI	zrmD	protein_coding	hypothetical protein	false		refseq|uniprot	false
PA4835	cntM	zrmC	protein_coding	hypothetical protein	false		refseq|uniprot	false
PA4836	cntL	zrmB	protein_coding	hypothetical protein	false		refseq|uniprot	false
PA4837	cntO	zrmA	protein_coding	hypothetical protein	false		refseq|uniprot	false
PA4838			protein_coding	hypothetical protein	false		refseq|uniprot	false
PA4839	speA		protein_coding	arginine decarboxylase	false		refseq|uniprot	false
PA4840			protein_coding	translation initiation factor Sui1	false		refseq|uniprot	false
PA4841			protein_coding	hypothetical protein	false		refseq|uniprot	false
PA4842			protein_coding	hypothetical protein	false		refseq|uniprot	false
PA4843			protein_coding	two-component response regulator	false		refseq|uniprot	false
PA4844	ctpL		protein_coding	chemotaxis transducer	false		refseq|uniprot	false
PA4845	dipZ	dsbD1	protein_coding	thiol:disulfide interchange protein	false		refseq|uniprot	false
PA4846	aroQ1	aroQ	protein_coding	3-dehydroquinate dehydratase	false		refseq|uniprot	false
PA4847	accB	fabE	protein_coding	acetyl-CoA carboxylase biotin carboxyl carrier protein subunit	false		refseq|uniprot	false
PA4848	accC	fabG	protein_coding	acetyl-CoA carboxylase biotin carboxylase subunit	false		refseq|uniprot	false
PA4849			protein_coding	hypothetical protein	false		refseq|uniprot	false
PA4850	prmA		protein_coding	50S ribosomal protein L11 methyltransferase	false		refseq|uniprot	false
PA4851			protein_coding	hypothetical protein	false		refseq|uniprot	false
PA4852	dusB		protein_coding	hypothetical protein	false		refseq|uniprot	false
PA4853	fis		protein_coding	Fis family transcriptional regulator	true	kw_transcription_regulation|producto_refseq	refseq|uniprot	true
PA4854	purH		protein_coding	bifunctional phosphoribosylaminoimidazolecarboxamide formyltransferase/IMP cyclohydrolase	false		refseq|uniprot	false
PA4855	purD		protein_coding	phosphoribosylamine--glycine ligase	false		refseq|uniprot	false
PA4856	retS		protein_coding	sensor histidine kinase MifS	true	kw_two_component	refseq|uniprot	false
PA4857			protein_coding	hypothetical protein	false		refseq|uniprot	false
PA4858			protein_coding	hypothetical protein	false		refseq|uniprot	false
PA4859			protein_coding	ABC transporter permease	false		refseq|uniprot	false
PA4860			protein_coding	ABC transporter permease	false		refseq|uniprot	false
PA4861			protein_coding	ABC transporter ATP-binding protein	false		refseq|uniprot	false
PA4862			protein_coding	ABC transporter ATP-binding protein	false		refseq|uniprot	false
PA4863			protein_coding	hypothetical protein	false		refseq|uniprot	false
PA4864	ureD		protein_coding	urease accessory protein	false		refseq|uniprot	false
PA4865	ureA		protein_coding	urease subunit gamma	false		refseq|uniprot	false
PA4866	pitA		protein_coding	hypothetical protein	false		refseq|uniprot	false
PA4867	ureB		protein_coding	urease subunit beta	false		refseq|uniprot	false
PA4868	ureC		protein_coding	urease subunit alpha	false		refseq|uniprot	false
PA4869			protein_coding	hypothetical protein	false		refseq|uniprot	false
PA4870			protein_coding	hypothetical protein	false		refseq|uniprot	false
PA4871			protein_coding	hypothetical protein	false		refseq|uniprot	false
PA4872			protein_coding	hypothetical protein	false		refseq|uniprot	false
PA4873			protein_coding	heat-shock protein	false		refseq|uniprot	false
PA4874			protein_coding	hypothetical protein	false		refseq|uniprot	false
PA4875			pseudogene		false		refseq|uniprot	false
PA4876	osmE		protein_coding	OsmE family transcriptional regulator	false		refseq|uniprot	false
PA4877			protein_coding	hypothetical protein	false		refseq|uniprot	false
PA4878	brlR		protein_coding	transcriptional regulator	true	go_0003700|go_0006355|kw_transcription_regulation|producto_refseq	refseq|uniprot	false
PA4879			protein_coding	hypothetical protein	false		refseq|uniprot	false
PA4880			protein_coding	bacterioferritin	false		refseq|uniprot	false
PA4881			protein_coding	hypothetical protein	false		refseq|uniprot	false
PA4882			protein_coding	hypothetical protein	false		refseq|uniprot	false
PA4883			protein_coding	hypothetical protein	false		refseq|uniprot	false
PA4884			protein_coding	hypothetical protein	false		refseq|uniprot	false
PA4885	irlR		protein_coding	two-component response regulator	true	go_0006355|kw_transcription_regulation|kw_two_component|producto_refseq	refseq|uniprot	false
PA4886			protein_coding	two-component sensor	true	kw_two_component|producto_refseq	refseq|uniprot	false
PA4887			protein_coding	major facilitator superfamily transporter	false		refseq|uniprot	false
PA4888	desB		protein_coding	acyl-CoA desaturase	false		refseq|uniprot	false
PA4889			protein_coding	oxidoreductase	false		refseq|uniprot	false
PA4890	desT		protein_coding	transcriptional regulator	true	kw_transcription_regulation|producto_refseq	refseq|uniprot	false
PA4891	ureE		protein_coding	urease accessory protein UreE	false		refseq|uniprot	false
PA4892	ureF		protein_coding	urease accessory protein UreF	false		refseq|uniprot	false
PA4893	ureG		protein_coding	urease accessory protein UreG	false		refseq|uniprot	false
PA4894			protein_coding	hypothetical protein	false		refseq|uniprot	false
PA4895			protein_coding	transmembrane sensor	false		refseq|uniprot	false
PA4896			protein_coding	RNA polymerase sigma factor	true	go_0006355|kw_transcription_regulation|kw_sigma_factor|producto_refseq	refseq|uniprot	false
PA4897			protein_coding	hypothetical protein	false		refseq|uniprot	false
PA4898	opdK		protein_coding	vanillate porin OpdK	false		refseq|uniprot	false
PA4899			protein_coding	aldehyde dehydrogenase	false		refseq|uniprot	false
PA4900			protein_coding	major facilitator superfamily transporter	false		refseq|uniprot	false
PA4901	mdlC		protein_coding	benzoylformate decarboxylase	false		refseq|uniprot	false
PA4902			protein_coding	transcriptional regulator	true	go_0003700|go_0006355|kw_transcription_regulation|producto_refseq	refseq|uniprot	false
PA4903			protein_coding	major facilitator superfamily transporter	false		refseq|uniprot	false
PA4904	vanA		protein_coding	vanillate O-demethylase oxygenase	false		refseq|uniprot	false
PA4905	vanB		protein_coding	vanillate O-demethylase	false		refseq|uniprot	false
PA4906			protein_coding	transcriptional regulator	true	go_0003700|go_0006355|kw_transcription_regulation|producto_refseq	refseq|uniprot	false
PA4907			protein_coding	short-chain dehydrogenase	false		refseq|uniprot	false
PA4908			protein_coding	ornithine cyclodeaminase	false		refseq|uniprot	false
PA4909			protein_coding	ABC transporter ATP-binding protein	false		refseq|uniprot	false
PA4910			protein_coding	ABC transporter ATP-binding protein	false		refseq|uniprot	false
PA4911			protein_coding	branched-chain amino acid ABC transporter permease	false		refseq|uniprot	false
PA4912			protein_coding	branched-chain amino acid ABC transporter	false		refseq|uniprot	false
PA4913			protein_coding	ABC transporter	false		refseq|uniprot	false
PA4914			protein_coding	transcriptional regulator	true	go_0003700|kw_transcription_regulation|producto_refseq	refseq|uniprot	false
PA4915			protein_coding	chemotaxis transducer	false		refseq|uniprot	false
PA4916			protein_coding	hypothetical protein	false		refseq|uniprot	false
PA4917			protein_coding	hypothetical protein	false		refseq|uniprot	false
PA4918			protein_coding	hypothetical protein	false		refseq|uniprot	false
PA4919	pncB1		protein_coding	nicotinate phosphoribosyltransferase	false		refseq|uniprot	false
PA4920	nadE		protein_coding	NAD synthetase	false		refseq|uniprot	false
PA4921			protein_coding	hypothetical protein	false		refseq|uniprot	false
PA4922	azu		protein_coding	azurin	false		refseq|uniprot	true
PA4923			protein_coding	hypothetical protein	false		refseq|uniprot	false
PA4924			protein_coding	hypothetical protein	false		refseq|uniprot	false
PA4925			protein_coding	hypothetical protein	false		refseq|uniprot	false
PA4926			protein_coding	hypothetical protein	false		refseq|uniprot	false
PA4927			protein_coding	hypothetical protein	false		refseq|uniprot	false
PA4928			protein_coding	hypothetical protein	false		refseq|uniprot	false
PA4929			protein_coding	hypothetical protein	false		refseq|uniprot	false
PA4930	alr		protein_coding	biosynthetic alanine racemase	false		refseq|uniprot	true
PA4931	dnaB		protein_coding	replicative DNA helicase	false		refseq|uniprot	false
PA4932	rplI		protein_coding	50S ribosomal protein L9	false		refseq|uniprot	false
PA4933			protein_coding	hypothetical protein	false		refseq|uniprot	false
PA4934	rpsR		protein_coding	30S ribosomal protein S18	false		refseq|uniprot	false
PA4935	rpsF		protein_coding	30S ribosomal protein S6	false		refseq|uniprot	false
PA4936	rlmB		protein_coding	23S rRNA (guanosine(2251)-2'-O)-methyltransferase RlmB	false		refseq|uniprot	false
PA4937	rnr		protein_coding	exoribonuclease R	false		refseq|uniprot	true
PA4937.1			tRNA	tRNA-Leu	false		refseq	false
PA4937.2			tRNA	tRNA-Leu	false		refseq	false
PA4938	purA		protein_coding	adenylosuccinate synthetase	false		refseq|uniprot	false
PA4939	hisZ		protein_coding	ATP phosphoribosyltransferase	false		refseq|uniprot	false
PA4940			protein_coding	hypothetical protein	false		refseq|uniprot	false
PA4941	hflC		protein_coding	protease subunit HflC	false		refseq|uniprot	false
PA4942	hflK		protein_coding	protease subunit HflK	false		refseq|uniprot	false
PA4943	hflX		protein_coding	GTP-binding protein	false		refseq|uniprot	false
PA4944	hfq		protein_coding	RNA-binding protein Hfq	true	go_0006355	refseq|uniprot	true
PA4945	miaA		protein_coding	tRNA delta(2)-isopentenylpyrophosphate transferase	false		refseq|uniprot	false
PA4946	mutL		protein_coding	DNA mismatch repair protein	false		refseq|uniprot	false
PA4947	amiB		protein_coding	N-acetylmuramoyl-L-alanine amidase	false		refseq|uniprot	false
PA4948			protein_coding	hypothetical protein	false		refseq|uniprot	false
PA4949	nnrD	nnrE	protein_coding	hypothetical protein	false		refseq|uniprot	false
PA4950	queG		protein_coding	hypothetical protein	false		refseq|uniprot	false
PA4951	orn		protein_coding	oligoribonuclease	false		refseq|uniprot	true
PA4952	rsgA		protein_coding	ribosome-associated GTPase	false		refseq|uniprot	false
PA4953	motB		protein_coding	flagellar motor protein MotB	false		refseq|uniprot	false
PA4954	motA		protein_coding	flagellar motor protein MotA	false		refseq|uniprot	false
PA4955			protein_coding	hypothetical protein	false		refseq|uniprot	false
PA4956	rhdA		protein_coding	thiosulfate:cyanide sulfurtransferase	false		refseq|uniprot	false
PA4957	psd		protein_coding	phosphatidylserine decarboxylase	false		refseq|uniprot	true
PA4958	fimW		protein_coding	cyclic-di-GMP receptor FimW	false		refseq|uniprot	false
PA4959	fimX		protein_coding	protein FimX	true	go_0006355	refseq|uniprot	false
PA4960			protein_coding	phosphoserine phosphatase	false		refseq|uniprot	false
PA4961			protein_coding	hypothetical protein	false		refseq|uniprot	false
PA4962			protein_coding	hypothetical protein	false		refseq|uniprot	false
PA4963			protein_coding	hypothetical protein	false		refseq|uniprot	false
PA4964	parC		protein_coding	DNA topoisomerase IV subunit A	false		refseq|uniprot	false
PA4965			protein_coding	hypothetical protein	false		refseq|uniprot	false
PA4966			protein_coding	hypothetical protein	false		refseq|uniprot	false
PA4967	parE		protein_coding	DNA topoisomerase IV subunit B	false		refseq|uniprot	false
PA4968			protein_coding	hypothetical protein	false		refseq|uniprot	false
PA4969	cpdA		protein_coding	cAMP phosphodiesterase	false		refseq|uniprot	false
PA4970			protein_coding	hypothetical protein	false		refseq|uniprot	false
PA4971	aspP		protein_coding	adenosine diphosphate sugar pyrophosphatase	false		refseq|uniprot	false
PA4972			protein_coding	hypothetical protein	false		refseq|uniprot	false
PA4973	thiC		protein_coding	thiamine biosynthesis protein ThiC	false		refseq|uniprot	false
PA4974			protein_coding	hypothetical protein	false		refseq|uniprot	false
PA4975			protein_coding	NAD(P)H quinone oxidoreductase	false		refseq|uniprot	false
PA4976	aruH		protein_coding	arginine:pyruvate transaminase AruH	false		refseq|uniprot	false
PA4977	aruI		protein_coding	hypothetical protein	false		refseq|uniprot	false
PA4978			protein_coding	hypothetical protein	false		refseq|uniprot	false
PA4979			protein_coding	acyl-CoA dehydrogenase	false		refseq|uniprot	false
PA4980			protein_coding	enoyl-CoA hydratase	false		refseq|uniprot	false
PA4981			protein_coding	amino acid permease	false		refseq|uniprot	false
PA4982	aruS		protein_coding	two-component sensor	true	kw_two_component|producto_refseq	refseq|uniprot	false
PA4983	aruR		protein_coding	two-component response regulator	true	go_0006355|kw_transcription_regulation|kw_two_component|producto_refseq	refseq|uniprot	false
PA4984			protein_coding	transcriptional regulator	true	go_0003700|go_0006355|kw_transcription_regulation|producto_refseq	refseq|uniprot	false
PA4985			protein_coding	hypothetical protein	false		refseq|uniprot	false
PA4986			protein_coding	oxidoreductase	false		refseq|uniprot	false
PA4987			protein_coding	transcriptional regulator	true	go_0003700|go_0006355|producto_refseq	refseq|uniprot	false
PA4988	waaA		protein_coding	3-deoxy-D-manno-octulosonic acid transferase	false		refseq|uniprot	false
PA4989			protein_coding	transcriptional regulator	true	go_0003700|go_0006355|kw_transcription_regulation|producto_refseq	refseq|uniprot	false
PA4990			protein_coding	SMR multidrug efflux transporter	false		refseq|uniprot	false
PA4991			protein_coding	hypothetical protein	false		refseq|uniprot	false
PA4992			protein_coding	hypothetical protein	false		refseq|uniprot	false
PA4993			protein_coding	hypothetical protein	false		refseq|uniprot	false
PA4994			protein_coding	acyl-CoA dehydrogenase	false		refseq|uniprot	false
PA4995			protein_coding	acyl-CoA dehydrogenase	false		refseq|uniprot	false
PA4996	rfaE	hldE	protein_coding	bifunctional heptose 7-phosphate kinase/heptose 1-phosphate adenyltransferase	false		refseq|uniprot	false
PA4997	msbA		protein_coding	transporter MsbA	false		refseq|uniprot	false
PA4998			protein_coding	hypothetical protein	false		refseq|uniprot	false
PA4999	waaL		protein_coding	O-antigen ligase WaaL	false		refseq|uniprot	false
PA5000	wapR		protein_coding	alpha-1,3-rhamnosyltransferase WapR	false		refseq|uniprot	false
PA5001			protein_coding	hypothetical protein	false		refseq|uniprot	false
PA5002			protein_coding	hypothetical protein	false		refseq|uniprot	false
PA5003			protein_coding	hypothetical protein	false		refseq|uniprot	false
PA5004			protein_coding	glycosyl transferase family protein	false		refseq|uniprot	false
PA5005			protein_coding	carbamoyl transferase	false		refseq|uniprot	false
PA5006			protein_coding	hypothetical protein	false		refseq|uniprot	false
PA5007			protein_coding	hypothetical protein	false		refseq|uniprot	false
PA5008			protein_coding	hypothetical protein	false		refseq|uniprot	false
PA5009	waaP	rfaP	protein_coding	lipopolysaccharide kinase WaaP	false		refseq|uniprot	false
PA5010	waaG		protein_coding	UDP-glucose:(heptosyl) LPS alpha 1,3-glucosyltransferase WaaG	false		refseq|uniprot	false
PA5011	waaC	rfaC	protein_coding	heptosyltransferase I	false		refseq|uniprot	false
PA5012	waaF		protein_coding	heptosyltransferase II	false		refseq|uniprot	false
PA5013	ilvE		protein_coding	branched-chain amino acid aminotransferase	false		refseq|uniprot	false
PA5014	glnE		protein_coding	bifunctional glutamine-synthetase adenylyltransferase/deadenyltransferase	false		refseq|uniprot	false
PA5015	aceE	aceA	protein_coding	pyruvate dehydrogenase subunit E1	false		refseq|uniprot	false
PA5016	aceF	aceB	protein_coding	dihydrolipoamide acetyltransferase	false		refseq|uniprot	false
PA5017			protein_coding	hypothetical protein	false		refseq|uniprot	false
PA5018	msrA		protein_coding	peptide methionine sulfoxide reductase	false		refseq|uniprot	false
PA5019	rlmJ		protein_coding	hypothetical protein	false		refseq|uniprot	false
PA5020			protein_coding	acyl-CoA dehydrogenase	false		refseq|uniprot	false
PA5021	nhaP2	cvrA	protein_coding	sodium/hydrogen antiporter	false		refseq|uniprot	false
PA5022			protein_coding	potassium efflux protein KefA	false		refseq|uniprot	false
PA5023	ydiU	selO	protein_coding	hypothetical protein	false		refseq|uniprot	false
PA5024			protein_coding	hypothetical protein	false		refseq|uniprot	false
PA5025	metY		protein_coding	O-acetylhomoserine aminocarboxypropyltransferase	false		refseq|uniprot	false
PA5026			protein_coding	hypothetical protein	false		refseq|uniprot	false
PA5027			protein_coding	hypothetical protein	false		refseq|uniprot	false
PA5028			protein_coding	hypothetical protein	false		refseq|uniprot	false
PA5029			protein_coding	transcriptional regulator	true	go_0003700|go_0006355|kw_transcription_regulation|producto_refseq	refseq|uniprot	false
PA5030			protein_coding	major facilitator superfamily transporter	false		refseq|uniprot	false
PA5031			protein_coding	short-chain dehydrogenase	false		refseq|uniprot	false
PA5032			protein_coding	transcriptional regulator	true	go_0003700|kw_transcription_regulation|producto_refseq	refseq|uniprot	false
PA5033			protein_coding	hypothetical protein	false		refseq|uniprot	false
PA5034	hemE		protein_coding	uroporphyrinogen decarboxylase	false		refseq|uniprot	false
PA5035	gltD		protein_coding	glutamate synthase subunit beta	false		refseq|uniprot	false
PA5036	gltB		protein_coding	glutamate synthase subunit alpha	false		refseq|uniprot	false
PA5037			protein_coding	hypothetical protein	false		refseq|uniprot	false
PA5038	aroB		protein_coding	3-dehydroquinate synthase	false		refseq|uniprot	false
PA5039	aroK		protein_coding	shikimate kinase	false		refseq|uniprot	false
PA5040	pilQ		protein_coding	type 4 fimbrial biogenesis outer membrane protein PilQ	false		refseq|uniprot	false
PA5041	pilP		protein_coding	type 4 fimbrial biogenesis protein PilP	false		refseq|uniprot	false
PA5042	pilO		protein_coding	type 4 fimbrial biogenesis protein PilO	false		refseq|uniprot	false
PA5043	pilN		protein_coding	type 4 fimbrial biogenesis protein PilN	false		refseq|uniprot	false
PA5044	pilM		protein_coding	type 4 fimbrial biogenesis protein PilM	false		refseq|uniprot	false
PA5045	ponA	mrcA	protein_coding	penicillin-binding protein 1A	false		refseq|uniprot	false
PA5046			protein_coding	malic enzyme	false		refseq|uniprot	false
PA5047			protein_coding	hypothetical protein	false		refseq|uniprot	false
PA5048			protein_coding	nuclease	false		refseq|uniprot	false
PA5049	rpmE		protein_coding	50S ribosomal protein L31	false		refseq|uniprot	false
PA5050	priA		protein_coding	primosome assembly protein PriA	false		refseq|uniprot	false
PA5051	argS		protein_coding	arginine--tRNA ligase	false		refseq|uniprot	false
PA5052			protein_coding	hypothetical protein	false		refseq|uniprot	false
PA5053	hslV		protein_coding	ATP-dependent protease peptidase subunit	false		refseq|uniprot	false
PA5054	hslU		protein_coding	ATP-dependent protease ATP-binding subunit HslU	false		refseq|uniprot	false
PA5055			protein_coding	hypothetical protein	false		refseq|uniprot	false
PA5056	phaC1		protein_coding	poly(3-hydroxyalkanoic acid) synthase	false		refseq|uniprot	false
PA5057	phaD		protein_coding	poly(3-hydroxyalkanoic acid) depolymerase	false		refseq|uniprot	false
PA5058	phaC2		protein_coding	poly(3-hydroxyalkanoic acid) synthase	false		refseq|uniprot	false
PA5059			protein_coding	transcriptional regulator	true	go_0003700|go_0006355|producto_refseq	refseq|uniprot	false
PA5060	phaF		protein_coding	polyhydroxyalkanoate synthesis protein PhaF	false		refseq|uniprot	false
PA5061			protein_coding	hypothetical protein	false		refseq|uniprot	false
PA5062			protein_coding	hypothetical protein	false		refseq|uniprot	false
PA5063	ubiE		protein_coding	ubiquinone/menaquinone biosynthesis methyltransferase	false		refseq|uniprot	false
PA5064	ubiJ		protein_coding	hypothetical protein	false		refseq|uniprot	false
PA5065	ubiB		protein_coding	ubiquinone biosynthetic protein UbiB	false		refseq|uniprot	false
PA5066	hisI		protein_coding	phosphoribosyl-AMP cyclohydrolase	false		refseq|uniprot	false
PA5067	hisE		protein_coding	phosphoribosyl-ATP pyrophosphatase	false		refseq|uniprot	false
PA5068	tatA		protein_coding	twin-arginine translocation protein TatA	false		refseq|uniprot	false
PA5069	tatB		protein_coding	sec-independent translocase	false		refseq|uniprot	false
PA5070	tatC		protein_coding	transporter TatC	false		refseq|uniprot	false
PA5071			protein_coding	16S ribosomal RNA methyltransferase RsmE	false		refseq|uniprot	false
PA5072	mcpK		protein_coding	chemotaxis transducer	false		refseq|uniprot	false
PA5073			protein_coding	hypothetical protein	false		refseq|uniprot	false
PA5074			protein_coding	ABC transporter ATP-binding protein	false		refseq|uniprot	false
PA5075			protein_coding	ABC transporter permease	false		refseq|uniprot	false
PA5076			protein_coding	ABC transporter	false		refseq|uniprot	false
PA5077	mdoH	opgH	protein_coding	glucosyltransferase MdoH	false		refseq|uniprot	false
PA5078	opgG		protein_coding	glucan biosynthesis protein G	false		refseq|uniprot	false
PA5079	dtd		protein_coding	D-tyrosyl-tRNA(Tyr) deacylase	false		refseq|uniprot	true
PA5080			protein_coding	prolyl aminopeptidase	false		refseq|uniprot	false
PA5081			protein_coding	hypothetical protein	false		refseq|uniprot	false
PA5082			protein_coding	ABC transporter	false		refseq|uniprot	false
PA5083			protein_coding	hypothetical protein	false		refseq|uniprot	false
PA5084	dadA2		protein_coding	oxidoreductase	false		refseq|uniprot	false
PA5085			protein_coding	transcriptional regulator	true	go_0003700|kw_transcription_regulation|producto_refseq	refseq|uniprot	false
PA5087			protein_coding	hypothetical protein	false		refseq|uniprot	false
PA5088			protein_coding	hypothetical protein	false		refseq|uniprot	false
PA5089			protein_coding	hypothetical protein	false		refseq|uniprot	false
PA5090	vgrG5		protein_coding	hypothetical protein	false		refseq|uniprot	false
PA5091	hutG		protein_coding	N-formylglutamate amidohydrolase	false		refseq|uniprot	false
PA5092	hutI		protein_coding	imidazolonepropionase	false		refseq|uniprot	false
PA5093			protein_coding	histidine/phenylalanine ammonia-lyase	false		refseq|uniprot	false
PA5094			protein_coding	ABC transporter ATP-binding protein	false		refseq|uniprot	false
PA5095			protein_coding	ABC transporter permease	false		refseq|uniprot	false
PA5096			protein_coding	ABC transporter	false		refseq|uniprot	false
PA5097			protein_coding	amino acid permease	false		refseq|uniprot	false
PA5098	hutH		protein_coding	histidine ammonia-lyase	false		refseq|uniprot	false
PA5099			protein_coding	transporter	false		refseq|uniprot	false
PA5100	hutU		protein_coding	urocanate hydratase	false		refseq|uniprot	false
PA5101			protein_coding	hypothetical protein	false		refseq|uniprot	false
PA5102			protein_coding	hypothetical protein	false		refseq|uniprot	false
PA5103			protein_coding	hypothetical protein	false		refseq|uniprot	false
PA5104			protein_coding	hypothetical protein	false		refseq|uniprot	false
PA5105	hutC		protein_coding	histidine utilization repressor HutC	true	go_0003700|kw_transcription_regulation	refseq|uniprot	false
PA5106	hutF		protein_coding	N-formimino-L-glutamate deiminase	false		refseq|uniprot	false
PA5107	blc		protein_coding	outer membrane lipoprotein Blc	false		refseq|uniprot	true
PA5108			protein_coding	hypothetical protein	false		refseq|uniprot	false
PA5109			protein_coding	hypothetical protein	false		refseq|uniprot	false
PA5110	fbp		protein_coding	fructose-1,6-bisphosphatase	false		refseq|uniprot	true
PA5111	gloA3	gloA	protein_coding	lactoylglutathione lyase	false		refseq|uniprot	false
PA5112	estA	papA	protein_coding	esterase	false		refseq|uniprot	false
PA5113			protein_coding	hypothetical protein	false		refseq|uniprot	false
PA5114			protein_coding	hypothetical protein	false		refseq|uniprot	false
PA5115			protein_coding	hypothetical protein	false		refseq|uniprot	false
PA5116			protein_coding	transcriptional regulator	true	go_0003700|go_0006355|producto_refseq	refseq|uniprot	false
PA5117	typA	bipA	protein_coding	regulatory protein TypA	false		refseq|uniprot	false
PA5118	thiI		protein_coding	thiamine biosynthesis protein ThiI	false		refseq|uniprot	false
PA5119	glnA		protein_coding	glutamine synthetase	false		refseq|uniprot	false
PA5120			protein_coding	hypothetical protein	false		refseq|uniprot	false
PA5121			protein_coding	hypothetical protein	false		refseq|uniprot	false
PA5122			protein_coding	hypothetical protein	false		refseq|uniprot	false
PA5123			protein_coding	hypothetical protein	false		refseq|uniprot	false
PA5124	ntrB		protein_coding	two-component sensor NtrB	true	go_0006355|kw_two_component|producto_refseq	refseq|uniprot	false
PA5125	ntrC		protein_coding	two-component response regulator NtrC	true	kw_transcription_regulation|kw_two_component|producto_refseq	refseq|uniprot	false
PA5126			protein_coding	hypothetical protein	false		refseq|uniprot	false
PA5127	trmL		protein_coding	rRNA methylase	false		refseq|uniprot	false
PA5128	secB		protein_coding	preprotein translocase subunit SecB	false		refseq|uniprot	false
PA5129	grx		protein_coding	glutaredoxin	false		refseq|uniprot	true
PA5130			protein_coding	hypothetical protein	false		refseq|uniprot	false
PA5131	pgm	gpmI	protein_coding	2,3-bisphosphoglycerate-independent phosphoglycerate mutase	false		refseq|uniprot	true
PA5132			protein_coding	hypothetical protein	false		refseq|uniprot	false
PA5133			protein_coding	hypothetical protein	false		refseq|uniprot	false
PA5134			protein_coding	carboxyl-terminal protease	false		refseq|uniprot	false
PA5135			protein_coding	hypothetical protein	false		refseq|uniprot	false
PA5136			protein_coding	hypothetical protein	false		refseq|uniprot	false
PA5137			protein_coding	hypothetical protein	false		refseq|uniprot	false
PA5138			protein_coding	hypothetical protein	false		refseq|uniprot	false
PA5139			protein_coding	hypothetical protein	false		refseq|uniprot	false
PA5140	hisF1		protein_coding	imidazole glycerol phosphate synthase subunit HisF	false		refseq|uniprot	false
PA5141	hisA		protein_coding	1-(5-phosphoribosyl)-5-[(5-phosphoribosylamino)methylideneamino] imidazole-4-carboxamide isomerase	false		refseq|uniprot	false
PA5142	hisH1		protein_coding	imidazole glycerol phosphate synthase subunit HisH	false		refseq|uniprot	false
PA5143	hisB		protein_coding	imidazoleglycerol-phosphate dehydratase	false		refseq|uniprot	false
PA5144			protein_coding	hypothetical protein	false		refseq|uniprot	false
PA5145			protein_coding	hypothetical protein	false		refseq|uniprot	false
PA5146			protein_coding	hypothetical protein	false		refseq|uniprot	false
PA5147	mutY		protein_coding	A/G-specific adenine glycosylase	false		refseq|uniprot	false
PA5148			protein_coding	hypothetical protein	false		refseq|uniprot	false
PA5149			protein_coding	hypothetical protein	false		refseq|uniprot	false
PA5149.1			tRNA	tRNA-Phe	false		refseq	false
PA5150			protein_coding	short-chain dehydrogenase	false		refseq|uniprot	false
PA5151			protein_coding	hypothetical protein	false		refseq|uniprot	false
PA5152			protein_coding	ABC transporter ATP-binding protein	false		refseq|uniprot	false
PA5153			protein_coding	amino acid ABC transporter substrate-binding protein	false		refseq|uniprot	false
PA5154			protein_coding	ABC transporter permease	false		refseq|uniprot	false
PA5155			protein_coding	amino acid ABC transporter permease	false		refseq|uniprot	false
PA5156			protein_coding	hypothetical protein	false		refseq|uniprot	false
PA5157			protein_coding	transcriptional regulator	true	go_0003700|go_0006355|kw_transcription_regulation|producto_refseq	refseq|uniprot	false
PA5158			protein_coding	hypothetical protein	false		refseq|uniprot	false
PA5159			protein_coding	multidrug resistance protein	false		refseq|uniprot	false
PA5160			protein_coding	drug efflux transporter	false		refseq|uniprot	false
PA5160.1			tRNA	tRNA-Thr	false		refseq	false
PA5161	rmlB		protein_coding	dTDP-D-glucose 4,6-dehydratase	false		refseq|uniprot	false
PA5162	rmlD		protein_coding	dTDP-4-dehydrorhamnose reductase	false		refseq|uniprot	false
PA5163	rmlA		protein_coding	glucose-1-phosphate thymidylyltransferase	false		refseq|uniprot	false
PA5164	rmlC		protein_coding	dTDP-4-dehydrorhamnose 3,5-epimerase	false		refseq|uniprot	false
PA5165	dctB		protein_coding	two-component sensor	true	kw_two_component|producto_refseq	refseq|uniprot	false
PA5166	dctD		protein_coding	two-component response regulator	true	kw_transcription_regulation|kw_two_component|producto_refseq	refseq|uniprot	false
PA5167	dctP		protein_coding	C4-dicarboxylate-binding protein	false		refseq|uniprot	false
PA5168	dctQ		protein_coding	dicarboxylate transporter	false		refseq|uniprot	false
PA5169	dctM		protein_coding	C4-dicarboxylate transporter	false		refseq|uniprot	false
PA5170	arcD		protein_coding	arginine/ornithine antiporter	false		refseq|uniprot	false
PA5171	arcA		protein_coding	arginine deiminase	false		refseq|uniprot	false
PA5172	arcB		protein_coding	ornithine carbamoyltransferase	false		refseq|uniprot	false
PA5173	arcC		protein_coding	carbamate kinase	false		refseq|uniprot	false
PA5174	fabY		protein_coding	beta-ketoacyl synthase	false		refseq|uniprot	false
PA5175	cysQ		protein_coding	3'(2'),5'-bisphosphate nucleotidase CysQ	false		refseq|uniprot	false
PA5176			protein_coding	ADP-ribose diphosphatase NudE	false		refseq|uniprot	false
PA5177			protein_coding	hydrolase	false		refseq|uniprot	false
PA5178			protein_coding	hypothetical protein	false		refseq|uniprot	false
PA5179			protein_coding	transcriptional regulator	true	go_0003700|kw_transcription_regulation|producto_refseq	refseq|uniprot	false
PA5180	fdhD		protein_coding	hypothetical protein	false		refseq|uniprot	false
PA5181			protein_coding	oxidoreductase	false		refseq|uniprot	false
PA5181.1			ncRNA	P34	false		refseq	false
PA5182			protein_coding	hypothetical protein	false		refseq|uniprot	false
PA5183			protein_coding	hypothetical protein	false		refseq|uniprot	false
PA5184	aroQ		protein_coding	chorismate mutase	false		refseq|uniprot	false
PA5185			protein_coding	hypothetical protein	false		refseq|uniprot	false
PA5186			protein_coding	iron-containing alcohol dehydrogenase	false		refseq|uniprot	false
PA5187			protein_coding	acyl-CoA dehydrogenase	false		refseq|uniprot	false
PA5188			protein_coding	3-hydroxyacyl-CoA dehydrogenase	false		refseq|uniprot	false
PA5189			protein_coding	transcriptional regulator	true	go_0003700|go_0006355|kw_transcription_regulation|producto_refseq	refseq|uniprot	false
PA5190			protein_coding	nitroreductase	false		refseq|uniprot	false
PA5191			protein_coding	hypothetical protein	false		refseq|uniprot	false
PA5192	pckA		protein_coding	phosphoenolpyruvate carboxykinase	false		refseq|uniprot	false
PA5193	yrfI	hslO	protein_coding	heat shock protein 33	false		refseq|uniprot	false
PA5194			protein_coding	hypothetical protein	false		refseq|uniprot	false
PA5195			protein_coding	heat shock protein	false		refseq|uniprot	false
PA5196			protein_coding	hypothetical protein	false		refseq|uniprot	false
PA5197	rimK		protein_coding	ribosomal protein S6 modification protein	false		refseq|uniprot	false
PA5198			protein_coding	LD-carboxypeptidase	false		refseq|uniprot	false
PA5199	amgS		protein_coding	protein AmgS	true	kw_two_component	refseq|uniprot	false
PA5200	amgR		protein_coding	osmolarity response regulator	true	go_0006355|kw_transcription_regulation|kw_two_component|producto_refseq	refseq|uniprot	false
PA5201			protein_coding	hypothetical protein	false		refseq|uniprot	false
PA5202			protein_coding	hypothetical protein	false		refseq|uniprot	false
PA5203	gshA		protein_coding	glutamate--cysteine ligase	false		refseq|uniprot	false
PA5204	argA		protein_coding	N-acetylglutamate synthase	false		refseq|uniprot	false
PA5205			protein_coding	multiple drug resistance protein MarC	false		refseq|uniprot	false
PA5206	argE		protein_coding	acetylornithine deacetylase	false		refseq|uniprot	false
PA5207			protein_coding	phosphate transporter	false		refseq|uniprot	false
PA5208			protein_coding	hypothetical protein	false		refseq|uniprot	false
PA5209			protein_coding	hypothetical protein	false		refseq|uniprot	false
PA5210			protein_coding	secretion pathway ATPase	false		refseq|uniprot	false
PA5211			protein_coding	hypothetical protein	false		refseq|uniprot	false
PA5212			protein_coding	hypothetical protein	false		refseq|uniprot	false
PA5213	gcvP1	gcvP2	protein_coding	glycine dehydrogenase	false		refseq|uniprot	false
PA5214	gcvH1	gcvH2	protein_coding	glycine cleavage system protein H	false		refseq|uniprot	false
PA5215	gcvT1	gcvT	protein_coding	glycine cleavage system aminomethyltransferase T	false		refseq|uniprot	false
PA5216			protein_coding	iron ABC transporter substrate-binding protein	false		refseq|uniprot	false
PA5217			protein_coding	iron ABC transporter substrate-binding protein	false		refseq|uniprot	false
PA5218			protein_coding	transcriptional regulator	true	go_0003700|go_0006355|kw_transcription_regulation|producto_refseq	refseq|uniprot	false
PA5219			protein_coding	hypothetical protein	false		refseq|uniprot	false
PA5220			protein_coding	hypothetical protein	false		refseq|uniprot	false
PA5221			protein_coding	2-octaprenyl-3-methyl-6-methoxy-1,4-benzoquinol hydroxylase	false		refseq|uniprot	false
PA5222			protein_coding	hypothetical protein	false		refseq|uniprot	false
PA5223	ubiH		protein_coding	2-octaprenyl-6-methoxyphenyl hydroxylase	false		refseq|uniprot	false
PA5224	pepP		protein_coding	aminopeptidase	false		refseq|uniprot	false
PA5225			protein_coding	hypothetical protein	false		refseq|uniprot	false
PA5226			protein_coding	hypothetical protein	false		refseq|uniprot	false
PA5227	zapA		protein_coding	hypothetical protein	false		refseq|uniprot	false
PA5227.1	ssrS		ncRNA	6S RNA	false		refseq	false
PA5228			protein_coding	5-formyltetrahydrofolate cyclo-ligase	false		refseq|uniprot	false
PA5229			protein_coding	hypothetical protein	false		refseq|uniprot	false
PA5230			protein_coding	ABC transporter permease	false		refseq|uniprot	false
PA5231			protein_coding	ABC transporter ATP-binding protein/permease	false		refseq|uniprot	false
PA5232			protein_coding	hypothetical protein	false		refseq|uniprot	false
PA5233			protein_coding	flagellar basal body protein FliL	false		refseq|uniprot	false
PA5234			protein_coding	oxidoreductase	false		refseq|uniprot	false
PA5235	glpT		protein_coding	sn-glycerol-3-phosphate transporter	false		refseq|uniprot	false
PA5236			protein_coding	CDP-6-deoxy-delta-3,4-glucoseen reductase	false		refseq|uniprot	false
PA5237	ubiD		protein_coding	3-octaprenyl-4-hydroxybenzoate carboxy-lyase	false		refseq|uniprot	false
PA5238			protein_coding	O-antigen acetylase	false		refseq|uniprot	false
PA5239	rho		protein_coding	transcription termination factor Rho	true	kw_transcription_regulation	refseq|uniprot	true
PA5240	trxA	trx	protein_coding	thioredoxin	false		refseq|uniprot	true
PA5241	ppx		protein_coding	exopolyphosphatase	false		refseq|uniprot	true
PA5242	ppk		protein_coding	polyphosphate kinase	false		refseq|uniprot	true
PA5243	hemB		protein_coding	delta-aminolevulinic acid dehydratase	false		refseq|uniprot	false
PA5244			protein_coding	hypothetical protein	false		refseq|uniprot	false
PA5245			protein_coding	glutamine amidotransferase	false		refseq|uniprot	false
PA5246			protein_coding	hypothetical protein	false		refseq|uniprot	false
PA5247			protein_coding	hypothetical protein	false		refseq|uniprot	false
PA5248			protein_coding	hypothetical protein	false		refseq|uniprot	false
PA5249			protein_coding	hypothetical protein	false		refseq|uniprot	false
PA5250			protein_coding	hypothetical protein	false		refseq|uniprot	false
PA5251			protein_coding	hypothetical protein	false		refseq|uniprot	false
PA5252			protein_coding	ABC transporter ATP-binding protein	false		refseq|uniprot	false
PA5253	algP	algR3	protein_coding	alginate regulatory protein AlgP	true	go_0006355|kw_transcription_regulation	refseq|uniprot	false
PA5254	fkl		protein_coding	FkbP-type peptidyl-prolyl cis-trans isomerase	false		refseq|uniprot	true
PA5255	algQ	algR2	protein_coding	anti-RNA polymerase sigma 70 factor	true	go_0006355|kw_transcription_regulation	refseq|uniprot	false
PA5256	dsbH	dsbB1	protein_coding	disulfide bond formation protein	false		refseq|uniprot	false
PA5257			protein_coding	hypothetical protein	false		refseq|uniprot	false
PA5258			protein_coding	hypothetical protein	false		refseq|uniprot	false
PA5259	hemD		protein_coding	uroporphyrinogen-III synthase	false		refseq|uniprot	false
PA5260	hemC		protein_coding	porphobilinogen deaminase	false		refseq|uniprot	false
PA5261	algR		protein_coding	alginate biosynthesis regulatory protein AlgR	true	go_0006355|kw_transcription_regulation|kw_two_component	refseq|uniprot	false
PA5262	algZ		protein_coding	alginate biosynthesis protein AlgZ/FimS	false		refseq|uniprot	false
PA5263	argH		protein_coding	argininosuccinate lyase	false		refseq|uniprot	false
PA5264			protein_coding	hypothetical protein	false		refseq|uniprot	false
PA5265			protein_coding	hypothetical protein	false		refseq|uniprot	false
PA5266			protein_coding	hypothetical protein	false		refseq|uniprot	false
PA5267	hcpB	hcpA|hcpC	protein_coding	secreted protein Hcp	false		refseq|uniprot	false
PA5268	corA		protein_coding	magnesium/cobalt transporter	false		refseq|uniprot	false
PA5269			protein_coding	hypothetical protein	false		refseq|uniprot	false
PA5270			protein_coding	hypothetical protein	false		refseq|uniprot	false
PA5271			protein_coding	hypothetical protein	false		refseq|uniprot	false
PA5272	cyaA		protein_coding	adenylate cyclase	false		refseq|uniprot	false
PA5273			protein_coding	hypothetical protein	false		refseq|uniprot	false
PA5274	rnk		protein_coding	nucleoside diphosphate kinase regulator	false		refseq|uniprot	true
PA5275	cyaY		protein_coding	frataxin-like protein	false		refseq|uniprot	false
PA5276	lppL		protein_coding	lipopeptide LppL	false		refseq|uniprot	false
PA5277	lysA		protein_coding	diaminopimelate decarboxylase	false		refseq|uniprot	false
PA5278	dapF		protein_coding	diaminopimelate epimerase	false		refseq|uniprot	false
PA5279			protein_coding	hypothetical protein	false		refseq|uniprot	false
PA5280	sss	xerC	protein_coding	site-specific tyrosine recombinase XerC	false		refseq|uniprot	true
PA5281			protein_coding	hydrolase	false		refseq|uniprot	false
PA5282			protein_coding	major facilitator superfamily transporter	false		refseq|uniprot	false
PA5283			protein_coding	transcriptional regulator	true	go_0003700|kw_transcription_regulation|producto_refseq	refseq|uniprot	false
PA5284			protein_coding	hypothetical protein	false		refseq|uniprot	false
PA5285			protein_coding	hypothetical protein	false		refseq|uniprot	false
PA5286			protein_coding	hypothetical protein	false		refseq|uniprot	false
PA5287	amtB		protein_coding	ammonium transporter	false		refseq|uniprot	false
PA5288	glnK		protein_coding	nitrogen regulatory protein P-II 2	false		refseq|uniprot	false
PA5289	ubiK		protein_coding	hypothetical protein	false		refseq|uniprot	false
PA5290			protein_coding	hypothetical protein	false		refseq|uniprot	false
PA5291			protein_coding	choline transporter	false		refseq|uniprot	false
PA5292	pchP		protein_coding	phosphorylcholine phosphatase	false		refseq|uniprot	false
PA5293			protein_coding	transcriptional regulator	true	go_0003700|kw_transcription_regulation|producto_refseq	refseq|uniprot	false
PA5294	norM		protein_coding	multidrug efflux protein NorA	false		refseq|uniprot	false
PA5295			protein_coding	hypothetical protein	false		refseq|uniprot	false
PA5296	rep		protein_coding	ATP-dependent DNA helicase Rep	false		refseq|uniprot	true
PA5297	poxB		protein_coding	pyruvate dehydrogenase	false		refseq|uniprot	false
PA5298	xpt		protein_coding	xanthine phosphoribosyltransferase	false		refseq|uniprot	true
PA5299			protein_coding	hypothetical protein	false		refseq|uniprot	false
PA5300	cycB		protein_coding	cytochrome C5	false		refseq|uniprot	false
PA5301			protein_coding	transcriptional regulator	true	go_0003700|go_0006355|producto_refseq	refseq|uniprot	false
PA5302	dadX		protein_coding	alanine racemase	false		refseq|uniprot	false
PA5303			protein_coding	hypothetical protein	false		refseq|uniprot	false
PA5304	dadA	dadA1	protein_coding	D-amino acid dehydrogenase small subunit	false		refseq|uniprot	false
PA5305			protein_coding	hypothetical protein	false		refseq|uniprot	false
PA5306			protein_coding	hypothetical protein	false		refseq|uniprot	false
PA5307	ydbH		protein_coding	hypothetical protein	false		refseq|uniprot	false
PA5308	lrp		protein_coding	leucine-responsive regulatory protein	true	go_0006355|kw_transcription_regulation	refseq|uniprot	true
PA5309			protein_coding	oxidoreductase	false		refseq|uniprot	false
PA5310			protein_coding	hypothetical protein	false		refseq|uniprot	false
PA5311			protein_coding	major facilitator superfamily transporter	false		refseq|uniprot	false
PA5312			protein_coding	aldehyde dehydrogenase	false		refseq|uniprot	false
PA5313			protein_coding	omega amino acid--pyruvate transaminase	false		refseq|uniprot	false
PA5314			protein_coding	hypothetical protein	false		refseq|uniprot	false
PA5315	rpmG		protein_coding	50S ribosomal protein L33	false		refseq|uniprot	false
PA5316	rpmB		protein_coding	50S ribosomal protein L28	false		refseq|uniprot	false
PA5316.1			ncRNA		false		refseq	false
PA5317			protein_coding	dipeptide ABC transporter substrate-binding protein	false		refseq|uniprot	false
PA5318			protein_coding	hypothetical protein	false		refseq|uniprot	false
PA5319	radC		protein_coding	DNA repair protein RadC	false		refseq|uniprot	false
PA5320	coaC	coaBC	protein_coding	bifunctional phosphopantothenoylcysteine decarboxylase/phosphopantothenate synthase	false		refseq|uniprot	false
PA5321	dut		protein_coding	deoxyuridine 5'-triphosphate nucleotidohydrolase	false		refseq|uniprot	true
PA5322	algC		protein_coding	phosphomannomutase	false		refseq|uniprot	false
PA5323	argB		protein_coding	acetylglutamate kinase	false		refseq|uniprot	false
PA5324			protein_coding	transcriptional regulator	true	go_0003700|kw_transcription_regulation|producto_refseq	refseq|uniprot	false
PA5325			protein_coding	hypothetical protein	false		refseq|uniprot	false
PA5326			protein_coding	hypothetical protein	false		refseq|uniprot	false
PA5327			protein_coding	oxidoreductase	false		refseq|uniprot	false
PA5328			protein_coding	mono-heme cytochrome C	false		refseq|uniprot	false
PA5329			protein_coding	hypothetical protein	false		refseq|uniprot	false
PA5330			protein_coding	hypothetical protein	false		refseq|uniprot	false
PA5331	pyrE		protein_coding	orotate phosphoribosyltransferase	false		refseq|uniprot	false
PA5332	crc		protein_coding	catabolite repression control protein	false		refseq|uniprot	true
PA5333			protein_coding	hypothetical protein	false		refseq|uniprot	false
PA5334	rph		protein_coding	ribonuclease PH	false		refseq|uniprot	true
PA5335			protein_coding	hypothetical protein	false		refseq|uniprot	false
PA5336	gmk		protein_coding	guanylate kinase	false		refseq|uniprot	true
PA5337	rpoZ		protein_coding	DNA-directed RNA polymerase subunit omega	false		refseq|uniprot	false
PA5338	spoT		protein_coding	guanosine-3',5'-bis(diphosphate) 3'-pyrophosphohydrolase	false		refseq|uniprot	false
PA5339			protein_coding	hypothetical protein	false		refseq|uniprot	false
PA5340			protein_coding	hypothetical protein	false		refseq|uniprot	false
PA5341			protein_coding	hypothetical protein	false		refseq|uniprot	false
PA5342			protein_coding	transcriptional regulator	true	go_0003700|go_0006355|kw_transcription_regulation|producto_refseq	refseq|uniprot	false
PA5343			protein_coding	hypothetical protein	false		refseq|uniprot	false
PA5344	oxyR		protein_coding	transcriptional regulator	true	go_0003700|go_0006355|kw_transcription_regulation|producto_refseq	refseq|uniprot	false
PA5345	recG		protein_coding	ATP-dependent DNA helicase RecG	false		refseq|uniprot	false
PA5346			protein_coding	hypothetical protein	false		refseq|uniprot	false
PA5347			protein_coding	hypothetical protein	false		refseq|uniprot	false
PA5348	hupA		protein_coding	DNA-binding protein	false		refseq|uniprot	false
PA5349	alkT		protein_coding	rubredoxin reductase	false		refseq|uniprot	false
PA5350	rubA2	alkG2	protein_coding	rubredoxin	false		refseq|uniprot	false
PA5351	rubA1	alkG1	protein_coding	rubredoxin	false		refseq|uniprot	false
PA5352			protein_coding	hypothetical protein	false		refseq|uniprot	false
PA5353	glcF		protein_coding	glycolate oxidase iron-sulfur subunit	false		refseq|uniprot	false
PA5354	glcE		protein_coding	glycolate oxidase FAD binding subunit	false		refseq|uniprot	false
PA5355	glcD		protein_coding	glycolate oxidase subunit GlcD	false		refseq|uniprot	false
PA5356	glcC		protein_coding	DNA-binding transcriptional regulator GlcC	true	go_0003700|go_0006355|kw_transcription_regulation|producto_refseq	refseq|uniprot	false
PA5357	ubiC		protein_coding	hypothetical protein	false		refseq|uniprot	false
PA5358	ubiA		protein_coding	4-hydroxybenzoate octaprenyltransferase	false		refseq|uniprot	false
PA5359			protein_coding	hypothetical protein	false		refseq|uniprot	false
PA5360	phoB		protein_coding	two-component response regulator PhoB	true	go_0006355|kw_transcription_regulation|kw_two_component|producto_refseq	refseq|uniprot	false
PA5361	phoR		protein_coding	two-component sensor PhoR	true	go_0006355|kw_two_component|producto_refseq	refseq|uniprot	false
PA5362			protein_coding	hypothetical protein	false		refseq|uniprot	false
PA5363			protein_coding	hypothetical protein	false		refseq|uniprot	false
PA5364			protein_coding	two-component response regulator	false		refseq|uniprot	false
PA5365	phoU		protein_coding	phosphate uptake regulatory protein PhoU	false		refseq|uniprot	false
PA5366	pstB		protein_coding	phosphate ABC transporter ATP-binding protein	false		refseq|uniprot	false
PA5367	pstA		protein_coding	phosphate ABC transporter permease	false		refseq|uniprot	false
PA5368	pstC		protein_coding	phosphate ABC transporter permease	false		refseq|uniprot	false
PA5369	pstS		protein_coding	phosphate ABC transporter substrate-binding protein	false		refseq|uniprot	false
PA5369.1			rRNA	5S ribosomal RNA	false		refseq	false
PA5369.2			rRNA	23S ribosomal RNA	false		refseq	false
PA5369.3			tRNA	tRNA-Ala	false		refseq	false
PA5369.4			tRNA	tRNA-Ile	false		refseq	false
PA5369.5			rRNA	16S ribosomal RNA	false		refseq	false
PA5370			protein_coding	major facilitator superfamily transporter	false		refseq|uniprot	false
PA5371			protein_coding	acyl-CoA thioesterase	false		refseq|uniprot	false
PA5372	betA		protein_coding	choline dehydrogenase	false		refseq|uniprot	false
PA5373	betB		protein_coding	betaine aldehyde dehydrogenase	false		refseq|uniprot	false
PA5374	betI		protein_coding	BetI family transcriptional regulator	true	go_0003700|go_0006355|kw_transcription_regulation|producto_refseq	refseq|uniprot	false
PA5375	betT1		protein_coding	choline transporter BetT	false		refseq|uniprot	false
PA5376			protein_coding	ABC transporter ATP-binding protein	false		refseq|uniprot	false
PA5377			protein_coding	ABC transporter permease	false		refseq|uniprot	false
PA5378			protein_coding	hypothetical protein	false		refseq|uniprot	false
PA5379	sdaB		protein_coding	L-serine dehydratase	false		refseq|uniprot	false
PA5380	gbdR		protein_coding	protein GbdR	true	go_0006355|kw_transcription_regulation	refseq|uniprot	false
PA5381			protein_coding	hypothetical protein	false		refseq|uniprot	false
PA5382			protein_coding	transcriptional regulator	true	go_0003700|go_0006355|kw_transcription_regulation|producto_refseq	refseq|uniprot	false
PA5383			protein_coding	hypothetical protein	false		refseq|uniprot	false
PA5384			protein_coding	lipolytic protein	false		refseq|uniprot	false
PA5385	cdhB		protein_coding	carnitine dehydrogenase	false		refseq|uniprot	false
PA5386	cdhA		protein_coding	3-hydroxybutyryl-CoA dehydrogenase	false		refseq|uniprot	false
PA5387	cdhC		protein_coding	carnitine dehydrogenase	false		refseq|uniprot	false
PA5388			protein_coding	hypothetical protein	false		refseq|uniprot	false
PA5389	cdhR		protein_coding	CdhR family transcriptional regulator	true	go_0003700|go_0006355|kw_transcription_regulation|producto_refseq	refseq|uniprot	false
PA5390			protein_coding	acetylornithine deacetylase	false		refseq|uniprot	false
PA5391			protein_coding	hypothetical protein	false		refseq|uniprot	false
PA5392			protein_coding	hypothetical protein	false		refseq|uniprot	false
PA5393			protein_coding	hypothetical protein	false		refseq|uniprot	false
PA5394	cls	clsA	protein_coding	cardiolipin synthetase	false		refseq|uniprot	true
PA5395			protein_coding	hypothetical protein	false		refseq|uniprot	false
PA5396			protein_coding	hypothetical protein	false		refseq|uniprot	false
PA5397			protein_coding	hypothetical protein	false		refseq|uniprot	false
PA5398	dgcA		protein_coding	dimethylglycine catabolism protein DgcA	false		refseq|uniprot	false
PA5399	dgcB		protein_coding	dimethylglycine catabolism protein DgcB	false		refseq|uniprot	false
PA5400			protein_coding	electron transfer flavoprotein subunit alpha	false		refseq|uniprot	false
PA5401			protein_coding	hypothetical protein	false		refseq|uniprot	false
PA5402			protein_coding	hypothetical protein	false		refseq|uniprot	false
PA5403			protein_coding	transcriptional regulator	false		refseq|uniprot	false
PA5404			protein_coding	hypothetical protein	false		refseq|uniprot	false
PA5405			protein_coding	hypothetical protein	false		refseq|uniprot	false
PA5406			protein_coding	hypothetical protein	false		refseq|uniprot	false
PA5407			protein_coding	hypothetical protein	false		refseq|uniprot	false
PA5408			protein_coding	hypothetical protein	false		refseq|uniprot	false
PA5409			protein_coding	hypothetical protein	false		refseq|uniprot	false
PA5410	gbcA		protein_coding	protein GbcA	false		refseq|uniprot	false
PA5411	gbcB		protein_coding	protein GbcB	false		refseq|uniprot	false
PA5412			protein_coding	hypothetical protein	false		refseq|uniprot	false
PA5413	ltaA	ltaE	protein_coding	low specificity l-threonine aldolase	false		refseq|uniprot	false
PA5414			protein_coding	hypothetical protein	false		refseq|uniprot	false
PA5415	glyA1		protein_coding	serine hydroxymethyltransferase	false		refseq|uniprot	false
PA5416	soxB		protein_coding	sarcosine oxidase subunit beta	false		refseq|uniprot	false
PA5417	soxD		protein_coding	sarcosine oxidase subunit delta	false		refseq|uniprot	false
PA5418	soxA		protein_coding	sarcosine oxidase subunit alpha	false		refseq|uniprot	false
PA5419	soxG		protein_coding	sarcosine oxidase subunit gamma	false		refseq|uniprot	false
PA5420	purU2	purU	protein_coding	formyltetrahydrofolate deformylase	false		refseq|uniprot	false
PA5421	fdhA		protein_coding	glutathione-independent formaldehyde dehydrogenase	false		refseq|uniprot	false
PA5422			protein_coding	hypothetical protein	false		refseq|uniprot	false
PA5423			protein_coding	hypothetical protein	false		refseq|uniprot	false
PA5424			protein_coding	hypothetical protein	false		refseq|uniprot	false
PA5425	purK		protein_coding	5-(carboxyamino)imidazole ribonucleotide synthase	false		refseq|uniprot	false
PA5426	purE		protein_coding	5-(carboxyamino)imidazole ribonucleotide mutase	false		refseq|uniprot	false
PA5427	adhA		protein_coding	alcohol dehydrogenase	false		refseq|uniprot	false
PA5428			protein_coding	transcriptional regulator	true	go_0003700|go_0006355|kw_transcription_regulation|producto_refseq	refseq|uniprot	false
PA5429	aspA		protein_coding	aspartate ammonia-lyase	false		refseq|uniprot	false
PA5430			protein_coding	hypothetical protein	false		refseq|uniprot	false
PA5431			protein_coding	transcriptional regulator	true	go_0003700|kw_transcription_regulation|producto_refseq	refseq|uniprot	false
PA5432			protein_coding	acetyltransferase	false		refseq|uniprot	false
PA5433			protein_coding	hypothetical protein	false		refseq|uniprot	false
PA5434	mtr		protein_coding	tryptophan permease	false		refseq|uniprot	true
PA5435			protein_coding	pyruvate carboxylase subunit B	false		refseq|uniprot	false
PA5436			protein_coding	acetyl-CoA carboxylase subunit alpha	false		refseq|uniprot	false
PA5437			protein_coding	transcriptional regulator	true	go_0003700|go_0006355|kw_transcription_regulation|producto_refseq	refseq|uniprot	false
PA5438			protein_coding	transcriptional regulator	true	go_0003700|go_0006355|kw_transcription_regulation|producto_refseq	refseq|uniprot	false
PA5439	zwf		protein_coding	glucose-6-phosphate 1-dehydrogenase	false		refseq|uniprot	true
PA5440			protein_coding	peptidase	false		refseq|uniprot	false
PA5441			protein_coding	hypothetical protein	false		refseq|uniprot	false
PA5442			protein_coding	hypothetical protein	false		refseq|uniprot	false
PA5443	uvrD		protein_coding	DNA-dependent helicase II	false		refseq|uniprot	false
PA5444			protein_coding	hypothetical protein	false		refseq|uniprot	false
PA5445			protein_coding	coenzyme A transferase	false		refseq|uniprot	false
PA5446			protein_coding	hypothetical protein	false		refseq|uniprot	false
PA5447	wbpZ		protein_coding	glycosyltransferase WbpZ	false		refseq|uniprot	false
PA5448	wbpY		protein_coding	glycosyltransferase WbpY	false		refseq|uniprot	false
PA5449	wbpX		protein_coding	glycosyltransferase WbpX	false		refseq|uniprot	false
PA5450	wzt		protein_coding	ABC transporter	false		refseq|uniprot	true
PA5451	wzm		protein_coding	LPS efflux transporter membrane protein	false		refseq|uniprot	true
PA5452	wbpW		protein_coding	phosphomannose isomerase/mannose-1-phosphate guanylyl transferase	false		refseq|uniprot	false
PA5453	gmd	gca	protein_coding	GDP-mannose 4,6-dehydratase	false		refseq|uniprot	true
PA5454	rmd		protein_coding	oxidoreductase Rmd	false		refseq|uniprot	true
PA5455			protein_coding	hypothetical protein	false		refseq|uniprot	false
PA5456			protein_coding	hypothetical protein	false		refseq|uniprot	false
PA5457			protein_coding	hypothetical protein	false		refseq|uniprot	false
PA5458			protein_coding	acyltransferase	false		refseq|uniprot	false
PA5459			protein_coding	hypothetical protein	false		refseq|uniprot	false
PA5460			protein_coding	hypothetical protein	false		refseq|uniprot	false
PA5461			protein_coding	hypothetical protein	false		refseq|uniprot	false
PA5462			protein_coding	hypothetical protein	false		refseq|uniprot	false
PA5463			protein_coding	hypothetical protein	false		refseq|uniprot	false
PA5464			protein_coding	hypothetical protein	false		refseq|uniprot	false
PA5465			protein_coding	hypothetical protein	false		refseq|uniprot	false
PA5466			protein_coding	hypothetical protein	false		refseq|uniprot	false
PA5467			protein_coding	hypothetical protein	false		refseq|uniprot	false
PA5468			protein_coding	citrate transporter	false		refseq|uniprot	false
PA5469			protein_coding	hypothetical protein	false		refseq|uniprot	false
PA5470			protein_coding	peptide chain release factor-like protein	false		refseq|uniprot	false
PA5471	armZ		protein_coding	hypothetical protein	false		refseq|uniprot	false
PA5472			protein_coding	hypothetical protein	false		refseq|uniprot	false
PA5473			protein_coding	hypothetical protein	false		refseq|uniprot	false
PA5474			protein_coding	metalloprotease	false		refseq|uniprot	false
PA5475			protein_coding	hypothetical protein	false		refseq|uniprot	false
PA5476	citA		protein_coding	citrate transporter	false		refseq|uniprot	false
PA5477			protein_coding	hypothetical protein	false		refseq|uniprot	false
PA5478			protein_coding	hypothetical protein	false		refseq|uniprot	false
PA5479	gltP		protein_coding	glutamate/aspartate:proton symporter	false		refseq|uniprot	false
PA5481			protein_coding	hypothetical protein	false		refseq|uniprot	false
PA5482			protein_coding	hypothetical protein	false		refseq|uniprot	false
PA5483	algB		protein_coding	two-component response regulator AlgB	true	kw_transcription_regulation|kw_two_component|producto_refseq	refseq|uniprot	false
PA5484			protein_coding	two-component sensor	false		refseq|uniprot	false
PA5485	ampDh2		protein_coding	protein AmpDh2	false		refseq|uniprot	false
PA5486			protein_coding	hypothetical protein	false		refseq|uniprot	false
PA5487	dgcP		protein_coding	hypothetical protein	false		refseq|uniprot	false
PA5488			protein_coding	hypothetical protein	false		refseq|uniprot	false
PA5489	dsbA		protein_coding	thiol:disulfide interchange protein DsbA	false		refseq|uniprot	false
PA5490	cc4		protein_coding	cytochrome C4	false		refseq|uniprot	true
PA5491			protein_coding	cytochrome	false		refseq|uniprot	false
PA5492	engB		protein_coding	ribosome biogenesis GTP-binding protein YsxC	false		refseq|uniprot	false
PA5493	polA		protein_coding	DNA polymerase I	false		refseq|uniprot	false
PA5494			protein_coding	hypothetical protein	false		refseq|uniprot	false
PA5495	thrB		protein_coding	homoserine kinase	false		refseq|uniprot	false
PA5496	nrdJb		protein_coding	hypothetical protein	false		refseq|uniprot	false
PA5497	nrdJa		protein_coding	ribonucleoside-diphosphate reductase	false		refseq|uniprot	false
PA5498			protein_coding	adhesin	false		refseq|uniprot	false
PA5499	np20		protein_coding	transcriptional regulator	true	go_0003700|kw_transcription_regulation|producto_refseq	refseq|uniprot	false
PA5500	znuC		protein_coding	zinc transporter ZnuC	false		refseq|uniprot	false
PA5501	znuB		protein_coding	zinc ABC transporter permease	false		refseq|uniprot	false
PA5502			protein_coding	hypothetical protein	false		refseq|uniprot	false
PA5503	metN2		protein_coding	ABC transporter ATP-binding protein	false		refseq|uniprot	false
PA5504			protein_coding	D-methionine ABC transporter	false		refseq|uniprot	false
PA5505			protein_coding	TonB-dependent receptor	false		refseq|uniprot	false
PA5506			protein_coding	hypothetical protein	true	go_0003700|kw_transcription_regulation	refseq|uniprot	false
PA5507			protein_coding	hypothetical protein	false		refseq|uniprot	false
PA5508			protein_coding	glutamine synthetase	false		refseq|uniprot	false
PA5509			protein_coding	hypothetical protein	false		refseq|uniprot	false
PA5510			protein_coding	transporter	false		refseq|uniprot	false
PA5511	mifR		protein_coding	DNA-binding response regulator MifR	true	kw_transcription_regulation|kw_two_component|producto_refseq	refseq|uniprot	false
PA5512	mifS		protein_coding	sensor histidine kinase MifS	true	kw_two_component	refseq|uniprot	false
PA5513	poxA		protein_coding	hypothetical protein	false		refseq|uniprot	false
PA5514			protein_coding	beta-lactamase	false		refseq|uniprot	false
PA5515			protein_coding	hypothetical protein	false		refseq|uniprot	false
PA5516	pdxY		protein_coding	pyridoxamine kinase	false		refseq|uniprot	false
PA5517			protein_coding	hypothetical protein	false		refseq|uniprot	false
PA5518			protein_coding	potassium efflux transporter	false		refseq|uniprot	false
PA5519			protein_coding	acyl-CoA thioesterase	false		refseq|uniprot	false
PA5520			protein_coding	hypothetical protein	false		refseq|uniprot	false
PA5521			protein_coding	short-chain dehydrogenase	false		refseq|uniprot	false
PA5522			protein_coding	glutamine synthetase	false		refseq|uniprot	false
PA5523			protein_coding	aminotransferase	false		refseq|uniprot	false
PA5524			protein_coding	short-chain dehydrogenase	false		refseq|uniprot	false
PA5525			protein_coding	transcriptional regulator	true	go_0003700|go_0006355|kw_transcription_regulation|producto_refseq	refseq|uniprot	false
PA5526			protein_coding	hypothetical protein	false		refseq|uniprot	false
PA5527			protein_coding	hypothetical protein	false		refseq|uniprot	false
PA5528			protein_coding	hypothetical protein	false		refseq|uniprot	false
PA5529			protein_coding	sodium/proton antiporter	false		refseq|uniprot	false
PA5530			protein_coding	MFS dicarboxylate transporter	false		refseq|uniprot	false
PA5531	tonB1	tonB	protein_coding	transporter TonB	false		refseq|uniprot	false
PA5532			pseudogene		false		refseq|uniprot	false
PA5533			protein_coding	hypothetical protein	false		refseq|uniprot	false
PA5534			protein_coding	hypothetical protein	false		refseq|uniprot	false
PA5535			protein_coding	hypothetical protein	false		refseq|uniprot	false
PA5536	dksA		protein_coding	hypothetical protein	true	go_0006355	refseq|uniprot	false
PA5537			protein_coding	hypothetical protein	false		refseq|uniprot	false
PA5538	amiA		protein_coding	N-acetylmuramoyl-L-alanine amidase	false		refseq|uniprot	false
PA5539	folE2		protein_coding	GTP cyclohydrolase	false		refseq|uniprot	false
PA5540			protein_coding	hypothetical protein	false		refseq|uniprot	false
PA5541	pyrQ		protein_coding	dihydroorotase	false		refseq|uniprot	false
PA5542			protein_coding	hypothetical protein	false		refseq|uniprot	false
PA5543			protein_coding	hypothetical protein	false		refseq|uniprot	false
PA5544			protein_coding	hypothetical protein	false		refseq|uniprot	false
PA5545			protein_coding	hypothetical protein	false		refseq|uniprot	false
PA5546			protein_coding	hypothetical protein	false		refseq|uniprot	false
PA5547			protein_coding	hypothetical protein	false		refseq|uniprot	false
PA5548			protein_coding	major facilitator superfamily transporter	false		refseq|uniprot	false
PA5549	glmS		protein_coding	glucosamine--fructose-6-phosphate aminotransferase	false		refseq|uniprot	false
PA5550	glmR		protein_coding	GlmR transcriptional regulator	true	go_0006355|kw_transcription_regulation|producto_refseq	refseq|uniprot	false
PA5551			protein_coding	hypothetical protein	false		refseq|uniprot	false
PA5552	glmU		protein_coding	bifunctional glucosamine-1-phosphate acetyltransferase/N-acetylglucosamine-1-phosphate uridyltransferase	false		refseq|uniprot	false
PA5553	atpC		protein_coding	ATP synthase subunit epsilon	false		refseq|uniprot	false
PA5554	atpD		protein_coding	ATP synthase subunit beta	false		refseq|uniprot	false
PA5555	atpG		protein_coding	ATP synthase subunit gamma	false		refseq|uniprot	false
PA5556	atpA		protein_coding	ATP synthase subunit alpha	false		refseq|uniprot	false
PA5557	atpH		protein_coding	ATP synthase subunit delta	false		refseq|uniprot	false
PA5558	atpF		protein_coding	ATP synthase subunit B	false		refseq|uniprot	false
PA5559	atpE		protein_coding	ATP synthase subunit C	false		refseq|uniprot	false
PA5560	atpB		protein_coding	ATP synthase subunit A	false		refseq|uniprot	false
PA5561	atpI		protein_coding	ATP synthase subunit I	false		refseq|uniprot	false
PA5562	spoOJ		protein_coding	chromosome partitioning protein	false		refseq|uniprot	false
PA5563	soj		protein_coding	chromosome partitioning protein Soj	false		refseq|uniprot	true
PA5564	gidB	rsmG	protein_coding	16S rRNA methyltransferase GidB	false		refseq|uniprot	false
PA5565	gidA	mnmG	protein_coding	tRNA uridine 5-carboxymethylaminomethyl modification protein GidA	false		refseq|uniprot	false
PA5566			protein_coding	hypothetical protein	false		refseq|uniprot	false
PA5567	mnmE	trmE	protein_coding	tRNA modification GTPase TrmE	false		refseq|uniprot	false
PA5568	yidC		protein_coding	inner membrane protein translocase subunit YidC	false		refseq|uniprot	false
PA5569	rnpA		protein_coding	ribonuclease P	false		refseq|uniprot	false
PA5570	rpmH		protein_coding	50S ribosomal protein L34	false		refseq|uniprot	false
